Date,OSF_ID,Year,Month,DayOfWeek,IsWeekend,DailyTotal,DayMean,NightMean,EveningMean,MorningMean,DayNightRatio,TransitionSharpness,RampUp_16to17,RampDown_06to07,PeakHour,PeakValue,MinHour,MinValue,HourlyStd,NightStd,DayNonZeroCount,AllDayZero,n_present,missing_ratio,data_quality_flag,Flag_AllDayZero,DaytimeHighCount,Flag_DaytimeNonZero,NightDrop_Z,Flag_NightDrop,EveningOnHour,MorningOffHour,Flag_ScheduleShift,FlagCount,AnomalyTypes,OpFlagCount,RuleScore,ForecastScore,Anomaly_Hours,Mean_Abs_Residual,GAFScore,CPScore,CP_Proximity_Days,CombinedScore,Priority
2025-01-01,2193681000,2025,1,2,False,99.543,0.0005,6.8353,5.4864,5.8083,13643.2136,1.321,1.341,-0.02,7,6.98,9,0.0,3.2457,0.0979,0,False,24,0.0,complete,False,0,False,0.3454206793700003,False,17.0,9,True,1,ScheduleShift,1.0,0.3333333333333333,0.008757679339303298,0,0.1186458333333333,0.08964296330697549,0.027380952380952384,19,0.12603208693937656,LOW
2025-01-02,2193681000,2025,1,3,False,99.412,0.0005,6.8644,5.4798,5.698,13701.3473,1.323,1.231,0.092,4,6.962,9,0.0,3.2527,0.1089,0,False,24,0.0,complete,False,0,False,0.4351721819736334,False,17.0,9,True,1,ScheduleShift,1.0,0.3333333333333333,0.007580705587475671,0,0.1038541666666666,0.09043006775289265,0.03007518796992481,18,0.1263752628208062,LOW
2025-01-03,2193681000,2025,1,4,False,98.963,0.0005,6.8334,5.4442,5.6903,13639.4711,1.202,1.132,0.07,4,6.981,10,0.0,3.2455,0.1225,0,False,24,0.0,complete,False,0,False,0.3247478396588132,False,17.0,9,True,1,ScheduleShift,1.0,0.3333333333333333,0.007524343464148709,0,0.1031458333333332,0.08221965020675459,0.03306878306878307,17,0.12531498969435212,LOW
2025-01-04,2193681000,2025,1,5,True,78.848,0.0005,5.8979,4.0668,5.7417,11772.1699,1.036,1.001,0.035,4,6.978,10,0.0,3.3473,2.4095,0,False,23,0.0417,partial_missing,False,0,False,-2.9642287664675115,True,17.0,9,True,2,"NightDrop, ScheduleShift",3.0,1.0,0.1156449866612044,2,0.7309782608695652,1.0,0.036414565826330535,16,0.5419764091636274,HIGH
2025-01-05,2193681000,2025,1,6,True,99.045,0.0005,6.8368,5.391,5.7973,13646.2076,0.922,0.908,0.014,5,6.979,10,0.0,3.2623,0.1058,0,False,24,0.0,complete,False,0,False,0.3075092161771856,False,18.0,9,True,1,ScheduleShift,1.0,0.3333333333333333,0.011637120757506938,0,0.1548333333333333,0.08840099097897594,0.04017857142857143,15,0.12920704870876157,LOW
2025-01-06,2193681000,2025,1,0,False,79.188,0.0004,6.0317,3.4152,5.7567,16041.8883,0.921,0.813,0.108,4,7.047,9,0.0,3.3789,2.2837,0,False,23,0.0417,partial_missing,False,0,False,-2.656330265439585,True,18.0,9,True,2,"NightDrop, ScheduleShift",3.0,1.0,0.10895072321541444,2,0.6889130434782608,0.7202123811662667,0.044444444444444446,14,0.48561658208676656,HIGH
2025-01-07,2193681000,2025,1,1,False,98.639,0.0005,6.8392,5.3604,5.7063,13651.1976,0.783,0.714,0.069,4,6.97,9,0.0,3.2669,0.1155,0,False,24,0.0,complete,False,0,False,0.3071469836599504,False,18.0,9,True,1,ScheduleShift,1.0,0.3333333333333333,0.00722595575241777,0,0.0993958333333333,0.08511688615782471,0.04931972789115646,13,0.12905510953552154,LOW
2025-01-08,2193681000,2025,1,2,False,98.545,0.0004,6.8624,5.316,5.6877,18250.9973,0.679,0.614,0.065,5,6.962,9,0.0,3.2767,0.1046,0,False,24,0.0,complete,False,0,False,0.3527191379806936,False,18.0,9,True,1,ScheduleShift,1.0,0.3333333333333333,0.007570759330417981,0,0.1037291666666667,0.08559940462624538,0.05494505494505495,12,0.13038011971338545,LOW
2025-01-09,2193681000,2025,1,3,False,98.762,0.0003,6.8767,5.327,5.7037,27397.4104,0.608,0.5,0.108,4,7.004,10,0.0,3.2936,0.1102,0,False,24,0.0,complete,False,0,False,0.3294779060651429,False,18.0,9,True,1,ScheduleShift,1.0,0.3333333333333333,0.007613859777668001,0,0.1042708333333333,0.08135757590159402,0.061507936507936505,11,0.1308572604152065,LOW
2025-01-10,2193681000,2025,1,4,False,99.012,0.0004,6.8982,5.3304,5.7237,18346.4096,0.493,0.398,0.095,4,7.043,9,0.0,3.3117,0.1357,0,False,24,0.0,complete,False,0,False,0.3392952734148565,False,18.0,9,True,1,ScheduleShift,1.0,0.3333333333333333,0.008886980681053376,0,0.1202708333333333,0.07991643431059746,0.06926406926406926,10,0.13250219491924936,LOW
2025-01-11,2193681000,2025,1,5,True,97.848,0.0004,6.8533,5.1862,5.696,18226.7287,0.338,0.284,0.054,3,7.01,9,0.0,3.2812,0.1393,0,False,24,0.0,complete,False,0,False,0.1152554426529222,False,18.0,9,True,1,ScheduleShift,1.0,0.3333333333333333,0.013268306914969451,0,0.1753333333333333,0.07589917506373066,0.07857142857142858,9,0.13487461280152266,LOW
2025-01-12,2193681000,2025,1,6,True,97.729,0.0005,6.8204,5.1986,5.723,13613.523,0.204,0.188,0.016,5,6.998,9,0.0,3.2868,0.0968,0,False,24,0.0,complete,False,0,False,-0.064654857873714,False,18.0,9,True,1,ScheduleShift,1.0,0.3333333333333333,0.014272878877796973,0,0.1879583333333333,0.07594874228746121,0.08994708994708994,8,0.13746103011024932,LOW
2025-01-13,2193681000,2025,1,0,False,97.628,0.0004,6.8536,5.181,5.6303,18227.7261,0.175,0.106,0.069,5,6.998,9,0.0,3.2958,0.1177,0,False,24,0.0,complete,False,0,False,-0.0053040413475611,False,18.0,9,True,1,ScheduleShift,1.0,0.3333333333333333,0.008528915426976239,0,0.1157708333333333,0.0718832533578795,0.10416666666666667,7,0.13776865863300208,LOW
2025-01-14,2193681000,2025,1,1,False,97.204,0.0005,6.808,5.1858,5.6023,13588.8224,0.062,0.03,0.032,5,6.917,10,0.0,3.2864,0.1152,0,False,24,0.0,complete,False,0,False,-0.1976745284635338,False,18.0,9,True,1,ScheduleShift,1.0,0.3333333333333333,0.01001422314759251,0,0.1344375,0.08114426695275218,0.12244897959183673,6,0.14372291625319555,LOW
2025-01-15,2193681000,2025,1,2,False,96.814,0.0005,6.803,5.1402,5.5617,13578.8423,0.062,-0.001,0.063,4,6.939,10,0.0,3.2818,0.1278,0,False,24,0.0,complete,False,0,False,-0.2511490058474171,False,18.0,9,True,1,ScheduleShift,1.0,0.3333333333333333,0.009782143816246218,0,0.1315208333333333,0.07118616488600994,0.1468253968253968,5,0.1465369554871552,LOW
2025-01-16,2193681000,2025,1,3,False,96.807,0.0005,6.8138,5.1036,5.5917,13600.2994,0.058,-0.001,0.059,4,6.963,9,0.0,3.2834,0.1437,0,False,24,0.0,complete,False,0,False,-0.2522947169847383,False,18.0,9,True,1,ScheduleShift,1.0,0.3333333333333333,0.01011700113718873,0,0.1357291666666667,0.06832742377924435,0.18095238095238098,4,0.15289106128748167,LOW
2025-01-17,2193681000,2025,1,4,False,96.699,0.0005,6.8214,5.099,5.543,13615.519,0.122,0.001,0.121,5,6.989,10,0.0,3.2861,0.1308,0,False,24,0.0,complete,False,0,False,-0.2661317761931138,False,18.0,9,True,1,ScheduleShift,1.0,0.3333333333333333,0.009619688284303818,0,0.1294791666666667,0.06064457723803653,0.23214285714285718,3,0.16144339336146987,LOW
2025-01-18,2193681000,2025,1,5,True,96.791,0.0005,6.8394,5.0568,5.596,13651.4471,0.065,0.001,0.064,4,6.987,10,0.0,3.2882,0.1197,0,False,24,0.0,complete,False,0,False,-0.2461643360132456,False,18.0,9,True,1,ScheduleShift,1.0,0.3333333333333333,0.014498327371104796,0,0.1907916666666666,0.06379944124184551,0.31746031746031744,2,0.18060144995176403,LOW
2025-01-19,2193681000,2025,1,6,True,97.145,0.0004,6.8797,5.0432,5.6293,18297.2074,0.003,0.001,0.002,6,7.015,9,0.0,3.3078,0.1231,0,False,24,0.0,complete,False,0,False,-0.1583633555177318,False,18.0,9,True,1,ScheduleShift,1.0,0.3333333333333333,0.01437565686739318,0,0.1892499999999999,0.06403171964223407,0.48809523809523814,1,0.2147380886077124,LOW
2025-01-20,2193681000,2025,1,0,False,96.569,0.0005,6.8201,5.084,5.528,13613.024,-0.018,0.001,-0.019,4,6.918,10,0.0,3.2872,0.0778,0,False,24,0.0,complete,False,0,False,-0.5920463302469606,False,18.0,9,True,1,ScheduleShift,1.0,0.3333333333333333,0.009884921805842434,0,0.1328125,0.06892027710224279,1.0,0,0.3167495319622013,MEDIUM
2025-01-21,2193681000,2025,1,1,False,96.324,0.0005,6.8214,5.0632,5.4777,13615.519,0.101,-0.001,0.102,4,6.973,9,0.0,3.2892,0.1318,0,False,24,0.0,complete,False,0,False,-0.6277216007946606,False,18.0,9,True,1,ScheduleShift,1.0,0.3333333333333333,0.009603111189207649,0,0.1292708333333333,0.05713713747645018,0.48809523809523814,1,0.21192740847109995,LOW
2025-01-22,2193681000,2025,1,2,False,100.4,0.0005,7.0089,5.42,5.7417,13989.7705,-0.092,-0.001,-0.091,7,7.251,10,0.0,3.4254,0.1818,0,False,24,0.0,complete,False,0,False,-0.0847560066270114,False,18.0,9,True,1,ScheduleShift,1.0,0.3333333333333333,0.019221141764001845,0,0.2501458333333333,0.06440612348175824,0.31746031746031744,2,0.18213963071761569,LOW
2025-01-23,2193681000,2025,1,3,False,101.327,0.0005,7.1805,5.3472,5.7143,14332.3353,0.059,-0.001,0.06,4,7.301,9,0.0,3.4665,0.0925,0,False,24,0.0,complete,False,0,False,0.7394205889494543,False,18.0,9,True,1,ScheduleShift,1.0,0.3333333333333333,0.021704390609407178,0,0.2813541666666667,0.05847210892222665,0.23214285714285718,3,0.1646343103958389,LOW
2025-01-24,2193681000,2025,1,4,False,101.3,0.0004,7.1876,5.341,5.697,19116.0239,0.032,0.001,0.031,4,7.297,9,0.0,3.4748,0.0907,0,False,24,0.0,complete,False,0,False,0.7016620472559726,False,18.0,9,True,1,ScheduleShift,1.0,0.3333333333333333,0.0225166682691192,0,0.2915625,0.058455767089141665,0.18095238095238098,4,0.15463663008904027,LOW
2025-01-25,2193681000,2025,1,5,True,101.372,0.0005,7.2229,5.2928,5.707,14416.9162,0.033,0.001,0.032,3,7.325,10,0.0,3.4804,0.0818,0,False,24,0.0,complete,False,0,False,0.8268096545067067,False,18.0,9,True,1,ScheduleShift,1.0,0.3333333333333333,0.02818437708249758,0,0.3627916666666667,0.056588547106150994,0.1468253968253968,5,0.14913810191105883,LOW
2025-01-26,2193681000,2025,1,6,True,102.144,0.0003,7.3184,5.274,5.7417,21889.4566,0.002,-0.001,0.003,4,7.423,9,0.0,3.4187,0.0772,0,False,22,0.0833,partial_missing,False,0,False,1.26108882147267,False,18.0,9,True,1,ScheduleShift,1.0,0.3333333333333333,0.03539661905624489,0,0.4534318181818182,0.04394494034739315,0.12244897959183673,6,0.14389776970471943,LOW
2025-01-27,2193681000,2025,1,0,False,101.033,0.0005,7.262,5.2214,5.6087,14495.01,0.092,-0.001,0.093,4,7.348,9,0.0,3.4934,0.1009,0,False,24,0.0,complete,False,0,False,0.920987500205039,False,18.0,9,True,1,ScheduleShift,1.0,0.3333333333333333,0.025132533875293836,0,0.3244375,0.04929806422699779,0.10416666666666667,7,0.13823270634132104,LOW
2025-01-28,2193681000,2025,1,1,False,100.228,0.0005,7.2146,5.1704,5.5517,14400.4491,0.05,0.001,0.049,4,7.284,10,0.0,3.4727,0.069,0,False,24,0.0,complete,False,0,False,0.6248360183328969,False,18.0,9,True,1,ScheduleShift,1.0,0.3333333333333333,0.023226167939235008,0,0.3004791666666667,0.05030530203063874,0.08994708994708994,8,0.13501832877731623,LOW
2025-01-29,2193681000,2025,1,2,False,100.203,0.0005,7.2001,5.2378,5.4697,14371.507,0.051,0.001,0.05,4,7.279,10,0.0,3.4795,0.0608,0,False,24,0.0,complete,False,0,False,0.5489153267790887,False,18.0,9,True,1,ScheduleShift,1.0,0.3333333333333333,0.023242745034331172,0,0.3006875,0.048365246670887554,0.07857142857142858,9,0.13236015855876257,LOW
2025-01-30,2193681000,2025,1,3,False,100.245,0.0005,7.2231,5.1788,5.5207,14417.4152,0.044,-0.001,0.045,5,7.336,9,0.0,3.4958,0.0986,0,False,24,0.0,complete,False,0,False,0.6615469589869893,False,18.0,9,True,1,ScheduleShift,1.0,0.3333333333333333,0.025033071304716863,0,0.3231875000000001,0.04355026536683066,0.06926406926406926,10,0.13007278831759503,LOW
2025-01-31,2193681000,2025,1,4,False,100.03,0.0005,7.241,5.1382,5.469,14453.0938,0.008,0.0,0.008,4,7.324,10,0.0,3.4981,0.084,0,False,24,0.0,complete,False,0,False,0.736575540529166,False,18.0,9,True,1,ScheduleShift,1.0,0.3333333333333333,0.024870615772774454,0,0.3211458333333334,0.043008717892546754,0.061507936507936505,11,0.128364515611929,LOW
2025-02-01,2193681000,2025,2,5,True,100.062,0.0005,7.2679,5.0848,5.497,14506.7365,0.041,0.001,0.04,5,7.399,10,0.0,3.5144,0.1117,0,False,24,0.0,complete,False,0,False,0.8931139569354191,False,18.0,9,True,1,ScheduleShift,1.0,0.3333333333333333,0.02007983528998312,1,0.1739583333333333,0.0374418286768094,0.05494505494505495,12,0.1245013273113678,LOW
2025-02-02,2193681000,2025,2,6,True,99.172,0.0005,7.2229,5.0606,5.3607,14416.9162,0.014,-0.001,0.015,3,7.307,9,0.0,3.4939,0.0781,0,False,24,0.0,complete,False,0,False,0.5975385984035475,False,18.0,9,True,1,ScheduleShift,1.0,0.3333333333333333,0.010446885329602376,0,0.1398749999999999,0.03829436184434219,0.04931972789115646,13,0.12065688354598043,LOW
2025-02-03,2193681000,2025,2,0,False,73.877,0.0005,7.2338,0.0003,5.334,14438.6228,-0.079,0.001,-0.08,2,7.338,10,0.0,3.6412,0.1196,0,False,22,0.0833,partial_missing,False,0,False,0.6553784439019382,False,22.0,9,True,1,ScheduleShift,1.0,0.3333333333333333,0.0961791001410259,2,0.6086590909090911,0.4878879000072334,0.044444444444444446,14,0.23532019893264333,LOW
2025-02-04,2193681000,2025,2,1,False,98.036,0.0005,7.1794,4.9676,5.253,14330.0898,-0.026,0.001,-0.027,4,7.273,10,0.0,3.4842,0.0771,0,False,24,0.0,complete,False,0,False,0.2483484742050447,False,18.0,9,True,1,ScheduleShift,1.0,0.3333333333333333,0.019117534919650816,1,0.1658958333333332,0.03541079399287717,0.04017857142857143,15,0.12085313356018496,LOW
2025-02-05,2193681000,2025,2,2,False,97.877,0.0005,7.1881,4.9532,5.2007,14347.5549,0.01,-0.001,0.011,4,7.282,9,0.0,3.4888,0.0742,0,False,24,0.0,complete,False,0,False,0.2640662148292277,False,18.0,9,True,1,ScheduleShift,1.0,0.3333333333333333,0.017769817088332713,1,0.1546041666666666,0.033103836119994005,0.036414565826330535,16,0.11923462551576472,NORMAL
2025-02-06,2193681000,2025,2,3,False,97.772,0.0005,7.1954,4.9326,5.1807,14362.0259,0.034,-0.001,0.035,5,7.299,9,0.0,3.5011,0.0878,0,False,24,0.0,complete,False,0,False,0.2987605331250609,False,18.0,9,True,1,ScheduleShift,1.0,0.3333333333333333,0.010723722817708323,0,0.1433541666666667,0.03228685158090748,0.04017857142857143,15,0.11771020144720827,NORMAL
2025-02-07,2193681000,2025,2,4,False,98.262,0.0005,7.2651,4.9222,5.1753,14501.2475,0.054,0.001,0.053,4,7.378,10,0.0,3.5374,0.0974,0,False,24,0.0,complete,False,0,False,0.944900556499237,False,18.0,8,False,0,,0.0,0.0,0.012291916013805408,0,0.1630625,0.03022969980380704,0.044444444444444446,14,0.01862240365379192,NORMAL
2025-02-08,2193681000,2025,2,5,True,97.342,0.0005,7.2172,4.837,5.1383,14405.6886,0.036,-0.001,0.037,4,7.342,9,0.0,3.5186,0.1098,0,False,24,0.0,complete,False,0,False,0.5307680509055982,False,18.0,8,False,0,,0.0,0.0,0.004333252658137196,0,0.0630416666666666,0.02982567194233768,0.04931972789115646,13,0.017129055764139988,NORMAL
2025-02-09,2193681000,2025,2,6,True,97.257,0.0005,7.233,4.8196,5.097,14437.1257,0.037,0.001,0.036,3,7.33,10,0.0,3.5308,0.081,0,False,24,0.0,complete,False,0,False,0.7071382970366286,False,18.0,8,False,0,,0.0,0.0,0.0047543108735797575,0,0.0683333333333333,0.03099700055322738,0.05494505494505495,12,0.018614704361730395,NORMAL
2025-02-10,2193681000,2025,2,0,False,96.757,0.0005,7.2214,4.7816,5.0247,14413.9222,-0.008,-0.001,-0.007,4,7.344,10,0.0,3.5273,0.1128,0,False,24,0.0,complete,False,0,False,0.6401408426523606,False,18.0,8,False,0,,0.0,0.0,0.008204004363091441,0,0.1116875000000001,0.028120024329440958,0.061507936507936505,11,0.020386793476402924,NORMAL
2025-02-11,2193681000,2025,2,1,False,96.608,0.0005,7.2054,4.8132,4.965,14381.986,0.062,0.001,0.061,4,7.33,10,0.0,3.5437,0.0986,0,False,24,0.0,complete,False,0,False,0.5924947973914371,False,18.0,8,False,0,,0.0,0.0,0.007023715192244578,0,0.0968541666666667,0.03058055091969045,0.06926406926406926,10,0.022076038594425317,NORMAL
2025-02-12,2193681000,2025,2,2,False,91.228,0.0005,6.7836,4.763,4.38,13540.1697,-0.041,-0.001,-0.04,23,7.152,9,0.0,3.3687,0.3735,0,False,24,0.0,complete,False,0,False,-3.304485828831905,True,18.0,8,False,1,NightDrop,2.0,0.6666666666666666,0.060197234277454145,5,0.2186041666666666,0.02592868701311156,0.07857142857142858,9,0.23895919340014427,LOW
2025-02-13,2193681000,2025,2,3,False,92.251,0.0005,6.9912,4.782,4.1357,13954.5908,0.049,-0.001,0.05,2,7.368,9,0.0,3.4284,0.3829,0,False,24,0.0,complete,False,0,False,-1.3341628504871357,False,18.0,8,False,0,,0.0,0.0,0.03364404335241911,3,0.1725625,0.010757329057720557,0.08994708994708994,8,0.030234096806687837,NORMAL
2025-02-14,2193681000,2025,2,4,False,94.417,0.0005,7.1254,4.6256,4.7607,14222.3054,0.084,0.0,0.084,4,7.24,8,0.0,3.5187,0.0999,0,False,24,0.0,complete,False,0,False,-0.0354058674215633,False,18.0,8,False,0,,0.0,0.0,0.007404988379456337,0,0.1016458333333333,0.029360618682922526,0.10416666666666667,7,0.028926953583754744,NORMAL
2025-02-15,2193681000,2025,2,5,True,93.214,0.0004,7.0349,4.5966,4.6497,18709.7739,0.267,0.001,0.266,4,7.151,9,0.0,3.4767,0.1017,0,False,24,0.0,complete,False,0,False,-0.8453104589560285,False,18.0,8,False,0,,0.0,0.0,0.00855709648863972,0,0.116125,0.02817903791038449,0.12244897959183673,6,0.03269273244703616,NORMAL
2025-02-16,2193681000,2025,2,6,True,93.621,0.0005,7.1154,4.557,4.6363,14202.3453,0.336,0.001,0.335,2,7.207,8,0.0,3.507,0.0709,0,False,24,0.0,complete,False,0,False,-0.0256873643326714,False,18.0,8,False,0,,0.0,0.0,0.006876179045888718,0,0.095,0.026597106607077252,0.1468253968253968,5,0.03674735440026143,NORMAL
2025-02-17,2193681000,2025,2,0,False,93.057,0.0005,7.0871,4.5448,4.544,14145.9581,0.551,-0.001,0.552,4,7.183,8,0.0,3.4908,0.1022,0,False,24,0.0,complete,False,0,False,-0.2415021139136196,False,18.0,8,False,0,,0.0,0.0,0.008220581458187584,0,0.1118958333333332,0.024622372858596742,0.18095238095238098,4,0.04358112519965182,NORMAL
2025-02-18,2193681000,2025,2,1,False,92.492,0.0005,7.0875,4.4982,4.4323,14146.7066,0.808,0.001,0.807,3,7.194,8,0.0,3.4789,0.0798,0,False,24,0.0,complete,False,0,False,-0.18327523296572,False,18.0,8,False,0,,0.0,0.0,0.008124434306629838,0,0.1106874999999999,0.019665553916895055,0.23214285714285718,3,0.052799012503939396,NORMAL
2025-02-19,2193681000,2025,2,2,False,92.641,0.0005,7.1297,4.4244,4.4923,14231.0379,0.939,-0.001,0.94,5,7.264,9,0.0,3.4958,0.1084,0,False,24,0.0,complete,False,0,False,0.3175070285206717,False,18.0,8,False,0,,0.0,0.0,0.007839308270975825,0,0.1071041666666666,0.018439243218372564,0.31746031746031744,2,0.06953170461703075,NORMAL
2025-02-20,2193681000,2025,2,3,False,91.625,0.0005,7.0474,4.4106,4.3963,14066.6168,1.026,0.001,1.025,4,7.163,8,0.0,3.4622,0.1063,0,False,24,0.0,complete,False,0,False,-0.5129689439762911,False,18.0,8,False,0,,0.0,0.0,0.009918075996034757,0,0.1332291666666666,0.01978562028775501,0.48809523809523814,1,0.10455159447540906,NORMAL
2025-02-21,2193681000,2025,2,4,False,91.326,0.0005,7.0568,4.3738,4.333,14085.3293,1.246,0.001,1.245,4,7.194,8,0.0,3.468,0.1118,0,False,24,0.0,complete,False,0,False,-0.3478385434711188,False,18.0,8,False,0,,0.0,0.0,0.009550064484899923,0,0.1286041666666666,0.017156754280356394,1.0,0,0.20629637020154126,LOW
2025-02-22,2193681000,2025,2,5,True,90.439,0.0005,6.9966,4.3542,4.2303,13965.3194,1.338,0.001,1.337,2,7.092,8,0.0,3.4428,0.0725,0,False,24,0.0,complete,False,0,False,-0.967047589526535,False,18.0,8,False,0,,0.0,0.0,0.01742584236508732,0,0.2275833333333334,0.01930794586233317,0.48809523809523814,1,0.10670838950104046,NORMAL
2025-02-23,2193681000,2025,2,6,True,90.308,0.0005,7.0166,4.321,4.1887,14005.2395,1.568,-0.001,1.569,5,7.073,9,0.0,3.4484,0.0571,0,False,24,0.0,complete,False,0,False,-0.7426004514526776,False,18.0,8,False,0,,0.0,0.0,0.017840269742491404,0,0.2327916666666666,0.021259750357118794,0.31746031746031744,2,0.07309609448623466,NORMAL
2025-02-24,2193681000,2025,2,0,False,91.185,0.0005,7.114,4.345,4.1813,14199.6008,1.779,0.001,1.778,5,7.233,8,0.0,3.4939,0.1105,0,False,24,0.0,complete,False,0,False,0.4936276906724029,False,18.0,8,False,0,,0.0,0.0,0.00980535174938084,0,0.1318124999999999,0.01583092079497686,0.23214285714285718,3,0.05253636111238106,NORMAL
2025-02-25,2193681000,2025,2,1,False,90.206,0.0005,7.0652,4.3138,4.037,14102.2954,1.943,-0.001,1.944,3,7.179,9,0.0,3.4694,0.0817,0,False,24,0.0,complete,False,0,False,-0.0174633207447854,False,18.0,8,False,0,,0.0,0.0,0.013077670321363562,0,0.1729374999999999,0.013838545246215358,0.18095238095238098,4,0.04288148633612834,NORMAL
2025-02-26,2193681000,2025,2,2,False,90.704,0.0005,7.1291,4.3012,4.0537,14229.7904,2.084,0.001,2.083,4,7.255,8,0.0,3.4986,0.1139,0,False,24,0.0,complete,False,0,False,0.3348673847673841,False,19.0,8,True,1,ScheduleShift,1.0,0.3333333333333333,0.011400068297631788,0,0.1518541666666665,0.01318509311489828,0.1468253968253968,5,0.13542211847734856,LOW
2025-02-27,2193681000,2025,2,3,False,90.256,0.0005,7.0997,4.2962,3.991,14171.1577,2.347,-0.001,2.348,5,7.204,9,0.0,3.5024,0.0794,0,False,24,0.0,complete,False,0,False,0.2775887469357248,False,19.0,8,True,1,ScheduleShift,1.0,0.3333333333333333,0.012911899370401927,0,0.1708541666666666,0.016616149647933003,0.12244897959183673,6,0.13168659565907453,LOW
2025-02-28,2193681000,2025,2,4,False,89.73,0.0005,7.0999,4.2078,3.9627,14171.4072,2.428,-0.001,2.429,4,7.22,9,0.0,3.4937,0.1007,0,False,24,0.0,complete,False,0,False,0.2571231189184045,False,19.0,8,True,1,ScheduleShift,1.0,0.3333333333333333,0.014655809774518346,0,0.1927708333333332,0.013862770426282338,0.10416666666666667,7,0.1280026303509453,LOW
2025-03-01,2193681000,2025,3,5,True,89.014,0.0005,7.0504,4.1984,3.8717,14072.6048,2.647,-0.001,2.648,4,7.144,9,0.0,3.48,0.0852,0,False,24,0.0,complete,False,0,False,0.1396602510253095,False,19.0,8,True,1,ScheduleShift,1.0,0.3333333333333333,0.02402601277762489,1,0.2070208333333332,0.016862884770534027,0.08994708994708994,8,0.12856979877681227,LOW
2025-03-02,2193681000,2025,3,6,True,89.049,0.0005,7.0809,4.161,3.8643,14133.483,2.752,0.001,2.751,3,7.2,8,0.0,3.4929,0.1064,0,False,24,0.0,complete,False,0,False,0.225598975738676,False,19.0,8,True,1,ScheduleShift,1.0,0.3333333333333333,0.01540509447286495,0,0.2021874999999999,0.014738673880889395,0.07857142857142858,9,0.12328354883232308,LOW
2025-03-03,2193681000,2025,3,0,False,89.083,0.0745,7.0575,4.1468,3.7643,94.7303,3.001,-0.001,3.002,3,7.163,9,0.0,3.4613,0.0613,1,False,24,0.0,complete,False,1,False,0.2189293547992649,False,19.0,8,True,1,ScheduleShift,1.0,0.3333333333333333,0.037384664860868444,2,0.2392083333333333,0.017982113058162236,0.06926406926406926,10,0.12866463592270683,LOW
2025-03-04,2193681000,2025,3,1,False,88.328,0.0005,7.0522,4.1616,3.6993,14076.3473,3.137,0.001,3.136,1,7.12,8,0.0,3.494,0.0474,0,False,24,0.0,complete,False,0,False,0.2057052199009962,False,19.0,8,True,1,ScheduleShift,1.0,0.3333333333333333,0.02290954542289828,1,0.1976666666666666,0.01922874851195441,0.061507936507936505,11,0.12302020063084765,LOW
2025-03-05,2193681000,2025,3,2,False,87.876,0.0004,7.0654,4.1096,3.6007,16447.4975,3.291,0.001,3.29,3,7.144,8,0.0,3.4808,0.0661,0,False,23,0.0417,partial_missing,False,0,False,0.2352416352900577,False,19.0,8,True,1,ScheduleShift,1.0,0.3333333333333333,0.01447338965413405,0,0.1904782608695652,0.013251853043849451,0.05494505494505495,12,0.11798139849402109,NORMAL
2025-03-06,2193681000,2025,3,3,False,87.364,0.0005,7.0505,4.0958,3.4923,14072.8543,3.524,0.001,3.523,3,7.101,8,0.0,3.4926,0.0501,0,False,24,0.0,complete,False,0,False,0.1977146198465642,False,19.0,8,True,1,ScheduleShift,1.0,0.3333333333333333,0.012777624900123007,0,0.1691666666666667,0.017036439517805865,0.04931972789115646,13,0.11710452095182937,NORMAL
2025-03-07,2193681000,2025,3,4,False,86.897,0.0005,7.0038,4.0802,3.4873,13979.5409,3.709,0.001,3.708,6,7.085,8,0.0,3.4777,0.0601,0,False,24,0.0,complete,False,0,False,0.0961714704265581,False,19.0,8,True,1,ScheduleShift,1.0,0.3333333333333333,0.01288703372775768,0,0.1705416666666666,0.016481592929040546,0.044444444444444446,14,0.11605131759302428,NORMAL
2025-03-08,2193681000,2025,3,5,True,86.812,0.0005,7.0633,4.0,3.434,14098.3034,3.964,-0.001,3.965,3,7.157,9,0.0,3.4859,0.0818,0,False,24,0.0,complete,False,0,False,0.2237101737679757,False,19.0,8,True,1,ScheduleShift,1.0,0.3333333333333333,0.008260366486418395,0,0.1123958333333334,0.011395035417179684,0.04017857142857143,15,0.11279283131507574,NORMAL
2025-03-09,2193681000,2025,3,6,True,87.371,0.0005,7.1074,4.0576,3.4067,14186.3772,4.127,0.001,4.126,2,7.193,8,0.0,3.5154,0.0601,0,False,24,0.0,complete,False,0,False,0.3200078637996929,False,19.0,8,True,1,ScheduleShift,1.0,0.3333333333333333,0.007093338991648465,0,0.0977291666666667,0.012446002295089008,0.036414565826330535,16,0.11190011532177845,NORMAL
2025-03-10,2193681000,2025,3,0,False,86.121,0.0005,7.0506,3.985,3.2623,14073.1038,4.271,-0.001,4.272,3,7.141,9,0.0,3.4785,0.0525,0,False,24,0.0,complete,False,0,False,0.1827388109168276,False,19.0,8,True,1,ScheduleShift,1.0,0.3333333333333333,0.008331647995331887,0,0.1132916666666666,0.009633392210714077,0.03306878306878307,17,0.11103992945449898,NORMAL
2025-03-11,2193681000,2025,3,1,False,85.686,0.0005,7.0069,4.005,3.2007,13985.7784,4.545,0.001,4.544,0,7.08,8,0.0,3.4722,0.0519,0,False,24,0.0,complete,False,0,False,0.0791131060726117,False,19.0,8,True,1,ScheduleShift,1.0,0.3333333333333333,0.008712921182543657,0,0.1180833333333333,0.014025169193566868,0.03007518796992481,18,0.11143394778746142,NORMAL
2025-03-12,2193681000,2025,3,2,False,57.539,0.0005,4.6865,3.976,3.1787,9354.2914,4.686,-0.001,4.687,6,7.111,1,0.0,3.3514,3.3142,0,False,22,0.0833,partial_missing,False,0,False,-5.0080871681955905,True,19.0,8,True,2,"NightDrop, ScheduleShift",3.0,1.0,0.11757982850844423,2,0.7431363636363636,0.3724705253055702,0.027380952380952384,19,0.41524424408983773,HIGH
2025-03-13,2193681000,2025,3,3,False,85.726,0.0005,7.0907,3.9418,3.0957,14153.1936,4.926,0.001,4.925,3,7.151,8,0.0,3.4977,0.0485,0,False,24,0.0,complete,False,0,False,0.2609455305179318,False,19.0,8,True,1,ScheduleShift,1.0,0.3333333333333333,0.004661479141041245,0,0.0671666666666667,0.011043412981756144,0.02494331065759637,20,0.10859578847018286,NORMAL
2025-03-14,2193681000,2025,3,4,False,85.288,0.0005,7.0682,3.9338,3.023,14108.2834,5.167,-0.001,5.168,3,7.13,9,0.0,3.494,0.0425,0,False,24,0.0,complete,False,0,False,0.2184750667396323,False,19.0,8,True,1,ScheduleShift,1.0,0.3333333333333333,0.004111119583848607,0,0.06025,0.012091739233858725,0.02272727272727273,21,0.10819713826738087,NORMAL
2025-03-15,2193681000,2025,3,5,True,84.85,0.0005,7.0435,3.8912,3.014,14058.8822,5.315,-0.001,5.316,3,7.219,8,0.0,3.4827,0.1659,0,False,24,0.0,complete,False,0,False,0.1626732567223719,False,19.0,8,True,1,ScheduleShift,1.0,0.3333333333333333,0.003287237957569268,0,0.0498958333333333,0.00909108993989796,0.020703933747412008,22,0.10694517612473277,NORMAL
2025-03-16,2193681000,2025,3,6,True,83.423,0.0005,6.919,3.9234,2.817,13810.3792,5.342,-0.001,5.343,22,7.08,8,0.0,3.4258,0.0839,0,False,22,0.0833,partial_missing,False,0,False,-0.1297305824562085,False,19.0,8,True,1,ScheduleShift,1.0,0.3333333333333333,0.0074205105685009225,0,0.101840909090909,0.008710640099135886,0.018849206349206348,23,0.10773812246021872,NORMAL
2025-03-17,2193681000,2025,3,0,False,59.047,0.0005,6.31,0.0003,2.854,12594.8104,5.846,-0.001,5.847,2,7.291,9,0.0,3.5142,2.3861,0,False,22,0.0833,partial_missing,False,0,False,-1.453639218468508,False,,8,False,0,,0.0,0.0,0.09475768958696207,2,0.5997272727272727,0.49357130711363095,0.017142857142857144,24,0.13057013972738624,LOW
2025-03-18,2193681000,2025,3,1,False,84.446,0.0005,7.1345,3.7948,2.7973,14240.519,5.931,0.001,5.93,3,7.253,8,0.0,3.5175,0.0996,0,False,24,0.0,complete,False,0,False,0.2808852819054787,False,19.0,8,True,1,ScheduleShift,1.0,0.3333333333333333,0.002042298115847366,0,0.0342499999999999,0.008172058775171173,0.015567765567765571,25,0.10536065430334154,NORMAL
2025-03-19,2193681000,2025,3,2,False,83.809,0.0005,7.0821,3.813,2.6943,14135.978,6.115,-0.001,6.116,3,7.181,9,0.0,3.5083,0.0677,0,False,24,0.0,complete,False,0,False,0.1616601875479011,False,19.0,7,True,1,ScheduleShift,1.0,0.3333333333333333,0.0021782302956359144,0,0.0359583333333333,0.010650303292928738,0.014109347442680775,26,0.10560539923581268,NORMAL
2025-03-20,2193681000,2025,3,3,False,84.127,0.0005,7.1462,3.78,2.6843,14263.9721,6.307,-0.001,6.308,4,7.285,9,0.0,3.5348,0.1027,0,False,24,0.0,complete,False,0,False,0.287436406216071,False,19.0,7,True,1,ScheduleShift,1.0,0.3333333333333333,0.0041475891930601565,0,0.0607083333333332,0.008705059516788578,0.012755102040816325,27,0.10553630906943903,NORMAL
2025-03-21,2193681000,2025,3,4,False,83.286,0.0005,7.1111,3.7308,2.5797,14193.8623,6.494,-0.001,6.495,3,7.23,8,0.0,3.5209,0.088,0,False,24,0.0,complete,False,0,False,0.2065754184772645,False,19.0,7,True,1,ScheduleShift,1.0,0.3333333333333333,0.004349829753233357,0,0.0632499999999999,0.010228118619485034,0.011494252873563218,28,0.10564942322457965,NORMAL
2025-03-22,2193681000,2025,3,5,True,82.921,0.0005,7.0951,3.7284,2.5047,14161.9261,6.745,0.001,6.744,2,7.16,8,0.0,3.5253,0.0503,0,False,24,0.0,complete,False,0,False,0.1582957132512953,False,19.0,7,True,1,ScheduleShift,1.0,0.3333333333333333,0.00719943240026391,0,0.0990625,0.014419322361189996,0.010317460317460317,29,0.10710718625580923,NORMAL
2025-03-23,2193681000,2025,3,6,True,82.868,0.0005,7.0681,3.7614,2.504,14108.0339,6.97,-0.001,6.971,6,7.241,9,0.0,3.5355,0.0641,0,False,24,0.0,complete,False,0,False,0.0849660789546725,False,19.0,7,True,1,ScheduleShift,1.0,0.3333333333333333,0.008956604480457262,0,0.1211458333333333,0.01402557986641241,0.009216589861751152,30,0.10733541528976988,NORMAL
2025-03-24,2193681000,2025,3,0,False,82.989,0.0005,7.1543,3.7142,2.3933,14279.9401,7.129,0.001,7.128,3,7.226,8,0.0,3.5657,0.0613,0,False,24,0.0,complete,False,0,False,0.2536590547186687,False,19.0,7,True,1,ScheduleShift,1.0,0.3333333333333333,0.008742759953716742,0,0.1184583333333332,0.015182094661042063,0.00818452380952381,31,0.10729615168022817,NORMAL
2025-03-25,2193681000,2025,3,1,False,82.297,0.0005,7.1188,3.6854,2.3053,14209.0818,6.914,-0.001,6.915,2,7.194,7,0.0,3.5397,0.0504,0,False,24,0.0,complete,False,0,False,0.1791287157824883,False,19.0,7,True,1,ScheduleShift,1.0,0.3333333333333333,0.008444372241985803,0,0.1147083333333333,0.012398884628556582,0.009216589861751152,30,0.10685640657065727,NORMAL
2025-03-26,2193681000,2025,3,2,False,82.282,0.0005,7.1502,3.6468,2.2807,14271.9561,6.84,-0.001,6.841,3,7.251,7,0.0,3.5432,0.091,0,False,24,0.0,complete,False,0,False,0.2383387168342202,False,19.0,7,True,1,ScheduleShift,1.0,0.3333333333333333,0.009601453479698027,0,0.1292499999999999,0.00953942673438602,0.010317460317460317,29,0.10685181345427866,NORMAL
2025-03-27,2193681000,2025,3,3,False,80.827,0.0005,7.0531,3.5762,2.1723,14078.0938,6.516,0.001,6.515,2,7.143,8,0.0,3.4853,0.0776,0,False,24,0.0,complete,False,0,False,0.026090374976287,False,19.0,7,True,1,ScheduleShift,1.0,0.3333333333333333,0.010506562871948566,0,0.1406249999999999,0.008458252864910075,0.011494252873563218,28,0.10714247000927922,NORMAL
2025-03-28,2193681000,2025,3,4,False,80.329,0.0005,7.0405,3.5436,2.0943,14052.8942,6.282,0.001,6.281,3,7.118,8,0.0,3.47,0.0709,0,False,24,0.0,complete,False,0,False,-0.4333172969276533,False,19.0,7,True,1,ScheduleShift,1.0,0.3333333333333333,0.01837902533311674,1,0.1597083333333334,0.007699046940156749,0.012755102040816325,27,0.10960453739612963,NORMAL
2025-03-29,2193681000,2025,3,5,True,81.59,0.0005,7.1202,3.677,2.0797,14212.0758,6.238,0.001,6.237,23,7.259,8,0.0,3.5256,0.0778,0,False,24,0.0,complete,False,0,False,-0.0011775486992645,False,19.0,7,True,1,ScheduleShift,1.0,0.3333333333333333,0.01670473872840418,0,0.2185208333333332,0.00882824248118149,0.014109347442680775,26,0.1095989396032937,NORMAL
2025-03-30,2193681000,2025,3,6,True,83.455,0.0005,7.3851,3.6252,2.0813,14740.7685,6.242,-0.001,6.243,5,7.534,7,0.0,3.6169,0.1285,0,False,24,0.0,complete,False,0,False,1.3997047710007768,False,19.0,7,True,1,ScheduleShift,1.0,0.3333333333333333,0.056661339893442436,3,0.2882708333333333,0.00450954166347457,0.015567765567765571,25,0.12101386341428076,LOW
2025-03-31,2193681000,2025,3,0,False,83.629,0.0005,7.4469,3.5896,2.034,14864.022,6.101,0.001,6.1,5,7.668,8,0.0,3.6369,0.1777,0,False,24,0.0,complete,False,0,False,1.6970242725269031,False,19.0,7,True,1,ScheduleShift,1.0,0.3333333333333333,0.11766090557355088,8,0.2974583333333332,0.00544302786068792,0.017142857142857144,24,0.13981544867277426,LOW
2025-04-01,2193681000,2025,4,1,False,82.38,0.0005,7.3607,3.5244,1.956,14692.1158,5.867,0.001,5.866,3,7.532,8,0.0,3.5884,0.1701,0,False,24,0.0,complete,False,0,False,1.2112921458689854,False,19.0,7,True,1,ScheduleShift,1.0,0.3333333333333333,0.05653701168022122,3,0.2876458333333333,0.004617235098901009,0.018849206349206348,23,0.12165439179368782,LOW
2025-04-02,2193681000,2025,4,2,False,80.128,0.0005,7.1755,3.4634,1.801,14322.3553,5.4,-0.001,5.401,3,7.318,8,0.0,3.4992,0.1429,0,False,24,0.0,complete,False,0,False,0.0862031368602176,False,19.0,7,True,1,ScheduleShift,1.0,0.3333333333333333,0.015007244190557026,0,0.1971875,0.0035098843666927842,0.020703933747412008,22,0.10934493687998806,NORMAL
2025-04-03,2193681000,2025,4,3,False,79.867,0.0005,7.1755,3.452,1.733,14322.3553,5.197,-0.001,5.198,4,7.276,7,0.0,3.496,0.0873,0,False,24,0.0,complete,False,0,False,0.1037445342154312,False,19.0,7,True,1,ScheduleShift,1.0,0.3333333333333333,0.013856793790883266,0,0.1827291666666667,0.0038358547655127093,0.02272727272727273,21,0.10946966363582206,NORMAL
2025-04-04,2193681000,2025,4,4,False,79.515,0.0005,7.162,3.4392,1.673,14295.4092,5.017,-0.001,5.018,4,7.233,7,0.0,3.4881,0.0704,0,False,24,0.0,complete,False,0,False,-0.0357221456950252,False,19.0,7,True,1,ScheduleShift,1.0,0.3333333333333333,0.012961630655690419,0,0.1714791666666666,0.004929132472139483,0.02494331065759637,20,0.10986297782265429,NORMAL
2025-04-05,2193681000,2025,4,5,True,79.922,0.0005,7.2513,3.4038,1.6297,14473.5529,4.888,0.001,4.887,4,7.358,8,0.0,3.5185,0.0839,0,False,24,0.0,complete,False,0,False,0.8953274865179067,False,19.0,7,True,1,ScheduleShift,1.0,0.3333333333333333,0.014065665189094922,0,0.1853541666666666,0.003944013910031448,0.027380952380952384,19,0.11048469281492523,NORMAL
2025-04-06,2193681000,2025,4,6,True,79.448,0.0005,7.2419,3.3662,1.5593,14454.8403,4.676,-0.001,4.677,4,7.391,7,0.0,3.5092,0.1223,0,False,24,0.0,complete,False,0,False,0.7802274366125961,False,19.0,7,True,1,ScheduleShift,1.0,0.3333333333333333,0.012457686964767043,0,0.1651458333333333,0.004345276946089631,0.03007518796992481,18,0.11062139907263299,NORMAL
2025-04-07,2193681000,2025,4,0,False,78.748,0.0005,7.2109,3.315,1.494,14392.9641,4.48,-0.001,4.481,4,7.374,7,0.0,3.4897,0.1519,0,False,24,0.0,complete,False,0,False,0.4358383553125249,False,19.0,7,True,1,ScheduleShift,1.0,0.3333333333333333,0.010604367733015943,0,0.1418541666666667,0.00515552818314771,0.03306878306878307,17,0.11082617257029093,NORMAL
2025-04-08,2193681000,2025,4,1,False,77.547,0.0004,7.1181,3.2936,1.377,18931.1835,4.131,0.001,4.13,2,7.237,7,0.0,3.4477,0.0626,0,False,24,0.0,complete,False,0,False,-0.5322656989143152,False,19.0,7,True,1,ScheduleShift,1.0,0.3333333333333333,0.00787577788018739,0,0.1075625,0.005051693234380827,0.036414565826330535,16,0.11065598517619848,NORMAL
2025-04-09,2193681000,2025,4,2,False,77.286,0.0005,7.1351,3.232,1.347,14241.7665,4.039,-0.001,4.04,4,7.212,7,0.0,3.4463,0.0742,0,False,24,0.0,complete,False,0,False,-0.2667188260067408,False,19.0,7,True,1,ScheduleShift,1.0,0.3333333333333333,0.007027030611263805,0,0.0968958333333333,0.0058609323280964165,0.04017857142857143,15,0.1113160099347127,NORMAL
2025-04-10,2193681000,2025,4,3,False,77.421,0.0005,7.1605,3.2636,1.2717,14292.4152,3.813,0.0,3.813,3,7.294,8,0.0,3.466,0.1132,0,False,24,0.0,complete,False,0,False,-0.022777952638991,False,19.0,7,True,1,ScheduleShift,1.0,0.3333333333333333,0.0057572251268976655,0,0.0809375,0.006779566580934378,0.044444444444444446,14,0.11197196974314505,NORMAL
2025-04-11,2193681000,2025,4,4,False,76.506,0.0005,7.1116,3.2038,1.1967,14194.8603,3.588,-0.001,3.589,4,7.263,7,0.0,3.4397,0.1396,0,False,24,0.0,complete,False,0,False,-0.4636397187091252,False,19.0,7,True,1,ScheduleShift,1.0,0.3333333333333333,0.004835538639550958,0,0.0693541666666666,0.007971598414150466,0.04931972789115646,13,0.11290892685292667,NORMAL
2025-04-12,2193681000,2025,4,5,True,75.957,0.0005,7.0626,3.2028,1.146,14097.0559,3.436,-0.001,3.437,4,7.162,7,0.0,3.4244,0.0786,0,False,24,0.0,complete,False,0,False,-0.951795805775308,False,19.0,7,True,1,ScheduleShift,1.0,0.3333333333333333,0.005806956412186157,0,0.0815625,0.008594688343522056,0.05494505494505495,12,0.11445003558137125,NORMAL
2025-04-13,2193681000,2025,4,6,True,76.683,0.0005,7.1669,3.215,1.0897,14305.1397,3.267,-0.001,3.268,5,7.298,7,0.0,3.4734,0.0965,0,False,24,0.0,complete,False,0,False,0.0748926853075039,False,19.0,7,True,1,ScheduleShift,1.0,0.3333333333333333,0.0034364318134347416,0,0.0517708333333333,0.009869876572309767,0.061507936507936505,11,0.11530649216007967,NORMAL
2025-04-14,2193681000,2025,4,0,False,76.812,0.0005,7.2218,3.1786,1.047,14414.6707,3.14,0.001,3.139,4,7.359,8,0.0,3.4929,0.1305,0,False,24,0.0,complete,False,0,False,0.6039727904891151,False,19.0,7,True,1,ScheduleShift,1.0,0.3333333333333333,0.003744765782223395,0,0.0556458333333334,0.01077590855120176,0.06926406926406926,10,0.11713142529772122,NORMAL
2025-04-15,2193681000,2025,4,1,False,76.367,0.0004,7.1997,3.1798,0.9557,19148.2713,2.867,0.001,2.866,3,7.317,7,0.0,3.4891,0.0878,0,False,24,0.0,complete,False,0,False,0.5418333200981903,False,19.0,7,True,1,ScheduleShift,1.0,0.3333333333333333,0.002256142642587886,0,0.0369375,0.011702014707202163,0.07857142857142858,9,0.11873153144850251,NORMAL
2025-04-16,2193681000,2025,4,2,False,75.476,0.0005,7.1596,3.0984,0.901,14290.6687,2.702,0.001,2.701,4,7.314,8,0.0,3.4662,0.1492,0,False,24,0.0,complete,False,0,False,0.3318037082036466,False,19.0,7,True,1,ScheduleShift,1.0,0.3333333333333333,0.001715729342452946,0,0.0301458333333333,0.013773996727176569,0.08994708994708994,8,0.12125893613758917,LOW
2025-04-17,2193681000,2025,4,3,False,74.477,0.0004,7.0811,3.0712,0.823,18832.7793,2.469,0.001,2.468,4,7.18,7,0.0,3.4432,0.078,0,False,24,0.0,complete,False,0,False,-0.4870450797859821,False,19.0,7,True,1,ScheduleShift,1.0,0.3333333333333333,0.0031513057777807192,0,0.0481874999999999,0.015628902236548173,0.10416666666666667,7,0.12490450551397717,LOW
2025-04-18,2193681000,2025,4,4,False,74.169,0.0005,7.0785,3.0406,0.778,14128.7425,2.332,-0.001,2.333,3,7.154,7,0.0,3.4433,0.0906,0,False,24,0.0,complete,False,0,False,-0.3783199219709861,False,19.0,7,True,1,ScheduleShift,1.0,0.3333333333333333,0.004026576398858173,0,0.0591875,0.016833679020411586,0.12244897959183673,6,0.12906450464210711,LOW
2025-04-19,2193681000,2025,4,5,True,74.532,0.0005,7.1425,3.0498,0.713,14256.487,2.138,0.001,2.137,4,7.289,8,0.0,3.4816,0.1203,0,False,24,0.0,complete,False,0,False,0.4447698186723495,False,19.0,7,True,1,ScheduleShift,1.0,0.3333333333333333,0.003429800975396278,0,0.0516875,0.01918618829233019,0.1468253968253968,5,0.13423125731616428,LOW
2025-04-20,2193681000,2025,4,6,True,74.451,0.0005,7.1734,3.0118,0.667,14318.1138,1.999,-0.001,2.0,4,7.243,7,0.0,3.4937,0.0799,0,False,24,0.0,complete,False,0,False,0.8482346951606944,False,19.0,7,True,1,ScheduleShift,1.0,0.3333333333333333,0.004706237297800881,0,0.0677291666666666,0.02008718365366616,0.18095238095238098,4,0.14161978411054968,LOW
2025-04-21,2193681000,2025,4,0,False,74.056,0.0005,7.1646,2.9932,0.5897,14300.6487,1.768,0.001,1.767,4,7.313,8,0.0,3.4969,0.1299,0,False,24,0.0,complete,False,0,False,0.874520018423469,False,19.0,7,True,1,ScheduleShift,1.0,0.3333333333333333,0.006479986473090394,0,0.0900208333333332,0.022730356766188984,0.23214285714285718,3,0.15291863872373634,LOW
2025-04-22,2193681000,2025,4,1,False,72.589,0.0004,7.0448,2.9232,0.5373,18736.0372,1.612,0.001,1.611,5,7.15,7,0.0,3.4422,0.1095,0,False,24,0.0,complete,False,0,False,-0.3808666738142041,False,19.0,7,True,1,ScheduleShift,1.0,0.3333333333333333,0.008923450290264924,0,0.1207291666666665,0.023913800559943323,0.31746031746031744,2,0.1709518586911316,LOW
2025-04-23,2193681000,2025,4,2,False,71.942,0.0005,6.9615,2.9866,0.4377,13895.2096,1.311,-0.001,1.312,23,7.11,7,0.0,3.4381,0.138,0,False,24,0.0,complete,False,0,False,-1.1889423554701803,False,19.0,7,True,1,ScheduleShift,1.0,0.3333333333333333,0.02850265730834392,2,0.1833958333333333,0.029113684663553286,0.48809523809523814,1,0.21199258174426144,LOW
2025-04-24,2193681000,2025,4,3,False,72.723,0.0005,7.129,2.885,0.4207,14229.5409,1.259,-0.001,1.26,2,7.242,8,0.0,3.4915,0.1142,0,False,24,0.0,complete,False,0,False,0.6997971525968499,False,20.0,7,True,1,ScheduleShift,1.0,0.3333333333333333,0.009639580798419206,0,0.1297291666666666,0.0283938070326308,1.0,0,0.3085706356460519,MEDIUM
2025-04-25,2193681000,2025,4,4,False,71.808,0.0005,7.0624,2.8598,0.3353,14096.5569,1.005,0.001,1.004,4,7.152,8,0.0,3.4726,0.0876,0,False,24,0.0,complete,False,0,False,0.1691411185040232,False,20.0,7,True,1,ScheduleShift,1.0,0.3333333333333333,0.01153931589643957,0,0.1536041666666666,0.030749153822564258,0.48809523809523814,1,0.20723067315249233,LOW
2025-04-26,2193681000,2025,4,5,True,71.901,0.0005,7.0829,2.8636,0.3053,14137.475,0.914,-0.001,0.915,5,7.308,7,0.0,3.4927,0.1291,0,False,24,0.0,complete,False,0,False,0.4237845262714582,False,20.0,6,True,1,ScheduleShift,1.0,0.3333333333333333,0.011323813660189445,0,0.1508958333333333,0.03419325578432133,0.31746031746031744,2,0.17372785874698457,LOW
2025-04-27,2193681000,2025,4,6,True,70.645,0.0005,6.9819,2.8042,0.255,13935.8782,0.766,0.001,0.765,5,7.082,7,0.0,3.4496,0.0747,0,False,24,0.0,complete,False,0,False,-0.2089946859056302,False,20.0,6,True,1,ScheduleShift,1.0,0.3333333333333333,0.01539514821580726,0,0.2020625,0.03525700708824061,0.23214285714285718,3,0.15809851731096172,LOW
2025-04-28,2193681000,2025,4,0,False,70.82,0.0005,7.0563,2.7688,0.174,14084.3313,0.52,-0.001,0.521,3,7.15,7,0.0,3.4872,0.0868,0,False,24,0.0,complete,False,0,False,0.3309882843461253,False,20.0,6,True,1,ScheduleShift,1.0,0.3333333333333333,0.01479505737332612,0,0.1945208333333332,0.03745301015443373,0.18095238095238098,4,0.14811959543336078,LOW
2025-04-29,2193681000,2025,4,1,False,70.405,0.0005,7.0322,2.7478,0.1347,14036.4271,0.403,0.001,0.402,4,7.137,8,0.0,3.4848,0.0949,0,False,24,0.0,complete,False,0,False,0.2878478183462356,False,20.0,6,True,1,ScheduleShift,1.0,0.3333333333333333,0.01619084878042311,0,0.2120624999999999,0.03976735693108396,0.1468253968253968,5,0.1421758053854231,LOW
2025-04-30,2193681000,2025,4,2,False,70.033,0.0005,7.0359,2.692,0.094,14043.6627,0.28,0.0,0.28,4,7.157,8,0.0,3.4859,0.114,0,False,24,0.0,complete,False,0,False,0.3876425557639822,False,20.0,6,True,1,ScheduleShift,1.0,0.3333333333333333,0.01741755381753923,0,0.2274791666666666,0.041494498216125615,0.12244897959183673,6,0.13801396170685423,LOW
2025-05-01,2193681000,2025,5,3,False,69.51,0.0005,6.9853,2.7156,0.0153,13942.6148,0.045,0.001,0.044,4,7.113,8,0.0,3.4857,0.1037,0,False,24,0.0,complete,False,0,False,0.283212211766896,False,20.0,6,True,1,ScheduleShift,1.0,0.3333333333333333,0.022964249836715613,1,0.1981249999999999,0.04385083648855024,0.10416666666666667,7,0.13649277558205805,LOW
2025-05-02,2193681000,2025,5,4,False,68.655,0.0005,6.9238,2.652,0.0003,13819.8603,-0.002,-0.001,-0.001,4,7.096,6,0.0,3.4549,0.1744,0,False,24,0.0,complete,False,0,False,0.1452454818689399,False,20.0,6,True,1,ScheduleShift,1.0,0.3333333333333333,0.012840617861488424,0,0.1699583333333333,0.04160728984747895,0.12244897959183673,6,0.13666343924630966,LOW
2025-05-03,2193681000,2025,5,5,True,69.251,0.0004,6.977,2.686,0.0007,18555.8511,0.002,0.001,0.001,2,7.066,7,0.0,3.488,0.0712,0,False,24,0.0,complete,False,0,False,0.3978552680854367,False,20.0,6,True,1,ScheduleShift,1.0,0.3333333333333333,0.013947967813912157,0,0.1838749999999999,0.04493591033432708,0.1468253968253968,5,0.1425366517761184,LOW
2025-05-04,2193681000,2025,5,6,True,68.995,0.0005,6.9674,2.65,0.0007,13906.9361,0.0,-0.001,0.001,4,7.098,7,0.0,3.476,0.1094,0,False,24,0.0,complete,False,0,False,0.4298853150392062,False,20.0,6,True,1,ScheduleShift,1.0,0.3333333333333333,0.013185421439488637,0,0.1742916666666667,0.042355512025780646,0.18095238095238098,4,0.1486172050274789,LOW
2025-05-05,2193681000,2025,5,0,False,69.018,0.0004,6.9806,2.6336,0.0007,18565.492,0.002,0.001,0.001,3,7.15,7,0.0,3.4785,0.1607,0,False,24,0.0,complete,False,0,False,0.5414691254643942,False,20.0,6,True,1,ScheduleShift,1.0,0.3333333333333333,0.01886639192894395,1,0.1637916666666667,0.04110739459780608,0.23214285714285718,3,0.16030996792681582,LOW
2025-05-06,2193681000,2025,5,1,False,68.501,0.0004,6.9292,2.6124,0.0007,18428.8564,0.002,0.001,0.001,4,7.125,7,0.0,3.4535,0.2034,0,False,24,0.0,complete,False,0,False,0.4500567059739408,False,20.0,6,True,1,ScheduleShift,1.0,0.3333333333333333,0.01833426717635708,1,0.1593333333333332,0.040379349758078095,0.31746031746031744,2,0.17706821359658623,LOW
2025-05-07,2193681000,2025,5,2,False,67.705,0.0005,6.8982,2.5028,0.0003,13768.9621,0.0,0.001,-0.001,4,7.113,6,0.0,3.4185,0.2678,0,False,24,0.0,complete,False,0,False,0.4242839621179609,False,20.0,6,True,1,ScheduleShift,1.0,0.3333333333333333,0.013656210940219682,0,0.1802083333333333,0.041856275640227585,0.48809523809523814,1,0.21008716602915906,LOW
2025-05-08,2193681000,2025,5,3,False,66.547,0.0005,6.7554,2.4998,0.0003,13483.7824,-0.002,-0.001,-0.001,4,6.98,6,0.0,3.3595,0.2775,0,False,24,0.0,complete,False,0,False,0.0043259929408291,False,20.0,6,True,1,ScheduleShift,1.0,0.3333333333333333,0.015360336316105299,0,0.2016249999999998,0.04051230601353833,1.0,0,0.3127105620975392,MEDIUM
2025-05-09,2193681000,2025,5,4,False,66.38,0.0005,6.7453,2.4826,0.0003,13463.5729,0.0,0.001,-0.001,3,6.943,6,0.0,3.3536,0.3262,0,False,24,0.0,complete,False,0,False,0.0239430960391715,False,20.0,6,True,1,ScheduleShift,1.0,0.3333333333333333,0.014892862234393489,0,0.1957499999999999,0.04174652741597894,0.48809523809523814,1,0.21043621177256144,LOW
2025-05-10,2193681000,2025,5,5,True,65.549,0.0005,6.6739,2.4306,0.0003,13321.1078,0.0,0.001,-0.001,4,6.945,6,0.0,3.3136,0.3369,0,False,24,0.0,complete,False,0,False,-0.1420565778240589,False,20.0,6,True,1,ScheduleShift,1.0,0.3333333333333333,0.015923957549374878,0,0.2087083333333333,0.04231165469620343,0.31746031746031744,2,0.17673158169611664,LOW
2025-05-11,2193681000,2025,5,6,True,65.764,0.0005,6.6965,2.4374,0.0003,13366.2675,0.0,0.001,-0.001,2,6.943,6,0.0,3.3276,0.3959,0,False,24,0.0,complete,False,0,False,0.0070626338453025,False,20.0,6,True,1,ScheduleShift,1.0,0.3333333333333333,0.014309348487008529,0,0.1884166666666666,0.04298346829093998,0.23214285714285718,3,0.159318069632862,LOW
2025-05-12,2193681000,2025,5,0,False,59.274,0.0005,5.8912,2.4278,0.0003,11758.982,-0.001,-0.001,0.0,3,7.058,5,0.0,3.2772,2.2709,0,False,24,0.0,complete,False,0,False,-2.7583140631297667,True,20.0,7,True,2,"NightDrop, ScheduleShift",3.0,1.0,0.04900686623278884,3,0.2497916666666666,0.09575402286102229,0.18095238095238098,4,0.3700433406325173,MEDIUM
2025-05-13,2193681000,2025,5,1,False,67.963,0.0005,6.7691,2.761,0.0003,13511.2275,-0.001,0.0,-0.001,4,7.06,6,0.0,3.3849,0.4752,0,False,24,0.0,complete,False,0,False,0.4019729843050581,False,20.0,6,True,1,ScheduleShift,1.0,0.3333333333333333,0.018448649132520617,1,0.1602916666666666,0.035871437481834884,0.1468253968253968,5,0.14207396160120253,LOW
2025-05-14,2193681000,2025,5,2,False,65.309,0.0005,6.4419,2.7536,0.0007,12858.0339,0.002,0.001,0.001,4,6.991,7,0.0,3.3202,1.1692,0,False,24,0.0,complete,False,0,False,-0.7179000355375685,False,20.0,6,True,1,ScheduleShift,1.0,0.3333333333333333,0.009536802808823004,1,0.085625,0.045987370185938736,0.12244897959183673,6,0.136548310798202,LOW
2025-05-15,2193681000,2025,5,3,False,64.86,0.0005,6.3993,2.732,0.0007,12772.9541,0.002,0.001,0.001,2,6.907,7,0.0,3.3126,1.213,0,False,24,0.0,complete,False,0,False,-0.8260300906978091,False,20.0,6,True,1,ScheduleShift,1.0,0.3333333333333333,0.011849307574737837,2,0.07875,0.050927223428986465,0.10416666666666667,7,0.13457357029155198,LOW
2025-05-16,2193681000,2025,5,4,False,64.868,0.0006,6.4093,2.7176,0.0003,10238.4185,-0.002,-0.001,-0.001,4,6.964,6,0.0,3.326,1.2527,0,False,24,0.0,complete,False,0,False,-0.7377746811868557,False,20.0,6,True,1,ScheduleShift,1.0,0.3333333333333333,0.00454875489438733,0,0.06575,0.049690148985938785,0.08994708994708994,8,0.12929207425492195,LOW
2025-05-17,2193681000,2025,5,5,True,64.504,0.0006,6.366,2.7138,0.0007,10169.3291,-0.001,-0.001,0.0,3,6.925,8,0.0,3.3135,1.291,0,False,24,0.0,complete,False,0,False,-0.8699254779433269,False,20.0,6,True,1,ScheduleShift,1.0,0.3333333333333333,0.006468382506523082,1,0.0599166666666666,0.0515880684896878,0.07857142857142858,9,0.1279724141641802,LOW
2025-05-18,2193681000,2025,5,6,True,64.721,0.0006,6.3902,2.7186,0.0003,10208.0671,-0.002,-0.001,-0.001,4,6.991,6,0.0,3.3364,1.3217,0,False,24,0.0,complete,False,0,False,-0.7363698215272654,False,20.0,6,True,1,ScheduleShift,1.0,0.3333333333333333,0.0030535009167133595,0,0.0469583333333333,0.05256268977152534,0.06926406926406926,10,0.12528140208213293,LOW
2025-05-19,2193681000,2025,5,0,False,65.803,0.0006,6.5174,2.7316,0.0003,10411.1422,-0.002,-0.001,-0.001,4,7.296,6,0.0,3.4032,1.3712,0,False,24,0.0,complete,False,0,False,-0.132228835549256,False,20.0,6,True,1,ScheduleShift,1.0,0.3333333333333333,0.0028678374516363275,0,0.044625,0.054721851382249394,0.061507936507936505,11,0.12410630881352806,LOW
2025-05-20,2193681000,2025,5,1,False,65.861,0.0006,6.51,2.755,0.0003,10399.361,-0.002,-0.001,-0.001,4,7.129,6,0.0,3.4233,1.4399,0,False,24,0.0,complete,False,0,False,-0.093720655276042,False,20.0,6,True,1,ScheduleShift,1.0,0.3333333333333333,0.003275633991001948,0,0.0497499999999999,0.05633373892875928,0.05494505494505495,12,0.12323844897206343,LOW
2025-05-21,2193681000,2025,5,2,False,65.85,0.0006,6.5294,2.7218,0.0003,10430.3115,-0.002,-0.001,-0.001,1,7.163,6,0.0,3.4316,1.4936,0,False,24,0.0,complete,False,0,False,0.0911968577447164,False,20.0,6,True,1,ScheduleShift,1.0,0.3333333333333333,0.004058072879540889,0,0.0595833333333334,0.05658374683447642,0.04931972789115646,13,0.12239811680898884,LOW
2025-05-22,2193681000,2025,5,3,False,65.749,0.0006,6.5249,2.7088,0.0003,10423.123,-0.002,-0.001,-0.001,4,7.161,6,0.0,3.426,1.4888,0,False,24,0.0,complete,False,0,False,0.1628997180550209,False,20.0,6,True,1,ScheduleShift,1.0,0.3333333333333333,0.003663538016252187,0,0.054625,0.05590147239925992,0.044444444444444446,14,0.12116824477361653,LOW
2025-05-23,2193681000,2025,5,4,False,65.168,0.0006,6.4825,2.6604,0.0003,10355.4313,-0.002,-0.001,-0.001,4,7.163,6,0.0,3.402,1.5167,0,False,24,0.0,complete,False,0,False,-0.0004243545873506,False,20.0,6,True,1,ScheduleShift,1.0,0.3333333333333333,0.00249319510246303,0,0.0399166666666667,0.056136842032260305,0.04017857142857143,15,0.12001104122290523,LOW
2025-05-24,2193681000,2025,5,5,True,64.871,0.0006,6.4533,2.6478,0.0003,10308.7061,-0.002,-0.001,-0.001,4,7.147,6,0.0,3.3934,1.5518,0,False,24,0.0,complete,False,0,False,-0.1297212794469166,False,20.0,6,True,1,ScheduleShift,1.0,0.3333333333333333,0.003404935332752033,0,0.051375,0.057470981609911785,0.036414565826330535,16,0.11979859008707407,NORMAL
2025-05-25,2193681000,2025,5,6,True,64.41,0.0006,6.4271,2.5974,0.0003,10266.9728,-0.002,-0.001,-0.001,4,7.11,6,0.0,3.3779,1.593,0,False,24,0.0,complete,False,0,False,-0.2529419439025199,False,20.0,6,True,1,ScheduleShift,1.0,0.3333333333333333,0.00393208695681004,0,0.058,0.0589150471821244,0.03306878306878307,17,0.1195763921372245,NORMAL
2025-05-26,2193681000,2025,5,0,False,64.801,0.0006,6.474,2.6006,0.0003,10341.853,-0.002,-0.001,-0.001,3,7.163,6,0.0,3.4013,1.6169,0,False,24,0.0,complete,False,0,False,0.1372172779902701,False,20.0,6,True,1,ScheduleShift,1.0,0.3333333333333333,0.0053212475258685565,0,0.0754583333333333,0.060009858875653826,0.03007518796992481,18,0.11961338362687628,NORMAL
2025-05-27,2193681000,2025,5,1,False,64.54,0.0006,6.4458,2.5936,0.0003,10296.7252,-0.002,-0.001,-0.001,4,7.135,6,0.0,3.3929,1.6437,0,False,24,0.0,complete,False,0,False,-0.0119522273819625,False,20.0,6,True,1,ScheduleShift,1.0,0.3333333333333333,0.004906820148464458,0,0.0702499999999999,0.06071781308879087,0.027380952380952384,19,0.11909179913848798,NORMAL
2025-05-28,2193681000,2025,5,2,False,64.829,0.0006,6.481,2.595,0.0003,10353.0351,-0.002,-0.001,-0.001,4,7.189,6,0.0,3.4096,1.6553,0,False,24,0.0,complete,False,0,False,0.2583098215339906,False,20.0,6,True,1,ScheduleShift,1.0,0.3333333333333333,0.006309242393599918,0,0.087875,0.06102572368693076,0.02494331065759637,20,0.11908657958698539,NORMAL
2025-05-29,2193681000,2025,5,3,False,64.231,0.0006,6.434,2.5506,0.0003,10277.9553,-0.002,-0.001,-0.001,4,7.149,6,0.0,3.3869,1.6874,0,False,24,0.0,complete,False,0,False,-0.0607612526778224,False,20.0,6,True,1,ScheduleShift,1.0,0.3333333333333333,0.006216410661061399,0,0.0867083333333333,0.06281114030489346,0.02272727272727273,21,0.11897260580475165,NORMAL
2025-05-30,2193681000,2025,5,4,False,64.006,0.0006,6.4185,2.5304,0.0003,10253.1949,-0.002,-0.001,-0.001,1,7.155,6,0.0,3.3845,1.729,0,False,24,0.0,complete,False,0,False,-0.0974731719204122,False,20.0,6,True,1,ScheduleShift,1.0,0.3333333333333333,0.007237559718985082,0,0.0995416666666666,0.06558830927461244,0.020703933747412008,22,0.1194297165201004,NORMAL
2025-05-31,2193681000,2025,5,5,True,64.105,0.0006,6.4441,2.5092,0.0003,10294.1294,-0.002,-0.001,-0.001,2,7.195,6,0.0,3.392,1.7384,0,False,24,0.0,complete,False,0,False,0.2247308125807953,False,20.0,6,True,1,ScheduleShift,1.0,0.3333333333333333,0.008842222524293742,0,0.1197083333333334,0.06643769304274955,0.018849206349206348,23,0.11971004663567929,NORMAL
2025-06-01,2193681000,2025,6,6,True,64.493,0.0006,6.4854,2.5208,0.0003,10360.024,-0.002,-0.001,-0.001,3,7.278,6,0.0,3.4126,1.7499,0,False,24,0.0,complete,False,0,False,0.579655065886953,False,20.0,6,True,1,ScheduleShift,1.0,0.3333333333333333,0.014342502677200851,0,0.1888333333333332,0.06687783637134259,0.017142857142857144,24,0.1211068895060002,LOW
2025-06-02,2193681000,2025,6,0,False,64.158,0.0006,6.4664,2.4842,0.0003,10329.6725,-0.002,-0.001,-0.001,4,7.232,6,0.0,3.4045,1.7886,0,False,24,0.0,complete,False,0,False,0.4708222819564705,False,20.0,6,True,1,ScheduleShift,1.0,0.3333333333333333,0.013599848816892727,0,0.1795,0.06854300442984101,0.015567765567765571,25,0.12090210864458913,LOW
2025-06-03,2193681000,2025,6,1,False,64.026,0.0006,6.4481,2.487,0.0003,10300.5192,-0.002,-0.001,-0.001,4,7.247,6,0.0,3.3971,1.7773,0,False,24,0.0,complete,False,0,False,0.3954942271715508,False,20.0,6,True,1,ScheduleShift,1.0,0.3333333333333333,0.013162213506354003,0,0.174,0.06976659228293529,0.014109347442680775,26,0.12072385199702942,LOW
2025-06-04,2193681000,2025,6,2,False,63.876,0.0006,6.4511,2.4522,0.0003,10305.3115,-0.002,-0.001,-0.001,4,7.247,6,0.0,3.4001,1.8252,0,False,24,0.0,complete,False,0,False,0.4816950800751336,False,20.0,6,True,1,ScheduleShift,1.0,0.3333333333333333,0.012664900653469084,0,0.1677499999999999,0.07225976933128843,0.012755102040816325,27,0.12080244447046168,LOW
2025-06-05,2193681000,2025,6,3,False,64.003,0.0006,6.4651,2.4552,0.0003,10327.6757,-0.002,-0.001,-0.001,4,7.351,6,0.0,3.4059,1.8239,0,False,24,0.0,complete,False,0,False,0.6181838472000666,False,20.0,6,True,1,ScheduleShift,1.0,0.3333333333333333,0.013085958868911646,0,0.1730416666666666,0.07474335236466115,0.011494252873563218,28,0.12117330870831836,LOW
2025-06-06,2193681000,2025,6,4,False,64.221,0.0005,6.4808,2.4738,0.0007,12935.6287,-0.002,-0.001,-0.001,4,7.27,6,0.0,3.42,1.8359,0,False,24,0.0,complete,False,0,False,0.7611332745933729,False,20.0,6,True,1,ScheduleShift,1.0,0.3333333333333333,0.021064514738695257,1,0.1822083333333333,0.07334954670895723,0.010317460317460317,29,0.12305275582689208,LOW
2025-06-07,2193681000,2025,6,5,True,64.025,0.0006,6.4551,2.4756,0.0003,10311.7013,-0.002,-0.001,-0.001,2,7.251,6,0.0,3.4178,1.8768,0,False,24,0.0,complete,False,0,False,0.7030529850661295,False,20.0,6,True,1,ScheduleShift,1.0,0.3333333333333333,0.012790886576199935,0,0.1693333333333333,0.07414510219150329,0.009216589861751152,30,0.12050960438351085,LOW
2025-06-08,2193681000,2025,6,6,True,63.565,0.0005,6.4386,2.41,0.0007,12851.5469,-0.002,-0.001,-0.001,4,7.262,6,0.0,3.3965,1.8697,0,False,24,0.0,complete,False,0,False,0.6863602590115763,False,20.0,6,True,1,ScheduleShift,1.0,0.3333333333333333,0.02322782564874461,2,0.1502499999999999,0.077032933585209,0.00818452380952381,31,0.12401183917356993,LOW
2025-06-09,2193681000,2025,6,0,False,63.768,0.0006,6.4744,2.3934,0.0003,10342.4521,-0.002,-0.001,-0.001,4,7.348,6,0.0,3.4096,1.8778,0,False,24,0.0,complete,False,0,False,0.901907273677816,False,20.0,6,True,1,ScheduleShift,1.0,0.3333333333333333,0.012306835399391956,0,0.16325,0.08033631246437586,0.007215007215007217,32,0.12120231455569419,LOW
2025-06-10,2193681000,2025,6,1,False,63.666,0.0006,6.445,2.42,0.0003,10295.5272,-0.002,-0.001,-0.001,4,7.251,6,0.0,3.4042,1.8756,0,False,24,0.0,complete,False,0,False,0.8220075253509792,False,20.0,6,True,1,ScheduleShift,1.0,0.3333333333333333,0.011968662659430217,0,0.159,0.07781546686952215,0.0063025210084033615,33,0.12041419637341416,LOW
2025-06-11,2193681000,2025,6,2,False,62.803,0.0006,6.3411,2.4136,0.0003,10129.5927,-0.002,-0.001,-0.001,4,7.251,6,0.0,3.3497,1.8492,0,False,24,0.0,complete,False,0,False,0.4381238471118238,False,20.0,6,True,1,ScheduleShift,1.0,0.3333333333333333,0.009167133588178548,0,0.1237916666666667,0.07679992899278126,0.005442176870748299,34,0.11919856124915947,NORMAL
2025-06-12,2193681000,2025,6,3,False,60.756,0.0006,6.0699,2.4382,0.0003,9696.2859,-0.002,-0.001,-0.001,4,6.82,6,0.0,3.237,1.7665,0,False,24,0.0,complete,False,0,False,-0.6656102970831489,False,20.0,6,True,1,ScheduleShift,1.0,0.3333333333333333,0.005410763839387841,0,0.0765833333333333,0.07081689048960489,0.0046296296296296285,35,0.11671253317566326,NORMAL
2025-06-13,2193681000,2025,6,4,False,60.372,0.0006,6.1212,2.2792,0.0003,9778.3546,-0.002,-0.001,-0.001,4,6.846,6,0.0,3.2306,1.7862,0,False,24,0.0,complete,False,0,False,-0.4077345497744097,False,20.0,6,True,1,ScheduleShift,1.0,0.3333333333333333,0.0016776020237317746,0,0.0296666666666667,0.0785665274335796,0.003861003861003863,36,0.11698878686603623,NORMAL
2025-06-14,2193681000,2025,6,5,True,59.763,0.0006,6.0535,2.2658,0.0003,9670.1278,-0.002,-0.001,-0.001,3,6.851,6,0.0,3.2069,1.8099,0,False,24,0.0,complete,False,0,False,-0.6645580004932236,False,20.0,6,True,1,ScheduleShift,1.0,0.3333333333333333,0.0010543032481160053,0,0.0218333333333332,0.08180418527733592,0.0031328320802005,37,0.11730369444594209,NORMAL
2025-06-15,2193681000,2025,6,6,True,59.407,0.0006,6.0429,2.2116,0.0003,9653.155,-0.002,-0.001,-0.001,3,6.881,6,0.0,3.1903,1.803,0,False,24,0.0,complete,False,0,False,-0.6820598592663639,False,20.0,6,True,1,ScheduleShift,1.0,0.3333333333333333,0.0013526909598469605,0,0.0255833333333333,0.0854229401517209,0.0024420024420024416,38,0.11797879580669875,NORMAL
2025-06-16,2193681000,2025,6,0,False,59.328,0.0006,6.0451,2.1922,0.0003,9656.7492,-0.002,-0.001,-0.001,2,6.812,6,0.0,3.1827,1.7709,0,False,24,0.0,complete,False,0,False,-0.6432878581589518,False,20.0,6,True,1,ScheduleShift,1.0,0.3333333333333333,0.0010476724100775426,0,0.0217499999999999,0.08479074373288562,0.0017857142857142876,39,0.11762959332674325,NORMAL
2025-06-17,2193681000,2025,6,1,False,58.824,0.0006,5.9994,2.1646,0.0003,9583.6661,-0.002,-0.001,-0.001,3,6.733,6,0.0,3.1558,1.7534,0,False,24,0.0,complete,False,0,False,-0.8338945330665792,False,20.0,6,True,1,ScheduleShift,1.0,0.3333333333333333,0.002718643595770855,0,0.04275,0.08461669096473104,0.001161440185830431,40,0.11797121930884355,NORMAL
2025-06-18,2193681000,2025,6,2,False,58.564,0.0006,5.9671,2.1642,0.0003,9532.1486,-0.002,-0.001,-0.001,4,6.731,6,0.0,3.1404,1.7418,0,False,24,0.0,complete,False,0,False,-0.9746289832824004,False,20.0,6,True,1,ScheduleShift,1.0,0.3333333333333333,0.0035806525407713658,0,0.0535833333333333,0.08457843005652975,0.0005668934240362802,41,0.1181032604583446,NORMAL
2025-06-19,2193681000,2025,6,3,False,58.43,0.0006,5.97,2.1328,0.0003,9536.7412,-0.002,-0.001,-0.001,4,6.752,6,0.0,3.1368,1.7441,0,False,24,0.0,complete,False,0,False,-0.9623215376274076,False,20.0,6,True,1,ScheduleShift,1.0,0.3333333333333333,0.004024918689348559,0,0.0591666666666667,0.0878366471674103,0.0,42,0.11877480504028662,NORMAL
2025-06-20,2193681000,2025,6,4,False,58.324,0.0081,5.958,2.1188,0.0003,733.2021,-0.002,-0.001,-0.001,4,6.728,6,0.0,3.1275,1.7407,1,False,24,0.0,complete,False,0,False,-1.0095348680757192,False,20.0,6,True,1,ScheduleShift,1.0,0.3333333333333333,0.007502793240523707,1,0.0685833333333333,0.09268540098133865,0.0005668934240362802,41,0.12090129685323209,LOW
2025-06-21,2193681000,2025,6,5,True,58.393,0.0006,5.9424,2.1696,0.0003,9492.6118,-0.002,-0.001,-0.001,3,6.692,6,0.0,3.1347,1.7434,0,False,24,0.0,complete,False,0,False,-1.0934000810682658,False,20.0,6,True,1,ScheduleShift,1.0,0.3333333333333333,0.0045222315422334715,0,0.0654166666666667,0.08661324612885433,0.001161440185830431,40,0.118911606725607,NORMAL
2025-06-22,2193681000,2025,6,6,True,58.269,0.0006,5.9354,2.156,0.0003,9481.4297,-0.002,-0.001,-0.001,4,6.622,6,0.0,3.1275,1.7405,0,False,24,0.0,complete,False,0,False,-1.1377739763315058,False,20.0,6,True,1,ScheduleShift,1.0,0.3333333333333333,0.004933343500618326,0,0.0705833333333333,0.08502225159694145,0.0017857142857142876,39,0.11884159622671664,NORMAL
2025-06-23,2193681000,2025,6,0,False,58.319,0.0006,5.9768,2.0998,0.0003,9547.524,-0.002,-0.001,-0.001,2,6.725,6,0.0,3.1283,1.712,0,False,24,0.0,complete,False,0,False,-0.927157850745104,False,20.0,6,True,1,ScheduleShift,1.0,0.3333333333333333,0.0043995610385218565,0,0.063875,0.0891998943813001,0.0024420024420024416,38,0.11964824767621707,NORMAL
2025-06-24,2193681000,2025,6,1,False,58.236,0.0006,5.9624,2.1062,0.0003,9524.5607,-0.002,-0.001,-0.001,4,6.7,6,0.0,3.1241,1.7059,0,False,24,0.0,complete,False,0,False,-0.9029366300865652,False,20.0,6,True,1,ScheduleShift,1.0,0.3333333333333333,0.004674740817118172,0,0.0673333333333333,0.08953974068024517,0.0031328320802005,37,0.11993693679722459,NORMAL
2025-06-25,2193681000,2025,6,2,False,58.307,0.0006,5.9768,2.0974,0.0003,9547.524,-0.002,-0.001,-0.001,4,6.761,6,0.0,3.1266,1.7078,0,False,24,0.0,complete,False,0,False,-0.7266350142312212,False,20.0,6,True,1,ScheduleShift,1.0,0.3333333333333333,0.004439346066752642,0,0.0643749999999999,0.090317252026415,0.003861003861003863,36,0.12016745499750955,LOW
2025-06-26,2193681000,2025,6,3,False,58.677,0.0006,5.9851,2.158,0.0003,9560.9026,-0.002,-0.001,-0.001,23,6.673,6,0.0,3.137,1.6758,0,False,24,0.0,complete,False,0,False,-0.5859587687922919,False,20.0,6,True,1,ScheduleShift,1.0,0.3333333333333333,0.003663538016252187,0,0.054625,0.08487337644262356,0.0046296296296296285,35,0.11899966261932629,NORMAL
2025-06-27,2193681000,2025,6,4,False,60.118,0.0006,6.1632,2.1612,0.0003,9845.4473,-0.002,-0.001,-0.001,2,6.958,6,0.0,3.2174,1.7237,0,False,24,0.0,complete,False,0,False,0.50943028403672,False,20.0,6,True,1,ScheduleShift,1.0,0.3333333333333333,0.001883158002924194,0,0.0322499999999999,0.08946876405161996,0.005442176870748299,34,0.1195471355853509,NORMAL
2025-06-28,2193681000,2025,6,5,True,59.708,0.0006,6.0962,2.1864,0.0003,9738.4185,-0.002,-0.001,-0.001,4,6.877,6,0.0,3.1916,1.7021,0,False,24,0.0,complete,False,0,False,0.168462929453577,False,20.0,6,True,1,ScheduleShift,1.0,0.3333333333333333,0.000971417772635192,0,0.0207916666666666,0.08655062640210193,0.0063025210084033615,33,0.1188620548138916,NORMAL
2025-06-29,2193681000,2025,6,6,True,60.136,0.0006,6.1457,2.1928,0.0003,9817.492,-0.002,-0.001,-0.001,4,6.861,6,0.0,3.2083,1.6795,0,False,24,0.0,complete,False,0,False,0.4728507407309898,False,20.0,6,True,1,ScheduleShift,1.0,0.3333333333333333,0.001495253977673971,0,0.027375,0.08384096473959822,0.007215007215007217,32,0.11865977058422326,NORMAL
2025-06-30,2193681000,2025,6,0,False,60.274,0.0006,6.1555,2.2048,0.0003,9833.0671,-0.002,-0.001,-0.001,4,6.863,6,0.0,3.2151,1.6822,0,False,24,0.0,complete,False,0,False,0.5536799395137828,False,20.0,6,True,1,ScheduleShift,1.0,0.3333333333333333,0.0012399667131930445,0,0.0241666666666666,0.0833719422591467,0.00818452380952381,31,0.11868328322769199,NORMAL
2025-07-01,2193681000,2025,7,1,False,60.27,0.0006,6.1576,2.2006,0.0003,9836.4617,-0.002,-0.001,-0.001,4,6.853,6,0.0,3.21,1.6515,0,False,24,0.0,complete,False,0,False,0.5817050106453002,False,20.0,6,True,1,ScheduleShift,1.0,0.3333333333333333,0.004333252658137196,0,0.0630416666666666,0.08311193068188488,0.009216589861751152,30,0.11976567990616836,NORMAL
2025-07-02,2193681000,2025,7,2,False,60.301,0.0006,6.1568,2.2082,0.0003,9835.0639,-0.002,-0.001,-0.001,4,6.847,6,0.0,3.2074,1.6431,0,False,24,0.0,complete,False,0,False,0.6050931912746277,False,20.0,6,True,1,ScheduleShift,1.0,0.3333333333333333,0.0037530543297714714,0,0.05575,0.08036208515090822,0.010317460317460317,29,0.11926182539260513,NORMAL
2025-07-03,2193681000,2025,7,3,False,61.648,0.0006,6.3066,2.2378,0.0003,10074.4808,-0.002,-0.001,-0.001,23,7.179,6,0.0,3.2776,1.6585,0,False,24,0.0,complete,False,0,False,1.3575752765555693,False,20.0,6,True,1,ScheduleShift,1.0,0.3333333333333333,0.007330391451523602,0,0.1007083333333333,0.09004361103853091,0.011494252873563218,28,0.1225066902178759,LOW
2025-07-04,2193681000,2025,7,4,False,64.19,0.0006,6.5545,2.3496,0.0003,10470.4473,-0.002,-0.001,-0.001,4,7.301,6,0.0,3.408,1.7173,0,False,24,0.0,complete,False,0,False,2.558798311786086,False,20.0,6,True,1,ScheduleShift,1.0,0.3333333333333333,0.013205313953604024,0,0.1745416666666666,0.07927885992021536,0.012755102040816325,27,0.12236838657828754,LOW
2025-07-05,2193681000,2025,7,5,True,62.671,0.0005,6.389,2.3108,0.0003,12752.495,0.0,0.001,-0.001,4,7.093,6,0.0,3.3337,1.7118,0,False,24,0.0,complete,False,0,False,1.7606358213481064,False,20.0,6,True,1,ScheduleShift,1.0,0.3333333333333333,0.011754818132689703,0,0.1563125,0.0804309101873281,0.014109347442680775,26,0.12243449696580869,LOW
2025-07-06,2193681000,2025,7,6,True,62.642,0.0005,6.4059,2.278,0.0003,12786.1776,0.0,0.001,-0.001,4,7.162,6,0.0,3.3182,1.6282,0,False,24,0.0,complete,False,0,False,1.843087683804072,False,20.0,6,True,1,ScheduleShift,1.0,0.3333333333333333,0.010372288401669648,0,0.1389375,0.07983439296830383,0.015567765567765571,25,0.12219211822771477,LOW
2025-07-07,2193681000,2025,7,0,False,60.629,0.0006,6.2847,2.069,0.0003,10039.5367,-0.002,-0.001,-0.001,4,7.147,6,0.0,3.2173,1.5764,0,False,24,0.0,complete,False,0,False,1.2627000370527672,False,20.0,6,True,1,ScheduleShift,1.0,0.3333333333333333,0.012479237188392053,0,0.1654166666666666,0.10358984274824878,0.017142857142857144,24,0.12789031113473878,LOW
2025-07-08,2193681000,2025,7,1,False,57.37,0.0006,5.8543,2.106,0.0003,9351.8371,-0.002,-0.001,-0.001,4,6.474,6,0.0,3.0235,1.4108,0,False,24,0.0,complete,False,0,False,-0.8142307541369368,False,20.0,6,True,1,ScheduleShift,1.0,0.3333333333333333,0.012668216072488327,0,0.1677916666666667,0.07390880870892601,0.018849206349206348,23,0.12235206783337296,LOW
2025-07-09,2193681000,2025,7,2,False,56.982,0.0006,5.8321,2.0638,0.0003,9316.4936,-0.002,-0.001,-0.001,4,6.537,6,0.0,3.0041,1.4017,0,False,24,0.0,complete,False,0,False,-0.8537520151284564,False,20.0,6,True,1,ScheduleShift,1.0,0.3333333333333333,0.01395459865195063,0,0.1839583333333333,0.07900553466026401,0.020703933747412008,22,0.12412827327712038,LOW
2025-07-10,2193681000,2025,7,3,False,57.333,0.0005,5.8371,2.1262,0.0003,11650.9481,0.0,0.001,-0.001,4,6.499,6,0.0,3.012,1.3666,0,False,24,0.0,complete,False,0,False,-0.8404452094356512,False,20.0,6,True,1,ScheduleShift,1.0,0.3333333333333333,0.012804148252276869,0,0.1695,0.0719667579577558,0.02272727272727273,21,0.12278005061268876,LOW
2025-07-11,2193681000,2025,7,4,False,57.342,0.0005,5.842,2.1202,0.0003,11660.6786,0.0,0.001,-0.001,3,6.465,6,0.0,3.0077,1.3363,0,False,24,0.0,complete,False,0,False,-0.8536594778391962,False,20.0,6,True,1,ScheduleShift,1.0,0.3333333333333333,0.012774309481103764,0,0.1691249999999999,0.06988666586411665,0.02494331065759637,20,0.12279828814867373,LOW
2025-07-12,2193681000,2025,7,5,True,57.558,0.0005,5.8495,2.1514,0.0003,11675.6487,0.0,0.001,-0.001,4,6.46,6,0.0,3.0152,1.3312,0,False,24,0.0,complete,False,0,False,-0.8627780807250498,False,20.0,6,True,1,ScheduleShift,1.0,0.3333333333333333,0.010090477785034862,0,0.1353958333333333,0.06744666049224166,0.027380952380952384,19,0.12199266591014928,LOW
2025-07-13,2193681000,2025,7,6,True,58.223,0.0005,5.9246,2.1642,0.0003,11825.5988,0.0,0.001,-0.001,4,6.525,6,0.0,3.0453,1.3153,0,False,24,0.0,complete,False,0,False,-0.6728018049226332,False,20.0,6,True,1,ScheduleShift,1.0,0.3333333333333333,0.00788572413724508,0,0.1076874999999999,0.06650005046170517,0.03007518796992481,18,0.12168076492749952,LOW
2025-07-14,2193681000,2025,7,0,False,57.336,0.0005,5.8122,2.1666,0.0003,11601.2974,0.0,0.001,-0.001,3,6.505,6,0.0,3.017,1.4204,0,False,24,0.0,complete,False,0,False,-1.0066170443144724,False,20.0,6,True,1,ScheduleShift,1.0,0.3333333333333333,0.012794201995219169,0,0.169375,0.07039421687109496,0.03306878306878307,17,0.12453086058654135,LOW
2025-07-15,2193681000,2025,7,1,False,58.064,0.0005,5.9214,2.1376,0.0003,11819.1118,0.0,0.001,-0.001,4,6.6,6,0.0,3.0237,1.2231,0,False,24,0.0,complete,False,0,False,-0.7372571651906632,False,20.0,6,True,1,ScheduleShift,1.0,0.3333333333333333,0.010380576949217733,0,0.1390416666666667,0.0688967892406996,0.036414565826330535,16,0.12417644409817134,LOW
2025-07-16,2193681000,2025,7,2,False,55.787,0.0005,5.7511,1.9544,0.0007,11479.2914,0.0,-0.001,0.001,4,6.467,7,0.0,2.9103,1.1864,0,False,24,0.0,complete,False,0,False,-1.1922474834108296,False,20.0,6,True,1,ScheduleShift,1.0,0.3333333333333333,0.02749476992649717,1,0.2360833333333333,0.08890015489176471,0.04017857142857143,15,0.13406417624201636,LOW
2025-07-17,2193681000,2025,7,3,False,56.874,0.0005,5.7471,2.1784,0.0003,11471.3074,0.0,0.001,-0.001,4,6.414,6,0.0,2.9533,1.1686,0,False,24,0.0,complete,False,0,False,-1.2150198193252857,False,20.0,6,True,1,ScheduleShift,1.0,0.3333333333333333,0.014465173180912467,0,0.1903749999999999,0.06290599344419387,0.044444444444444446,14,0.1258096395320014,LOW
2025-07-18,2193681000,2025,7,4,False,57.638,0.0005,5.8505,2.1658,0.0003,11677.6447,0.0,0.001,-0.001,4,6.459,6,0.0,2.9885,1.1456,0,False,24,0.0,complete,False,0,False,-0.9859147932699694,False,20.0,6,True,1,ScheduleShift,1.0,0.3333333333333333,0.012588646016026732,0,0.1667916666666666,0.06049782900816015,0.04931972789115646,13,0.12574010518467132,LOW
2025-07-19,2193681000,2025,7,5,True,57.975,0.0005,5.8661,2.208,0.0007,11708.8323,0.0,-0.001,0.001,4,6.41,7,0.0,2.9993,1.1139,0,False,24,0.0,complete,False,0,False,-0.9625527206854032,False,20.0,6,True,1,ScheduleShift,1.0,0.3333333333333333,0.0820417013404239,12,0.1485208333333333,0.05554159400848369,0.05494505494505495,12,0.1467098401928349,LOW
2025-07-20,2193681000,2025,7,6,True,58.334,0.0005,5.898,2.229,0.0003,11772.4551,0.0,0.001,-0.001,4,6.403,6,0.0,3.0122,1.0855,0,False,24,0.0,complete,False,0,False,-0.8924931471041205,False,20.0,6,True,1,ScheduleShift,1.0,0.3333333333333333,0.011284028631958652,0,0.1503958333333333,0.053394212274893216,0.061507936507936505,11,0.12636563834615355,LOW
2025-07-21,2193681000,2025,7,0,False,59.225,0.0005,5.9686,2.294,0.0007,11913.4232,0.0,-0.001,0.001,4,6.467,7,0.0,3.052,1.0638,0,False,24,0.0,complete,False,0,False,-0.7511688556256171,False,20.0,6,True,1,ScheduleShift,1.0,0.3333333333333333,0.012558807244853639,0,0.1664166666666666,0.05082412157103127,0.06926406926406926,10,0.1277852803404762,LOW
2025-07-22,2193681000,2025,7,1,False,64.877,0.0005,6.5209,2.5408,0.0007,13015.7186,0.0,-0.001,0.001,4,7.367,7,0.0,3.3393,1.1345,0,False,24,0.0,complete,False,0,False,0.3927258824353183,False,20.0,6,True,1,ScheduleShift,1.0,0.3333333333333333,0.017220286385894887,0,0.225,0.06397971043326109,0.07857142857142858,9,0.13367631371670638,LOW
2025-07-23,2193681000,2025,7,2,False,68.301,0.0005,6.9464,2.545,0.0003,13865.02,0.0,0.001,-0.001,4,7.566,6,0.0,3.5167,1.1889,0,False,24,0.0,complete,False,0,False,1.2126936966085151,False,20.0,6,True,1,ScheduleShift,1.0,0.3333333333333333,0.022219938266897863,0,0.2878333333333333,0.05406263710121951,0.08994708994708994,8,0.13546792688973125,LOW
2025-07-24,2193681000,2025,7,3,False,67.577,0.0005,6.8696,2.5228,0.0007,13711.8263,0.0,-0.001,0.001,4,7.549,7,0.0,3.4749,1.1451,0,False,24,0.0,complete,False,0,False,0.9761740478810932,False,20.0,6,True,1,ScheduleShift,1.0,0.3333333333333333,0.019839467411088753,0,0.2579166666666666,0.05813848222470898,0.10416666666666667,7,0.13841287000160174,LOW
2025-07-25,2193681000,2025,7,4,False,66.744,0.0005,6.7179,2.5992,0.0003,13408.9321,0.0,0.001,-0.001,4,7.288,6,0.0,3.4219,1.0651,0,False,24,0.0,complete,False,0,False,0.5924020319546713,False,20.0,6,True,1,ScheduleShift,1.0,0.3333333333333333,0.017057830853952478,0,0.2229583333333333,0.047390461586932345,0.12244897959183673,6,0.13908523749193957,LOW
2025-07-26,2193681000,2025,7,5,True,67.038,0.0005,6.7395,2.6234,0.0003,13452.0958,0.0,0.001,-0.001,4,7.285,6,0.0,3.4309,1.0228,0,False,24,0.0,complete,False,0,False,0.5649119509722687,False,20.0,6,True,1,ScheduleShift,1.0,0.3333333333333333,0.019973741881367687,0,0.2596041666666667,0.045690921358560996,0.1468253968253968,5,0.14449538620120186,LOW
2025-07-27,2193681000,2025,7,6,True,66.702,0.0005,6.6666,2.6728,0.0003,13306.6367,0.0,0.001,-0.001,4,7.14,6,0.0,3.4095,0.9852,0,False,24,0.0,complete,False,0,False,0.3383484860637639,False,20.0,6,True,1,ScheduleShift,1.0,0.3333333333333333,0.018859761090905473,0,0.2456041666666666,0.04549131983130852,0.18095238095238098,4,0.15094666848400953,LOW
2025-07-28,2193681000,2025,7,0,False,65.503,0.0005,6.5423,2.6318,0.0007,13058.3832,0.0,-0.001,0.001,3,7.204,7,0.0,3.3695,1.1622,0,False,24,0.0,complete,False,0,False,-0.0052231092080931,False,20.0,6,True,1,ScheduleShift,1.0,0.3333333333333333,0.015211142460239841,0,0.19975,0.050236466575913526,0.23214285714285718,3,0.16103920748182607,LOW
2025-07-29,2193681000,2025,7,1,False,67.502,0.0005,6.7529,2.6948,0.0003,13478.7924,0.0,0.001,-0.001,4,7.253,6,0.0,3.4414,0.9105,0,False,24,0.0,complete,False,0,False,0.382368050652171,False,20.0,6,True,1,ScheduleShift,1.0,0.3333333333333333,0.019570918470530906,0,0.2545416666666667,0.04312852775527004,0.31746031746031744,2,0.17798904458427675,LOW
2025-07-30,2193681000,2025,7,2,False,67.753,0.0005,6.7811,2.6996,0.0007,13535.1796,0.0,-0.001,0.001,4,7.282,7,0.0,3.4508,0.8771,0,False,24,0.0,complete,False,0,False,0.4312873894492089,False,20.0,6,True,1,ScheduleShift,1.0,0.3333333333333333,0.02042298115847372,0,0.26525,0.04250540435587441,0.48809523809523814,1,0.21224702283776462,LOW
2025-07-31,2193681000,2025,7,3,False,68.106,0.0005,6.807,2.7288,0.0007,13586.8263,0.0,-0.001,0.001,4,7.275,7,0.0,3.4645,0.8353,0,False,24,0.0,complete,False,0,False,0.4791486276632113,False,20.0,6,True,1,ScheduleShift,1.0,0.3333333333333333,0.021593324072262877,0,0.2799583333333333,0.042173192652699164,1.0,0,0.31491263575221873,MEDIUM
2025-08-01,2193681000,2025,8,4,False,68.787,0.0004,6.8541,2.79,0.0003,18229.0559,0.0,0.001,-0.001,4,7.332,6,0.0,3.4893,0.795,0,False,24,0.0,complete,False,0,False,0.5828608734617929,False,20.0,6,True,1,ScheduleShift,1.0,0.3333333333333333,0.027186435957708515,0,0.3502499999999999,0.0423981926629701,0.48809523809523814,1,0.2142546169389542,LOW
2025-08-02,2193681000,2025,8,5,True,68.798,0.0005,6.8433,2.8094,0.0003,13659.1816,0.0,0.001,-0.001,4,7.273,6,0.0,3.4802,0.7699,0,False,24,0.0,complete,False,0,False,0.5502794397857246,False,20.0,6,True,1,ScheduleShift,1.0,0.3333333333333333,0.015025478995162803,0,0.1974166666666666,0.04192461258709166,0.31746031746031744,2,0.17638462970803065,LOW
2025-08-03,2193681000,2025,8,6,True,69.273,0.0005,6.8875,2.8334,0.0007,13747.505,0.0,-0.001,0.001,4,7.3,7,0.0,3.4907,0.7188,0,False,24,0.0,complete,False,0,False,0.6696161199420451,False,20.0,6,True,1,ScheduleShift,1.0,0.3333333333333333,0.014674044579124128,0,0.1929999999999999,0.04057426441256203,0.23214285714285718,3,0.15894563768482106,LOW
2025-08-04,2193681000,2025,8,0,False,69.971,0.0005,6.9749,2.8334,0.0003,13921.9062,0.0,0.001,-0.001,4,7.408,6,0.0,3.5152,0.6957,0,False,24,0.0,complete,False,0,False,0.9469726071920328,False,20.0,6,True,1,ScheduleShift,1.0,0.3333333333333333,0.026311165336631078,0,0.33925,0.03970097167168908,0.18095238095238098,4,0.15202402012580332,LOW
2025-08-05,2193681000,2025,8,1,False,69.389,0.0005,6.8726,2.8804,0.0007,13717.8144,0.002,0.001,0.001,4,7.241,7,0.0,3.4639,0.638,0,False,24,0.0,complete,False,0,False,0.6397511499828209,False,20.0,6,True,1,ScheduleShift,1.0,0.3333333333333333,0.02273714363389817,0,0.2943333333333333,0.03729743311364684,0.1468253968253968,5,0.1436457090779782,LOW
2025-08-06,2193681000,2025,8,2,False,69.785,0.0005,6.9151,2.8918,0.0003,13802.6447,0.0,0.001,-0.001,4,7.324,6,0.0,3.473,0.6078,0,False,24,0.0,complete,False,0,False,0.8056403404139009,False,20.0,6,True,1,ScheduleShift,1.0,0.3333333333333333,0.02239234005589797,0,0.29,0.03628874857280904,0.12244897959183673,6,0.13846524764969853,LOW
2025-08-07,2193681000,2025,8,3,False,70.407,0.0005,6.948,2.9636,0.0003,13868.2635,0.0,0.001,-0.001,4,7.314,6,0.0,3.4922,0.5701,0,False,24,0.0,complete,False,0,False,0.92925848571178,False,20.0,6,True,1,ScheduleShift,1.0,0.3333333333333333,0.022803452014282827,0,0.2951666666666666,0.035133895066609876,0.10416666666666667,7,0.13470114795094015,LOW
2025-08-08,2193681000,2025,8,4,False,70.517,0.0005,6.949,2.984,0.0003,13870.2595,0.0,0.001,-0.001,4,7.289,6,0.0,3.4871,0.5319,0,False,24,0.0,complete,False,0,False,0.9961571837934962,False,20.0,6,True,1,ScheduleShift,1.0,0.3333333333333333,0.02170936373793602,0,0.2814166666666666,0.03390659554540582,0.12244897959183673,6,0.1377839241488293,LOW
2025-08-09,2193681000,2025,8,5,True,70.855,0.0006,6.956,3.0402,0.0003,11111.8211,-0.002,-0.001,-0.001,3,7.232,6,0.0,3.4837,0.4829,0,False,24,0.0,complete,False,0,False,1.071146703307075,False,19.0,6,True,1,ScheduleShift,1.0,0.3333333333333333,0.009021255151332301,0,0.1219583333333333,0.03279396444478831,0.1468253968253968,5,0.13863024879943672,LOW
2025-08-10,2193681000,2025,8,6,True,71.352,0.0005,7.001,3.0678,0.0003,13974.0519,0.0,0.001,-0.001,4,7.353,6,0.0,3.4985,0.4448,0,False,24,0.0,complete,False,0,False,1.2553513469401414,False,19.0,6,True,1,ScheduleShift,1.0,0.3333333333333333,0.008842222524293734,0,0.1197083333333333,0.031021979611226772,0.18095238095238098,4,0.14504753887000965,LOW
2025-08-11,2193681000,2025,8,0,False,71.808,0.0005,7.0578,3.068,0.0007,14087.3253,0.002,0.001,0.001,4,7.344,7,0.0,3.5122,0.4307,0,False,24,0.0,complete,False,0,False,1.4836280561757071,False,19.0,6,True,1,ScheduleShift,1.0,0.3333333333333333,0.020253894788492842,0,0.2631249999999999,0.029685340883265108,0.23214285714285718,3,0.1584418080417723,LOW
2025-08-12,2193681000,2025,8,1,False,68.724,0.0005,6.8736,2.7458,0.0007,13719.8104,-0.002,-0.001,-0.001,4,7.419,6,0.0,3.3727,0.5413,0,False,24,0.0,complete,False,0,False,0.8432820052542719,False,19.0,6,True,1,ScheduleShift,1.0,0.3333333333333333,0.016673242247721473,0,0.2181249999999999,0.06507544834552921,0.31746031746031744,2,0.18150912583548579,LOW
2025-08-13,2193681000,2025,8,2,False,63.492,0.0006,6.2017,2.7744,0.0003,9906.9489,-0.002,-0.001,-0.001,4,6.439,6,0.0,3.0818,0.2943,0,False,24,0.0,complete,False,0,False,-1.562870176548002,False,19.0,6,True,1,ScheduleShift,1.0,0.3333333333333333,0.008875376714486063,0,0.120125,0.02740055820169581,0.48809523809523814,1,0.2057617722737326,LOW
2025-08-14,2193681000,2025,8,3,False,64.031,0.0005,6.2492,2.8064,0.0003,12473.5529,0.0,0.001,-0.001,4,6.488,6,0.0,3.0991,0.2613,0,False,24,0.0,complete,False,0,False,-1.331759997814363,False,19.0,6,True,1,ScheduleShift,1.0,0.3333333333333333,0.007068473349004211,0,0.0974166666666666,0.02640277036666244,1.0,0,0.30740109607803373,MEDIUM
2025-08-15,2193681000,2025,8,4,False,64.302,0.0005,6.2685,2.8298,0.0003,12511.976,0.0,0.001,-0.001,4,6.466,6,0.0,3.102,0.2417,0,False,24,0.0,complete,False,0,False,-1.2491674997448412,False,19.0,6,True,1,ScheduleShift,1.0,0.3333333333333333,0.0061699947947921425,0,0.086125,0.025315530420975865,0.48809523809523814,1,0.20453315214168044,LOW
2025-08-16,2193681000,2025,8,5,True,64.949,0.0005,6.3104,2.892,0.0007,12595.5589,0.0,-0.001,0.001,4,6.489,7,0.0,3.1248,0.2081,0,False,24,0.0,complete,False,0,False,-1.1052927137902595,False,19.0,6,True,1,ScheduleShift,1.0,0.3333333333333333,0.01628533822247125,0,0.21325,0.025176538247967634,0.31746031746031744,2,0.17341297260839839,LOW
2025-08-17,2193681000,2025,8,6,True,65.36,0.0005,6.3466,2.9162,0.0007,12667.9142,0.002,0.001,0.001,4,6.526,7,0.0,3.1381,0.1954,0,False,24,0.0,complete,False,0,False,-0.985249831589795,False,19.0,6,True,1,ScheduleShift,1.0,0.3333333333333333,0.015529422686086184,0,0.20375,0.024592828869452136,0.23214285714285718,3,0.1560059640082877,LOW
2025-08-18,2193681000,2025,8,0,False,65.693,0.0005,6.3681,2.9484,0.0007,12710.8283,0.0,-0.001,0.001,4,6.552,7,0.0,3.1432,0.151,0,False,24,0.0,complete,False,0,False,-0.9222367909095353,False,19.0,6,True,1,ScheduleShift,1.0,0.3333333333333333,0.005397502163310916,0,0.0764166666666667,0.023209190886403577,0.18095238095238098,4,0.1424515650167502,LOW
2025-08-19,2193681000,2025,8,1,False,65.131,0.0005,6.2713,2.991,0.0007,12517.4651,0.0,-0.001,0.001,2,6.454,7,0.0,3.1074,0.1667,0,False,24,0.0,complete,False,0,False,-1.1683632521523022,False,19.0,6,True,1,ScheduleShift,1.0,0.3333333333333333,0.007366861060735167,0,0.1011666666666667,0.023947917114660655,0.1468253968253968,5,0.13636472110623205,LOW
2025-08-20,2193681000,2025,8,2,False,66.115,0.0005,6.3869,3.0028,0.0007,12748.2535,-0.002,-0.001,-0.001,4,6.523,6,0.0,3.1475,0.0929,0,False,24,0.0,complete,False,0,False,-0.8703834006602595,False,19.0,6,True,1,ScheduleShift,1.0,0.3333333333333333,0.007167935919581201,0,0.0986666666666667,0.02226422997394397,0.12244897959183673,6,0.1310930226890305,LOW
2025-08-21,2193681000,2025,8,3,False,66.539,0.0005,6.3944,3.0756,0.0007,12763.2236,0.001,0.0,0.001,2,6.453,7,0.0,3.1607,0.0787,0,False,24,0.0,complete,False,0,False,-0.8600639315710596,False,19.0,6,True,1,ScheduleShift,1.0,0.3333333333333333,0.006345712002811476,0,0.0883333333333333,0.026134071787651668,0.10416666666666667,7,0.12796386129170711,LOW
2025-08-22,2193681000,2025,8,4,False,67.11,0.0005,6.4521,3.0974,0.0007,12878.493,0.002,0.001,0.001,4,6.563,7,0.0,3.1798,0.0933,0,False,24,0.0,complete,False,0,False,-0.72570530541194,False,19.0,6,True,1,ScheduleShift,1.0,0.3333333333333333,0.007854227656562381,0,0.1072916666666667,0.022515146499579797,0.12244897959183673,6,0.131349093515252,LOW
2025-08-23,2193681000,2025,8,5,True,69.054,0.2645,6.4064,3.1224,0.025,24.2206,0.073,-0.001,0.074,4,6.505,7,0.0,3.0994,0.0751,2,False,24,0.0,complete,False,2,True,-0.8422290352158345,False,19.0,6,True,2,"DaytimeNonZero, ScheduleShift",2.0,0.6666666666666666,0.05642843170734135,2,0.358875,0.06623616178925408,0.1468253968253968,5,0.2595408412351326,MEDIUM
2025-08-24,2193681000,2025,8,6,True,67.731,0.0005,6.4571,3.1776,0.0607,12888.4731,0.181,-0.001,0.182,5,6.581,7,0.0,3.1796,0.0887,0,False,24,0.0,complete,False,0,False,-0.7338593540376263,False,19.0,6,True,1,ScheduleShift,1.0,0.3333333333333333,0.021082749543301034,0,0.2735416666666666,0.021458261656980105,0.18095238095238098,4,0.14680695338486252,LOW
2025-08-25,2193681000,2025,8,0,False,67.853,0.0005,6.4236,3.2342,0.0963,12821.6068,0.288,0.0,0.288,5,6.541,7,0.0,3.1715,0.1572,0,False,24,0.0,complete,False,0,False,-0.8186975111880267,False,19.0,6,True,1,ScheduleShift,1.0,0.3333333333333333,0.010655756727814047,0,0.1425,0.0231622101492486,0.23214285714285718,3,0.15425774047676535,LOW
2025-08-26,2193681000,2025,8,1,False,69.073,0.0005,6.5227,3.2986,0.1313,13019.4611,0.393,0.0,0.393,5,6.6,7,0.0,3.212,0.061,0,False,24,0.0,complete,False,0,False,-0.6130553857662114,False,19.0,6,True,1,ScheduleShift,1.0,0.3333333333333333,0.009376004986390211,0,0.1264166666666667,0.020122956571887275,0.31746031746031744,2,0.170329456302358,LOW
2025-08-27,2193681000,2025,8,2,False,73.322,0.0005,6.7394,3.7358,0.2413,13451.8463,0.502,0.001,0.501,23,7.303,10,0.0,3.3772,0.3018,0,False,24,0.0,complete,False,0,False,-0.1653094811335353,False,19.0,6,True,1,ScheduleShift,1.0,0.3333333333333333,0.034034433941933756,1,0.290875,0.02837872083273896,0.48809523809523814,1,0.21350512196817553,LOW
2025-08-28,2193681000,2025,8,3,False,78.453,0.0005,7.3585,3.7784,0.2297,14687.6248,0.688,0.0,0.688,3,7.441,7,0.0,3.6171,0.0811,0,False,24,0.0,complete,False,0,False,1.077679021088911,False,19.0,6,True,1,ScheduleShift,1.0,0.3333333333333333,0.059462040109939295,1,0.5039166666666666,0.01755378609804752,1.0,0,0.3213493692525913,MEDIUM
2025-08-29,2193681000,2025,8,4,False,77.841,0.0004,7.253,3.8014,0.269,19289.8936,0.807,0.001,0.806,4,7.436,7,0.0,3.5791,0.3317,0,False,24,0.0,complete,False,0,False,0.7890399568756116,False,19.0,6,True,1,ScheduleShift,1.0,0.3333333333333333,0.05714456221549561,1,0.4844999999999999,0.023819749181594276,0.48809523809523814,1,0.21952636612001514,LOW
2025-08-30,2193681000,2025,8,5,True,73.115,0.0004,6.6225,3.8302,0.327,17613.0319,0.981,0.001,0.98,22,7.287,7,0.0,3.344,0.492,0,False,24,0.0,complete,False,0,False,-0.612686791365283,False,19.0,6,True,1,ScheduleShift,1.0,0.3333333333333333,0.027362153165727855,0,0.3524583333333333,0.03818027894994168,0.31746031746031744,2,0.17933676523177017,LOW
2025-08-31,2193681000,2025,8,6,True,78.843,0.0005,7.3021,3.8606,0.373,14575.0998,1.117,-0.001,1.118,4,7.43,7,0.0,3.5877,0.09,0,False,24,0.0,complete,False,0,False,0.7541476498507494,False,19.0,7,True,1,ScheduleShift,1.0,0.3333333333333333,0.042976119036804476,1,0.3657916666666667,0.013880565861752795,0.23214285714285718,3,0.16209752031196334,LOW
2025-09-01,2193681000,2025,9,0,False,79.118,0.0005,7.3019,3.8874,0.4207,14574.6008,1.261,0.001,1.26,2,7.453,8,0.0,3.5882,0.0849,0,False,24,0.0,complete,False,0,False,0.6813947446894661,False,19.0,7,True,1,ScheduleShift,1.0,0.3333333333333333,0.027735966660146372,1,0.2381041666666668,0.013372538325915477,0.18095238095238098,4,0.14718577385370318,LOW
2025-09-02,2193681000,2025,9,1,False,80.552,0.0005,7.4177,3.9578,0.4723,14805.8882,1.416,0.001,1.415,4,7.55,8,0.0,3.64,0.1098,0,False,24,0.0,complete,False,0,False,0.8735552648984017,False,19.0,7,True,1,ScheduleShift,1.0,0.3333333333333333,0.023076145228614734,1,0.1990625,0.01218987310670917,0.1468253968253968,5,0.1387258975550056,LOW
2025-09-03,2193681000,2025,9,2,False,78.936,0.0005,7.207,3.9898,0.4423,14385.2295,1.326,0.001,1.325,1,7.333,8,0.0,3.5627,0.0807,0,False,24,0.0,complete,False,0,False,0.3314795721030499,False,19.0,7,True,1,ScheduleShift,1.0,0.3333333333333333,0.018866391928943946,0,0.2456875,0.015958726489578547,0.12244897959183673,6,0.13334145879496623,LOW
2025-09-04,2193681000,2025,9,3,False,78.657,0.0005,7.1582,3.9676,0.5163,14287.9242,1.548,0.001,1.547,1,7.371,8,0.0,3.5344,0.1435,0,False,24,0.0,complete,False,0,False,0.1346730689476711,False,19.0,7,True,1,ScheduleShift,1.0,0.3333333333333333,0.040265763988581726,2,0.2573125000000001,0.01315591591260217,0.10416666666666667,7,0.1355442457124283,LOW
2025-09-05,2193681000,2025,9,4,False,80.859,0.0004,7.3365,4.0826,0.5837,19511.9681,1.751,0.001,1.75,4,7.398,7,0.0,3.6185,0.0539,0,False,24,0.0,complete,False,0,False,0.4943981513655631,False,19.0,7,True,1,ScheduleShift,1.0,0.3333333333333333,0.01250078741201708,0,0.1656875000000001,0.014563801717402236,0.08994708994708994,8,0.12465241455650355,LOW
2025-09-06,2193681000,2025,9,5,True,81.515,0.0005,7.3707,4.1318,0.6287,14712.0758,1.884,-0.001,1.885,4,7.451,7,0.0,3.6371,0.0456,0,False,24,0.0,complete,False,0,False,0.5166959243745596,False,19.0,7,True,1,ScheduleShift,1.0,0.3333333333333333,0.01230351998037272,0,0.1632083333333333,0.013793193171036434,0.07857142857142858,9,0.12216398034260482,LOW
2025-09-07,2193681000,2025,9,6,True,81.7,0.0004,7.3785,4.158,0.6263,19623.6702,1.879,0.001,1.878,1,7.419,7,0.0,3.6449,0.0322,0,False,24,0.0,complete,False,0,False,0.4796959009284103,False,19.0,7,True,1,ScheduleShift,1.0,0.3333333333333333,0.011971978078449444,0,0.1590416666666666,0.016448069200770757,0.06926406926406926,10,0.12073402111650283,LOW
2025-09-08,2193681000,2025,9,0,False,82.314,0.0005,7.405,4.2138,0.667,14780.4391,1.999,-0.001,2.0,4,7.477,7,0.0,3.6632,0.0614,0,False,24,0.0,complete,False,0,False,0.4954620197385084,False,19.0,7,True,1,ScheduleShift,1.0,0.3333333333333333,0.008081333859379819,0,0.1101458333333333,0.014977668089432086,0.061507936507936505,11,0.11772152107728766,NORMAL
2025-09-09,2193681000,2025,9,1,False,82.451,0.0005,7.3857,4.2474,0.708,14742.016,2.123,0.001,2.122,4,7.469,8,0.0,3.66,0.0701,0,False,24,0.0,complete,False,0,False,0.3754905927028001,False,19.0,7,True,1,ScheduleShift,1.0,0.3333333333333333,0.0073850958653409494,0,0.1013958333333334,0.015584182478012732,0.05494505494505495,12,0.1163213762442158,NORMAL
2025-09-10,2193681000,2025,9,2,False,82.213,0.0005,7.361,4.2336,0.7177,14692.6148,2.151,-0.001,2.152,4,7.453,7,0.0,3.6472,0.1057,0,False,24,0.0,complete,False,0,False,0.2081111059427465,False,19.0,7,True,1,ScheduleShift,1.0,0.3333333333333333,0.008217266039168366,0,0.1118541666666667,0.015474231322383663,0.04931972789115646,13,0.11542397165445853,NORMAL
2025-09-11,2193681000,2025,9,3,False,83.157,0.0005,7.4041,4.308,0.7933,14778.6926,2.378,0.0,2.378,4,7.542,8,0.0,3.6697,0.0966,0,False,24,0.0,complete,False,0,False,0.3284530393025744,False,19.0,7,True,1,ScheduleShift,1.0,0.3333333333333333,0.005810271831205385,0,0.0816041666666666,0.013874601458968074,0.044444444444444446,14,0.11340689073004412,NORMAL
2025-09-12,2193681000,2025,9,4,False,83.364,0.0005,7.3735,4.3868,0.8127,14717.5649,2.436,-0.001,2.437,3,7.44,7,0.0,3.6573,0.0493,0,False,24,0.0,complete,False,0,False,0.0717608139012836,False,19.0,7,True,1,ScheduleShift,1.0,0.3333333333333333,0.004305071596473723,0,0.0626875,0.016916746539629112,0.04017857142857143,15,0.1127105850725822,NORMAL
2025-09-13,2193681000,2025,9,5,True,83.989,0.0005,7.4149,4.4106,0.871,14800.1497,2.61,-0.001,2.611,3,7.54,8,0.0,3.6667,0.0935,0,False,24,0.0,complete,False,0,False,0.3096201028957467,False,19.0,7,True,1,ScheduleShift,1.0,0.3333333333333333,0.0047311029404451255,0,0.0680416666666666,0.012635968252247417,0.036414565826330535,16,0.11122943769784913,NORMAL
2025-09-14,2193681000,2025,9,6,True,84.017,0.0005,7.3882,4.4272,0.9237,14747.006,2.768,-0.001,2.769,2,7.443,8,0.0,3.6397,0.0762,0,False,24,0.0,complete,False,0,False,0.1040235323988799,False,19.0,7,True,1,ScheduleShift,1.0,0.3333333333333333,0.004674740817118172,0,0.0673333333333333,0.01286392832151833,0.03306878306878307,17,0.11058896452319572,NORMAL
2025-09-15,2193681000,2025,9,0,False,85.164,0.0005,7.4657,4.5142,0.9543,14901.6966,2.86,-0.001,2.861,2,7.565,8,0.0,3.6681,0.0901,0,False,24,0.0,complete,False,0,False,0.901416515547582,False,19.0,7,True,1,ScheduleShift,1.0,0.3333333333333333,0.0012946711270103767,0,0.0248541666666665,0.009493766791210464,0.03007518796992481,18,0.10830219229033015,NORMAL
2025-09-16,2193681000,2025,9,1,False,84.964,0.0005,7.4303,4.5082,0.9923,14830.8383,2.974,-0.001,2.975,4,7.508,8,0.0,3.643,0.0724,0,False,24,0.0,complete,False,0,False,0.4114110165661441,False,18.0,7,False,0,,0.0,0.0,0.0011952085564334023,0,0.0236041666666666,0.009487153004592044,0.027380952380952384,19,0.007732183644038907,NORMAL
2025-09-17,2193681000,2025,9,2,False,86.096,0.0005,7.4619,4.6556,1.0397,14893.9621,3.116,-0.001,3.117,4,7.566,8,0.0,3.6673,0.0887,0,False,24,0.0,complete,False,0,False,0.7984883305604756,False,18.0,7,False,0,,0.0,0.0,0.004258655730204452,0,0.0621041666666665,0.00910025662825093,0.02494331065759637,20,0.008086310176230797,NORMAL
2025-09-18,2193681000,2025,9,3,False,86.585,0.0004,7.4769,4.711,1.0707,19885.3059,3.212,0.001,3.211,3,7.545,7,0.0,3.6672,0.0404,0,False,24,0.0,complete,False,0,False,0.6832959553263495,False,18.0,7,False,0,,0.0,0.0,0.00514718802735883,0,0.0732708333333332,0.008721477861076453,0.02272727272727273,21,0.007833906525877486,NORMAL
2025-09-19,2193681000,2025,9,4,False,87.615,0.0879,7.4783,4.7458,1.119,85.1,3.357,0.001,3.356,4,7.566,7,0.0,3.6318,0.0628,1,False,24,0.0,complete,False,1,False,0.4925560728596452,False,18.0,7,False,0,,0.0,0.0,0.013189565713262658,1,0.1162291666666665,0.009819397103390522,0.020703933747412008,22,0.010061535884139303,NORMAL
2025-09-20,2193681000,2025,9,5,True,87.021,0.0005,7.4785,4.737,1.168,14927.1457,3.502,0.0,3.502,4,7.578,8,0.0,3.65,0.0851,0,False,24,0.0,complete,False,0,False,0.5065131060894608,False,18.0,7,False,0,,0.0,0.0,0.004697948750252804,0,0.067625,0.004202420493900337,0.018849206349206348,23,0.006019709993697178,NORMAL
2025-09-21,2193681000,2025,9,6,True,87.028,0.0005,7.435,4.789,1.1997,14840.3194,3.6,0.001,3.599,4,7.507,7,0.0,3.6308,0.0425,0,False,24,0.0,complete,False,0,False,0.4224102206337935,False,18.0,7,False,0,,0.0,0.0,0.005165422831964621,0,0.0735,0.005287052348778204,0.017142857142857144,24,0.006035608747916456,NORMAL
2025-09-22,2193681000,2025,9,0,False,87.88,0.0005,7.4844,4.8558,1.2407,14938.8723,3.719,-0.001,3.72,4,7.572,8,0.0,3.6466,0.085,0,False,24,0.0,complete,False,0,False,0.591944775082706,False,18.0,7,False,0,,0.0,0.0,0.009450601914322931,0,0.1273541666666665,0.003334665173697751,0.015567765567765571,25,0.006615666722589545,NORMAL
2025-09-23,2193681000,2025,9,1,False,87.672,0.0005,7.4379,4.8762,1.2613,14846.0579,3.782,-0.001,3.783,1,7.534,7,0.0,3.627,0.0445,0,False,24,0.0,complete,False,0,False,0.5163005514081586,False,18.0,7,False,0,,0.0,0.0,0.009861713872707794,0,0.1325208333333332,0.003388972303433516,0.014109347442680775,26,0.006458178111035197,NORMAL
2025-09-24,2193681000,2025,9,2,False,87.87,0.0005,7.4452,4.8754,1.309,14860.7784,3.925,-0.001,3.926,3,7.508,7,0.0,3.618,0.0623,0,False,24,0.0,complete,False,0,False,0.578030686269695,False,18.0,7,False,0,,0.0,0.0,0.009556695322938385,0,0.1286874999999999,0.0026597563786970747,0.012755102040816325,27,0.005949980280784195,NORMAL
2025-09-25,2193681000,2025,9,3,False,87.867,0.0005,7.4161,4.9008,1.3433,14802.6447,4.031,0.001,4.03,1,7.502,7,0.0,3.6011,0.0853,0,False,24,0.0,complete,False,0,False,0.5523360294983918,False,18.0,7,False,0,,0.0,0.0,0.010687253208496764,0,0.1428958333333334,0.001264305924687095,0.012755102040816325,27,0.006010057555649713,NORMAL
2025-09-26,2193681000,2025,9,4,False,88.219,0.0004,7.4102,4.9584,1.3807,19708.1117,4.142,0.001,4.141,1,7.485,7,0.0,3.6051,0.0576,0,False,24,0.0,complete,False,0,False,0.5798022588410925,False,18.0,7,False,0,,0.0,0.0,0.011297290308035578,0,0.1505624999999999,0.00244504886743863,0.014109347442680775,26,0.006700066354434555,NORMAL
2025-09-27,2193681000,2025,9,5,True,89.057,0.0005,7.4479,5.0222,1.453,14866.018,4.358,0.001,4.357,4,7.569,8,0.0,3.6224,0.1049,0,False,24,0.0,complete,False,0,False,0.710066137176435,False,18.0,7,False,0,,0.0,0.0,0.012044917296872574,0,0.1599583333333334,0.0002281658990004332,0.015567765567765571,25,0.0067726614824149736,NORMAL
2025-09-28,2193681000,2025,9,6,True,89.338,0.0005,7.4491,5.0454,1.5047,14868.513,4.512,-0.001,4.513,3,7.548,7,0.0,3.6172,0.0761,0,False,24,0.0,complete,False,0,False,0.7527031621331958,False,18.0,7,False,0,,0.0,0.0,0.012611853949161374,0,0.1670833333333334,0.0,0.017142857142857144,24,0.007212127613319841,NORMAL
2025-09-29,2193681000,2025,9,0,False,87.382,0.0005,7.2251,5.116,1.3323,14421.4072,3.995,-0.001,3.996,1,7.59,7,0.0,3.5481,0.3955,0,False,24,0.0,complete,False,0,False,0.2893014017423457,False,18.0,7,False,0,,0.0,0.0,0.042838529147506306,2,0.2734791666666666,0.0038563496819047733,0.018849206349206348,23,0.017392669950474116,NORMAL
2025-09-30,2193681000,2025,9,1,False,90.305,0.0005,7.4597,5.1894,1.5587,14889.7206,4.675,0.001,4.674,4,7.538,8,0.0,3.6371,0.0528,0,False,24,0.0,complete,False,0,False,0.872148949531913,False,18.0,7,False,0,,0.0,0.0,0.017503754712039278,0,0.2285624999999999,0.003171871122972894,0.020703933747412008,22,0.010026287387688765,NORMAL
2025-10-01,2193681000,2025,10,2,False,86.427,0.0005,7.2702,4.6966,1.5927,14511.477,4.776,-0.001,4.777,4,7.542,7,0.0,3.4845,0.3575,0,False,24,0.0,complete,False,0,False,0.5043834454111489,False,18.0,7,False,0,,0.0,0.0,0.06782186916693465,3,0.3443749999999999,0.008222265834264024,0.02272727272727273,21,0.026536468462387747,NORMAL
2025-10-02,2193681000,2025,10,3,False,76.523,0.0005,6.6784,4.5052,0.1887,13330.0898,0.563,-0.001,0.564,3,6.835,8,0.0,3.2623,0.1729,0,False,24,0.0,complete,False,0,False,-0.7515729137871834,False,18.0,6,False,0,,0.0,0.0,0.07582860609838175,3,0.3846249999999999,0.016254743699072028,0.02494331065759637,20,0.030988192700848204,NORMAL
2025-10-03,2193681000,2025,10,4,False,73.887,0.0005,5.9366,4.5394,1.231,11849.5509,3.691,-0.001,3.692,1,6.537,7,0.0,2.9719,0.5135,0,False,24,0.0,complete,False,0,False,-2.1651523478116825,True,18.0,7,False,1,NightDrop,2.0,0.6666666666666666,0.13210121311181916,5,0.4767916666666667,0.023819868334578203,0.027380952380952384,19,0.24987052807665183,LOW
2025-10-04,2193681000,2025,10,5,True,79.069,0.0004,6.4574,4.5862,1.492,17173.8697,4.473,-0.001,4.474,1,6.513,8,0.0,3.1501,0.0488,0,False,24,0.0,complete,False,0,False,-1.033822097153981,False,18.0,7,False,0,,0.0,0.0,0.03053335145762397,1,0.2615416666666666,0.004486806391295895,0.03007518796992481,18,0.016072404309531333,NORMAL
2025-10-05,2193681000,2025,10,6,True,80.258,0.0005,6.5871,4.5464,1.6083,13147.9541,4.822,-0.001,4.823,2,6.804,8,0.0,3.1897,0.2362,0,False,24,0.0,complete,False,0,False,-0.7162781068136016,False,18.0,7,False,0,,0.0,0.0,0.01659367219125989,0,0.2171249999999999,0.0030393170157743924,0.03306878306878307,17,0.012199721674289458,NORMAL
2025-10-06,2193681000,2025,10,0,False,80.072,0.0005,6.3905,4.8492,1.566,12755.489,4.695,-0.001,4.696,23,6.655,8,0.0,3.1729,0.1525,0,False,24,0.0,complete,False,0,False,-1.1180820541073402,False,18.0,7,False,0,,0.0,0.0,0.017591613316048957,0,0.2296666666666667,0.007504503376590512,0.036414565826330535,16,0.014061297835398896,NORMAL
2025-10-07,2193681000,2025,10,1,False,83.553,0.0004,6.7419,4.9006,1.704,17930.5186,5.112,0.001,5.111,1,6.816,7,0.0,3.304,0.0701,0,False,24,0.0,complete,False,0,False,-0.2847867667754952,False,18.0,7,False,0,,0.0,0.0,0.007648671677369936,0,0.1047083333333332,0.007087162172267722,0.04017857142857143,15,0.011747748223378813,NORMAL
2025-10-08,2193681000,2025,10,2,False,83.423,0.0005,6.7025,4.9164,1.739,13378.2435,5.214,-0.001,5.215,4,6.804,8,0.0,3.294,0.0934,0,False,24,0.0,complete,False,0,False,-0.3300282824827348,False,18.0,7,False,0,,0.0,0.0,0.00650153669671542,0,0.0902916666666667,0.0069191873179627866,0.044444444444444446,14,0.012223187361496073,NORMAL
2025-10-09,2193681000,2025,10,3,False,83.535,0.0005,6.6932,4.935,1.77,13359.7804,5.311,0.001,5.31,4,6.785,7,0.0,3.2939,0.0704,0,False,24,0.0,complete,False,0,False,-0.303048298923987,False,18.0,7,False,0,,0.0,0.0,0.005500280152907125,0,0.0777083333333333,0.008140954463807587,0.04931972789115646,13,0.013142220516864948,NORMAL
2025-10-10,2193681000,2025,10,4,False,84.284,0.0005,6.7118,5.0248,1.8207,13396.7066,5.46,-0.001,5.461,5,6.796,7,0.0,3.3161,0.0692,0,False,24,0.0,complete,False,0,False,-0.2044609200153679,False,18.0,7,False,0,,0.0,0.0,0.0040978579077716746,0,0.0600833333333333,0.012639044134743429,0.05494505494505495,12,0.01474617718829118,NORMAL
2025-10-11,2193681000,2025,10,5,True,85.034,0.0005,6.7779,5.0292,1.887,13528.6926,5.658,-0.001,5.659,4,6.863,8,0.0,3.3443,0.0773,0,False,24,0.0,complete,False,0,False,0.0386528572694079,False,18.0,7,False,0,,0.0,0.0,0.00541076383938785,0,0.0765833333333334,0.011072012729784033,0.061507936507936505,11,0.016139218999360463,NORMAL
2025-10-12,2193681000,2025,10,6,True,86.022,0.0005,6.8186,5.1354,1.9307,13610.0299,5.79,-0.001,5.791,4,6.932,7,0.0,3.3787,0.0816,0,False,24,0.0,complete,False,0,False,0.2214471560786125,False,18.0,7,False,0,,0.0,0.0,0.005815244959734242,0,0.0816666666666667,0.012438120082169022,0.06926406926406926,10,0.018085011357167932,NORMAL
2025-10-13,2193681000,2025,10,0,False,85.504,0.0005,6.7877,5.0832,1.9273,13548.4032,5.779,-0.001,5.78,2,6.907,8,0.0,3.3578,0.1066,0,False,24,0.0,complete,False,0,False,0.2204286419560245,False,18.0,7,False,0,,0.0,0.0,0.00343477410392512,0,0.0517499999999999,0.012141966663653596,0.07857142857142858,9,0.019173111278193974,NORMAL
2025-10-14,2193681000,2025,10,1,False,84.513,0.0004,6.6626,5.0786,1.9387,17719.7473,5.816,0.001,5.815,4,6.761,7,0.0,3.3147,0.0776,0,False,24,0.0,complete,False,0,False,-0.1012741395837262,False,18.0,7,False,0,,0.0,0.0,0.0020389826968281385,0,0.0342083333333333,0.018295467363341082,0.08994708994708994,8,0.022260206271134647,NORMAL
2025-10-15,2193681000,2025,10,2,False,84.868,0.0004,6.665,5.1326,1.9607,17726.0638,5.882,0.001,5.881,2,6.743,7,0.0,3.3271,0.0534,0,False,24,0.0,complete,False,0,False,-0.0189917045806104,False,18.0,7,False,0,,0.0,0.0,0.001399106826116224,0,0.0261666666666667,0.023288435344400185,0.10416666666666667,7,0.02591075245004824,NORMAL
2025-10-16,2193681000,2025,10,3,False,82.221,0.0005,6.4681,4.8896,2.008,12910.4291,6.022,0.0,6.022,1,6.762,8,0.0,3.2347,0.4384,0,False,24,0.0,complete,False,0,False,-0.7593965035372707,False,18.0,7,False,0,,0.0,0.0,0.03539209803030955,4,0.1511249999999999,0.04694547270111439,0.12244897959183673,6,0.04449651986768309,NORMAL
2025-10-17,2193681000,2025,10,4,False,79.371,0.0005,6.0094,5.1904,1.78,11994.7605,5.397,0.059,5.338,23,6.598,8,0.0,3.1164,0.3276,0,False,24,0.0,complete,False,0,False,-3.044648644878094,True,18.0,7,False,1,NightDrop,2.0,0.6666666666666666,0.0411642425427938,2,0.2629583333333334,0.03747734255023663,0.1468253968253968,5,0.24920982063796482,LOW
2025-10-18,2193681000,2025,10,5,True,85.997,0.0005,6.71,5.2022,2.1007,13393.2136,6.54,0.239,6.301,4,6.85,7,0.0,3.3487,0.0892,0,False,24,0.0,complete,False,0,False,0.4008826383815809,False,18.0,7,False,0,,0.0,0.0,0.0026191810251938725,0,0.0415,0.021410856311568967,0.18095238095238098,4,0.04125840176034815,NORMAL
2025-10-19,2193681000,2025,10,6,True,86.292,0.0005,6.7081,5.2346,2.15,13389.4711,6.79,0.342,6.448,4,6.789,8,0.0,3.3511,0.0586,0,False,24,0.0,complete,False,0,False,0.3405757689352615,False,18.0,7,False,0,,0.0,0.0,0.003249110638848089,0,0.0494166666666666,0.028176040141167563,0.23214285714285718,3,0.05303851264845938,NORMAL
2025-10-20,2193681000,2025,10,0,False,87.124,0.0005,6.7251,5.3434,2.2007,13423.4032,7.163,0.563,6.6,1,6.814,8,0.0,3.3654,0.086,0,False,24,0.0,complete,False,0,False,0.4193533658879382,False,18.0,7,False,0,,0.0,0.0,0.005888184178157356,0,0.0825833333333333,0.0314713980347303,0.31746031746031744,2,0.07155279835245676,NORMAL
2025-10-21,2193681000,2025,10,1,False,87.204,0.0005,6.7059,5.3764,2.2237,13384.98,7.324,0.682,6.642,3,6.792,9,0.0,3.3577,0.0702,0,False,24,0.0,complete,False,0,False,0.2905046532917553,False,18.0,7,False,0,,0.0,0.0,0.006372235354965335,0,0.0886666666666666,0.03389177178417576,0.48809523809523814,1,0.10630907258237239,NORMAL
2025-10-22,2193681000,2025,10,2,False,87.957,0.0004,6.741,5.4302,2.2917,17928.1915,7.52,0.895,6.625,4,6.826,8,0.0,3.3619,0.0693,0,False,24,0.0,complete,False,0,False,0.4911875064654255,False,18.0,7,False,0,,0.0,0.0,0.008053152797716338,0,0.1097916666666666,0.032495403255820794,1.0,0,0.20891502649047908,LOW
2025-10-23,2193681000,2025,10,3,False,87.41,0.0004,6.6855,5.4028,2.303,17780.5851,7.452,1.006,6.446,2,6.802,9,0.0,3.3232,0.0682,0,False,24,0.0,complete,False,0,False,0.1084116325981505,False,17.0,7,False,0,,0.0,0.0,0.008281916710043396,0,0.1126666666666666,0.028713812098168402,0.48809523809523814,1,0.10584638505169433,NORMAL
2025-10-24,2193681000,2025,10,4,False,87.757,0.0005,6.6958,5.4288,2.3477,13364.7705,7.57,1.211,6.359,4,6.795,8,0.0,3.3129,0.081,0,False,24,0.0,complete,False,0,False,0.1781807589836033,False,17.0,7,False,0,,0.0,0.0,0.008789175819985999,0,0.1190416666666665,0.02929804359572036,0.31746031746031744,2,0.07198842495720337,NORMAL
2025-10-25,2193681000,2025,10,5,True,86.647,0.0005,6.5834,5.383,2.3537,13140.4691,7.48,1.315,6.165,2,6.725,8,0.0,3.254,0.1272,0,False,24,0.0,complete,False,0,False,-0.6055243042949978,False,17.0,7,False,0,,0.0,0.0,0.01140835684517987,0,0.1519583333333332,0.027268019804774328,0.23214285714285718,3,0.05530468244308026,NORMAL
2025-10-26,2193681000,2025,10,6,True,88.583,0.0005,6.7285,5.4914,2.4313,13430.1397,7.587,1.419,6.168,2,6.842,8,0.0,3.3128,0.0849,0,False,24,0.0,complete,False,0,False,0.4161729013335564,False,17.0,7,False,0,,0.0,0.0,0.01028111437864075,0,0.1377916666666667,0.026064984557228995,0.18095238095238098,4,0.044487807415514224,NORMAL
2025-10-27,2193681000,2025,10,0,False,88.782,0.0004,6.706,5.534,2.487,17835.1064,7.57,1.664,5.906,4,6.82,9,0.0,3.2871,0.0808,0,False,24,0.0,complete,False,0,False,0.2776924300413216,False,17.0,7,False,0,,0.0,0.0,0.011710059975930052,0,0.1557499999999999,0.02600263345673557,0.1468253968253968,5,0.03807862404920549,NORMAL
2025-10-28,2193681000,2025,10,1,False,89.5,0.0004,6.7386,5.5816,2.56,17921.875,7.656,1.77,5.886,4,6.841,8,0.0,3.2991,0.0877,0,False,24,0.0,complete,False,0,False,0.525590216180523,False,17.0,7,False,0,,0.0,0.0,0.013215260210661724,0,0.1746666666666666,0.027078486723739987,0.12244897959183673,6,0.033870071326313866,NORMAL
2025-10-29,2193681000,2025,10,2,False,86.451,0.0004,6.5614,5.5332,2.097,17450.4654,6.509,1.853,4.656,4,6.756,9,0.0,3.1927,0.3126,0,False,24,0.0,complete,False,0,False,-0.7246971218762078,False,17.0,7,False,0,,0.0,0.0,0.01356337920768117,0,0.1790416666666667,0.01845115825921989,0.10416666666666667,7,0.028592578747481664,NORMAL
2025-10-30,2193681000,2025,10,3,False,89.629,0.0005,6.7289,5.5978,2.6017,13430.8882,7.683,2.084,5.599,2,6.837,8,0.0,3.269,0.079,0,False,24,0.0,complete,False,0,False,0.4993030080158175,False,17.0,8,False,0,,0.0,0.0,0.028870668819478744,2,0.1857083333333332,0.024530231936790048,0.08994708994708994,8,0.031556665022619626,NORMAL
2025-10-31,2193681000,2025,10,4,False,89.817,0.0004,6.72,5.6236,2.6453,17872.3404,7.676,2.167,5.509,4,6.807,9,0.0,3.2632,0.0701,0,False,24,0.0,complete,False,0,False,0.4623280141164594,False,17.0,8,False,0,,0.0,0.0,0.03007748134247947,2,0.1932916666666666,0.026720754158691268,0.07857142857142858,9,0.030081680948767814,NORMAL
2025-11-01,2193681000,2025,11,5,True,89.988,0.0004,6.7061,5.6482,2.6983,17835.4388,7.759,2.319,5.44,4,6.792,9,0.0,3.2527,0.0626,0,False,24,0.0,complete,False,0,False,0.3586113303061921,False,17.0,8,False,0,,0.0,0.0,0.01199850143060331,0,0.159375,0.028366520147730626,0.06926406926406926,10,0.023125668311540972,NORMAL
2025-11-02,2193681000,2025,11,6,True,90.349,0.0005,6.7272,5.6276,2.7963,13427.6447,7.853,2.416,5.437,6,6.913,8,0.0,3.2521,0.1239,0,False,24,0.0,complete,False,0,False,0.7616139197336762,False,17.0,8,False,0,,0.0,0.0,0.01172663707102623,0,0.1559583333333334,0.02265436247938557,0.061507936507936505,11,0.020350450918772287,NORMAL
2025-11-03,2193681000,2025,11,0,False,92.041,0.2939,6.6545,5.6358,2.7583,22.6439,5.186,0.187,4.999,4,6.77,8,0.0,3.1238,0.1006,1,False,24,0.0,complete,False,1,False,-0.3396818351664558,False,16.0,8,False,0,,0.0,0.0,0.03128180730121578,1,0.2678125,0.06575703080778367,0.05494505494505495,12,0.03352495934093246,NORMAL
2025-11-04,2193681000,2025,11,1,False,89.57,0.0004,6.5999,5.6734,2.8003,17552.859,7.51,2.641,4.869,2,6.665,8,0.0,3.1882,0.052,0,False,24,0.0,complete,False,0,False,-1.0997084642357955,False,17.0,8,False,0,,0.0,0.0,0.013256702948402145,0,0.1751875000000001,0.033378291306797876,0.061507936507936505,11,0.02295425644746752,NORMAL
2025-11-05,2193681000,2025,11,2,False,90.401,0.0004,6.6616,5.7192,2.8363,17717.0878,7.509,2.733,4.776,3,6.746,9,0.0,3.209,0.0727,0,False,24,0.0,complete,False,0,False,-0.2853928398867617,False,17.0,8,False,0,,0.0,0.0,0.01050822058145818,0,0.1406458333333332,0.030255926299350675,0.06926406926406926,10,0.023056465287121443,NORMAL
2025-11-06,2193681000,2025,11,3,False,91.219,0.0004,6.7175,5.7598,2.8923,17865.6915,7.66,2.95,4.71,4,6.784,9,0.0,3.2221,0.0515,0,False,24,0.0,complete,False,0,False,0.0483251853247046,False,17.0,8,False,0,,0.0,0.0,0.008034917993110562,0,0.1095625,0.031236801032835437,0.07857142857142858,9,0.024372121318785973,NORMAL
2025-11-07,2193681000,2025,11,4,False,91.445,0.0005,6.7129,5.7844,2.9387,13398.9521,7.713,3.067,4.646,4,6.808,8,0.0,3.219,0.0939,0,False,24,0.0,complete,False,0,False,-0.0984900536775707,False,17.0,8,False,0,,0.0,0.0,0.00713312401987925,0,0.0982291666666666,0.030355279561901934,0.08994708994708994,8,0.026200411107762153,NORMAL
2025-11-08,2193681000,2025,11,5,True,91.308,0.0005,6.6707,5.7852,3.004,13314.8703,7.536,3.154,4.382,3,6.77,8,0.0,3.1955,0.068,0,False,24,0.0,complete,False,0,False,-0.3703565388242947,False,17.0,8,False,0,,0.0,0.0,0.007055211672927286,0,0.09725,0.030529118113292578,0.10416666666666667,7,0.029055720457870037,NORMAL
2025-11-09,2193681000,2025,11,6,True,91.799,0.0005,6.6999,5.791,3.0803,13373.004,7.634,3.275,4.359,6,6.8,8,0.0,3.202,0.0781,0,False,24,0.0,complete,False,0,False,-0.3056315113856321,False,17.0,8,False,0,,0.0,0.0,0.0054306563535032465,0,0.0768333333333334,0.031108145435963835,0.12244897959183673,6,0.03234062191161109,NORMAL
2025-11-10,2193681000,2025,11,0,False,92.479,0.0004,6.7051,5.9186,3.0807,17832.7793,7.637,3.432,4.205,4,6.776,9,0.0,3.2153,0.0559,0,False,24,0.0,complete,False,0,False,-0.3603981991172628,False,17.0,8,False,0,,0.0,0.0,0.004441003776262271,0,0.0643958333333334,0.03886457154663166,0.1468253968253968,5,0.03847029480728437,NORMAL
2025-11-11,2193681000,2025,11,1,False,92.934,0.0005,6.7713,5.8582,3.1563,13515.4691,7.626,3.485,4.141,4,6.881,8,0.0,3.224,0.1054,0,False,24,0.0,complete,False,0,False,-0.1746000382820017,False,17.0,8,False,0,,0.0,0.0,0.004288494501377562,0,0.0624791666666667,0.030380024520921572,0.18095238095238098,4,0.043553029445073776,NORMAL
2025-11-12,2193681000,2025,11,2,False,92.269,0.0004,6.6639,5.9086,3.1373,17723.0718,7.573,3.63,3.943,4,6.717,9,0.0,3.1874,0.0553,0,False,24,0.0,complete,False,0,False,-0.5965327794685351,False,17.0,8,False,0,,0.0,0.0,0.004315017853531421,0,0.0628125,0.043371185556861674,0.23214285714285718,3,0.0563973138960032,NORMAL
2025-11-13,2193681000,2025,11,3,False,93.714,0.2857,6.6329,5.7428,3.217,23.2121,7.361,3.636,3.725,4,6.751,8,0.0,3.0436,0.1483,2,False,24,0.0,complete,False,2,True,-0.7394275157210027,False,17.0,8,False,1,DaytimeNonZero,1.0,0.3333333333333333,0.029994595866998656,2,0.1927708333333333,0.08345424469851531,0.31746031746031744,2,0.18918129119186614,LOW
2025-11-14,2193681000,2025,11,4,False,90.541,0.0005,6.5166,5.7742,3.1777,13007.2355,7.132,3.585,3.547,4,6.614,8,0.0,3.1113,0.0726,0,False,24,0.0,complete,False,0,False,-1.182295255035524,False,17.0,8,False,0,,0.0,0.0,0.010050692756804069,0,0.1348958333333333,0.036541099766435214,0.48809523809523814,1,0.1079424753993759,NORMAL
2025-11-15,2193681000,2025,11,5,True,90.148,0.0004,6.5031,5.692,3.22,17295.5452,7.144,3.683,3.461,3,6.622,9,0.0,3.0892,0.1083,0,False,24,0.0,complete,False,0,False,-1.256857798785424,False,17.0,8,False,0,,0.0,0.0,0.010911043992294976,0,0.1457083333333334,0.033131206838894374,1.0,0,0.20989955456546738,LOW
2025-11-16,2193681000,2025,11,6,True,92.523,0.0004,6.5859,5.9504,3.3603,17515.625,7.324,3.92,3.404,6,6.742,9,0.0,3.157,0.132,0,False,24,0.0,complete,False,0,False,-1.033527479887393,False,17.0,8,False,0,,0.0,0.0,0.004641586626925842,0,0.0669166666666666,0.04110699956274796,0.48809523809523814,1,0.10723292351967498,NORMAL
2025-11-17,2193681000,2025,11,0,False,94.528,0.0004,6.8102,5.9818,3.378,18112.367,7.263,3.97,3.293,4,6.913,9,0.0,3.2274,0.1041,0,False,24,0.0,complete,False,0,False,-0.3929318893927546,False,17.0,8,False,0,,0.0,0.0,0.002663939181953514,0,0.0420625,0.03480733451304332,0.31746031746031744,2,0.07125271214925821,NORMAL
2025-11-18,2193681000,2025,11,1,False,94.028,0.0004,6.7099,6.0392,3.3833,17845.4122,7.35,4.169,3.181,4,6.745,9,0.0,3.1972,0.031,0,False,24,0.0,complete,False,0,False,-0.7487328553050308,False,17.0,8,False,0,,0.0,0.0,0.0033237075667808176,0,0.0503541666666665,0.053686682631846575,0.23214285714285718,3,0.058163020224975,NORMAL
2025-11-19,2193681000,2025,11,2,False,100.404,0.0005,7.071,6.5062,3.767,14113.7725,7.726,4.503,3.223,4,7.531,8,0.0,3.403,0.2893,0,False,24,0.0,complete,False,0,False,0.2924667126747848,False,17.0,8,False,0,,0.0,0.0,0.021323117422195403,0,0.2765624999999999,0.03530541459965273,0.18095238095238098,4,0.04964849433706536,NORMAL
2025-11-20,2193681000,2025,11,3,False,102.494,0.0005,7.2979,6.5508,3.7843,14566.6168,7.762,4.624,3.138,4,7.406,9,0.0,3.4702,0.0771,0,False,24,0.0,complete,False,0,False,0.9283160337490892,False,17.0,8,False,0,,0.0,0.0,0.028225819820237988,0,0.3633125,0.04265437295158979,0.1468253968253968,5,0.04636369990146871,NORMAL
2025-11-21,2193681000,2025,11,4,False,103.861,0.0005,7.4002,6.5962,3.8913,14770.9581,7.754,4.726,3.028,4,7.513,8,0.0,3.5101,0.0963,0,False,24,0.0,complete,False,0,False,1.1962605981050844,False,17.0,8,False,0,,0.0,0.0,0.03279115180972148,0,0.4206875,0.04128672625379714,0.12244897959183673,6,0.04258448671204322,NORMAL
2025-11-22,2193681000,2025,11,5,True,104.194,0.0005,7.3492,6.6806,3.9977,14669.1617,7.819,4.855,2.964,4,7.516,9,0.0,3.5108,0.1235,0,False,24,0.0,complete,False,0,False,1.0038709127332692,False,17.0,8,False,0,,0.0,0.0,0.03431458684905892,0,0.4398333333333333,0.04451124174167931,0.10416666666666667,7,0.04002995773638687,NORMAL
2025-11-23,2193681000,2025,11,6,True,104.591,0.0005,7.3775,6.6758,4.0627,14725.5489,7.732,4.964,2.768,6,7.478,8,0.0,3.5157,0.0878,0,False,24,0.0,complete,False,0,False,1.0479518112958404,False,17.0,8,False,0,,0.0,0.0,0.03564738529479049,0,0.4565833333333333,0.05175314965571302,0.08994708994708994,8,0.03903426350899774,NORMAL
2025-11-24,2193681000,2025,11,0,False,103.677,0.0005,7.3403,6.605,3.9753,14651.1976,7.479,4.836,2.643,2,7.428,9,0.0,3.4883,0.0944,0,False,24,0.0,complete,False,0,False,0.911403498233339,False,17.0,8,False,0,,0.0,0.0,0.032147960519990325,0,0.4126041666666666,0.049199740614640136,0.07857142857142858,9,0.035198621993210846,NORMAL
2025-11-25,2193681000,2025,11,1,False,103.116,0.0005,7.2812,6.5588,4.0227,14533.4331,7.516,4.963,2.553,4,7.418,9,0.0,3.4614,0.1319,0,False,24,0.0,complete,False,0,False,0.678553979377141,False,17.0,8,False,0,,0.0,0.0,0.03028801045020076,0,0.3892291666666667,0.04652370648733024,0.08994708994708994,8,0.03638056242194426,NORMAL
2025-11-26,2193681000,2025,11,2,False,102.686,0.0005,7.1925,6.6236,4.008,14356.2874,7.282,5.045,2.237,4,7.253,9,0.0,3.4375,0.0578,0,False,24,0.0,complete,False,0,False,0.4191530231387703,False,17.0,8,False,0,,0.0,0.0,0.028862380271930676,0,0.3713125,0.06472360463076322,0.10416666666666667,7,0.04243676834106518,NORMAL
2025-11-27,2193681000,2025,11,3,False,103.649,0.0004,7.2603,6.6434,4.1157,19309.1755,7.292,5.144,2.148,2,7.361,9,0.0,3.4649,0.0912,0,False,24,0.0,complete,False,0,False,0.5548606935548908,False,17.0,8,False,0,,0.0,0.0,0.03206175962549027,0,0.4115208333333333,0.05741881432877302,0.12244897959183673,6,0.04559208667176903,NORMAL
2025-11-28,2193681000,2025,11,4,False,104.402,0.0005,7.3706,6.5576,4.215,14711.8263,7.174,5.073,2.101,4,7.56,8,0.0,3.4932,0.1911,0,False,24,0.0,complete,False,0,False,0.7332008554776862,False,17.0,8,False,0,,0.0,0.0,0.03457153182304946,0,0.4430624999999999,0.04307221207347281,0.1468253968253968,5,0.04835098132668876,NORMAL
2025-11-29,2193681000,2025,11,5,True,104.267,0.0005,7.2874,6.6308,4.27,14545.6587,7.17,5.186,1.984,4,7.417,8,0.0,3.4793,0.0986,0,False,24,0.0,complete,False,0,False,0.6148110674090346,False,17.0,8,False,0,,0.0,0.0,0.03457318953255908,0,0.4430833333333333,0.05463603893812801,0.18095238095238098,4,0.05748964083786952,NORMAL
2025-11-30,2193681000,2025,11,6,True,105.097,0.0005,7.3475,6.642,4.3677,14665.6687,7.008,5.168,1.84,6,7.471,9,0.0,3.5053,0.1195,0,False,24,0.0,complete,False,0,False,0.7024138210765054,False,17.0,8,False,0,,0.0,0.0,0.0373084102234261,0,0.4774583333333333,0.05531046197114527,0.23214285714285718,3,0.06868318688982833,NORMAL
2025-12-01,2193681000,2025,12,0,False,103.589,0.0004,7.234,6.5902,4.2543,19239.3617,6.945,5.187,1.758,4,7.367,9,0.0,3.4533,0.1345,0,False,24,0.0,complete,False,0,False,0.5727437271420586,False,17.0,8,False,0,,0.0,0.0,0.09733407156663494,0,1.2318333333333331,0.055397184470675626,0.31746031746031744,2,0.1037717218561891,NORMAL
2025-12-02,2193681000,2025,12,1,False,104.428,0.0005,7.259,6.6738,4.3277,14489.022,6.924,5.319,1.605,4,7.375,8,0.0,3.4753,0.0896,0,False,24,0.0,complete,False,0,False,0.6225187616820734,False,17.0,8,False,0,,0.0,0.0,0.10012233896180969,0,1.266875,0.0612205471174371,0.48809523809523814,1,0.13989985873107796,LOW
2025-12-03,2193681000,2025,12,2,False,103.994,0.0005,7.2274,6.6364,4.3297,14425.8982,6.76,5.307,1.453,4,7.285,8,0.0,3.4586,0.0592,0,False,24,0.0,complete,False,0,False,0.6185340942857505,False,17.0,8,False,0,,0.0,0.0,0.09868344710746269,0,1.2487916666666667,0.07096623714783977,1.0,0,0.24379828156180677,LOW
2025-12-04,2193681000,2025,12,3,False,104.708,0.0005,7.2663,6.6758,4.3983,14503.493,6.742,5.344,1.398,4,7.388,9,0.0,3.481,0.0912,0,False,24,0.0,complete,False,0,False,0.6868154476187291,False,17.0,8,False,0,,0.0,0.0,0.10106391796327177,0,1.2787083333333331,0.06182858225175978,0.48809523809523814,1,0.14030393945838113,LOW
2025-12-05,2193681000,2025,12,4,False,104.14,0.0005,7.2476,6.5834,4.4127,14466.3174,6.542,5.278,1.264,4,7.435,8,0.0,3.4626,0.142,0,False,24,0.0,complete,False,0,False,0.7112675534394902,False,17.0,8,False,0,,0.0,0.0,0.09916749828427066,0,1.254875,0.05211276668820187,0.31746031746031744,2,0.10366486631498506,NORMAL
2025-12-06,2193681000,2025,12,5,True,103.605,0.0005,7.16,6.7028,4.269,14291.4172,6.504,5.407,1.097,3,7.318,8,0.0,3.4408,0.0926,0,False,24,0.0,complete,False,0,False,0.6826819970923326,False,17.0,8,False,0,,0.0,0.0,0.09472980992702763,0,1.1991041666666666,0.06226846663110744,0.23214285714285718,3,0.0873012077329012,NORMAL
2025-12-07,2193681000,2025,12,6,True,104.518,0.0005,7.252,6.5792,4.534,14475.0499,6.205,5.229,0.976,5,7.342,8,0.0,3.4725,0.0734,0,False,24,0.0,complete,False,0,False,0.8353018076664838,False,17.0,8,False,0,,0.0,0.0,0.09775678749158712,0,1.2371458333333332,0.06511834343146769,0.18095238095238098,4,0.07854118112424588,NORMAL
2025-12-08,2193681000,2025,12,0,False,102.352,0.0005,7.063,6.559,4.3497,14097.8044,6.122,5.276,0.846,0,7.243,9,0.0,3.3963,0.0968,0,False,24,0.0,complete,False,0,False,0.721394251568126,False,17.0,8,False,0,,0.0,0.0,0.09325279075395945,0,1.1805416666666668,0.05995734387775969,0.1468253968253968,5,0.06933238536681914,NORMAL
2025-12-09,2193681000,2025,12,1,False,81.722,0.0005,5.9902,4.7846,3.291,11956.5868,4.35,3.829,0.521,1,6.948,8,0.0,2.7871,0.8204,0,False,24,0.0,complete,False,0,False,-0.2143563571622001,False,17.0,8,False,0,,0.0,0.0,0.026878101988919875,0,0.346375,0.15845257367869534,0.18095238095238098,4,0.07594442152289123,NORMAL
2025-12-10,2193681000,2025,12,2,False,75.65,0.0005,5.2365,4.7728,3.2967,10452.0958,4.381,3.79,0.591,3,5.333,9,0.0,2.5123,0.0962,0,False,24,0.0,complete,False,0,False,-0.8480889882541703,False,17.0,8,False,0,,0.0,0.0,0.006939172007254134,0,0.0957916666666666,0.06259403631359643,0.23214285714285718,3,0.06102913029346696,NORMAL
2025-12-11,2193681000,2025,12,3,False,75.963,0.0004,5.2241,4.8514,3.3033,13893.9495,4.402,3.897,0.505,4,5.279,9,0.0,2.5192,0.0513,0,False,24,0.0,complete,False,0,False,-0.7861210801699308,False,17.0,8,False,0,,0.0,0.0,0.007618832906196842,0,0.1043333333333332,0.07980747075863234,0.31746031746031744,2,0.081739207515649,NORMAL
2025-12-12,2193681000,2025,12,4,False,76.828,0.0004,5.2986,4.8514,3.393,14092.0878,4.332,3.874,0.458,4,5.355,9,0.0,2.5493,0.0593,0,False,24,0.0,complete,False,0,False,-0.6489464314224646,False,17.0,8,False,0,,0.0,0.0,0.00944562878579409,0,0.1272916666666666,0.07464491921222077,0.48809523809523814,1,0.11538172009723002,NORMAL
2025-12-13,2193681000,2025,12,5,True,76.158,0.0005,5.2375,4.7952,3.426,10454.0918,4.193,3.882,0.311,4,5.32,9,0.0,2.5255,0.0711,0,False,24,0.0,complete,False,0,False,-0.6405573377895367,False,17.0,8,False,0,,0.0,0.0,0.004474157966454593,0,0.0648125,0.07324376469392316,1.0,0,0.215991000328721,LOW
2025-12-14,2193681000,2025,12,6,True,76.212,0.0005,5.2067,4.8272,3.4727,10392.7146,4.036,3.836,0.2,4,5.316,8,0.0,2.5279,0.1019,0,False,24,0.0,complete,False,0,False,-0.6080398463126934,False,17.0,8,False,0,,0.0,0.0,0.003910536733185021,0,0.0577291666666666,0.07692357878121257,0.48809523809523814,1,0.11417692439524565,NORMAL
2025-12-15,2193681000,2025,12,0,False,73.589,0.0005,5.0795,4.5956,3.3237,10138.7226,3.782,3.581,0.201,5,5.137,8,0.0,2.4445,0.0777,0,False,24,0.0,complete,False,0,False,-0.6752638985499084,False,17.0,8,False,0,,0.0,0.0,0.0009747331916544194,0,0.0208333333333332,0.07403924821487613,0.31746031746031744,2,0.07859233309253504,NORMAL
2025-12-16,2193681000,2025,12,1,False,73.869,0.0005,5.0842,4.629,3.3487,10148.2036,3.77,3.612,0.158,4,5.156,8,0.0,2.4528,0.0556,0,False,24,0.0,complete,False,0,False,-0.6162268337044282,False,17.0,8,False,0,,0.0,0.0,0.0,0,0.0085833333333333,0.0727358952831328,0.48809523809523814,1,0.11216622667567419,NORMAL
2025-12-17,2193681000,2025,12,2,False,73.886,0.0005,5.058,4.66,3.3727,10095.8084,3.714,3.677,0.037,4,5.119,9,0.0,2.4512,0.0561,0,False,24,0.0,complete,False,0,False,-0.4269992150235457,False,17.0,8,False,0,,0.0,0.0,0.0008056468216735572,0,0.0187083333333333,0.08330660598362886,1.0,0,0.21690301524322786,LOW
2025-12-18,2193681000,2025,12,3,False,73.85,0.0005,5.0806,4.6178,3.3707,10140.9681,3.641,3.546,0.095,4,5.16,9,0.0,2.4537,0.0696,0,False,24,0.0,complete,False,0,False,-0.2739873510362133,False,17.0,8,False,0,,0.0,0.0,0.00020224056017320008,0,0.011125,0.07140731002626131,0.48809523809523814,1,0.11196118179235186,NORMAL
2025-12-19,2193681000,2025,12,4,False,74.016,0.0005,5.0873,4.6196,3.4053,10154.1916,3.574,3.533,0.041,4,5.139,10,0.0,2.4549,0.0533,0,False,24,0.0,complete,False,0,False,-0.2124958269536055,False,17.0,8,False,0,,0.0,0.0,0.0003149648068271082,0,0.0125416666666666,0.0796889865253364,0.31746031746031744,2,0.0795243502391789,NORMAL
2025-12-20,2193681000,2025,12,5,True,73.803,0.0005,5.0764,4.583,3.4243,10132.485,3.496,3.487,0.009,4,5.161,9,0.0,2.4493,0.0639,0,False,24,0.0,complete,False,0,False,-0.1614534761670444,False,17.0,8,False,0,,0.0,0.0,0.0031513057777807357,0,0.0481875000000001,0.07101521507787151,0.23214285714285718,3,0.06157700617747996,NORMAL
2025-12-21,2193681000,2025,12,6,True,73.456,0.0005,5.0622,4.5244,3.444,10104.2914,3.45,3.432,0.018,4,5.138,9,0.0,2.4321,0.0676,0,False,24,0.0,complete,False,0,False,-0.1071758000144208,False,17.0,8,False,0,,0.0,0.0,0.004802384449358643,0,0.0689375000000001,0.0702862244326769,0.18095238095238098,4,0.05168843641181917,NORMAL
2025-12-22,2193681000,2025,12,0,False,73.01,0.0005,5.0192,4.5678,3.3377,10018.4631,3.464,3.476,-0.012,2,5.054,10,0.0,2.4147,0.0362,0,False,24,0.0,complete,False,0,False,-0.0814329193511424,False,17.0,8,False,0,,0.0,0.0,0.003550813769598271,0,0.0532083333333333,0.08273188172195393,0.1468253968253968,5,0.046976699840349634,NORMAL
2025-12-23,2193681000,2025,12,1,False,73.278,0.0004,5.0311,4.5558,3.4157,13380.6516,3.477,3.409,0.068,4,5.124,9,0.0,2.4191,0.0617,0,False,24,0.0,complete,False,0,False,0.0255607748966429,False,17.0,8,False,0,,0.0,0.0,0.0032126410296365307,0,0.0489583333333333,0.06854811005037162,0.12244897959183673,6,0.03916321023733263,NORMAL
2025-12-24,2193681000,2025,12,2,False,72.884,0.0005,5.0076,4.5144,3.4157,9995.2595,3.401,3.376,0.025,4,5.124,10,0.0,2.407,0.0904,0,False,24,0.0,complete,False,0,False,0.0738317822279542,False,17.0,8,False,0,,0.0,0.0,0.004658163722022011,0,0.067125,0.06400420610330797,0.10416666666666667,7,0.03503162367060153,NORMAL
2025-12-25,2193681000,2025,12,3,False,72.151,0.0004,4.9245,4.5036,3.4113,13097.0745,3.3,3.287,0.013,6,4.978,9,0.0,2.3764,0.0325,0,False,24,0.0,complete,False,0,False,-0.1035575284901395,False,17.0,8,False,0,,0.0,0.0,0.007453061955235215,0,0.10225,0.08293086479195576,0.10416666666666667,7,0.03965542487829505,NORMAL
2025-12-26,2193681000,2025,12,4,False,72.141,0.0004,4.9644,4.4364,3.4137,13203.125,3.189,3.191,-0.002,4,5.043,9,0.0,2.3805,0.077,0,False,24,0.0,complete,False,0,False,-0.1175853760503677,False,17.0,8,False,0,,0.0,0.0,0.0074795853073890755,0,0.1025833333333333,0.06712807915486138,0.12244897959183673,6,0.04015928734155635,NORMAL
2025-12-27,2193681000,2025,12,5,True,72.215,0.0005,4.9404,4.522,3.3593,9861.0279,3.209,3.221,-0.012,23,4.968,9,0.0,2.3807,0.0165,0,False,24,0.0,complete,False,0,False,-0.203668491227838,False,17.0,8,False,0,,0.0,0.0,0.009898183481919369,0,0.1329791666666667,0.08658028354561435,0.1468253968253968,5,0.049650591118778044,NORMAL
2025-12-28,2193681000,2025,12,6,True,72.239,0.0004,4.9805,4.3932,3.4753,13246.0106,3.058,3.101,-0.043,2,5.072,9,0.0,2.3804,0.0966,0,False,24,0.0,complete,False,0,False,-0.2051227371459762,False,17.0,8,False,0,,0.0,0.0,0.010405442591861979,0,0.1393541666666667,0.06402959468233019,0.18095238095238098,4,0.05211802790450083,NORMAL
2025-12-29,2193681000,2025,12,0,False,72.633,0.0005,4.9931,4.4842,3.421,9966.3174,3.132,3.061,0.071,4,5.103,10,0.0,2.3949,0.0716,0,False,24,0.0,complete,False,0,False,-0.2351723670027813,False,17.0,8,False,0,,0.0,0.0,0.009820271134967388,1,0.0879999999999999,0.0592792668088538,0.23214285714285718,3,0.06123050613083242,NORMAL
2025-12-30,2193681000,2025,12,1,False,72.914,0.0004,5.0129,4.4814,3.467,13332.1144,2.984,3.014,-0.03,2,5.113,9,0.0,2.4064,0.0852,0,False,24,0.0,complete,False,0,False,-0.2595775116223591,False,17.0,8,False,0,,0.0,0.0,0.00896986615653419,1,0.0808749999999999,0.06264470853383099,0.31746031746031744,2,0.07871196504578995,NORMAL
2025-12-31,2193681000,2025,12,2,False,35.907,0.0004,2.4941,2.1816,1.681,6633.3112,1.478,1.443,0.035,0,2.644,10,0.0,1.1878,0.0758,0,False,24,0.0,complete,False,0,False,-2.67218189212515,True,17.0,8,False,1,NightDrop,2.0,0.6666666666666666,0.19065317070097906,1,1.6030833333333332,0.04026819420028213,0.48809523809523814,1,0.3628686376693978,MEDIUM
2026-01-01,2193681000,2026,1,3,False,48.6,0.0005,3.2104,3.4918,1.818,6407.9341,1.534,1.532,0.002,23,5.007,9,0.0,1.8161,1.0217,0,False,24,0.0,complete,False,0,False,-1.991172775501083,False,17.0,8,False,0,,0.0,0.0,1.0,10,2.096020833333333,0.26914983564722816,1.0,0,0.5538299671294457,HIGH
2026-01-02,2193681000,2026,1,4,False,72.793,0.0005,5.0364,4.4038,3.493,10052.6447,2.842,2.839,0.003,4,5.101,9,0.0,2.4023,0.0707,0,False,24,0.0,complete,False,0,False,-0.3746157183840559,False,17.0,8,False,0,,0.0,0.0,0.09455409271900829,0,1.1968958333333333,0.060573253265053646,0.48809523809523814,1,0.13809992608776084,LOW
2026-01-03,2193681000,2026,1,5,True,72.66,0.0005,5.0086,4.4256,3.4863,9997.2555,2.769,2.77,-0.001,2,5.059,10,0.0,2.3998,0.051,0,False,24,0.0,complete,False,0,False,-0.4405943838867885,False,17.0,8,False,0,,0.0,0.0,0.4525016494209622,8,1.1390833333333334,0.06770050482609202,0.31746031746031744,2,0.21278265928357054,LOW
2026-01-04,2193681000,2026,1,6,True,71.93,0.0005,4.9734,4.3282,3.4993,9926.8962,2.628,2.658,-0.03,3,5.045,10,0.0,2.3793,0.0617,0,False,24,0.0,complete,False,0,False,-0.5107773975412337,False,17.0,8,False,0,,0.0,0.0,0.5994261009677708,11,1.1602916666666665,0.060270318517995324,0.23214285714285718,3,0.23831046542250175,LOW
2026-01-05,2193681000,2026,1,0,False,72.17,0.0004,4.9671,4.4116,3.4573,13210.4388,2.645,2.634,0.011,4,5.026,9,0.0,2.3886,0.051,0,False,24,0.0,complete,False,0,False,-0.5441271962196408,False,17.0,8,False,0,,0.0,0.0,0.095233753617951,0,1.2054375,0.06632622429344655,0.18095238095238098,4,0.0780258471345508,NORMAL
2026-01-06,2193681000,2026,1,1,False,72.849,0.0005,5.0318,4.4088,3.5157,10043.4132,2.596,2.58,0.016,4,5.128,10,0.0,2.415,0.067,0,False,24,0.0,complete,False,0,False,-0.4916487699676851,False,17.0,8,False,0,,0.0,0.0,0.09263114968785331,0,1.1727291666666668,0.05638056170765069,0.18095238095238098,4,0.07525593343836233,NORMAL
2026-01-07,2193681000,2026,1,2,False,85.752,0.012,5.5425,6.1636,3.4993,461.8365,3.498,3.51,-0.012,23,6.997,10,0.0,2.9072,0.8252,1,False,24,0.0,complete,False,0,False,-0.047262735290291,False,17.0,8,False,0,,0.0,0.0,0.10020936871106456,1,0.8453124999999999,0.12758022480564726,0.23214285714285718,3,0.10200742700302026,NORMAL
2026-01-08,2193681000,2026,1,3,False,101.713,0.0004,7.049,6.1644,4.832,18747.3404,3.391,3.356,0.035,4,7.121,9,0.0,3.3925,0.0558,0,False,24,0.0,complete,False,0,False,1.2380602765632724,False,17.0,8,False,0,,0.0,0.0,0.021730913961561047,0,0.2816875000000001,0.06039340991409664,0.31746031746031744,2,0.08209001966335114,NORMAL
2026-01-09,2193681000,2026,1,4,False,101.393,0.0004,7.0611,6.0696,4.851,18779.5878,3.268,3.246,0.022,4,7.138,9,0.0,3.3879,0.0803,0,False,24,0.0,complete,False,0,False,1.2307405666737146,False,17.0,8,False,0,,0.0,0.0,0.020709764903637348,0,0.2688541666666666,0.055667398904495125,0.48809523809523814,1,0.11496545687103786,NORMAL
2026-01-10,2193681000,2026,1,5,True,101.477,0.0005,7.0396,6.0944,4.8947,14051.1477,3.176,3.173,0.003,4,7.16,10,0.0,3.3935,0.0962,0,False,24,0.0,complete,False,0,False,1.114177829537969,False,17.0,8,False,0,,0.0,0.0,0.01596374257760567,0,0.2092083333333333,0.054543924373759746,1.0,0,0.21569790764803365,LOW
2026-01-11,2193681000,2026,1,6,True,98.834,0.0005,6.8972,5.9622,4.6137,13766.9661,3.031,3.035,-0.004,4,7.166,9,0.0,3.3116,0.2286,0,False,24,0.0,complete,False,0,False,0.907806068477826,False,17.0,8,False,0,,0.0,0.0,0.014445280666797075,0,0.190125,0.038452765773368924,1.0,0,0.21202413735471293,LOW
2026-01-12,2193681000,2026,1,0,False,97.956,0.0005,6.7722,5.9866,4.6137,13517.4651,2.939,2.896,0.043,23,6.92,10,0.0,3.2846,0.0914,0,False,24,0.0,complete,False,0,False,0.7363120777309285,False,17.0,8,False,0,,0.0,0.0,0.018630997178578405,0,0.2427291666666665,0.055222974050421474,0.48809523809523814,1,0.11425294158270545,NORMAL
2026-01-13,2193681000,2026,1,1,False,97.601,0.0005,6.867,5.872,4.4337,13706.5868,2.9,2.808,0.092,3,7.051,10,0.0,3.2899,0.1347,0,False,24,0.0,complete,False,0,False,0.7552599864613824,False,17.0,8,False,0,,0.0,0.0,0.018123738068635802,0,0.2363541666666666,0.03504578708630402,0.31746031746031744,2,0.07593834232991503,NORMAL
2026-01-14,2193681000,2026,1,2,False,99.352,0.0005,6.9219,5.9624,4.7203,13816.1178,2.844,2.742,0.102,4,7.035,10,0.0,3.3522,0.0836,0,False,24,0.0,complete,False,0,False,0.7295952157259376,False,17.0,8,False,0,,0.0,0.0,0.015308947321307201,0,0.2009791666666666,0.05259340855206571,0.23214285714285718,3,0.06153993733537674,NORMAL
2026-01-15,2193681000,2026,1,3,False,98.418,0.0004,6.8637,5.9566,4.574,18254.6543,2.678,2.627,0.051,1,6.97,9,0.0,3.3352,0.059,0,False,24,0.0,complete,False,0,False,0.618259157331153,False,17.0,8,False,0,,0.0,0.0,0.017457338845770023,0,0.2279791666666666,0.0538345866637304,0.18095238095238098,4,0.05219459517695328,NORMAL
2026-01-16,2193681000,2026,1,4,False,97.757,0.0005,6.8629,5.8462,4.5397,13698.3533,2.543,2.483,0.06,1,7.021,10,0.0,3.3207,0.0849,0,False,24,0.0,complete,False,0,False,0.5741285080855877,False,17.0,8,False,0,,0.0,0.0,0.016035024086519172,0,0.2101041666666666,0.042061245125457454,0.1468253968253968,5,0.042587835616126606,NORMAL
2026-01-17,2193681000,2026,1,5,True,96.982,0.0005,6.7836,5.822,4.533,13540.1697,2.26,2.283,-0.023,1,6.924,10,0.0,3.3042,0.094,0,False,24,0.0,complete,False,0,False,0.431521358820081,False,17.0,8,False,0,,0.0,0.0,0.013596533397873492,0,0.1794583333333333,0.04953706488062378,0.12244897959183673,6,0.03847616891385415,NORMAL
2026-01-18,2193681000,2026,1,6,True,94.515,0.0005,6.7289,5.4564,4.466,13430.8882,2.129,2.122,0.007,3,7.003,9,0.0,3.242,0.2505,0,False,24,0.0,complete,False,0,False,0.3025083616956098,False,17.0,8,False,0,,0.0,0.0,0.013221891048700193,0,0.17475,0.03302513302555638,0.10416666666666667,7,0.031404927253054674,NORMAL
2026-01-19,2193681000,2026,1,0,False,85.408,0.0005,6.0454,4.9988,4.0157,12066.6168,1.903,1.886,0.017,2,6.129,9,0.0,2.9271,0.0652,0,False,24,0.0,complete,False,0,False,-0.5309314703353952,False,17.0,8,False,0,,0.0,0.0,0.0464108931407296,0,0.5918541666666667,0.04478805044176291,0.08994708994708994,8,0.040870296019989455,NORMAL
2026-01-20,2193681000,2026,1,1,False,71.672,0.0005,5.145,4.1124,3.3153,10269.4611,1.375,1.371,0.004,0,6.002,8,0.0,2.487,0.3708,0,False,24,0.0,complete,False,0,False,-1.702223339184046,False,17.0,8,False,0,,0.0,0.0,0.13311656018645918,1,1.1210208333333334,0.10243576674199596,0.07857142857142858,9,0.07613640711862266,NORMAL
2026-01-21,2193681000,2026,1,2,False,67.577,0.0005,4.7812,3.9638,3.168,9543.4132,1.375,1.267,0.108,4,4.874,8,0.0,2.3356,0.0669,0,False,24,0.0,complete,False,0,False,-2.3554662589632187,True,17.0,8,False,1,NightDrop,2.0,0.6666666666666666,0.20349047314344826,2,1.2829791666666666,0.04312928888617376,0.06926406926406926,10,0.28352581357308304,MEDIUM
2026-01-22,2193681000,2026,1,3,False,70.788,0.0005,4.9829,4.274,3.1837,9945.8583,1.281,1.198,0.083,23,5.293,8,0.0,2.4596,0.1939,0,False,24,0.0,complete,False,0,False,-2.360858564395259,True,17.0,8,False,1,NightDrop,2.0,0.6666666666666666,0.09031367179340963,0,1.1436041666666668,0.030453772752639167,0.061507936507936505,11,0.245486443390138,LOW
2026-01-23,2193681000,2026,1,4,False,85.68,0.0004,5.8046,5.7598,3.4803,15437.8324,1.555,1.389,0.166,23,7.155,9,0.0,3.0457,0.7689,0,False,24,0.0,complete,False,0,False,-1.3950276810984843,False,17.0,8,False,0,,0.0,0.0,0.05636709645548553,0,0.7169791666666666,0.091159283681695,0.05494505494505495,12,0.046130996661995646,NORMAL
2026-01-24,2193681000,2026,1,5,True,102.682,0.0005,7.3102,5.9708,4.7807,14591.3174,1.898,1.474,0.424,4,7.392,8,0.0,3.5796,0.0684,0,False,24,0.0,complete,False,0,False,0.6796149733124741,False,17.0,8,False,0,,0.0,0.0,0.0231847252014946,0,0.2999583333333333,0.04613236180580883,0.04931972789115646,13,0.026045835499841442,NORMAL
2026-01-25,2193681000,2026,1,6,True,102.94,0.0004,7.3532,5.8912,4.885,19556.516,1.716,1.368,0.348,6,7.501,9,0.0,3.5975,0.0887,0,False,24,0.0,complete,False,0,False,0.7129467285425811,False,17.0,8,False,0,,0.0,0.0,0.02405004956551434,0,0.3108333333333333,0.038078179845963164,0.044444444444444446,14,0.023719539727735824,NORMAL
2026-01-26,2193681000,2026,1,0,False,99.699,0.0005,7.1789,5.641,4.6863,14329.0918,1.795,1.275,0.52,4,7.409,9,0.0,3.4927,0.2669,0,False,24,0.0,complete,False,0,False,0.4555968785597557,False,17.0,8,False,0,,0.0,0.0,0.018813345224636208,0,0.2450208333333332,0.03393898391202089,0.04017857142857143,15,0.020467514635509325,NORMAL
2026-01-27,2193681000,2026,1,1,False,99.044,0.0005,6.9947,5.9904,4.3767,13961.5768,1.673,1.056,0.617,23,7.343,9,0.0,3.4842,0.1964,0,False,24,0.0,complete,False,0,False,0.1836421625179283,False,17.0,8,False,0,,0.0,0.0,0.020858958759502815,0,0.2707291666666665,0.03713198951699993,0.036414565826330535,16,0.02096699869651694,NORMAL
2026-01-28,2193681000,2026,1,2,False,102.054,0.0004,7.3257,5.8936,4.659,19483.3777,1.743,0.927,0.816,4,7.459,9,0.0,3.5994,0.1163,0,False,24,0.0,complete,False,0,False,0.5948733906457063,False,18.0,8,False,0,,0.0,0.0,0.027662198586968417,0,0.3562291666666666,0.03776722849483451,0.03306878306878307,17,0.02246586188881404,NORMAL
2026-01-29,2193681000,2026,1,3,False,101.709,0.0005,7.3279,5.8766,4.5663,14626.497,1.755,0.808,0.947,2,7.431,8,0.0,3.5979,0.1193,0,False,24,0.0,complete,False,0,False,0.5699398747690427,False,18.0,8,False,0,,0.0,0.0,0.02866677054979594,0,0.3688541666666666,0.03859905125257521,0.03007518796992481,18,0.02233487900943879,NORMAL
2026-01-30,2193681000,2026,1,4,False,100.247,0.0005,7.236,5.8018,4.4487,14443.1138,1.618,0.686,0.932,23,7.307,8,0.0,3.555,0.0395,0,False,24,0.0,complete,False,0,False,0.4239210359674882,False,18.0,8,False,0,,0.0,0.0,0.025749201812871127,0,0.3321875,0.04110168849159244,0.027380952380952384,19,0.021421288718370304,NORMAL
2026-01-31,2193681000,2026,1,5,True,101.123,0.0005,7.3551,5.6944,4.602,14680.8882,1.563,0.449,1.114,4,7.477,8,0.0,3.6072,0.1085,0,False,24,0.0,complete,False,0,False,0.5678316055903087,False,18.0,8,False,0,,0.0,0.0,0.025290016278707392,0,0.3264166666666667,0.03165619829046584,0.02494331065759637,20,0.01890690667322466,NORMAL
2026-02-01,2193681000,2026,2,6,True,99.223,0.0005,7.2576,5.5982,4.389,14486.2774,1.476,0.342,1.134,4,7.481,9,0.0,3.5515,0.2133,0,False,24,0.0,complete,False,0,False,0.4319743174781123,False,18.0,8,False,0,,0.0,0.0,0.030717357213191396,1,0.2630833333333333,0.025332395489815123,0.02272727272727273,21,0.01882714080737499,NORMAL
2026-02-02,2193681000,2026,2,0,False,97.939,0.0005,7.0969,5.6766,4.259,14165.4192,1.489,0.234,1.255,23,7.233,8,0.0,3.513,0.0697,0,False,24,0.0,complete,False,0,False,0.2184209816610974,False,18.0,8,False,0,,0.0,0.0,0.028964329406772082,1,0.2483958333333333,0.03556387958913838,0.020703933747412008,22,0.019942861489341705,NORMAL
2026-02-03,2193681000,2026,2,1,False,99.685,0.0005,7.2981,5.6414,4.363,14567.1158,1.596,0.134,1.462,4,7.373,9,0.0,3.5865,0.0652,0,False,24,0.0,complete,False,0,False,0.4507533035090583,False,18.0,8,False,0,,0.0,0.0,0.02621418933031852,1,0.2253541666666667,0.03279580251515459,0.018849206349206348,23,0.018193258571967744,NORMAL
2026-02-04,2193681000,2026,2,2,False,99.216,0.0005,7.2805,5.588,4.3427,14531.9361,1.616,0.05,1.566,4,7.411,8,0.0,3.5787,0.1124,0,False,24,0.0,complete,False,0,False,0.3878877010598884,False,18.0,8,False,0,,0.0,0.0,0.016217372132576978,0,0.2123958333333333,0.026520876836678586,0.017142857142857144,24,0.01359795843568024,NORMAL
2026-02-05,2193681000,2026,2,3,False,98.91,0.0005,7.2731,5.579,4.2753,14517.2156,1.743,0.001,1.742,4,7.355,8,0.0,3.5753,0.0685,0,False,24,0.0,complete,False,0,False,0.3160880843457307,False,18.0,8,False,0,,0.0,0.0,0.016456082301961744,0,0.2153958333333334,0.028358040864733498,0.015567765567765571,25,0.013721985977088338,NORMAL
2026-02-06,2193681000,2026,2,4,False,99.706,0.0005,7.311,5.6894,4.2557,14592.8144,1.863,0.0,1.863,4,7.376,8,0.0,3.606,0.0394,0,False,24,0.0,complete,False,0,False,0.302135602568105,False,18.0,8,False,0,,0.0,0.0,0.01969856210277137,0,0.2561458333333334,0.03345158801337688,0.014109347442680775,26,0.015421755722042943,NORMAL
2026-02-07,2193681000,2026,2,5,True,100.125,0.0005,7.3751,5.685,4.2317,14720.8084,2.113,-0.001,2.114,2,7.439,9,0.0,3.6267,0.0615,0,False,24,0.0,complete,False,0,False,0.4140944119220412,False,18.0,8,False,0,,0.0,0.0,0.023280872353052342,0,0.3011666666666666,0.03025913540724473,0.012755102040816325,27,0.015587109195527913,NORMAL
2026-02-08,2193681000,2026,2,6,True,100.507,0.0005,7.4541,5.5948,4.2987,14878.493,2.259,0.001,2.258,6,7.577,8,0.0,3.6441,0.0959,0,False,24,0.0,complete,False,0,False,1.3869530518705973,False,18.0,8,False,0,,0.0,0.0,0.024374960629399155,0,0.3149166666666667,0.019055097996861066,0.011494252873563218,28,0.013422358362904603,NORMAL
2026-02-09,2193681000,2026,2,0,False,99.156,0.0005,7.3846,5.533,4.1367,14739.7705,2.317,0.001,2.316,4,7.473,8,0.0,3.6024,0.0971,0,False,24,0.0,complete,False,0,False,0.7295260470232453,False,18.0,8,False,0,,0.0,0.0,0.020553940209733418,0,0.2668958333333334,0.018278926040699372,0.010317460317460317,29,0.011885459334551964,NORMAL
2026-02-10,2193681000,2026,2,1,False,98.717,0.0004,7.3651,5.5136,4.075,19588.0984,2.503,0.001,2.502,4,7.447,9,0.0,3.591,0.0662,0,False,24,0.0,complete,False,0,False,0.5653431485154119,False,18.0,8,False,0,,0.0,0.0,0.02033843797348329,0,0.2641875000000001,0.01779491278969641,0.009216589861751152,30,0.0115038319223345,NORMAL
2026-02-11,2193681000,2026,2,2,False,98.778,0.0005,7.3999,5.4654,4.0827,14770.2096,2.619,-0.001,2.62,4,7.53,8,0.0,3.597,0.1068,0,False,24,0.0,complete,False,0,False,0.8173709505246572,False,18.0,8,False,0,,0.0,0.0,0.020865589597541295,0,0.2708125,0.011625622934609723,0.00818452380952381,31,0.010221706228089097,NORMAL
