Date,Hour,OSF_ID,Consumption_kWh,is_missing,Expected_kWh,Residual,Abs_Residual,Z_Score,Hourly_Anomaly
2025-01-01,0,2193681000,6.706,0,6.787,-0.08099999999999952,0.08099999999999952,-0.08471381163044645,False
2025-01-01,1,2193681000,6.77,0,6.853,-0.08300000000000018,0.08300000000000018,-0.08474715152915768,False
2025-01-01,2,2193681000,6.855,0,6.895,-0.03999999999999915,0.03999999999999915,-0.039993067762505594,False
2025-01-01,3,2193681000,6.915,0,6.942,-0.027000000000000135,0.027000000000000135,-0.026962414731389446,False
2025-01-01,4,2193681000,6.964,0,6.971,-0.006999999999999673,0.006999999999999673,-0.007015131112834411,False
2025-01-01,5,2193681000,6.967,0,6.962,0.004999999999999893,0.004999999999999893,0.0049991170673089665,False
2025-01-01,6,2193681000,6.96,0,6.926,0.03399999999999981,0.03399999999999981,0.033881335751544915,False
2025-01-01,7,2193681000,6.98,0,6.818,0.1620000000000008,0.1620000000000008,0.16694476411133383,False
2025-01-01,8,2193681000,3.485,0,1.853,1.632,1.632,1.1699573017421527,False
2025-01-01,9,2193681000,0.0,0,0.0,0.0,0.0,0.0,False
2025-01-01,10,2193681000,0.001,0,0.0,0.001,0.001,1.9781375071516232,False
2025-01-01,11,2193681000,0.0,0,0.0,0.0,0.0,0.0,False
2025-01-01,12,2193681000,0.001,0,0.0,0.001,0.001,1.9820584893665876,False
2025-01-01,13,2193681000,0.0,0,0.001,-0.001,0.001,-1.9781375071516232,False
2025-01-01,14,2193681000,0.001,0,0.0,0.001,0.001,2.0184294953324766,False
2025-01-01,15,2193681000,0.0,0,0.001,-0.001,0.001,-1.9820584893665876,False
2025-01-01,16,2193681000,0.001,0,0.0,0.001,0.001,2.002019260005388,False
2025-01-01,17,2193681000,1.342,0,0.927,0.41500000000000004,0.41500000000000004,0.36590968552599074,False
2025-01-01,18,2193681000,6.424,0,6.339,0.08499999999999996,0.08499999999999996,0.0874664681556188,False
2025-01-01,19,2193681000,6.444,0,6.589,-0.14500000000000046,0.14500000000000046,-0.1781672987820108,False
2025-01-01,20,2193681000,6.576,0,6.654,-0.07800000000000029,0.07800000000000029,-0.06398089665281449,False
2025-01-01,21,2193681000,6.646,0,6.6775,-0.031500000000000306,0.031500000000000306,-0.04186168788448,False
2025-01-01,22,2193681000,6.727,0,6.727,0.0,0.0,0.0,False
2025-01-01,23,2193681000,6.778,0,6.762,0.016000000000000014,0.016000000000000014,0.021423582424332663,False
2025-01-02,0,2193681000,6.834,0,6.787,0.04699999999999971,0.04699999999999971,0.04915492773618496,False
2025-01-02,1,2193681000,6.894,0,6.853,0.04100000000000037,0.04100000000000037,0.04186305075536733,False
2025-01-02,2,2193681000,6.942,0,6.895,0.0470000000000006,0.0470000000000006,0.04699185462094567,False
2025-01-02,3,2193681000,6.95,0,6.942,0.008000000000000007,0.008000000000000007,0.007988863624115359,False
2025-01-02,4,2193681000,6.962,0,6.971,-0.009000000000000341,0.009000000000000341,-0.00901945428793072,False
2025-01-02,5,2193681000,6.956,0,6.962,-0.005999999999999339,0.005999999999999339,-0.005998940480770227,False
2025-01-02,6,2193681000,6.895,0,6.926,-0.031000000000000583,0.031000000000000583,-0.030891806126409356,False
2025-01-02,7,2193681000,6.803,0,6.818,-0.01499999999999968,0.01499999999999968,-0.0154578485288268,False
2025-01-02,8,2193681000,3.396,0,1.853,1.543,1.543,1.1061544832035182,False
2025-01-02,9,2193681000,0.0,0,0.0,0.0,0.0,0.0,False
2025-01-02,10,2193681000,0.001,0,0.0,0.001,0.001,1.9781375071516232,False
2025-01-02,11,2193681000,0.0,0,0.0,0.0,0.0,0.0,False
2025-01-02,12,2193681000,0.001,0,0.0,0.001,0.001,1.9820584893665876,False
2025-01-02,13,2193681000,0.0,0,0.001,-0.001,0.001,-1.9781375071516232,False
2025-01-02,14,2193681000,0.001,0,0.0,0.001,0.001,2.0184294953324766,False
2025-01-02,15,2193681000,0.0,0,0.001,-0.001,0.001,-1.9820584893665876,False
2025-01-02,16,2193681000,0.001,0,0.0,0.001,0.001,2.002019260005388,False
2025-01-02,17,2193681000,1.232,0,0.927,0.30499999999999994,0.30499999999999994,0.268921576109463,False
2025-01-02,18,2193681000,6.454,0,6.339,0.11499999999999932,0.11499999999999932,0.1183369863281895,False
2025-01-02,19,2193681000,6.495,0,6.589,-0.0940000000000003,0.0940000000000003,-0.115501559210407,False
2025-01-02,20,2193681000,6.57,0,6.654,-0.08399999999999963,0.08399999999999963,-0.06890250408764582,False
2025-01-02,21,2193681000,6.648,0,6.6775,-0.029500000000000526,0.029500000000000526,-0.039203802939433964,False
2025-01-02,22,2193681000,6.687,0,6.727,-0.040000000000000036,0.040000000000000036,-0.03258754105725029,False
2025-01-02,23,2193681000,6.69,0,6.762,-0.07199999999999918,0.07199999999999918,-0.0964061209094958,False
2025-01-03,0,2193681000,6.737,0,6.787,-0.04999999999999982,0.04999999999999982,-0.05229247631509052,False
2025-01-03,1,2193681000,6.827,0,6.853,-0.0259999999999998,0.0259999999999998,-0.026547300479012985,False
2025-01-03,2,2193681000,6.895,0,6.895,0.0,0.0,0.0,False
2025-01-03,3,2193681000,6.942,0,6.942,0.0,0.0,0.0,False
2025-01-03,4,2193681000,6.981,0,6.971,0.009999999999999787,0.009999999999999787,0.010021615875477985,False
2025-01-03,5,2193681000,6.955,0,6.962,-0.006999999999999673,0.006999999999999673,-0.0069987638942323755,False
2025-01-03,6,2193681000,6.885,0,6.926,-0.04100000000000037,0.04100000000000037,-0.04085690487686359,False
2025-01-03,7,2193681000,6.815,0,6.818,-0.0029999999999992255,0.0029999999999992255,-0.003091569705764628,False
2025-01-03,8,2193681000,3.371,0,1.853,1.518,1.518,1.088232343164576,False
2025-01-03,9,2193681000,0.001,0,0.0,0.001,0.001,0.07243833225320802,False
2025-01-03,10,2193681000,0.0,0,0.0,0.0,0.0,0.0,False
2025-01-03,11,2193681000,0.001,0,0.0,0.001,0.001,2.0020192600053885,False
2025-01-03,12,2193681000,0.0,0,0.0,0.0,0.0,0.0,False
2025-01-03,13,2193681000,0.001,0,0.001,0.0,0.0,0.0,False
2025-01-03,14,2193681000,0.0,0,0.0,0.0,0.0,0.0,False
2025-01-03,15,2193681000,0.001,0,0.001,0.0,0.0,0.0,False
2025-01-03,16,2193681000,0.0,0,0.0,0.0,0.0,0.0,False
2025-01-03,17,2193681000,1.132,0,0.927,0.20499999999999985,0.20499999999999985,0.18075056754898325,False
2025-01-03,18,2193681000,6.481,0,6.339,0.14199999999999946,0.14199999999999946,0.14612045268350385,False
2025-01-03,19,2193681000,6.496,0,6.589,-0.09299999999999997,0.09299999999999997,-0.11427281921880653,False
2025-01-03,20,2193681000,6.524,0,6.654,-0.1299999999999999,0.1299999999999999,-0.10663482775469034,False
2025-01-03,21,2193681000,6.588,0,6.6775,-0.08950000000000014,0.08950000000000014,-0.11894035129082314,False
2025-01-03,22,2193681000,6.634,0,6.727,-0.09299999999999997,0.09299999999999997,-0.07576603295810684,False
2025-01-03,23,2193681000,6.696,0,6.762,-0.06599999999999984,0.06599999999999984,-0.08837227750037194,False
2025-01-04,0,2193681000,6.715,0,6.838,-0.12300000000000022,0.12300000000000022,-0.1787737931373569,False
2025-01-04,1,2193681000,6.789,0,6.914,-0.125,0.125,-0.17944560563034914,False
2025-01-04,2,2193681000,6.882,0,6.952,-0.07000000000000028,0.07000000000000028,-0.09914639655970892,False
2025-01-04,3,2193681000,6.954,0,7.003,-0.04900000000000038,0.04900000000000038,-0.06841605527521527,False
2025-01-04,4,2193681000,6.978,0,6.987,-0.009000000000000341,0.009000000000000341,-0.012289961164577593,False
2025-01-04,5,2193681000,6.967,0,6.979,-0.012000000000000455,0.012000000000000455,-0.016545114333145945,False
2025-01-04,6,2193681000,6.925,0,6.975,-0.04999999999999982,0.04999999999999982,-0.06849167869698518,False
2025-01-04,7,2193681000,6.89,0,6.891,-0.001000000000000334,0.001000000000000334,-0.0014856000937940115,False
2025-01-04,8,2193681000,3.41,0,0.487,2.923,2.923,1.9938562774150854,False
2025-01-04,9,2193681000,0.001,0,0.001,0.0,0.0,0.0,False
2025-01-04,10,2193681000,0.0,0,0.0,0.0,0.0,0.0,False
2025-01-04,11,2193681000,0.001,0,0.001,0.0,0.0,0.0,False
2025-01-04,12,2193681000,0.0,0,0.0,0.0,0.0,0.0,False
2025-01-04,13,2193681000,0.001,0,0.0005,0.0005,0.0005,0.9682439615554852,False
2025-01-04,14,2193681000,0.0,0,0.0,0.0,0.0,0.0,False
2025-01-04,15,2193681000,0.001,0,0.0,0.001,0.001,1.9436468538446654,False
2025-01-04,16,2193681000,0.0,0,0.0,0.0,0.0,0.0,False
2025-01-04,17,2193681000,1.001,0,1.001,0.0,0.0,0.0,False
2025-01-04,18,2193681000,6.349,0,6.307,0.041999999999999815,0.041999999999999815,0.05672408410084239,False
2025-01-04,19,2193681000,6.451,0,6.458,-0.007000000000000561,0.007000000000000561,-0.010273859172480568,False
2025-01-04,20,2193681000,6.533,0,6.544,-0.010999999999999233,0.010999999999999233,-0.01598986059826834,False
2025-01-04,21,2193681000,0.0,0,6.644,-6.644,6.644,-3.827499432018258,True
2025-01-04,22,2193681000,,1,6.7295,,,,False
2025-01-04,23,2193681000,0.0,0,6.745,-6.745,6.745,-3.822726367746703,True
2025-01-05,0,2193681000,6.717,0,6.838,-0.12100000000000044,0.12100000000000044,-0.17586690219203435,False
2025-01-05,1,2193681000,6.828,0,6.914,-0.08599999999999941,0.08599999999999941,-0.12345857667367935,False
2025-01-05,2,2193681000,6.883,0,6.952,-0.06899999999999995,0.06899999999999995,-0.09773001946599832,False
2025-01-05,3,2193681000,6.907,0,7.003,-0.09600000000000009,0.09600000000000009,-0.13403961849838003,False
2025-01-05,4,2193681000,6.956,0,6.987,-0.030999999999999694,0.030999999999999694,-0.04233208845576524,False
2025-01-05,5,2193681000,6.979,0,6.979,0.0,0.0,0.0,False
2025-01-05,6,2193681000,6.975,0,6.975,0.0,0.0,0.0,False
2025-01-05,7,2193681000,6.961,0,6.891,0.07000000000000028,0.07000000000000028,0.10399200656554651,False
2025-01-05,8,2193681000,3.456,0,0.487,2.969,2.969,2.025234104565648,False
2025-01-05,9,2193681000,0.001,0,0.001,0.0,0.0,0.0,False
2025-01-05,10,2193681000,0.0,0,0.0,0.0,0.0,0.0,False
2025-01-05,11,2193681000,0.0,0,0.001,-0.001,0.001,-1.9712176355116986,False
2025-01-05,12,2193681000,0.001,0,0.0,0.001,0.001,2.0300727544864547,False
2025-01-05,13,2193681000,0.0,0,0.0005,-0.0005,0.0005,-0.9682439615554852,False
2025-01-05,14,2193681000,0.001,0,0.0,0.001,0.001,1.9517963363806923,False
2025-01-05,15,2193681000,0.0,0,0.0,0.0,0.0,0.0,False
2025-01-05,16,2193681000,0.001,0,0.0,0.001,0.001,1.9436468538446654,False
2025-01-05,17,2193681000,0.909,0,1.001,-0.09199999999999986,0.09199999999999986,-0.07812279177063622,False
2025-01-05,18,2193681000,6.415,0,6.307,0.10799999999999965,0.10799999999999965,0.14586193054502344,False
2025-01-05,19,2193681000,6.458,0,6.458,0.0,0.0,0.0,False
2025-01-05,20,2193681000,6.544,0,6.544,0.0,0.0,0.0,False
2025-01-05,21,2193681000,6.629,0,6.644,-0.015000000000000568,0.015000000000000568,-0.008641253985592422,False
2025-01-05,22,2193681000,6.677,0,6.7295,-0.05250000000000021,0.05250000000000021,-0.07224080116456096,False
2025-01-05,23,2193681000,6.747,0,6.745,0.0019999999999997797,0.0019999999999997797,0.001133499293623805,False
2025-01-06,0,2193681000,6.735,0,6.787,-0.0519999999999996,0.0519999999999996,-0.054384175367693924,False
2025-01-06,1,2193681000,6.83,0,6.853,-0.022999999999999687,0.022999999999999687,-0.023484150423742117,False
2025-01-06,2,2193681000,6.936,0,6.895,0.04100000000000037,0.04100000000000037,0.04099289445656948,False
2025-01-06,3,2193681000,7.01,0,6.942,0.06799999999999962,0.06799999999999962,0.0679053408049801,False
2025-01-06,4,2193681000,7.047,0,6.971,0.07599999999999962,0.07599999999999962,0.07616428065363393,False
2025-01-06,5,2193681000,7.035,0,6.962,0.0730000000000004,0.0730000000000004,0.07298710918271287,False
2025-01-06,6,2193681000,6.995,0,6.926,0.06899999999999995,0.06899999999999995,0.06875918137813561,False
2025-01-06,7,2193681000,6.887,0,6.818,0.06899999999999995,0.06899999999999995,0.07110610323260474,False
2025-01-06,8,2193681000,3.388,0,1.853,1.535,1.535,1.1004193983910566,False
2025-01-06,9,2193681000,0.0,0,0.0,0.0,0.0,0.0,False
2025-01-06,10,2193681000,0.0,0,0.0,0.0,0.0,0.0,False
2025-01-06,11,2193681000,0.001,0,0.0,0.001,0.001,2.0020192600053885,False
2025-01-06,12,2193681000,0.0,0,0.0,0.0,0.0,0.0,False
2025-01-06,13,2193681000,0.001,0,0.001,0.0,0.0,0.0,False
2025-01-06,14,2193681000,0.0,0,0.0,0.0,0.0,0.0,False
2025-01-06,15,2193681000,0.001,0,0.001,0.0,0.0,0.0,False
2025-01-06,16,2193681000,0.0,0,0.0,0.0,0.0,0.0,False
2025-01-06,17,2193681000,0.813,0,0.927,-0.1140000000000001,0.1140000000000001,-0.10051494975894694,False
2025-01-06,18,2193681000,6.42,0,6.339,0.08099999999999952,0.08099999999999952,0.08335039906594216,False
2025-01-06,19,2193681000,6.428,0,6.589,-0.16100000000000048,0.16100000000000048,-0.19782713864761195,False
2025-01-06,20,2193681000,0.0,0,6.654,-6.654,6.654,-5.458062645228539,True
2025-01-06,21,2193681000,,1,6.6775,,,,False
2025-01-06,22,2193681000,0.0,0,6.727,-6.727,6.727,-5.480409717303064,True
2025-01-06,23,2193681000,6.661,0,6.762,-0.10099999999999998,0.10099999999999998,-0.1352363640535998,False
2025-01-07,0,2193681000,6.779,0,6.787,-0.008000000000000007,0.008000000000000007,-0.00836679621041452,False
2025-01-07,1,2193681000,6.853,0,6.853,0.0,0.0,0.0,False
2025-01-07,2,2193681000,6.881,0,6.895,-0.013999999999999346,0.013999999999999346,-0.013997573716876602,False
2025-01-07,3,2193681000,6.942,0,6.942,0.0,0.0,0.0,False
2025-01-07,4,2193681000,6.97,0,6.971,-0.001000000000000334,0.001000000000000334,-0.0010021615875481546,False
2025-01-07,5,2193681000,6.953,0,6.962,-0.008999999999999453,0.008999999999999453,-0.008998410721155784,False
2025-01-07,6,2193681000,6.912,0,6.926,-0.014000000000000234,0.014000000000000234,-0.013951138250636454,False
2025-01-07,7,2193681000,6.843,0,6.818,0.025000000000000355,0.025000000000000355,0.025763080881378915,False
2025-01-07,8,2193681000,3.364,0,1.853,1.511,1.511,1.083214143953672,False
2025-01-07,9,2193681000,0.0,0,0.0,0.0,0.0,0.0,False
2025-01-07,10,2193681000,0.001,0,0.0,0.001,0.001,1.9781375071516232,False
2025-01-07,11,2193681000,0.0,0,0.0,0.0,0.0,0.0,False
2025-01-07,12,2193681000,0.001,0,0.0,0.001,0.001,1.9820584893665876,False
2025-01-07,13,2193681000,0.0,0,0.001,-0.001,0.001,-1.9781375071516232,False
2025-01-07,14,2193681000,0.001,0,0.0,0.001,0.001,2.0184294953324766,False
2025-01-07,15,2193681000,0.0,0,0.001,-0.001,0.001,-1.9820584893665876,False
2025-01-07,16,2193681000,0.001,0,0.0,0.001,0.001,2.002019260005388,False
2025-01-07,17,2193681000,0.715,0,0.927,-0.21200000000000008,0.21200000000000008,-0.18692253814821702,False
2025-01-07,18,2193681000,6.469,0,6.339,0.1299999999999999,0.1299999999999999,0.13377224541447577,False
2025-01-07,19,2193681000,6.526,0,6.589,-0.06300000000000061,0.06300000000000061,-0.0774106194708052,False
2025-01-07,20,2193681000,6.515,0,6.654,-0.13900000000000023,0.13900000000000023,-0.11401723890693842,False
2025-01-07,21,2193681000,6.577,0,6.6775,-0.10050000000000026,0.10050000000000026,-0.1335587184885781,False
2025-01-07,22,2193681000,6.637,0,6.727,-0.09000000000000075,0.09000000000000075,-0.0733219673788137,False
2025-01-07,23,2193681000,6.699,0,6.762,-0.06299999999999972,0.06299999999999972,-0.08435535579580941,False
2025-01-08,0,2193681000,6.792,0,6.787,0.004999999999999893,0.004999999999999893,0.005229247631508959,False
2025-01-08,1,2193681000,6.888,0,6.853,0.03500000000000014,0.03500000000000014,0.03573675064482559,False
2025-01-08,2,2193681000,6.937,0,6.895,0.0420000000000007,0.0420000000000007,0.04199272115063247,False
2025-01-08,3,2193681000,6.951,0,6.942,0.008999999999999453,0.008999999999999453,0.008987471577129223,False
2025-01-08,4,2193681000,6.954,0,6.971,-0.017000000000000348,0.017000000000000348,-0.017036746988313284,False
2025-01-08,5,2193681000,6.962,0,6.962,0.0,0.0,0.0,False
2025-01-08,6,2193681000,6.928,0,6.926,0.0019999999999997797,0.0019999999999997797,0.0019930197500906692,False
2025-01-08,7,2193681000,6.863,0,6.818,0.04500000000000082,0.04500000000000082,0.04637354558648223,False
2025-01-08,8,2193681000,3.272,0,1.853,1.4189999999999998,1.4189999999999998,1.0172606686103645,False
2025-01-08,9,2193681000,0.0,0,0.0,0.0,0.0,0.0,False
2025-01-08,10,2193681000,0.001,0,0.0,0.001,0.001,1.9781375071516232,False
2025-01-08,11,2193681000,0.0,0,0.0,0.0,0.0,0.0,False
2025-01-08,12,2193681000,0.0,0,0.0,0.0,0.0,0.0,False
2025-01-08,13,2193681000,0.001,0,0.001,0.0,0.0,0.0,False
2025-01-08,14,2193681000,0.0,0,0.0,0.0,0.0,0.0,False
2025-01-08,15,2193681000,0.001,0,0.001,0.0,0.0,0.0,False
2025-01-08,16,2193681000,0.0,0,0.0,0.0,0.0,0.0,False
2025-01-08,17,2193681000,0.614,0,0.927,-0.31300000000000006,0.31300000000000006,-0.2759752567943015,False
2025-01-08,18,2193681000,6.456,0,6.339,0.11699999999999999,0.11699999999999999,0.12039502087302828,False
2025-01-08,19,2193681000,6.421,0,6.589,-0.16800000000000015,0.16800000000000015,-0.20642831858881203,False
2025-01-08,20,2193681000,6.513,0,6.654,-0.14100000000000001,0.14100000000000001,-0.11565777471854886,False
2025-01-08,21,2193681000,6.576,0,6.6775,-0.10150000000000059,0.10150000000000059,-0.1348876609611017,False
2025-01-08,22,2193681000,6.674,0,6.727,-0.052999999999999936,0.052999999999999936,-0.04317849190085655,False
2025-01-08,23,2193681000,6.741,0,6.762,-0.020999999999999908,0.020999999999999908,-0.02811845193193647,False
2025-01-09,0,2193681000,6.813,0,6.787,0.0259999999999998,0.0259999999999998,0.027192087683846962,False
2025-01-09,1,2193681000,6.859,0,6.853,0.006000000000000227,0.006000000000000227,0.0061263001105417375,False
2025-01-09,2,2193681000,6.935,0,6.895,0.040000000000000036,0.040000000000000036,0.03999306776250648,False
2025-01-09,3,2193681000,6.968,0,6.942,0.0259999999999998,0.0259999999999998,0.025963806778374694,False
2025-01-09,4,2193681000,7.004,0,6.971,0.032999999999999474,0.032999999999999474,0.03307133238907753,False
2025-01-09,5,2193681000,6.998,0,6.962,0.036000000000000476,0.036000000000000476,0.0359936428846258,False
2025-01-09,6,2193681000,6.973,0,6.926,0.04699999999999971,0.04699999999999971,0.046835964127135594,False
2025-01-09,7,2193681000,6.865,0,6.818,0.0470000000000006,0.0470000000000006,0.04843459205699229,False
2025-01-09,8,2193681000,3.273,0,1.853,1.4200000000000002,1.4200000000000002,1.0179775542119223,False
2025-01-09,9,2193681000,0.001,0,0.0,0.001,0.001,0.07243833225320802,False
2025-01-09,10,2193681000,0.0,0,0.0,0.0,0.0,0.0,False
2025-01-09,11,2193681000,0.0,0,0.0,0.0,0.0,0.0,False
2025-01-09,12,2193681000,0.0,0,0.0,0.0,0.0,0.0,False
2025-01-09,13,2193681000,0.0,0,0.001,-0.001,0.001,-1.9781375071516232,False
2025-01-09,14,2193681000,0.0,0,0.0,0.0,0.0,0.0,False
2025-01-09,15,2193681000,0.001,0,0.001,0.0,0.0,0.0,False
2025-01-09,16,2193681000,0.0,0,0.0,0.0,0.0,0.0,False
2025-01-09,17,2193681000,0.5,0,0.927,-0.42700000000000005,0.42700000000000005,-0.37649020655324833,False
2025-01-09,18,2193681000,6.447,0,6.339,0.10799999999999965,0.10799999999999965,0.11113386542125651,False
2025-01-09,19,2193681000,6.498,0,6.589,-0.09100000000000019,0.09100000000000019,-0.11181533923560666,False
2025-01-09,20,2193681000,6.555,0,6.654,-0.0990000000000002,0.0990000000000002,-0.08120652267472594,False
2025-01-09,21,2193681000,6.635,0,6.6775,-0.042500000000000426,0.042500000000000426,-0.056480055082234935,False
2025-01-09,22,2193681000,6.723,0,6.727,-0.004000000000000448,0.004000000000000448,-0.003258754105725391,False
2025-01-09,23,2193681000,6.714,0,6.762,-0.047999999999999154,0.047999999999999154,-0.0642707472729968,False
2025-01-10,0,2193681000,6.788,0,6.787,0.001000000000000334,0.001000000000000334,0.0010458495263021635,False
2025-01-10,1,2193681000,6.905,0,6.853,0.05200000000000049,0.05200000000000049,0.05309460095802688,False
2025-01-10,2,2193681000,6.985,0,6.895,0.09000000000000075,0.09000000000000075,0.08998440246564025,False
2025-01-10,3,2193681000,7.023,0,6.942,0.08099999999999952,0.08099999999999952,0.08088724419416744,False
2025-01-10,4,2193681000,7.043,0,6.971,0.07200000000000006,0.07200000000000006,0.07215563430344309,False
2025-01-10,5,2193681000,7.026,0,6.962,0.06400000000000006,0.06400000000000006,0.06398869846155619,False
2025-01-10,6,2193681000,7.004,0,6.926,0.0779999999999994,0.0779999999999994,0.07772777025354406,False
2025-01-10,7,2193681000,6.909,0,6.818,0.09100000000000019,0.09100000000000019,0.09377761440821812,False
2025-01-10,8,2193681000,3.258,0,1.853,1.405,1.405,1.0072242701885568,False
2025-01-10,9,2193681000,0.0,0,0.0,0.0,0.0,0.0,False
2025-01-10,10,2193681000,0.001,0,0.0,0.001,0.001,1.9781375071516232,False
2025-01-10,11,2193681000,0.0,0,0.0,0.0,0.0,0.0,False
2025-01-10,12,2193681000,0.001,0,0.0,0.001,0.001,1.9820584893665876,False
2025-01-10,13,2193681000,0.0,0,0.001,-0.001,0.001,-1.9781375071516232,False
2025-01-10,14,2193681000,0.0,0,0.0,0.0,0.0,0.0,False
2025-01-10,15,2193681000,0.001,0,0.001,0.0,0.0,0.0,False
2025-01-10,16,2193681000,0.0,0,0.0,0.0,0.0,0.0,False
2025-01-10,17,2193681000,0.398,0,0.927,-0.529,0.529,-0.4664246352849376,False
2025-01-10,18,2193681000,6.51,0,6.339,0.17099999999999937,0.17099999999999937,0.17596195358365607,False
2025-01-10,19,2193681000,6.552,0,6.589,-0.03700000000000081,0.03700000000000081,-0.04546337968920361,False
2025-01-10,20,2193681000,6.583,0,6.654,-0.07099999999999973,0.07099999999999973,-0.058239021312176856,False
2025-01-10,21,2193681000,6.609,0,6.6775,-0.06850000000000023,0.06850000000000023,-0.09103255936783687,False
2025-01-10,22,2193681000,6.673,0,6.727,-0.05400000000000027,0.05400000000000027,-0.04399318042728808,False
2025-01-10,23,2193681000,6.743,0,6.762,-0.01899999999999924,0.01899999999999924,-0.025440504128893995,False
2025-01-11,0,2193681000,6.76,0,6.838,-0.07800000000000029,0.07800000000000029,-0.11336874686759241,False
2025-01-11,1,2193681000,6.845,0,6.914,-0.06899999999999995,0.06899999999999995,-0.09905397430795265,False
2025-01-11,2,2193681000,6.952,0,6.952,0.0,0.0,0.0,False
2025-01-11,3,2193681000,7.01,0,7.003,0.006999999999999673,0.006999999999999673,0.009773722182173079,False
2025-01-11,4,2193681000,6.987,0,6.987,0.0,0.0,0.0,False
2025-01-11,5,2193681000,6.963,0,6.979,-0.016000000000000014,0.016000000000000014,-0.02206015244419378,False
2025-01-11,6,2193681000,6.932,0,6.975,-0.04299999999999926,0.04299999999999926,-0.05890284367940646,False
2025-01-11,7,2193681000,6.878,0,6.891,-0.0129999999999999,0.0129999999999999,-0.019312801219315553,False
2025-01-11,8,2193681000,3.278,0,0.487,2.791,2.791,1.9038155560265149,False
2025-01-11,9,2193681000,0.0,0,0.001,-0.001,0.001,-1.9712176355116986,False
2025-01-11,10,2193681000,0.0,0,0.0,0.0,0.0,0.0,False
2025-01-11,11,2193681000,0.001,0,0.001,0.0,0.0,0.0,False
2025-01-11,12,2193681000,0.0,0,0.0,0.0,0.0,0.0,False
2025-01-11,13,2193681000,0.001,0,0.0005,0.0005,0.0005,0.9682439615554852,False
2025-01-11,14,2193681000,0.0,0,0.0,0.0,0.0,0.0,False
2025-01-11,15,2193681000,0.001,0,0.0,0.001,0.001,1.9436468538446654,False
2025-01-11,16,2193681000,0.0,0,0.0,0.0,0.0,0.0,False
2025-01-11,17,2193681000,0.284,0,1.001,-0.7169999999999999,0.7169999999999999,-0.608848279342894,False
2025-01-11,18,2193681000,6.287,0,6.307,-0.020000000000000462,0.020000000000000462,-0.0270114686194495,False
2025-01-11,19,2193681000,6.366,0,6.458,-0.09200000000000053,0.09200000000000053,-0.13502786340973455,False
2025-01-11,20,2193681000,6.473,0,6.544,-0.07099999999999973,0.07099999999999973,-0.10320728204337518,False
2025-01-11,21,2193681000,6.521,0,6.644,-0.12300000000000022,0.12300000000000022,-0.07085828268185529,False
2025-01-11,22,2193681000,6.615,0,6.7295,-0.1144999999999996,0.1144999999999996,-0.15755374730175556,False
2025-01-11,23,2193681000,6.694,0,6.745,-0.051000000000000156,0.051000000000000156,-0.0289042319874103,False
2025-01-12,0,2193681000,6.748,0,6.838,-0.08999999999999986,0.08999999999999986,-0.130810092539529,False
2025-01-12,1,2193681000,6.728,0,6.914,-0.18599999999999994,0.18599999999999994,-0.2670150611779594,False
2025-01-12,2,2193681000,6.768,0,6.952,-0.18400000000000016,0.18400000000000016,-0.26061338524266264,False
2025-01-12,3,2193681000,6.834,0,7.003,-0.16900000000000048,0.16900000000000048,-0.23596557839819032,False
2025-01-12,4,2193681000,6.96,0,6.987,-0.027000000000000135,0.027000000000000135,-0.03686988349373157,False
2025-01-12,5,2193681000,6.998,0,6.979,0.019000000000000128,0.019000000000000128,0.026196431027480264,False
2025-01-12,6,2193681000,6.982,0,6.975,0.007000000000000561,0.007000000000000561,0.009588835017578729,False
2025-01-12,7,2193681000,6.966,0,6.891,0.07500000000000018,0.07500000000000018,0.11142000703451392,False
2025-01-12,8,2193681000,3.221,0,0.487,2.734,2.734,1.864934335426905,False
2025-01-12,9,2193681000,0.0,0,0.001,-0.001,0.001,-1.9712176355116986,False
2025-01-12,10,2193681000,0.001,0,0.0,0.001,0.001,2.0300727544864547,False
2025-01-12,11,2193681000,0.0,0,0.001,-0.001,0.001,-1.9712176355116986,False
2025-01-12,12,2193681000,0.001,0,0.0,0.001,0.001,2.0300727544864547,False
2025-01-12,13,2193681000,0.0,0,0.0005,-0.0005,0.0005,-0.9682439615554852,False
2025-01-12,14,2193681000,0.001,0,0.0,0.001,0.001,1.9517963363806923,False
2025-01-12,15,2193681000,0.0,0,0.0,0.0,0.0,0.0,False
2025-01-12,16,2193681000,0.001,0,0.0,0.001,0.001,1.9436468538446654,False
2025-01-12,17,2193681000,0.189,0,1.001,-0.8119999999999998,0.8119999999999998,-0.6895185534538771,False
2025-01-12,18,2193681000,6.307,0,6.307,0.0,0.0,0.0,False
2025-01-12,19,2193681000,6.395,0,6.458,-0.06300000000000061,0.06300000000000061,-0.09246473255231859,False
2025-01-12,20,2193681000,6.458,0,6.544,-0.08599999999999941,0.08599999999999941,-0.12501163740465124,False
2025-01-12,21,2193681000,6.644,0,6.644,0.0,0.0,0.0,False
2025-01-12,22,2193681000,6.782,0,6.7295,0.05250000000000021,0.05250000000000021,0.07224080116456096,False
2025-01-12,23,2193681000,6.745,0,6.745,0.0,0.0,0.0,False
2025-01-13,0,2193681000,6.793,0,6.787,0.006000000000000227,0.006000000000000227,0.006275097157811123,False
2025-01-13,1,2193681000,6.831,0,6.853,-0.021999999999999353,0.021999999999999353,-0.022463100405318192,False
2025-01-13,2,2193681000,6.903,0,6.895,0.008000000000000007,0.008000000000000007,0.007998613552501296,False
2025-01-13,3,2193681000,6.948,0,6.942,0.006000000000000227,0.006000000000000227,0.00599164771808674,False
2025-01-13,4,2193681000,6.98,0,6.971,0.009000000000000341,0.009000000000000341,0.00901945428793072,False
2025-01-13,5,2193681000,6.998,0,6.962,0.036000000000000476,0.036000000000000476,0.0359936428846258,False
2025-01-13,6,2193681000,6.926,0,6.926,0.0,0.0,0.0,False
2025-01-13,7,2193681000,6.857,0,6.818,0.03900000000000059,0.03900000000000059,0.04019040617495115,False
2025-01-13,8,2193681000,3.108,0,1.853,1.2550000000000001,1.2550000000000001,0.8996914299549031,False
2025-01-13,9,2193681000,0.0,0,0.0,0.0,0.0,0.0,False
2025-01-13,10,2193681000,0.001,0,0.0,0.001,0.001,1.9781375071516232,False
2025-01-13,11,2193681000,0.0,0,0.0,0.0,0.0,0.0,False
2025-01-13,12,2193681000,0.001,0,0.0,0.001,0.001,1.9820584893665876,False
2025-01-13,13,2193681000,0.0,0,0.001,-0.001,0.001,-1.9781375071516232,False
2025-01-13,14,2193681000,0.0,0,0.0,0.0,0.0,0.0,False
2025-01-13,15,2193681000,0.001,0,0.001,0.0,0.0,0.0,False
2025-01-13,16,2193681000,0.0,0,0.0,0.0,0.0,0.0,False
2025-01-13,17,2193681000,0.106,0,0.927,-0.8210000000000001,0.8210000000000001,-0.7238839802815383,False
2025-01-13,18,2193681000,6.339,0,6.339,0.0,0.0,0.0,False
2025-01-13,19,2193681000,6.408,0,6.589,-0.18100000000000005,0.18100000000000005,-0.22240193847961284,False
2025-01-13,20,2193681000,6.511,0,6.654,-0.1429999999999998,0.1429999999999998,-0.1172983105301593,False
2025-01-13,21,2193681000,6.541,0,6.6775,-0.13649999999999984,0.13649999999999984,-0.18140064749941134,False
2025-01-13,22,2193681000,6.645,0,6.727,-0.08200000000000074,0.08200000000000074,-0.06680445916736365,False
2025-01-13,23,2193681000,6.731,0,6.762,-0.030999999999999694,0.030999999999999694,-0.041508190947144086,False
2025-01-14,0,2193681000,6.787,0,6.787,0.0,0.0,0.0,False
2025-01-14,1,2193681000,6.86,0,6.853,0.007000000000000561,0.007000000000000561,0.007147350128965663,False
2025-01-14,2,2193681000,6.847,0,6.895,-0.047999999999999154,0.047999999999999154,-0.04799168131500689,False
2025-01-14,3,2193681000,6.892,0,6.942,-0.04999999999999982,0.04999999999999982,-0.04993039765072077,False
2025-01-14,4,2193681000,6.908,0,6.971,-0.06299999999999972,0.06299999999999972,-0.06313618001551237,False
2025-01-14,5,2193681000,6.917,0,6.962,-0.04499999999999993,0.04499999999999993,-0.04499205360578158,False
2025-01-14,6,2193681000,6.866,0,6.926,-0.0600000000000005,0.0600000000000005,-0.059790592502727155,False
2025-01-14,7,2193681000,6.834,0,6.818,0.016000000000000014,0.016000000000000014,0.016488371764082285,False
2025-01-14,8,2193681000,3.107,0,1.853,1.2540000000000002,1.2540000000000002,0.8989745443533456,False
2025-01-14,9,2193681000,0.001,0,0.0,0.001,0.001,0.07243833225320802,False
2025-01-14,10,2193681000,0.0,0,0.0,0.0,0.0,0.0,False
2025-01-14,11,2193681000,0.001,0,0.0,0.001,0.001,2.0020192600053885,False
2025-01-14,12,2193681000,0.0,0,0.0,0.0,0.0,0.0,False
2025-01-14,13,2193681000,0.001,0,0.001,0.0,0.0,0.0,False
2025-01-14,14,2193681000,0.0,0,0.0,0.0,0.0,0.0,False
2025-01-14,15,2193681000,0.001,0,0.001,0.0,0.0,0.0,False
2025-01-14,16,2193681000,0.0,0,0.0,0.0,0.0,0.0,False
2025-01-14,17,2193681000,0.03,0,0.927,-0.897,0.897,-0.7908939467875029,False
2025-01-14,18,2193681000,6.433,0,6.339,0.09399999999999942,0.09399999999999942,0.09672762360738964,False
2025-01-14,19,2193681000,6.419,0,6.589,-0.17000000000000082,0.17000000000000082,-0.208885798572013,False
2025-01-14,20,2193681000,6.463,0,6.654,-0.19099999999999984,0.19099999999999984,-0.15667117000881425,False
2025-01-14,21,2193681000,6.584,0,6.6775,-0.09350000000000058,0.09350000000000058,-0.12425612118091638,False
2025-01-14,22,2193681000,6.569,0,6.727,-0.15800000000000036,0.15800000000000036,-0.12872078717613886,False
2025-01-14,23,2193681000,6.684,0,6.762,-0.0779999999999994,0.0779999999999994,-0.10443996431862083,False
2025-01-15,0,2193681000,6.722,0,6.787,-0.0649999999999995,0.0649999999999995,-0.0679802192096174,False
2025-01-15,1,2193681000,6.792,0,6.853,-0.06099999999999994,0.06099999999999994,-0.06228405112383858,False
2025-01-15,2,2193681000,6.879,0,6.895,-0.016000000000000014,0.016000000000000014,-0.015997227105002593,False
2025-01-15,3,2193681000,6.933,0,6.942,-0.009000000000000341,0.009000000000000341,-0.008987471577130111,False
2025-01-15,4,2193681000,6.939,0,6.971,-0.03200000000000003,0.03200000000000003,-0.03206917080153026,False
2025-01-15,5,2193681000,6.919,0,6.962,-0.04300000000000015,0.04300000000000015,-0.042992406778858176,False
2025-01-15,6,2193681000,6.878,0,6.926,-0.04800000000000004,0.04800000000000004,-0.04783247400218137,False
2025-01-15,7,2193681000,6.815,0,6.818,-0.0029999999999992255,0.0029999999999992255,-0.003091569705764628,False
2025-01-15,8,2193681000,2.992,0,1.853,1.139,1.139,0.8165327001742109,False
2025-01-15,9,2193681000,0.001,0,0.0,0.001,0.001,0.07243833225320802,False
2025-01-15,10,2193681000,0.0,0,0.0,0.0,0.0,0.0,False
2025-01-15,11,2193681000,0.0,0,0.0,0.0,0.0,0.0,False
2025-01-15,12,2193681000,0.001,0,0.0,0.001,0.001,1.9820584893665876,False
2025-01-15,13,2193681000,0.0,0,0.001,-0.001,0.001,-1.9781375071516232,False
2025-01-15,14,2193681000,0.001,0,0.0,0.001,0.001,2.0184294953324766,False
2025-01-15,15,2193681000,0.0,0,0.001,-0.001,0.001,-1.9820584893665876,False
2025-01-15,16,2193681000,0.001,0,0.0,0.001,0.001,2.002019260005388,False
2025-01-15,17,2193681000,0.0,0,0.927,-0.927,0.927,-0.8173452493556468,False
2025-01-15,18,2193681000,6.252,0,6.339,-0.08700000000000063,0.08700000000000063,-0.08952450270045757,False
2025-01-15,19,2193681000,6.436,0,6.589,-0.15300000000000047,0.15300000000000047,-0.18799721871481137,False
2025-01-15,20,2193681000,6.479,0,6.654,-0.17499999999999982,0.17499999999999982,-0.14354688351592929,False
2025-01-15,21,2193681000,6.534,0,6.6775,-0.1435000000000004,0.1435000000000004,-0.19070324480707423,False
2025-01-15,22,2193681000,6.585,0,6.727,-0.14200000000000035,0.14200000000000035,-0.11568577075323873,False
2025-01-15,23,2193681000,6.655,0,6.762,-0.10699999999999932,0.10699999999999932,-0.14327020746272365,False
2025-01-16,0,2193681000,6.77,0,6.787,-0.017000000000000348,0.017000000000000348,-0.017779441947131207,False
2025-01-16,1,2193681000,6.805,0,6.853,-0.04800000000000004,0.04800000000000004,-0.04901040088433209,False
2025-01-16,2,2193681000,6.895,0,6.895,0.0,0.0,0.0,False
2025-01-16,3,2193681000,6.943,0,6.942,0.0009999999999994458,0.0009999999999994458,0.0009986079530138654,False
2025-01-16,4,2193681000,6.963,0,6.971,-0.008000000000000007,0.008000000000000007,-0.008017292700382565,False
2025-01-16,5,2193681000,6.948,0,6.962,-0.013999999999999346,0.013999999999999346,-0.013997527788464751,False
2025-01-16,6,2193681000,6.919,0,6.926,-0.007000000000000561,0.007000000000000561,-0.0069755691253186695,False
2025-01-16,7,2193681000,6.86,0,6.818,0.0420000000000007,0.0420000000000007,0.04328197588071669,False
2025-01-16,8,2193681000,2.996,0,1.853,1.143,1.143,0.8194002425804416,False
2025-01-16,9,2193681000,0.0,0,0.0,0.0,0.0,0.0,False
2025-01-16,10,2193681000,0.001,0,0.0,0.001,0.001,1.9781375071516232,False
2025-01-16,11,2193681000,0.0,0,0.0,0.0,0.0,0.0,False
2025-01-16,12,2193681000,0.001,0,0.0,0.001,0.001,1.9820584893665876,False
2025-01-16,13,2193681000,0.0,0,0.001,-0.001,0.001,-1.9781375071516232,False
2025-01-16,14,2193681000,0.001,0,0.0,0.001,0.001,2.0184294953324766,False
2025-01-16,15,2193681000,0.0,0,0.001,-0.001,0.001,-1.9820584893665876,False
2025-01-16,16,2193681000,0.001,0,0.0,0.001,0.001,2.002019260005388,False
2025-01-16,17,2193681000,0.0,0,0.927,-0.927,0.927,-0.8173452493556468,False
2025-01-16,18,2193681000,6.043,0,6.339,-0.29600000000000026,0.29600000000000026,-0.3045891126360376,False
2025-01-16,19,2193681000,6.445,0,6.589,-0.14400000000000013,0.14400000000000013,-0.17693855879041032,False
2025-01-16,20,2193681000,6.46,0,6.654,-0.19399999999999995,0.19399999999999995,-0.15913197372623028,False
2025-01-16,21,2193681000,6.57,0,6.6775,-0.10749999999999993,0.10749999999999993,-0.14286131579623979,False
2025-01-16,22,2193681000,6.561,0,6.727,-0.16600000000000037,0.16600000000000037,-0.1352382953875889,False
2025-01-16,23,2193681000,6.625,0,6.762,-0.13699999999999957,0.13699999999999957,-0.1834394245083477,False
2025-01-17,0,2193681000,6.734,0,6.787,-0.052999999999999936,0.052999999999999936,-0.05543002489399609,False
2025-01-17,1,2193681000,6.77,0,6.853,-0.08300000000000018,0.08300000000000018,-0.08474715152915768,False
2025-01-17,2,2193681000,6.866,0,6.895,-0.028999999999999915,0.028999999999999915,-0.028994974127817087,False
2025-01-17,3,2193681000,6.937,0,6.942,-0.004999999999999893,0.004999999999999893,-0.004993039765071988,False
2025-01-17,4,2193681000,6.971,0,6.971,0.0,0.0,0.0,False
2025-01-17,5,2193681000,6.989,0,6.962,0.027000000000000135,0.027000000000000135,0.026995232163469128,False
2025-01-17,6,2193681000,6.939,0,6.926,0.0129999999999999,0.0129999999999999,0.012954628375590678,False
2025-01-17,7,2193681000,6.818,0,6.818,0.0,0.0,0.0,False
2025-01-17,8,2193681000,2.872,0,1.853,1.019,1.019,0.7305064279872877,False
2025-01-17,9,2193681000,0.001,0,0.0,0.001,0.001,0.07243833225320802,False
2025-01-17,10,2193681000,0.0,0,0.0,0.0,0.0,0.0,False
2025-01-17,11,2193681000,0.001,0,0.0,0.001,0.001,2.0020192600053885,False
2025-01-17,12,2193681000,0.0,0,0.0,0.0,0.0,0.0,False
2025-01-17,13,2193681000,0.001,0,0.001,0.0,0.0,0.0,False
2025-01-17,14,2193681000,0.0,0,0.0,0.0,0.0,0.0,False
2025-01-17,15,2193681000,0.001,0,0.001,0.0,0.0,0.0,False
2025-01-17,16,2193681000,0.0,0,0.0,0.0,0.0,0.0,False
2025-01-17,17,2193681000,0.001,0,0.927,-0.926,0.926,-0.816463539270042,False
2025-01-17,18,2193681000,5.975,0,6.339,-0.36400000000000077,0.36400000000000077,-0.3745622871605332,False
2025-01-17,19,2193681000,6.454,0,6.589,-0.13500000000000068,0.13500000000000068,-0.16587989886601034,False
2025-01-17,20,2193681000,6.494,0,6.654,-0.16000000000000014,0.16000000000000014,-0.13124286492884987,False
2025-01-17,21,2193681000,6.571,0,6.6775,-0.10650000000000048,0.10650000000000048,-0.14153237332371735,False
2025-01-17,22,2193681000,6.611,0,6.727,-0.11600000000000055,0.11600000000000055,-0.09450386906602622,False
2025-01-17,23,2193681000,6.693,0,6.762,-0.06899999999999995,0.06899999999999995,-0.09238919920493445,False
2025-01-18,0,2193681000,6.714,0,6.838,-0.12399999999999967,0.12399999999999967,-0.18022723861001752,False
2025-01-18,1,2193681000,6.818,0,6.914,-0.09600000000000009,0.09600000000000009,-0.13781422512410826,False
2025-01-18,2,2193681000,6.874,0,6.952,-0.07800000000000029,0.07800000000000029,-0.1104774133093899,False
2025-01-18,3,2193681000,6.953,0,7.003,-0.04999999999999982,0.04999999999999982,-0.06981230130123929,False
2025-01-18,4,2193681000,6.987,0,6.987,0.0,0.0,0.0,False
2025-01-18,5,2193681000,6.975,0,6.979,-0.004000000000000448,0.004000000000000448,-0.005515038111049057,False
2025-01-18,6,2193681000,6.955,0,6.975,-0.019999999999999574,0.019999999999999574,-0.027396671478793586,False
2025-01-18,7,2193681000,6.891,0,6.891,0.0,0.0,0.0,False
2025-01-18,8,2193681000,2.942,0,0.487,2.455,2.455,1.6746209924919722,False
2025-01-18,9,2193681000,0.001,0,0.001,0.0,0.0,0.0,False
2025-01-18,10,2193681000,0.0,0,0.0,0.0,0.0,0.0,False
2025-01-18,11,2193681000,0.001,0,0.001,0.0,0.0,0.0,False
2025-01-18,12,2193681000,0.0,0,0.0,0.0,0.0,0.0,False
2025-01-18,13,2193681000,0.001,0,0.0005,0.0005,0.0005,0.9682439615554852,False
2025-01-18,14,2193681000,0.0,0,0.0,0.0,0.0,0.0,False
2025-01-18,15,2193681000,0.001,0,0.0,0.001,0.001,1.9436468538446654,False
2025-01-18,16,2193681000,0.0,0,0.0,0.0,0.0,0.0,False
2025-01-18,17,2193681000,0.001,0,1.001,-0.9999999999999999,0.9999999999999999,-0.8491607801156124,False
2025-01-18,18,2193681000,5.789,0,6.307,-0.5180000000000007,0.5180000000000007,-0.6995970372437268,False
2025-01-18,19,2193681000,6.407,0,6.458,-0.051000000000000156,0.051000000000000156,-0.07485240254235265,False
2025-01-18,20,2193681000,6.514,0,6.544,-0.02999999999999936,0.02999999999999936,-0.043608710722552124,False
2025-01-18,21,2193681000,6.573,0,6.644,-0.07099999999999973,0.07099999999999973,-0.04090193553180242,False
2025-01-18,22,2193681000,6.655,0,6.7295,-0.07449999999999957,0.07449999999999957,-0.10251313689066167,False
2025-01-18,23,2193681000,6.739,0,6.745,-0.006000000000000227,0.006000000000000227,-0.003400497880871918,False
2025-01-19,0,2193681000,6.807,0,6.838,-0.030999999999999694,0.030999999999999694,-0.04505680965250406,False
2025-01-19,1,2193681000,6.898,0,6.914,-0.016000000000000014,0.016000000000000014,-0.02296903752068471,False
2025-01-19,2,2193681000,6.999,0,6.952,0.04699999999999971,0.04699999999999971,0.06656972340437531,False
2025-01-19,3,2193681000,6.945,0,7.003,-0.05799999999999983,0.05799999999999983,-0.08098226950943763,False
2025-01-19,4,2193681000,6.991,0,6.987,0.0039999999999995595,0.0039999999999995595,0.005462204962033677,False
2025-01-19,5,2193681000,7.005,0,6.979,0.0259999999999998,0.0259999999999998,0.03584774772181458,False
2025-01-19,6,2193681000,7.015,0,6.975,0.040000000000000036,0.040000000000000036,0.05479334295758839,False
2025-01-19,7,2193681000,7.013,0,6.891,0.12199999999999989,0.12199999999999989,0.18124321144280872,False
2025-01-19,8,2193681000,2.86,0,0.487,2.3729999999999998,2.3729999999999998,1.6186866049627087,False
2025-01-19,9,2193681000,0.0,0,0.001,-0.001,0.001,-1.9712176355116986,False
2025-01-19,10,2193681000,0.001,0,0.0,0.001,0.001,2.0300727544864547,False
2025-01-19,11,2193681000,0.0,0,0.001,-0.001,0.001,-1.9712176355116986,False
2025-01-19,12,2193681000,0.001,0,0.0,0.001,0.001,2.0300727544864547,False
2025-01-19,13,2193681000,0.0,0,0.0005,-0.0005,0.0005,-0.9682439615554852,False
2025-01-19,14,2193681000,0.001,0,0.0,0.001,0.001,1.9517963363806923,False
2025-01-19,15,2193681000,0.0,0,0.0,0.0,0.0,0.0,False
2025-01-19,16,2193681000,0.0,0,0.0,0.0,0.0,0.0,False
2025-01-19,17,2193681000,0.001,0,1.001,-0.9999999999999999,0.9999999999999999,-0.8491607801156124,False
2025-01-19,18,2193681000,5.653,0,6.307,-0.6540000000000008,0.6540000000000008,-0.8832750238559793,False
2025-01-19,19,2193681000,6.447,0,6.458,-0.01100000000000012,0.01100000000000012,-0.016144635842468346,False
2025-01-19,20,2193681000,6.523,0,6.544,-0.020999999999999908,0.020999999999999908,-0.030526097505787005,False
2025-01-19,21,2193681000,6.592,0,6.644,-0.05200000000000049,0.05200000000000049,-0.029956347150052874,False
2025-01-19,22,2193681000,6.666,0,6.7295,-0.06349999999999945,0.06349999999999945,-0.0873769690276107,False
2025-01-19,23,2193681000,6.727,0,6.745,-0.017999999999999794,0.017999999999999794,-0.010201493642615252,False
2025-01-20,0,2193681000,6.765,0,6.787,-0.02200000000000024,0.02200000000000024,-0.023008689578640166,False
2025-01-20,1,2193681000,6.743,0,6.853,-0.10999999999999943,0.10999999999999943,-0.11231550202659368,False
2025-01-20,2,2193681000,6.853,0,6.895,-0.041999999999999815,0.041999999999999815,-0.04199272115063158,False
2025-01-20,3,2193681000,6.896,0,6.942,-0.04600000000000026,0.04600000000000026,-0.04593596583866353,False
2025-01-20,4,2193681000,6.918,0,6.971,-0.052999999999999936,0.052999999999999936,-0.05311456414003438,False
2025-01-20,5,2193681000,6.914,0,6.962,-0.04800000000000004,0.04800000000000004,-0.047991523846167145,False
2025-01-20,6,2193681000,6.881,0,6.926,-0.04499999999999993,0.04499999999999993,-0.044842944377044926,False
2025-01-20,7,2193681000,6.9,0,6.818,0.08200000000000074,0.08200000000000074,0.0845029052909224,False
2025-01-20,8,2193681000,2.803,0,1.853,0.95,0.95,0.6810413214798071,False
2025-01-20,9,2193681000,0.001,0,0.0,0.001,0.001,0.07243833225320802,False
2025-01-20,10,2193681000,0.0,0,0.0,0.0,0.0,0.0,False
2025-01-20,11,2193681000,0.001,0,0.0,0.001,0.001,2.0020192600053885,False
2025-01-20,12,2193681000,0.0,0,0.0,0.0,0.0,0.0,False
2025-01-20,13,2193681000,0.001,0,0.001,0.0,0.0,0.0,False
2025-01-20,14,2193681000,0.0,0,0.0,0.0,0.0,0.0,False
2025-01-20,15,2193681000,0.001,0,0.001,0.0,0.0,0.0,False
2025-01-20,16,2193681000,0.0,0,0.0,0.0,0.0,0.0,False
2025-01-20,17,2193681000,0.001,0,0.927,-0.926,0.926,-0.816463539270042,False
2025-01-20,18,2193681000,5.693,0,6.339,-0.6460000000000008,0.6460000000000008,-0.664745157982704,False
2025-01-20,19,2193681000,6.51,0,6.589,-0.07900000000000063,0.07900000000000063,-0.09707045933640635,False
2025-01-20,20,2193681000,6.577,0,6.654,-0.07699999999999996,0.07699999999999996,-0.06316062874700891,False
2025-01-20,21,2193681000,6.639,0,6.6775,-0.03849999999999998,0.03849999999999998,-0.05116428519214169,False
2025-01-20,22,2193681000,6.729,0,6.727,0.0019999999999997797,0.0019999999999997797,0.0016293770528623339,False
2025-01-20,23,2193681000,6.743,0,6.762,-0.01899999999999924,0.01899999999999924,-0.025440504128893995,False
2025-01-21,0,2193681000,6.739,0,6.787,-0.04800000000000004,0.04800000000000004,-0.050200777262487124,False
2025-01-21,1,2193681000,6.777,0,6.853,-0.07599999999999962,0.07599999999999962,-0.07759980140019201,False
2025-01-21,2,2193681000,6.886,0,6.895,-0.008999999999999453,0.008999999999999453,-0.008998440246563403,False
2025-01-21,3,2193681000,6.938,0,6.942,-0.004000000000000448,0.004000000000000448,-0.003994431812058123,False
2025-01-21,4,2193681000,6.973,0,6.971,0.0019999999999997797,0.0019999999999997797,0.0020043231750954188,False
2025-01-21,5,2193681000,6.973,0,6.962,0.01100000000000012,0.01100000000000012,0.010998057548080082,False
2025-01-21,6,2193681000,6.938,0,6.926,0.011999999999999567,0.011999999999999567,0.011958118500544901,False
2025-01-21,7,2193681000,6.836,0,6.818,0.018000000000000682,0.018000000000000682,0.01854941823459326,False
2025-01-21,8,2193681000,2.659,0,1.853,0.8059999999999998,0.8059999999999998,0.5778097948554993,False
2025-01-21,9,2193681000,0.0,0,0.0,0.0,0.0,0.0,False
2025-01-21,10,2193681000,0.001,0,0.0,0.001,0.001,1.9781375071516232,False
2025-01-21,11,2193681000,0.0,0,0.0,0.0,0.0,0.0,False
2025-01-21,12,2193681000,0.001,0,0.0,0.001,0.001,1.9820584893665876,False
2025-01-21,13,2193681000,0.0,0,0.001,-0.001,0.001,-1.9781375071516232,False
2025-01-21,14,2193681000,0.001,0,0.0,0.001,0.001,2.0184294953324766,False
2025-01-21,15,2193681000,0.0,0,0.001,-0.001,0.001,-1.9820584893665876,False
2025-01-21,16,2193681000,0.001,0,0.0,0.001,0.001,2.002019260005388,False
2025-01-21,17,2193681000,0.0,0,0.927,-0.927,0.927,-0.8173452493556468,False
2025-01-21,18,2193681000,5.519,0,6.339,-0.8200000000000003,0.8200000000000003,-0.8437941633836173,False
2025-01-21,19,2193681000,6.589,0,6.589,0.0,0.0,0.0,False
2025-01-21,20,2193681000,6.672,0,6.654,0.017999999999999794,0.017999999999999794,0.01476482230449543,False
2025-01-21,21,2193681000,6.536,0,6.6775,-0.14150000000000063,0.14150000000000063,-0.1880453598620282,False
2025-01-21,22,2193681000,6.608,0,6.727,-0.11900000000000066,0.11900000000000066,-0.09694793464532007,False
2025-01-21,23,2193681000,6.677,0,6.762,-0.08499999999999996,0.08499999999999996,-0.11381278162926711,False
2025-01-22,0,2193681000,6.699,0,6.787,-0.08800000000000008,0.08800000000000008,-0.09203475831455973,False
2025-01-22,1,2193681000,6.815,0,6.853,-0.03799999999999937,0.03799999999999937,-0.038799900700095556,False
2025-01-22,2,2193681000,6.839,0,6.895,-0.05599999999999916,0.05599999999999916,-0.055990294867508186,False
2025-01-22,3,2193681000,7.166,0,6.942,0.2240000000000002,0.2240000000000002,0.22368818147523004,False
2025-01-22,4,2193681000,7.187,0,6.971,0.2160000000000002,0.2160000000000002,0.21646690291032927,False
2025-01-22,5,2193681000,7.181,0,6.962,0.2190000000000003,0.2190000000000003,0.21896132754813769,False
2025-01-22,6,2193681000,7.16,0,6.926,0.23399999999999999,0.23399999999999999,0.23318331076063395,False
2025-01-22,7,2193681000,7.251,0,6.818,0.4330000000000007,0.4330000000000007,0.44621656086547723,False
2025-01-22,8,2193681000,2.814,0,1.853,0.9610000000000001,0.9610000000000001,0.6889270630969417,False
2025-01-22,9,2193681000,0.001,0,0.0,0.001,0.001,0.07243833225320802,False
2025-01-22,10,2193681000,0.0,0,0.0,0.0,0.0,0.0,False
2025-01-22,11,2193681000,0.0,0,0.0,0.0,0.0,0.0,False
2025-01-22,12,2193681000,0.001,0,0.0,0.001,0.001,1.9820584893665876,False
2025-01-22,13,2193681000,0.0,0,0.001,-0.001,0.001,-1.9781375071516232,False
2025-01-22,14,2193681000,0.001,0,0.0,0.001,0.001,2.0184294953324766,False
2025-01-22,15,2193681000,0.0,0,0.001,-0.001,0.001,-1.9820584893665876,False
2025-01-22,16,2193681000,0.001,0,0.0,0.001,0.001,2.002019260005388,False
2025-01-22,17,2193681000,0.0,0,0.927,-0.927,0.927,-0.8173452493556468,False
2025-01-22,18,2193681000,5.806,0,6.339,-0.5330000000000004,0.5330000000000004,-0.5484662061993514,False
2025-01-22,19,2193681000,7.06,0,6.589,0.4709999999999992,0.4709999999999992,0.5787365360436323,False
2025-01-22,20,2193681000,7.164,0,6.654,0.5099999999999998,0.5099999999999998,0.4183366319607084,False
2025-01-22,21,2193681000,7.07,0,6.6775,0.39250000000000007,0.39250000000000007,0.521609920465341,False
2025-01-22,22,2193681000,7.06,0,6.727,0.3329999999999993,0.3329999999999993,0.2712912793016079,False
2025-01-22,23,2193681000,7.124,0,6.762,0.3620000000000001,0.3620000000000001,0.4847085523505262,False
2025-01-23,0,2193681000,7.073,0,6.787,0.2860000000000005,0.2860000000000005,0.29911296452231934,False
2025-01-23,1,2193681000,7.151,0,6.853,0.29800000000000004,0.29800000000000004,0.3042729054902281,False
2025-01-23,2,2193681000,7.221,0,6.895,0.3260000000000005,0.3260000000000005,0.32594350226442803,False
2025-01-23,3,2193681000,7.262,0,6.942,0.3199999999999994,0.3199999999999994,0.31955454496461344,False
2025-01-23,4,2193681000,7.301,0,6.971,0.33000000000000007,0.33000000000000007,0.3307133238907806,False
2025-01-23,5,2193681000,7.284,0,6.962,0.32200000000000006,0.32200000000000006,0.32194313913470435,False
2025-01-23,6,2193681000,7.256,0,6.926,0.33000000000000007,0.33000000000000007,0.3288482587649967,False
2025-01-23,7,2193681000,7.196,0,6.818,0.3780000000000001,0.3780000000000001,0.3895377829264438,False
2025-01-23,8,2193681000,2.691,0,1.853,0.8379999999999999,0.8379999999999999,0.6007501341053455,False
2025-01-23,9,2193681000,0.0,0,0.0,0.0,0.0,0.0,False
2025-01-23,10,2193681000,0.001,0,0.0,0.001,0.001,1.9781375071516232,False
2025-01-23,11,2193681000,0.0,0,0.0,0.0,0.0,0.0,False
2025-01-23,12,2193681000,0.001,0,0.0,0.001,0.001,1.9820584893665876,False
2025-01-23,13,2193681000,0.0,0,0.001,-0.001,0.001,-1.9781375071516232,False
2025-01-23,14,2193681000,0.001,0,0.0,0.001,0.001,2.0184294953324766,False
2025-01-23,15,2193681000,0.0,0,0.001,-0.001,0.001,-1.9820584893665876,False
2025-01-23,16,2193681000,0.001,0,0.0,0.001,0.001,2.002019260005388,False
2025-01-23,17,2193681000,0.0,0,0.927,-0.927,0.927,-0.8173452493556468,False
2025-01-23,18,2193681000,5.713,0,6.339,-0.6260000000000003,0.6260000000000003,-0.6441648125343226,False
2025-01-23,19,2193681000,6.968,0,6.589,0.37899999999999956,0.37899999999999956,0.4656924568164262,False
2025-01-23,20,2193681000,7.007,0,6.654,0.35299999999999976,0.35299999999999976,0.2895545707492746,False
2025-01-23,21,2193681000,7.048,0,6.6775,0.37049999999999983,0.37049999999999983,0.49237318606983116,False
2025-01-23,22,2193681000,7.058,0,6.727,0.3309999999999995,0.3309999999999995,0.26966190224874553,False
2025-01-23,23,2193681000,7.094,0,6.762,0.33200000000000074,0.33200000000000074,0.4445393353049033,False
2025-01-24,0,2193681000,7.112,0,6.787,0.3250000000000002,0.3250000000000002,0.33990109604808977,False
2025-01-24,1,2193681000,7.176,0,6.853,0.3230000000000004,0.3230000000000004,0.3297991559508181,False
2025-01-24,2,2193681000,7.242,0,6.895,0.3470000000000004,0.3470000000000004,0.3469398628397438,False
2025-01-24,3,2193681000,7.257,0,6.942,0.3149999999999995,0.3149999999999995,0.31456150519954146,False
2025-01-24,4,2193681000,7.297,0,6.971,0.3259999999999996,0.3259999999999996,0.32670467754058885,False
2025-01-24,5,2193681000,7.286,0,6.962,0.32399999999999984,0.32399999999999984,0.32394278596162773,False
2025-01-24,6,2193681000,7.275,0,6.926,0.3490000000000002,0.3490000000000002,0.3477819463908603,False
2025-01-24,7,2193681000,7.244,0,6.818,0.42600000000000016,0.42600000000000016,0.43900289821869065,False
2025-01-24,8,2193681000,2.572,0,1.853,0.7190000000000001,0.7190000000000001,0.5154407475199804,False
2025-01-24,9,2193681000,0.0,0,0.0,0.0,0.0,0.0,False
2025-01-24,10,2193681000,0.001,0,0.0,0.001,0.001,1.9781375071516232,False
2025-01-24,11,2193681000,0.0,0,0.0,0.0,0.0,0.0,False
2025-01-24,12,2193681000,0.001,0,0.0,0.001,0.001,1.9820584893665876,False
2025-01-24,13,2193681000,0.0,0,0.001,-0.001,0.001,-1.9781375071516232,False
2025-01-24,14,2193681000,0.001,0,0.0,0.001,0.001,2.0184294953324766,False
2025-01-24,15,2193681000,0.0,0,0.001,-0.001,0.001,-1.9820584893665876,False
2025-01-24,16,2193681000,0.0,0,0.0,0.0,0.0,0.0,False
2025-01-24,17,2193681000,0.001,0,0.927,-0.926,0.926,-0.816463539270042,False
2025-01-24,18,2193681000,5.576,0,6.339,-0.7630000000000008,0.7630000000000008,-0.7851401788557323,False
2025-01-24,19,2193681000,7.087,0,6.589,0.49799999999999933,0.49799999999999933,0.6119125158168344,False
2025-01-24,20,2193681000,7.029,0,6.654,0.375,0.375,0.3076004646769916,False
2025-01-24,21,2193681000,7.012,0,6.6775,0.33449999999999935,0.33449999999999935,0.4445312570589967,False
2025-01-24,22,2193681000,7.047,0,6.727,0.3199999999999994,0.3199999999999994,0.2607003284580016,False
2025-01-24,23,2193681000,7.084,0,6.762,0.32200000000000006,0.32200000000000006,0.4311495962896945,False
2025-01-25,0,2193681000,7.092,0,6.838,0.25399999999999956,0.25399999999999956,0.369175150056004,False
2025-01-25,1,2193681000,7.155,0,6.914,0.24100000000000055,0.24100000000000055,0.3459711276553139,False
2025-01-25,2,2193681000,7.254,0,6.952,0.3019999999999996,0.3019999999999996,0.4277458823004562,False
2025-01-25,3,2193681000,7.325,0,7.003,0.32200000000000006,0.32200000000000006,0.4495912203799827,False
2025-01-25,4,2193681000,7.315,0,6.987,0.3280000000000003,0.3280000000000003,0.4479008068868113,False
2025-01-25,5,2193681000,7.296,0,6.979,0.31700000000000017,0.31700000000000017,0.43706677030058905,False
2025-01-25,6,2193681000,7.285,0,6.975,0.3100000000000005,0.3100000000000005,0.4246484079213103,False
2025-01-25,7,2193681000,7.253,0,6.891,0.3620000000000001,0.3620000000000001,0.5377872339532528,False
2025-01-25,8,2193681000,2.583,0,0.487,2.096,2.096,1.429737515382148,False
2025-01-25,9,2193681000,0.001,0,0.001,0.0,0.0,0.0,False
2025-01-25,10,2193681000,0.0,0,0.0,0.0,0.0,0.0,False
2025-01-25,11,2193681000,0.001,0,0.001,0.0,0.0,0.0,False
2025-01-25,12,2193681000,0.0,0,0.0,0.0,0.0,0.0,False
2025-01-25,13,2193681000,0.001,0,0.0005,0.0005,0.0005,0.9682439615554852,False
2025-01-25,14,2193681000,0.0,0,0.0,0.0,0.0,0.0,False
2025-01-25,15,2193681000,0.001,0,0.0,0.001,0.001,1.9436468538446654,False
2025-01-25,16,2193681000,0.0,0,0.0,0.0,0.0,0.0,False
2025-01-25,17,2193681000,0.001,0,1.001,-0.9999999999999999,0.9999999999999999,-0.8491607801156124,False
2025-01-25,18,2193681000,5.411,0,6.307,-0.8960000000000008,0.8960000000000008,-1.2101137941513107,False
2025-01-25,19,2193681000,6.956,0,6.458,0.4980000000000002,0.4980000000000002,0.7309116954135592,False
2025-01-25,20,2193681000,7.026,0,6.544,0.4820000000000002,0.4820000000000002,0.7006466189423527,False
2025-01-25,21,2193681000,7.07,0,6.644,0.42600000000000016,0.42600000000000016,0.24541161319081556,False
2025-01-25,22,2193681000,7.145,0,6.7295,0.41549999999999976,0.41549999999999976,0.5717343406452369,False
2025-01-25,23,2193681000,7.201,0,6.745,0.4559999999999995,0.4559999999999995,0.2584378389462557,False
2025-01-26,0,2193681000,7.211,0,6.838,0.3730000000000002,0.3730000000000002,0.5421351613027158,False
2025-01-26,1,2193681000,7.315,0,6.914,0.4010000000000007,0.4010000000000007,0.575661502862161,False
2025-01-26,2,2193681000,7.356,0,6.952,0.4039999999999999,0.4039999999999999,0.572216345858889,False
2025-01-26,3,2193681000,7.404,0,7.003,0.4009999999999998,0.4009999999999998,0.5598946564359408,False
2025-01-26,4,2193681000,7.423,0,6.987,0.43599999999999994,0.43599999999999994,0.5953803408617363,False
2025-01-26,5,2193681000,7.357,0,6.979,0.3780000000000001,0.3780000000000001,0.5211711014940776,False
2025-01-26,6,2193681000,7.361,0,6.975,0.3860000000000001,0.3860000000000001,0.5287557595407276,False
2025-01-26,7,2193681000,7.358,0,6.891,0.46699999999999964,0.46699999999999964,0.6937752438015712,False
2025-01-26,8,2193681000,2.506,0,0.487,2.0189999999999997,2.0189999999999997,1.3772137612388151,False
2025-01-26,9,2193681000,0.0,0,0.001,-0.001,0.001,-1.9712176355116986,False
2025-01-26,10,2193681000,0.001,0,0.0,0.001,0.001,2.0300727544864547,False
2025-01-26,11,2193681000,0.0,0,0.001,-0.001,0.001,-1.9712176355116986,False
2025-01-26,12,2193681000,0.0,0,0.0,0.0,0.0,0.0,False
2025-01-26,13,2193681000,,1,0.0005,,,,False
2025-01-26,14,2193681000,,1,0.0,,,,False
2025-01-26,15,2193681000,0.0,0,0.0,0.0,0.0,0.0,False
2025-01-26,16,2193681000,0.001,0,0.0,0.001,0.001,1.9436468538446654,False
2025-01-26,17,2193681000,0.0,0,1.001,-1.001,1.001,-0.8500099408957279,False
2025-01-26,18,2193681000,5.166,0,6.307,-1.141,1.141,-1.5410042847395584,False
2025-01-26,19,2193681000,6.995,0,6.458,0.5369999999999999,0.5369999999999999,0.7881517679459459,False
2025-01-26,20,2193681000,7.077,0,6.544,0.5330000000000004,0.5330000000000004,0.7747814271706931,False
2025-01-26,21,2193681000,7.132,0,6.644,0.48799999999999955,0.48799999999999955,0.28112879633126253,False
2025-01-26,22,2193681000,7.203,0,6.7295,0.4735000000000005,0.4735000000000005,0.651543225741324,False
2025-01-26,23,2193681000,7.278,0,6.745,0.5329999999999995,0.5329999999999995,0.302077561750777,False
2025-01-27,0,2193681000,7.305,0,6.787,0.5179999999999998,0.5179999999999998,0.5417500546243396,False
2025-01-27,1,2193681000,7.297,0,6.853,0.44399999999999995,0.44399999999999995,0.4533462081800713,False
2025-01-27,2,2193681000,7.316,0,6.895,0.42100000000000026,0.42100000000000026,0.4209270382003806,False
2025-01-27,3,2193681000,7.317,0,6.942,0.375,0.375,0.3744779823804071,False
2025-01-27,4,2193681000,7.348,0,6.971,0.3769999999999998,0.3769999999999998,0.37781491850552784,False
2025-01-27,5,2193681000,7.334,0,6.962,0.3719999999999999,0.3719999999999999,0.3719343098077949,False
2025-01-27,6,2193681000,7.306,0,6.926,0.3799999999999999,0.3799999999999999,0.37867375251726876,False
2025-01-27,7,2193681000,7.213,0,6.818,0.39500000000000046,0.39500000000000046,0.40705667792578154,False
2025-01-27,8,2193681000,2.307,0,1.853,0.45399999999999996,0.45399999999999996,0.325466063107192,False
2025-01-27,9,2193681000,0.0,0,0.0,0.0,0.0,0.0,False
2025-01-27,10,2193681000,0.001,0,0.0,0.001,0.001,1.9781375071516232,False
2025-01-27,11,2193681000,0.0,0,0.0,0.0,0.0,0.0,False
2025-01-27,12,2193681000,0.001,0,0.0,0.001,0.001,1.9820584893665876,False
2025-01-27,13,2193681000,0.0,0,0.001,-0.001,0.001,-1.9781375071516232,False
2025-01-27,14,2193681000,0.001,0,0.0,0.001,0.001,2.0184294953324766,False
2025-01-27,15,2193681000,0.0,0,0.001,-0.001,0.001,-1.9820584893665876,False
2025-01-27,16,2193681000,0.001,0,0.0,0.001,0.001,2.002019260005388,False
2025-01-27,17,2193681000,0.0,0,0.927,-0.927,0.927,-0.8173452493556468,False
2025-01-27,18,2193681000,5.049,0,6.339,-1.29,1.29,-1.3274322814205683,False
2025-01-27,19,2193681000,7.01,0,6.589,0.4209999999999994,0.4209999999999994,0.5172995364636289,False
2025-01-27,20,2193681000,7.007,0,6.654,0.35299999999999976,0.35299999999999976,0.2895545707492746,False
2025-01-27,21,2193681000,7.041,0,6.6775,0.36350000000000016,0.36350000000000016,0.48307058876216946,False
2025-01-27,22,2193681000,7.101,0,6.727,0.37399999999999967,0.37399999999999967,0.30469350888528973,False
2025-01-27,23,2193681000,7.078,0,6.762,0.3160000000000007,0.3160000000000007,0.4231157528805707,False
2025-01-28,0,2193681000,7.134,0,6.787,0.3470000000000004,0.3470000000000004,0.36290978562672993,False
2025-01-28,1,2193681000,7.207,0,6.853,0.3540000000000001,0.3540000000000001,0.3614517065219489,False
2025-01-28,2,2193681000,7.28,0,6.895,0.3850000000000007,0.3850000000000007,0.38493327721412524,False
2025-01-28,3,2193681000,7.282,0,6.942,0.33999999999999986,0.33999999999999986,0.33952670402490226,False
2025-01-28,4,2193681000,7.284,0,6.971,0.3129999999999997,0.3129999999999997,0.3136765769024673,False
2025-01-28,5,2193681000,7.266,0,6.962,0.30400000000000027,0.30400000000000027,0.3039463176923919,False
2025-01-28,6,2193681000,7.251,0,6.926,0.3250000000000002,0.3250000000000002,0.3238657093897696,False
2025-01-28,7,2193681000,7.202,0,6.818,0.38400000000000034,0.38400000000000034,0.3957209223379749,False
2025-01-28,8,2193681000,2.202,0,1.853,0.349,0.349,0.25019307494363435,False
2025-01-28,9,2193681000,0.001,0,0.0,0.001,0.001,0.07243833225320802,False
2025-01-28,10,2193681000,0.0,0,0.0,0.0,0.0,0.0,False
2025-01-28,11,2193681000,0.001,0,0.0,0.001,0.001,2.0020192600053885,False
2025-01-28,12,2193681000,0.0,0,0.0,0.0,0.0,0.0,False
2025-01-28,13,2193681000,0.001,0,0.001,0.0,0.0,0.0,False
2025-01-28,14,2193681000,0.0,0,0.0,0.0,0.0,0.0,False
2025-01-28,15,2193681000,0.001,0,0.001,0.0,0.0,0.0,False
2025-01-28,16,2193681000,0.0,0,0.0,0.0,0.0,0.0,False
2025-01-28,17,2193681000,0.001,0,0.927,-0.926,0.926,-0.816463539270042,False
2025-01-28,18,2193681000,4.931,0,6.339,-1.4080000000000004,1.4080000000000004,-1.448856319566016,False
2025-01-28,19,2193681000,6.957,0,6.589,0.36799999999999944,0.36799999999999944,0.45217631690882526,False
2025-01-28,20,2193681000,6.947,0,6.654,0.29300000000000015,0.29300000000000015,0.24033849640095623,False
2025-01-28,21,2193681000,7.016,0,6.6775,0.3384999999999998,0.3384999999999998,0.4498470269490899,False
2025-01-28,22,2193681000,7.104,0,6.727,0.3769999999999998,0.3769999999999998,0.30713757446458356,False
2025-01-28,23,2193681000,7.16,0,6.762,0.3980000000000006,0.3980000000000006,0.5329116128052752,False
2025-01-29,0,2193681000,7.088,0,6.787,0.30100000000000016,0.30100000000000016,0.31480070741684624,False
2025-01-29,1,2193681000,7.18,0,6.853,0.32699999999999996,0.32699999999999996,0.33388335602451197,False
2025-01-29,2,2193681000,7.236,0,6.895,0.3410000000000002,0.3410000000000002,0.34094090267536764,False
2025-01-29,3,2193681000,7.25,0,6.942,0.30799999999999983,0.30799999999999983,0.30757124952844084,False
2025-01-29,4,2193681000,7.279,0,6.971,0.30799999999999983,0.30799999999999983,0.3086657689647283,False
2025-01-29,5,2193681000,7.254,0,6.962,0.2919999999999998,0.2919999999999998,0.2919484367308497,False
2025-01-29,6,2193681000,7.193,0,6.926,0.26699999999999946,0.26699999999999946,0.2660681366371331,False
2025-01-29,7,2193681000,7.143,0,6.818,0.3250000000000002,0.3250000000000002,0.3349200514579213,False
2025-01-29,8,2193681000,2.073,0,1.853,0.21999999999999997,0.21999999999999997,0.15771483234269215,False
2025-01-29,9,2193681000,0.001,0,0.0,0.001,0.001,0.07243833225320802,False
2025-01-29,10,2193681000,0.0,0,0.0,0.0,0.0,0.0,False
2025-01-29,11,2193681000,0.001,0,0.0,0.001,0.001,2.0020192600053885,False
2025-01-29,12,2193681000,0.0,0,0.0,0.0,0.0,0.0,False
2025-01-29,13,2193681000,0.001,0,0.001,0.0,0.0,0.0,False
2025-01-29,14,2193681000,0.0,0,0.0,0.0,0.0,0.0,False
2025-01-29,15,2193681000,0.001,0,0.001,0.0,0.0,0.0,False
2025-01-29,16,2193681000,0.0,0,0.0,0.0,0.0,0.0,False
2025-01-29,17,2193681000,0.001,0,0.927,-0.926,0.926,-0.816463539270042,False
2025-01-29,18,2193681000,4.916,0,6.339,-1.423,1.423,-1.4642915786523012,False
2025-01-29,19,2193681000,7.103,0,6.589,0.5139999999999993,0.5139999999999993,0.6315723556824354,False
2025-01-29,20,2193681000,7.067,0,6.654,0.41300000000000026,0.41300000000000026,0.33877064509759364,False
2025-01-29,21,2193681000,7.102,0,6.6775,0.4245000000000001,0.4245000000000001,0.5641360795860823,False
2025-01-29,22,2193681000,7.159,0,6.727,0.4319999999999995,0.4319999999999995,0.3519454434183025,False
2025-01-29,23,2193681000,7.155,0,6.762,0.3930000000000007,0.3930000000000007,0.5262167432976714,False
2025-01-30,0,2193681000,7.142,0,6.787,0.3550000000000004,0.3550000000000004,0.37127658183714446,False
2025-01-30,1,2193681000,7.215,0,6.853,0.3620000000000001,0.3620000000000001,0.3696201066693376,False
2025-01-30,2,2193681000,7.275,0,6.895,0.3800000000000008,0.3800000000000008,0.379934143743812,False
2025-01-30,3,2193681000,7.301,0,6.942,0.359,0.359,0.35850025513217637,False
2025-01-30,4,2193681000,7.335,0,6.971,0.3639999999999999,0.3639999999999999,0.3647868178674063,False
2025-01-30,5,2193681000,7.336,0,6.962,0.37400000000000055,0.37400000000000055,0.3739339566347192,False
2025-01-30,6,2193681000,7.319,0,6.926,0.3929999999999998,0.3929999999999998,0.3916283808928594,False
2025-01-30,7,2193681000,7.274,0,6.818,0.4560000000000004,0.4560000000000004,0.46991859527634516,False
2025-01-30,8,2193681000,1.969,0,1.853,0.1160000000000001,0.1160000000000001,0.0831587297806923,False
2025-01-30,9,2193681000,0.0,0,0.0,0.0,0.0,0.0,False
2025-01-30,10,2193681000,0.001,0,0.0,0.001,0.001,1.9781375071516232,False
2025-01-30,11,2193681000,0.0,0,0.0,0.0,0.0,0.0,False
2025-01-30,12,2193681000,0.001,0,0.0,0.001,0.001,1.9820584893665876,False
2025-01-30,13,2193681000,0.0,0,0.001,-0.001,0.001,-1.9781375071516232,False
2025-01-30,14,2193681000,0.001,0,0.0,0.001,0.001,2.0184294953324766,False
2025-01-30,15,2193681000,0.0,0,0.001,-0.001,0.001,-1.9820584893665876,False
2025-01-30,16,2193681000,0.001,0,0.0,0.001,0.001,2.002019260005388,False
2025-01-30,17,2193681000,0.0,0,0.927,-0.927,0.927,-0.8173452493556468,False
2025-01-30,18,2193681000,4.67,0,6.339,-1.6690000000000005,1.6690000000000005,-1.7174298276673867,False
2025-01-30,19,2193681000,7.064,0,6.589,0.47499999999999964,0.47499999999999964,0.5836514960100331,False
2025-01-30,20,2193681000,7.058,0,6.654,0.4039999999999999,0.4039999999999999,0.33138823394534556,False
2025-01-30,21,2193681000,7.102,0,6.6775,0.4245000000000001,0.4245000000000001,0.5641360795860823,False
2025-01-30,22,2193681000,7.06,0,6.727,0.3329999999999993,0.3329999999999993,0.2712912793016079,False
2025-01-30,23,2193681000,7.121,0,6.762,0.3590000000000009,0.3590000000000009,0.4806916306459648,False
2025-01-31,0,2193681000,7.21,0,6.787,0.42300000000000004,0.42300000000000004,0.4423943496256674,False
2025-01-31,1,2193681000,7.26,0,6.853,0.40700000000000003,0.40700000000000003,0.4155673574983988,False
2025-01-31,2,2193681000,7.299,0,6.895,0.4040000000000008,0.4040000000000008,0.4039299844013159,False
2025-01-31,3,2193681000,7.295,0,6.942,0.35299999999999976,0.35299999999999976,0.3525086074140896,False
2025-01-31,4,2193681000,7.324,0,6.971,0.35299999999999976,0.35299999999999976,0.35376304040438017,False
2025-01-31,5,2193681000,7.323,0,6.962,0.36100000000000065,0.36100000000000065,0.3609362522597157,False
2025-01-31,6,2193681000,7.281,0,6.926,0.35499999999999954,0.35499999999999954,0.3537610056411323,False
2025-01-31,7,2193681000,7.273,0,6.818,0.45500000000000007,0.45500000000000007,0.4688880720410897,False
2025-01-31,8,2193681000,1.853,0,1.853,0.0,0.0,0.0,False
2025-01-31,9,2193681000,0.001,0,0.0,0.001,0.001,0.07243833225320802,False
2025-01-31,10,2193681000,0.0,0,0.0,0.0,0.0,0.0,False
2025-01-31,11,2193681000,0.001,0,0.0,0.001,0.001,2.0020192600053885,False
2025-01-31,12,2193681000,0.0,0,0.0,0.0,0.0,0.0,False
2025-01-31,13,2193681000,0.001,0,0.001,0.0,0.0,0.0,False
2025-01-31,14,2193681000,0.0,0,0.0,0.0,0.0,0.0,False
2025-01-31,15,2193681000,0.001,0,0.001,0.0,0.0,0.0,False
2025-01-31,16,2193681000,0.0,0,0.0,0.0,0.0,0.0,False
2025-01-31,17,2193681000,0.0,0,0.927,-0.927,0.927,-0.8173452493556468,False
2025-01-31,18,2193681000,4.585,0,6.339,-1.7540000000000004,1.7540000000000004,-1.8048962958230057,False
2025-01-31,19,2193681000,7.023,0,6.589,0.4339999999999993,0.4339999999999993,0.5332731563544297,False
2025-01-31,20,2193681000,7.021,0,6.654,0.367,0.367,0.3010383214305491,False
2025-01-31,21,2193681000,7.062,0,6.6775,0.38450000000000006,0.38450000000000006,0.5109783806851557,False
2025-01-31,22,2193681000,7.099,0,6.727,0.3719999999999999,0.3719999999999999,0.30306413183242736,False
2025-01-31,23,2193681000,7.118,0,6.762,0.35600000000000076,0.35600000000000076,0.47667470894140235,False
2025-02-01,0,2193681000,7.139,0,7.129,0.010000000000000675,0.010000000000000675,0.06422089658323694,False
2025-02-01,1,2193681000,7.238,0,7.182,0.05600000000000005,0.05600000000000005,0.3510473471901079,False
2025-02-01,2,2193681000,7.322,0,7.278,0.04400000000000048,0.04400000000000048,0.30003665944412716,False
2025-02-01,3,2193681000,7.379,0,7.326,0.052999999999999936,0.052999999999999936,0.3303771065243241,False
2025-02-01,4,2193681000,7.389,0,7.309,0.08000000000000007,0.08000000000000007,0.4732298537671731,False
2025-02-01,5,2193681000,7.399,0,7.28,0.11899999999999977,0.11899999999999977,0.7284281575870912,False
2025-02-01,6,2193681000,7.396,0,7.251,0.14499999999999957,0.14499999999999957,0.8481114308289953,False
2025-02-01,7,2193681000,7.356,0,6.787,0.569,0.569,0.6647933497300192,False
2025-02-01,8,2193681000,1.739,0,0.001,1.7380000000000002,1.7380000000000002,2.554622826419031,True
2025-02-01,9,2193681000,0.001,0,0.0,0.001,0.001,1.9148505488530307,False
2025-02-01,10,2193681000,0.0,0,0.001,-0.001,0.001,-1.9148505488530307,False
2025-02-01,11,2193681000,0.001,0,0.0,0.001,0.001,1.9148505488530307,False
2025-02-01,12,2193681000,0.0,0,0.001,-0.001,0.001,-1.9148505488530307,False
2025-02-01,13,2193681000,0.001,0,0.0,0.001,0.001,1.9148505488530307,False
2025-02-01,14,2193681000,0.0,0,0.001,-0.001,0.001,-1.9148505488530307,False
2025-02-01,15,2193681000,0.001,0,0.0,0.001,0.001,1.9148505488530307,False
2025-02-01,16,2193681000,0.0,0,0.0,0.0,0.0,0.0,False
2025-02-01,17,2193681000,0.001,0,0.001,0.0,0.0,0.0,False
2025-02-01,18,2193681000,4.39,0,3.337,1.0529999999999995,1.0529999999999995,0.5101386573672526,False
2025-02-01,19,2193681000,6.945,0,6.884,0.06099999999999994,0.06099999999999994,0.3714832905225278,False
2025-02-01,20,2193681000,7.036,0,6.968,0.06799999999999962,0.06799999999999962,0.4393805423737267,False
2025-02-01,21,2193681000,7.052,0,6.982,0.0699999999999994,0.0699999999999994,0.4485926169577106,False
2025-02-01,22,2193681000,7.109,0,7.051,0.05799999999999983,0.05799999999999983,0.3763410180447597,False
2025-02-01,23,2193681000,7.168,0,7.124,0.04400000000000048,0.04400000000000048,0.2984442556193961,False
2025-02-02,0,2193681000,7.149,0,7.129,0.020000000000000462,0.020000000000000462,0.1284417931664682,False
2025-02-02,1,2193681000,7.252,0,7.182,0.0699999999999994,0.0699999999999994,0.4388091839876307,False
2025-02-02,2,2193681000,7.278,0,7.278,0.0,0.0,0.0,False
2025-02-02,3,2193681000,7.307,0,7.326,-0.01899999999999924,0.01899999999999924,-0.1184370759238097,False
2025-02-02,4,2193681000,7.29,0,7.309,-0.019000000000000128,0.019000000000000128,-0.11239209026970426,False
2025-02-02,5,2193681000,7.28,0,7.28,0.0,0.0,0.0,False
2025-02-02,6,2193681000,7.251,0,7.251,0.0,0.0,0.0,False
2025-02-02,7,2193681000,7.236,0,6.787,0.44899999999999984,0.44899999999999984,0.5245908858150765,False
2025-02-02,8,2193681000,1.595,0,0.001,1.594,1.594,2.3429624771645194,False
2025-02-02,9,2193681000,0.0,0,0.0,0.0,0.0,0.0,False
2025-02-02,10,2193681000,0.001,0,0.001,0.0,0.0,0.0,False
2025-02-02,11,2193681000,0.0,0,0.0,0.0,0.0,0.0,False
2025-02-02,12,2193681000,0.001,0,0.001,0.0,0.0,0.0,False
2025-02-02,13,2193681000,0.0,0,0.0,0.0,0.0,0.0,False
2025-02-02,14,2193681000,0.001,0,0.001,0.0,0.0,0.0,False
2025-02-02,15,2193681000,0.0,0,0.0,0.0,0.0,0.0,False
2025-02-02,16,2193681000,0.001,0,0.0,0.001,0.001,1.9148505488530307,False
2025-02-02,17,2193681000,0.0,0,0.001,-0.001,0.001,-0.009686295024575348,False
2025-02-02,18,2193681000,4.274,0,3.337,0.9369999999999998,0.9369999999999998,0.4539410464891888,False
2025-02-02,19,2193681000,7.001,0,6.884,0.11699999999999999,0.11699999999999999,0.7125171310022261,False
2025-02-02,20,2193681000,7.009,0,6.968,0.04100000000000037,0.04100000000000037,0.2649206211371038,False
2025-02-02,21,2193681000,7.019,0,6.982,0.03699999999999992,0.03699999999999992,0.23711324039193427,False
2025-02-02,22,2193681000,7.095,0,7.051,0.043999999999999595,0.043999999999999595,0.2855000826546435,False
2025-02-02,23,2193681000,7.132,0,7.124,0.008000000000000007,0.008000000000000007,0.05426259193079874,False
2025-02-03,0,2193681000,7.229,0,7.098,0.13100000000000023,0.13100000000000023,1.0553295476526636,False
2025-02-03,1,2193681000,7.299,0,7.1775,0.12150000000000016,0.12150000000000016,1.113077372934753,False
2025-02-03,2,2193681000,7.338,0,7.2379999999999995,0.10000000000000053,0.10000000000000053,0.6986054832368324,False
2025-02-03,3,2193681000,7.328,0,7.2665,0.061500000000000554,0.061500000000000554,0.2561284444546172,False
2025-02-03,4,2193681000,7.327,0,7.2775,0.0495000000000001,0.0495000000000001,0.20499954677405977,False
2025-02-03,5,2193681000,7.28,0,7.2684999999999995,0.011500000000000732,0.011500000000000732,0.044337882850116646,False
2025-02-03,6,2193681000,7.227,0,7.2035,0.0235000000000003,0.0235000000000003,0.09119736752314442,False
2025-02-03,7,2193681000,7.307,0,5.845,1.4620000000000006,1.4620000000000006,1.5322700578699813,False
2025-02-03,8,2193681000,1.468,0,0.001,1.467,1.467,3.1554577334111547,True
2025-02-03,9,2193681000,0.001,0,0.001,0.0,0.0,0.0,False
2025-02-03,10,2193681000,0.0,0,0.0,0.0,0.0,0.0,False
2025-02-03,11,2193681000,0.001,0,0.001,0.0,0.0,0.0,False
2025-02-03,12,2193681000,0.0,0,0.0,0.0,0.0,0.0,False
2025-02-03,13,2193681000,0.001,0,0.001,0.0,0.0,0.0,False
2025-02-03,14,2193681000,0.0,0,0.0,0.0,0.0,0.0,False
2025-02-03,15,2193681000,0.001,0,0.001,0.0,0.0,0.0,False
2025-02-03,16,2193681000,0.0,0,0.0,0.0,0.0,0.0,False
2025-02-03,17,2193681000,0.001,0,0.001,0.0,0.0,0.0,False
2025-02-03,18,2193681000,0.0,0,2.925,-2.925,2.925,-1.2897860233340641,False
2025-02-03,19,2193681000,,1,6.962,,,,False
2025-02-03,20,2193681000,,1,6.974,,,,False
2025-02-03,21,2193681000,0.0,0,6.972,-6.972,6.972,-5.249656568941529,True
2025-02-03,22,2193681000,7.025,0,7.052,-0.026999999999999247,0.026999999999999247,-0.22573874603515795,False
2025-02-03,23,2193681000,7.044,0,7.083,-0.03900000000000059,0.03900000000000059,-0.3013985959773813,False
2025-02-04,0,2193681000,7.082,0,7.098,-0.016000000000000014,0.016000000000000014,-0.12889521192704279,False
2025-02-04,1,2193681000,7.144,0,7.1775,-0.033500000000000085,0.033500000000000085,-0.3068978764881833,False
2025-02-04,2,2193681000,7.233,0,7.2379999999999995,-0.004999999999999893,0.004999999999999893,-0.034930274161840684,False
2025-02-04,3,2193681000,7.27,0,7.2665,0.0034999999999998366,0.0034999999999998366,0.014576415538066833,False
2025-02-04,4,2193681000,7.273,0,7.2775,-0.0045000000000001705,0.0045000000000001705,-0.018636322434006102,False
2025-02-04,5,2193681000,7.233,0,7.2684999999999995,-0.035499999999999865,0.035499999999999865,-0.1368691166242639,False
2025-02-04,6,2193681000,7.198,0,7.2035,-0.005499999999999616,0.005499999999999616,-0.021344064739457574,False
2025-02-04,7,2193681000,7.225,0,5.845,1.38,1.38,1.4463287823943727,False
2025-02-04,8,2193681000,1.336,0,0.001,1.3350000000000002,1.3350000000000002,2.8715310661921554,True
2025-02-04,9,2193681000,0.001,0,0.001,0.0,0.0,0.0,False
2025-02-04,10,2193681000,0.0,0,0.0,0.0,0.0,0.0,False
2025-02-04,11,2193681000,0.001,0,0.001,0.0,0.0,0.0,False
2025-02-04,12,2193681000,0.0,0,0.0,0.0,0.0,0.0,False
2025-02-04,13,2193681000,0.001,0,0.001,0.0,0.0,0.0,False
2025-02-04,14,2193681000,0.0,0,0.0,0.0,0.0,0.0,False
2025-02-04,15,2193681000,0.001,0,0.001,0.0,0.0,0.0,False
2025-02-04,16,2193681000,0.0,0,0.0,0.0,0.0,0.0,False
2025-02-04,17,2193681000,0.001,0,0.001,0.0,0.0,0.0,False
2025-02-04,18,2193681000,3.878,0,2.925,0.9530000000000003,0.9530000000000003,0.4202277197392696,False
2025-02-04,19,2193681000,6.915,0,6.962,-0.04699999999999971,0.04699999999999971,-0.341827444880133,False
2025-02-04,20,2193681000,6.997,0,6.974,0.022999999999999687,0.022999999999999687,0.18057549600473288,False
2025-02-04,21,2193681000,7.047,0,6.972,0.07499999999999929,0.07499999999999929,0.056472209218389406,False
2025-02-04,22,2193681000,7.073,0,7.052,0.021000000000000796,0.021000000000000796,0.17557458024957884,False
2025-02-04,23,2193681000,7.127,0,7.083,0.043999999999999595,0.043999999999999595,0.34003944161549876,False
2025-02-05,0,2193681000,7.118,0,7.098,0.020000000000000462,0.020000000000000462,0.16111901490880706,False
2025-02-05,1,2193681000,7.196,0,7.1775,0.018499999999999517,0.018499999999999517,0.16948091686660383,False
2025-02-05,2,2193681000,7.216,0,7.2379999999999995,-0.021999999999999353,0.021999999999999353,-0.1536932063120978,False
2025-02-05,3,2193681000,7.232,0,7.2665,-0.03449999999999953,0.03449999999999953,-0.1436818103038064,False
2025-02-05,4,2193681000,7.282,0,7.2775,0.0045000000000001705,0.0045000000000001705,0.018636322434006102,False
2025-02-05,5,2193681000,7.273,0,7.2684999999999995,0.0045000000000001705,0.0045000000000001705,0.017349606332653894,False
2025-02-05,6,2193681000,7.199,0,7.2035,-0.0045000000000001705,0.0045000000000001705,-0.01746332569592171,False
2025-02-05,7,2193681000,7.188,0,5.845,1.343,1.343,1.4075504019968426,False
2025-02-05,8,2193681000,1.215,0,0.001,1.2140000000000002,1.2140000000000002,2.611264954574739,True
2025-02-05,9,2193681000,0.0,0,0.001,-0.001,0.001,-2.0069284020290215,False
2025-02-05,10,2193681000,0.001,0,0.0,0.001,0.001,2.025090983435007,False
2025-02-05,11,2193681000,0.0,0,0.001,-0.001,0.001,-1.9758114098602242,False
2025-02-05,12,2193681000,0.001,0,0.0,0.001,0.001,2.010662699545237,False
2025-02-05,13,2193681000,0.0,0,0.001,-0.001,0.001,-1.9689864930262375,False
2025-02-05,14,2193681000,0.001,0,0.0,0.001,0.001,1.9689864930262375,False
2025-02-05,15,2193681000,0.0,0,0.001,-0.001,0.001,-1.9689864930262375,False
2025-02-05,16,2193681000,0.001,0,0.0,0.001,0.001,1.9689864930262375,False
2025-02-05,17,2193681000,0.0,0,0.001,-0.001,0.001,-0.01973899806057666,False
2025-02-05,18,2193681000,3.836,0,2.925,0.911,0.911,0.4017077153016521,False
2025-02-05,19,2193681000,7.009,0,6.962,0.0470000000000006,0.0470000000000006,0.3418274448801395,False
2025-02-05,20,2193681000,6.949,0,6.974,-0.025000000000000355,0.025000000000000355,-0.19627771304862815,False
2025-02-05,21,2193681000,6.972,0,6.972,0.0,0.0,0.0,False
2025-02-05,22,2193681000,7.058,0,7.052,0.006000000000000227,0.006000000000000227,0.050164165785593955,False
2025-02-05,23,2193681000,7.13,0,7.083,0.04699999999999971,0.04699999999999971,0.3632239489983748,False
2025-02-06,0,2193681000,7.114,0,7.098,0.016000000000000014,0.016000000000000014,0.12889521192704279,False
2025-02-06,1,2193681000,7.182,0,7.1775,0.0045000000000001705,0.0045000000000001705,0.04122508788647384,False
2025-02-06,2,2193681000,7.243,0,7.2379999999999995,0.005000000000000782,0.005000000000000782,0.034930274161846894,False
2025-02-06,3,2193681000,7.263,0,7.2665,-0.0034999999999998366,0.0034999999999998366,-0.014576415538066833,False
2025-02-06,4,2193681000,7.296,0,7.2775,0.018500000000000405,0.018500000000000405,0.07661599222869053,False
2025-02-06,5,2193681000,7.299,0,7.2684999999999995,0.03050000000000086,0.03050000000000086,0.11759177625465303,False
2025-02-06,6,2193681000,7.248,0,7.2035,0.044500000000000206,0.044500000000000206,0.1726928874374423,False
2025-02-06,7,2193681000,7.213,0,5.845,1.3680000000000003,1.3680000000000003,1.4337520103735526,False
2025-02-06,8,2193681000,1.081,0,0.001,1.08,1.08,2.3230363681554516,False
2025-02-06,9,2193681000,0.0,0,0.001,-0.001,0.001,-2.0069284020290215,False
2025-02-06,10,2193681000,0.001,0,0.0,0.001,0.001,2.025090983435007,False
2025-02-06,11,2193681000,0.0,0,0.001,-0.001,0.001,-1.9758114098602242,False
2025-02-06,12,2193681000,0.001,0,0.0,0.001,0.001,2.010662699545237,False
2025-02-06,13,2193681000,0.0,0,0.001,-0.001,0.001,-1.9689864930262375,False
2025-02-06,14,2193681000,0.001,0,0.0,0.001,0.001,1.9689864930262375,False
2025-02-06,15,2193681000,0.0,0,0.001,-0.001,0.001,-1.9689864930262375,False
2025-02-06,16,2193681000,0.001,0,0.0,0.001,0.001,1.9689864930262375,False
2025-02-06,17,2193681000,0.0,0,0.001,-0.001,0.001,-0.01973899806057666,False
2025-02-06,18,2193681000,3.688,0,2.925,0.7630000000000003,0.7630000000000003,0.3364467472833817,False
2025-02-06,19,2193681000,6.969,0,6.962,0.007000000000000561,0.007000000000000561,0.05091047051406676,False
2025-02-06,20,2193681000,6.974,0,6.974,0.0,0.0,0.0,False
2025-02-06,21,2193681000,7.032,0,6.972,0.05999999999999961,0.05999999999999961,0.04517776737471166,False
2025-02-06,22,2193681000,7.052,0,7.052,0.0,0.0,0.0,False
2025-02-06,23,2193681000,7.114,0,7.083,0.030999999999999694,0.030999999999999694,0.239573242956374,False
2025-02-07,0,2193681000,7.193,0,7.098,0.09499999999999975,0.09499999999999975,0.7653153208168139,False
2025-02-07,1,2193681000,7.281,0,7.1775,0.10349999999999948,0.10349999999999948,0.9481770213888576,False
2025-02-07,2,2193681000,7.326,0,7.2379999999999995,0.08800000000000008,0.08800000000000008,0.6147728252484097,False
2025-02-07,3,2193681000,7.364,0,7.2665,0.09750000000000014,0.09750000000000014,0.4060572899890242,False
2025-02-07,4,2193681000,7.378,0,7.2775,0.10050000000000026,0.10050000000000026,0.4162112010261216,False
2025-02-07,5,2193681000,7.331,0,7.2684999999999995,0.06250000000000089,0.06250000000000089,0.24096675462018727,False
2025-02-07,6,2193681000,7.307,0,7.2035,0.10350000000000037,0.10350000000000037,0.4016564910061856,False
2025-02-07,7,2193681000,7.254,0,5.845,1.4089999999999998,1.4089999999999998,1.4767226481113558,False
2025-02-07,8,2193681000,0.965,0,0.001,0.964,0.964,2.0735250545387545,False
2025-02-07,9,2193681000,0.001,0,0.001,0.0,0.0,0.0,False
2025-02-07,10,2193681000,0.0,0,0.0,0.0,0.0,0.0,False
2025-02-07,11,2193681000,0.001,0,0.001,0.0,0.0,0.0,False
2025-02-07,12,2193681000,0.0,0,0.0,0.0,0.0,0.0,False
2025-02-07,13,2193681000,0.001,0,0.001,0.0,0.0,0.0,False
2025-02-07,14,2193681000,0.0,0,0.0,0.0,0.0,0.0,False
2025-02-07,15,2193681000,0.001,0,0.001,0.0,0.0,0.0,False
2025-02-07,16,2193681000,0.0,0,0.0,0.0,0.0,0.0,False
2025-02-07,17,2193681000,0.001,0,0.001,0.0,0.0,0.0,False
2025-02-07,18,2193681000,3.495,0,2.925,0.5700000000000003,0.5700000000000003,0.2513429173676639,False
2025-02-07,19,2193681000,7.008,0,6.962,0.04600000000000026,0.04600000000000026,0.3345545205209852,False
2025-02-07,20,2193681000,7.048,0,6.974,0.07399999999999984,0.07399999999999984,0.5809820306239298,False
2025-02-07,21,2193681000,7.059,0,6.972,0.08699999999999974,0.08699999999999974,0.06550776269333214,False
2025-02-07,22,2193681000,7.122,0,7.052,0.07000000000000028,0.07000000000000028,0.5852486008319097,False
2025-02-07,23,2193681000,7.126,0,7.083,0.04300000000000015,0.04300000000000015,0.332311272487878,False
2025-02-08,0,2193681000,7.101,0,7.129,-0.02799999999999958,0.02799999999999958,-0.17981851043304864,False
2025-02-08,1,2193681000,7.18,0,7.182,-0.002000000000000668,0.002000000000000668,-0.012537405256793742,False
2025-02-08,2,2193681000,7.277,0,7.278,-0.0009999999999994458,0.0009999999999994458,-0.0068190149873626725,False
2025-02-08,3,2193681000,7.326,0,7.326,0.0,0.0,0.0,False
2025-02-08,4,2193681000,7.342,0,7.309,0.032999999999999474,0.032999999999999474,0.1952073146789556,False
2025-02-08,5,2193681000,7.337,0,7.28,0.056999999999999496,0.056999999999999496,0.34891096623919254,False
2025-02-08,6,2193681000,7.299,0,7.251,0.04800000000000004,0.04800000000000004,0.28075412882615125,False
2025-02-08,7,2193681000,7.262,0,6.787,0.47499999999999964,0.47499999999999964,0.5549680863299805,False
2025-02-08,8,2193681000,0.854,0,0.001,0.853,0.853,1.2537935966256808,False
2025-02-08,9,2193681000,0.0,0,0.0,0.0,0.0,0.0,False
2025-02-08,10,2193681000,0.001,0,0.001,0.0,0.0,0.0,False
2025-02-08,11,2193681000,0.0,0,0.0,0.0,0.0,0.0,False
2025-02-08,12,2193681000,0.001,0,0.001,0.0,0.0,0.0,False
2025-02-08,13,2193681000,0.0,0,0.0,0.0,0.0,0.0,False
2025-02-08,14,2193681000,0.001,0,0.001,0.0,0.0,0.0,False
2025-02-08,15,2193681000,0.0,0,0.0,0.0,0.0,0.0,False
2025-02-08,16,2193681000,0.001,0,0.0,0.001,0.001,1.9148505488530307,False
2025-02-08,17,2193681000,0.0,0,0.001,-0.001,0.001,-0.009686295024575348,False
2025-02-08,18,2193681000,3.337,0,3.337,0.0,0.0,0.0,False
2025-02-08,19,2193681000,6.884,0,6.884,0.0,0.0,0.0,False
2025-02-08,20,2193681000,6.982,0,6.968,0.014000000000000234,0.014000000000000234,0.09046069990047517,False
2025-02-08,21,2193681000,6.982,0,6.982,0.0,0.0,0.0,False
2025-02-08,22,2193681000,7.051,0,7.051,0.0,0.0,0.0,False
2025-02-08,23,2193681000,7.124,0,7.124,0.0,0.0,0.0,False
2025-02-09,0,2193681000,7.129,0,7.129,0.0,0.0,0.0,False
2025-02-09,1,2193681000,7.182,0,7.182,0.0,0.0,0.0,False
2025-02-09,2,2193681000,7.292,0,7.278,0.014000000000000234,0.014000000000000234,0.09546620982313192,False
2025-02-09,3,2193681000,7.33,0,7.326,0.004000000000000448,0.004000000000000448,0.024934121247121622,False
2025-02-09,4,2193681000,7.309,0,7.309,0.0,0.0,0.0,False
2025-02-09,5,2193681000,7.31,0,7.28,0.02999999999999936,0.02999999999999936,0.18363735065220432,False
2025-02-09,6,2193681000,7.298,0,7.251,0.04699999999999971,0.04699999999999971,0.27490508447560447,False
2025-02-09,7,2193681000,7.262,0,6.787,0.47499999999999964,0.47499999999999964,0.5549680863299805,False
2025-02-09,8,2193681000,0.731,0,0.001,0.73,0.73,1.0730003816374525,False
2025-02-09,9,2193681000,0.001,0,0.0,0.001,0.001,1.9148505488530307,False
2025-02-09,10,2193681000,0.0,0,0.001,-0.001,0.001,-1.9148505488530307,False
2025-02-09,11,2193681000,0.001,0,0.0,0.001,0.001,1.9148505488530307,False
2025-02-09,12,2193681000,0.0,0,0.001,-0.001,0.001,-1.9148505488530307,False
2025-02-09,13,2193681000,0.001,0,0.0,0.001,0.001,1.9148505488530307,False
2025-02-09,14,2193681000,0.0,0,0.001,-0.001,0.001,-1.9148505488530307,False
2025-02-09,15,2193681000,0.001,0,0.0,0.001,0.001,1.9148505488530307,False
2025-02-09,16,2193681000,0.0,0,0.0,0.0,0.0,0.0,False
2025-02-09,17,2193681000,0.001,0,0.001,0.0,0.0,0.0,False
2025-02-09,18,2193681000,3.21,0,3.337,-0.12700000000000022,0.12700000000000022,-0.06152669466822529,False
2025-02-09,19,2193681000,6.876,0,6.884,-0.008000000000000007,0.008000000000000007,-0.04871912006852833,False
2025-02-09,20,2193681000,6.968,0,6.968,0.0,0.0,0.0,False
2025-02-09,21,2193681000,7.043,0,6.982,0.06099999999999994,0.06099999999999994,0.39091642334886506,False
2025-02-09,22,2193681000,7.12,0,7.051,0.06899999999999995,0.06899999999999995,0.447716038708422,False
2025-02-09,23,2193681000,7.192,0,7.124,0.0680000000000005,0.0680000000000005,0.46123203141179236,False
2025-02-10,0,2193681000,7.172,0,7.098,0.07399999999999984,0.07399999999999984,0.5961403551625711,False
2025-02-10,1,2193681000,7.222,0,7.1775,0.044500000000000206,0.044500000000000206,0.4076703135440055,False
2025-02-10,2,2193681000,7.293,0,7.2379999999999995,0.055000000000000604,0.055000000000000604,0.38423301578026,False
2025-02-10,3,2193681000,7.315,0,7.2665,0.048500000000000654,0.048500000000000654,0.20198747245608112,False
2025-02-10,4,2193681000,7.344,0,7.2775,0.06650000000000045,0.06650000000000045,0.2754034315247483,False
2025-02-10,5,2193681000,7.323,0,7.2684999999999995,0.05450000000000088,0.05450000000000088,0.2101230100288037,False
2025-02-10,6,2193681000,7.23,0,7.2035,0.026500000000000412,0.026500000000000412,0.10283958465375889,False
2025-02-10,7,2193681000,7.237,0,5.845,1.3920000000000003,1.3920000000000003,1.4589055544151939,False
2025-02-10,8,2193681000,0.607,0,0.001,0.606,0.606,1.3034815176872254,False
2025-02-10,9,2193681000,0.001,0,0.001,0.0,0.0,0.0,False
2025-02-10,10,2193681000,0.0,0,0.0,0.0,0.0,0.0,False
2025-02-10,11,2193681000,0.0,0,0.001,-0.001,0.001,-1.9758114098602242,False
2025-02-10,12,2193681000,0.001,0,0.0,0.001,0.001,2.010662699545237,False
2025-02-10,13,2193681000,0.0,0,0.001,-0.001,0.001,-1.9689864930262375,False
2025-02-10,14,2193681000,0.001,0,0.0,0.001,0.001,1.9689864930262375,False
2025-02-10,15,2193681000,0.0,0,0.001,-0.001,0.001,-1.9689864930262375,False
2025-02-10,16,2193681000,0.001,0,0.0,0.001,0.001,1.9689864930262375,False
2025-02-10,17,2193681000,0.0,0,0.001,-0.001,0.001,-0.01973899806057666,False
2025-02-10,18,2193681000,3.099,0,2.925,0.17400000000000038,0.17400000000000038,0.07672573267012911,False
2025-02-10,19,2193681000,6.911,0,6.962,-0.051000000000000156,0.051000000000000156,-0.3709191423167435,False
2025-02-10,20,2193681000,6.933,0,6.974,-0.04100000000000037,0.04100000000000037,-0.3218954493997485,False
2025-02-10,21,2193681000,6.965,0,6.972,-0.007000000000000561,0.007000000000000561,-0.00527073952705015,False
2025-02-10,22,2193681000,7.019,0,7.052,-0.032999999999999474,0.032999999999999474,-0.2759029118207519,False
2025-02-10,23,2193681000,7.083,0,7.083,0.0,0.0,0.0,False
2025-02-11,0,2193681000,7.074,0,7.098,-0.02400000000000002,0.02400000000000002,-0.19334281789056418,False
2025-02-11,1,2193681000,7.171,0,7.1775,-0.00649999999999995,0.00649999999999995,-0.05954734916934839,False
2025-02-11,2,2193681000,7.262,0,7.2379999999999995,0.02400000000000002,0.02400000000000002,0.167665315976839,False
2025-02-11,3,2193681000,7.301,0,7.2665,0.03450000000000042,0.03450000000000042,0.1436818103038101,False
2025-02-11,4,2193681000,7.33,0,7.2775,0.05250000000000021,0.05250000000000021,0.21742376173006384,False
2025-02-11,5,2193681000,7.301,0,7.2684999999999995,0.03250000000000064,0.03250000000000064,0.12530271240249807,False
2025-02-11,6,2193681000,7.296,0,7.2035,0.09250000000000025,0.09250000000000025,0.358968361527267,False
2025-02-11,7,2193681000,7.235,0,5.845,1.3900000000000006,1.3900000000000006,1.4568094257450572,False
2025-02-11,8,2193681000,0.364,0,0.001,0.363,0.363,0.7807983348522488,False
2025-02-11,9,2193681000,0.001,0,0.001,0.0,0.0,0.0,False
2025-02-11,10,2193681000,0.0,0,0.0,0.0,0.0,0.0,False
2025-02-11,11,2193681000,0.001,0,0.001,0.0,0.0,0.0,False
2025-02-11,12,2193681000,0.0,0,0.0,0.0,0.0,0.0,False
2025-02-11,13,2193681000,0.001,0,0.001,0.0,0.0,0.0,False
2025-02-11,14,2193681000,0.0,0,0.0,0.0,0.0,0.0,False
2025-02-11,15,2193681000,0.001,0,0.001,0.0,0.0,0.0,False
2025-02-11,16,2193681000,0.0,0,0.0,0.0,0.0,0.0,False
2025-02-11,17,2193681000,0.001,0,0.001,0.0,0.0,0.0,False
2025-02-11,18,2193681000,3.042,0,2.925,0.11699999999999999,0.11699999999999999,0.05159144093336256,False
2025-02-11,19,2193681000,6.997,0,6.962,0.03500000000000014,0.03500000000000014,0.25455235257031444,False
2025-02-11,20,2193681000,6.976,0,6.974,0.0019999999999997797,0.0019999999999997797,0.0157022170438883,False
2025-02-11,21,2193681000,7.05,0,6.972,0.0779999999999994,0.0779999999999994,0.05873109758712509,False
2025-02-11,22,2193681000,7.123,0,7.052,0.07100000000000062,0.07100000000000062,0.5936092951295111,False
2025-02-11,23,2193681000,7.081,0,7.083,-0.0019999999999997797,0.0019999999999997797,-0.015456338255248385,False
2025-02-12,0,2193681000,7.067,0,7.098,-0.030999999999999694,0.030999999999999694,-0.24973447310864272,False
2025-02-12,1,2193681000,7.15,0,7.1775,-0.027499999999999858,0.027499999999999858,-0.2519310926395515,False
2025-02-12,2,2193681000,6.794,0,7.2379999999999995,-0.44399999999999995,0.44399999999999995,-3.1018083455715186,True
2025-02-12,3,2193681000,6.118,0,7.2665,-1.1484999999999994,1.1484999999999994,-4.783146641563009,True
2025-02-12,4,2193681000,6.401,0,7.2775,-0.8765000000000001,0.8765000000000001,-3.629941469645718,True
2025-02-12,5,2193681000,6.497,0,7.2684999999999995,-0.7714999999999996,0.7714999999999996,-2.974493619031548,True
2025-02-12,6,2193681000,6.441,0,7.2035,-0.7625000000000002,0.7625000000000002,-2.9590635206977343,True
2025-02-12,7,2193681000,6.481,0,5.845,0.6360000000000001,0.6360000000000001,0.6665689171034938,False
2025-02-12,8,2193681000,0.218,0,0.001,0.217,0.217,0.46675823323123417,False
2025-02-12,9,2193681000,0.0,0,0.001,-0.001,0.001,-2.0069284020290215,False
2025-02-12,10,2193681000,0.001,0,0.0,0.001,0.001,2.025090983435007,False
2025-02-12,11,2193681000,0.0,0,0.001,-0.001,0.001,-1.9758114098602242,False
2025-02-12,12,2193681000,0.001,0,0.0,0.001,0.001,2.010662699545237,False
2025-02-12,13,2193681000,0.0,0,0.001,-0.001,0.001,-1.9689864930262375,False
2025-02-12,14,2193681000,0.001,0,0.0,0.001,0.001,1.9689864930262375,False
2025-02-12,15,2193681000,0.0,0,0.001,-0.001,0.001,-1.9689864930262375,False
2025-02-12,16,2193681000,0.001,0,0.0,0.001,0.001,1.9689864930262375,False
2025-02-12,17,2193681000,0.0,0,0.001,-0.001,0.001,-0.01973899806057666,False
2025-02-12,18,2193681000,2.808,0,2.925,-0.11699999999999999,0.11699999999999999,-0.05159144093336256,False
2025-02-12,19,2193681000,6.962,0,6.962,0.0,0.0,0.0,False
2025-02-12,20,2193681000,7.012,0,6.974,0.03799999999999937,0.03799999999999937,0.29834212383390557,False
2025-02-12,21,2193681000,7.033,0,6.972,0.06099999999999994,0.06099999999999994,0.04593073016429044,False
2025-02-12,22,2193681000,7.09,0,7.052,0.038000000000000256,0.038000000000000256,0.3177063833087518,False
2025-02-12,23,2193681000,7.152,0,7.083,0.06899999999999995,0.06899999999999995,0.5332436698061276,False
2025-02-13,0,2193681000,7.183,0,7.098,0.08499999999999996,0.08499999999999996,0.684755813362414,False
2025-02-13,1,2193681000,7.261,0,7.1775,0.08349999999999991,0.08349999999999991,0.7649544085600958,False
2025-02-13,2,2193681000,7.368,0,7.2379999999999995,0.13000000000000078,0.13000000000000078,0.9081871282078826,False
2025-02-13,3,2193681000,7.333,0,7.2665,0.06650000000000045,0.06650000000000045,0.2769518952232846,False
2025-02-13,4,2193681000,6.527,0,7.2775,-0.7504999999999997,0.7504999999999997,-3.1081244414935654,True
2025-02-13,5,2193681000,6.225,0,7.2684999999999995,-1.0434999999999999,1.0434999999999999,-4.023180935138589,True
2025-02-13,6,2193681000,6.179,0,7.2035,-1.0244999999999997,1.0244999999999997,-3.9758171501046915,True
2025-02-13,7,2193681000,6.129,0,5.845,0.2839999999999998,0.2839999999999998,0.29765027115942144,False
2025-02-13,8,2193681000,0.099,0,0.001,0.098,0.098,0.21079404081410577,False
2025-02-13,9,2193681000,0.0,0,0.001,-0.001,0.001,-2.0069284020290215,False
2025-02-13,10,2193681000,0.001,0,0.0,0.001,0.001,2.025090983435007,False
2025-02-13,11,2193681000,0.0,0,0.001,-0.001,0.001,-1.9758114098602242,False
2025-02-13,12,2193681000,0.001,0,0.0,0.001,0.001,2.010662699545237,False
2025-02-13,13,2193681000,0.0,0,0.001,-0.001,0.001,-1.9689864930262375,False
2025-02-13,14,2193681000,0.001,0,0.0,0.001,0.001,1.9689864930262375,False
2025-02-13,15,2193681000,0.0,0,0.001,-0.001,0.001,-1.9689864930262375,False
2025-02-13,16,2193681000,0.001,0,0.0,0.001,0.001,1.9689864930262375,False
2025-02-13,17,2193681000,0.0,0,0.001,-0.001,0.001,-0.01973899806057666,False
2025-02-13,18,2193681000,2.731,0,2.925,-0.19399999999999995,0.19399999999999995,-0.08554478240232766,False
2025-02-13,19,2193681000,7.11,0,6.962,0.14800000000000058,0.14800000000000058,1.0763928051544722,False
2025-02-13,20,2193681000,7.035,0,6.974,0.06099999999999994,0.06099999999999994,0.47891761983864545,False
2025-02-13,21,2193681000,7.034,0,6.972,0.06199999999999939,0.06199999999999939,0.04668369295386856,False
2025-02-13,22,2193681000,7.002,0,7.052,-0.04999999999999982,0.04999999999999982,-0.41803471487993227,False
2025-02-13,23,2193681000,7.031,0,7.083,-0.05200000000000049,0.05200000000000049,-0.40186479463650604,False
2025-02-14,0,2193681000,7.032,0,7.098,-0.06599999999999984,0.06599999999999984,-0.5316927491990497,False
2025-02-14,1,2193681000,7.142,0,7.1775,-0.035499999999999865,0.035499999999999865,-0.32522013777105785,False
2025-02-14,2,2193681000,7.165,0,7.2379999999999995,-0.07299999999999951,0.07299999999999951,-0.5099820027628814,False
2025-02-14,3,2193681000,7.22,0,7.2665,-0.046499999999999986,0.046499999999999986,-0.19365809214861118,False
2025-02-14,4,2193681000,7.24,0,7.2775,-0.037499999999999645,0.037499999999999645,-0.1553026869500435,False
2025-02-14,5,2193681000,7.223,0,7.2684999999999995,-0.04549999999999965,0.04549999999999965,-0.1754237973634925,False
2025-02-14,6,2193681000,7.183,0,7.2035,-0.020500000000000185,0.020500000000000185,-0.07955515039252994,False
2025-02-14,7,2193681000,7.099,0,5.845,1.2540000000000004,1.2540000000000004,1.3142726761757566,False
2025-02-14,8,2193681000,0.0,0,0.001,-0.001,0.001,-0.0021509596001439363,False
2025-02-14,9,2193681000,0.001,0,0.001,0.0,0.0,0.0,False
2025-02-14,10,2193681000,0.0,0,0.0,0.0,0.0,0.0,False
2025-02-14,11,2193681000,0.001,0,0.001,0.0,0.0,0.0,False
2025-02-14,12,2193681000,0.0,0,0.0,0.0,0.0,0.0,False
2025-02-14,13,2193681000,0.001,0,0.001,0.0,0.0,0.0,False
2025-02-14,14,2193681000,0.0,0,0.0,0.0,0.0,0.0,False
2025-02-14,15,2193681000,0.001,0,0.001,0.0,0.0,0.0,False
2025-02-14,16,2193681000,0.0,0,0.0,0.0,0.0,0.0,False
2025-02-14,17,2193681000,0.0,0,0.001,-0.001,0.001,-0.01973899806057666,False
2025-02-14,18,2193681000,2.514,0,2.925,-0.41100000000000003,0.41100000000000003,-0.1812314719966839,False
2025-02-14,19,2193681000,6.832,0,6.962,-0.1299999999999999,0.1299999999999999,-0.9454801666897347,False
2025-02-14,20,2193681000,6.889,0,6.974,-0.08499999999999996,0.08499999999999996,-0.6673442243653259,False
2025-02-14,21,2193681000,6.893,0,6.972,-0.07900000000000063,0.07900000000000063,-0.05948406037670454,False
2025-02-14,22,2193681000,6.965,0,7.052,-0.08699999999999974,0.08699999999999974,-0.7273804038910826,False
2025-02-14,23,2193681000,7.016,0,7.083,-0.06700000000000017,0.06700000000000017,-0.5177873315508792,False
2025-02-15,0,2193681000,6.923,0,7.129,-0.20599999999999952,0.20599999999999952,-1.3229504696145888,False
2025-02-15,1,2193681000,7.016,0,7.182,-0.16600000000000037,0.16600000000000037,-1.0406046363135355,False
2025-02-15,2,2193681000,7.097,0,7.278,-0.18099999999999916,0.18099999999999916,-1.234241712713322,False
2025-02-15,3,2193681000,7.147,0,7.326,-0.17899999999999938,0.17899999999999938,-1.1158019258085639,False
2025-02-15,4,2193681000,7.151,0,7.309,-0.15800000000000036,0.15800000000000036,-0.9346289611901681,False
2025-02-15,5,2193681000,7.122,0,7.28,-0.15800000000000036,0.15800000000000036,-0.9671567134349656,False
2025-02-15,6,2193681000,7.107,0,7.251,-0.14400000000000013,0.14400000000000013,-0.8422623864784538,False
2025-02-15,7,2193681000,6.841,0,6.787,0.05400000000000027,0.05400000000000027,0.06309110876172447,False
2025-02-15,8,2193681000,0.001,0,0.001,0.0,0.0,0.0,False
2025-02-15,9,2193681000,0.0,0,0.0,0.0,0.0,0.0,False
2025-02-15,10,2193681000,0.001,0,0.001,0.0,0.0,0.0,False
2025-02-15,11,2193681000,0.0,0,0.0,0.0,0.0,0.0,False
2025-02-15,12,2193681000,0.001,0,0.001,0.0,0.0,0.0,False
2025-02-15,13,2193681000,0.0,0,0.0,0.0,0.0,0.0,False
2025-02-15,14,2193681000,0.001,0,0.001,0.0,0.0,0.0,False
2025-02-15,15,2193681000,0.0,0,0.0,0.0,0.0,0.0,False
2025-02-15,16,2193681000,0.0,0,0.0,0.0,0.0,0.0,False
2025-02-15,17,2193681000,0.001,0,0.001,0.0,0.0,0.0,False
2025-02-15,18,2193681000,2.425,0,3.337,-0.9120000000000004,0.9120000000000004,-0.44182949242064085,False
2025-02-15,19,2193681000,6.83,0,6.884,-0.05400000000000027,0.05400000000000027,-0.3288540604625676,False
2025-02-15,20,2193681000,6.872,0,6.968,-0.09600000000000009,0.09600000000000009,-0.620301942174677,False
2025-02-15,21,2193681000,6.855,0,6.982,-0.12699999999999978,0.12699999999999978,-0.8138751764804234,False
2025-02-15,22,2193681000,6.88,0,7.051,-0.17100000000000026,0.17100000000000026,-1.109557139407831,False
2025-02-15,23,2193681000,6.943,0,7.124,-0.18100000000000005,0.18100000000000005,-1.2276911424343209,False
2025-02-16,0,2193681000,7.044,0,7.129,-0.08499999999999996,0.08499999999999996,-0.5458776209574769,False
2025-02-16,1,2193681000,7.128,0,7.182,-0.05400000000000027,0.05400000000000027,-0.3385099419333197,False
2025-02-16,2,2193681000,7.207,0,7.278,-0.07099999999999973,0.07099999999999973,-0.4841500641030162,False
2025-02-16,3,2193681000,7.178,0,7.326,-0.1479999999999997,0.1479999999999997,-0.9225624861433948,False
2025-02-16,4,2193681000,7.189,0,7.309,-0.1200000000000001,0.1200000000000001,-0.7098447806507596,False
2025-02-16,5,2193681000,7.121,0,7.28,-0.1589999999999998,0.1589999999999998,-0.9732779584567024,False
2025-02-16,6,2193681000,7.122,0,7.251,-0.12900000000000045,0.12900000000000045,-0.7545267212202834,False
2025-02-16,7,2193681000,6.787,0,6.787,0.0,0.0,0.0,False
2025-02-16,8,2193681000,0.0,0,0.001,-0.001,0.001,-0.001469863536489661,False
2025-02-16,9,2193681000,0.001,0,0.0,0.001,0.001,1.9148505488530307,False
2025-02-16,10,2193681000,0.0,0,0.001,-0.001,0.001,-1.9148505488530307,False
2025-02-16,11,2193681000,0.001,0,0.0,0.001,0.001,1.9148505488530307,False
2025-02-16,12,2193681000,0.0,0,0.001,-0.001,0.001,-1.9148505488530307,False
2025-02-16,13,2193681000,0.001,0,0.0,0.001,0.001,1.9148505488530307,False
2025-02-16,14,2193681000,0.0,0,0.001,-0.001,0.001,-1.9148505488530307,False
2025-02-16,15,2193681000,0.001,0,0.0,0.001,0.001,1.9148505488530307,False
2025-02-16,16,2193681000,0.0,0,0.0,0.0,0.0,0.0,False
2025-02-16,17,2193681000,0.001,0,0.001,0.0,0.0,0.0,False
2025-02-16,18,2193681000,2.185,0,3.337,-1.1520000000000001,1.1520000000000001,-0.558100411478704,False
2025-02-16,19,2193681000,6.792,0,6.884,-0.09200000000000053,0.09200000000000053,-0.5602698807880785,False
2025-02-16,20,2193681000,6.883,0,6.968,-0.08499999999999996,0.08499999999999996,-0.5492256779671613,False
2025-02-16,21,2193681000,6.924,0,6.982,-0.05799999999999983,0.05799999999999983,-0.37169102547924804,False
2025-02-16,22,2193681000,6.997,0,7.051,-0.05400000000000027,0.05400000000000027,-0.3503864650761584,False
2025-02-16,23,2193681000,7.059,0,7.124,-0.0649999999999995,0.0649999999999995,-0.44088355943773605,False
2025-02-17,0,2193681000,7.076,0,7.098,-0.02200000000000024,0.02200000000000024,-0.17723091639968563,False
2025-02-17,1,2193681000,7.088,0,7.1775,-0.08950000000000014,0.08950000000000014,-0.8199211924087276,False
2025-02-17,2,2193681000,7.166,0,7.2379999999999995,-0.07199999999999918,0.07199999999999918,-0.5029959479305108,False
2025-02-17,3,2193681000,7.17,0,7.2665,-0.09649999999999981,0.09649999999999981,-0.40189259983528924,False
2025-02-17,4,2193681000,7.183,0,7.2775,-0.09450000000000003,0.09450000000000003,-0.39136277111411344,False
2025-02-17,5,2193681000,7.155,0,7.2684999999999995,-0.11349999999999927,0.11349999999999927,-0.437595626390251,False
2025-02-17,6,2193681000,7.092,0,7.2035,-0.11150000000000038,0.11150000000000038,-0.43270240335448973,False
2025-02-17,7,2193681000,6.54,0,5.845,0.6950000000000003,0.6950000000000003,0.7284047128725286,False
2025-02-17,8,2193681000,0.0,0,0.001,-0.001,0.001,-0.0021509596001439363,False
2025-02-17,9,2193681000,0.001,0,0.001,0.0,0.0,0.0,False
2025-02-17,10,2193681000,0.0,0,0.0,0.0,0.0,0.0,False
2025-02-17,11,2193681000,0.001,0,0.001,0.0,0.0,0.0,False
2025-02-17,12,2193681000,0.0,0,0.0,0.0,0.0,0.0,False
2025-02-17,13,2193681000,0.0,0,0.001,-0.001,0.001,-1.9689864930262375,False
2025-02-17,14,2193681000,0.001,0,0.0,0.001,0.001,1.9689864930262375,False
2025-02-17,15,2193681000,0.0,0,0.001,-0.001,0.001,-1.9689864930262375,False
2025-02-17,16,2193681000,0.001,0,0.0,0.001,0.001,1.9689864930262375,False
2025-02-17,17,2193681000,0.0,0,0.001,-0.001,0.001,-0.01973899806057666,False
2025-02-17,18,2193681000,2.109,0,2.925,-0.8159999999999998,0.8159999999999998,-0.3598172290737081,False
2025-02-17,19,2193681000,6.847,0,6.962,-0.11499999999999932,0.11499999999999932,-0.8363863013024534,False
2025-02-17,20,2193681000,6.849,0,6.974,-0.125,0.125,-0.9813885652431268,False
2025-02-17,21,2193681000,6.919,0,6.972,-0.053000000000000824,0.053000000000000824,-0.03990702784766285,False
2025-02-17,22,2193681000,6.988,0,7.052,-0.06399999999999917,0.06399999999999917,-0.5350844350463083,False
2025-02-17,23,2193681000,6.871,0,7.083,-0.21199999999999974,0.21199999999999974,-1.6383718550565072,False
2025-02-18,0,2193681000,6.996,0,7.098,-0.10199999999999942,0.10199999999999942,-0.8217069760348924,False
2025-02-18,1,2193681000,7.132,0,7.1775,-0.04550000000000054,0.04550000000000054,-0.4168314441854468,False
2025-02-18,2,2193681000,7.189,0,7.2379999999999995,-0.04899999999999949,0.04899999999999949,-0.34231668678604243,False
2025-02-18,3,2193681000,7.194,0,7.2665,-0.07249999999999979,0.07249999999999979,-0.3019400361456833,False
2025-02-18,4,2193681000,7.106,0,7.2775,-0.17149999999999999,0.17149999999999999,-0.7102509549848723,False
2025-02-18,5,2193681000,7.093,0,7.2684999999999995,-0.17549999999999955,0.17549999999999955,-0.6766346469734745,False
2025-02-18,6,2193681000,7.052,0,7.2035,-0.1515000000000004,0.1515000000000004,-0.5879319650960103,False
2025-02-18,7,2193681000,6.245,0,5.845,0.40000000000000036,0.40000000000000036,0.4192257340273548,False
2025-02-18,8,2193681000,0.0,0,0.001,-0.001,0.001,-0.0021509596001439363,False
2025-02-18,9,2193681000,0.001,0,0.001,0.0,0.0,0.0,False
2025-02-18,10,2193681000,0.0,0,0.0,0.0,0.0,0.0,False
2025-02-18,11,2193681000,0.001,0,0.001,0.0,0.0,0.0,False
2025-02-18,12,2193681000,0.0,0,0.0,0.0,0.0,0.0,False
2025-02-18,13,2193681000,0.001,0,0.001,0.0,0.0,0.0,False
2025-02-18,14,2193681000,0.0,0,0.0,0.0,0.0,0.0,False
2025-02-18,15,2193681000,0.001,0,0.001,0.0,0.0,0.0,False
2025-02-18,16,2193681000,0.0,0,0.0,0.0,0.0,0.0,False
2025-02-18,17,2193681000,0.001,0,0.001,0.0,0.0,0.0,False
2025-02-18,18,2193681000,1.978,0,2.925,-0.9469999999999998,0.9469999999999998,-0.4175820048196098,False
2025-02-18,19,2193681000,6.783,0,6.962,-0.17899999999999938,0.17899999999999938,-1.3018534602881697,False
2025-02-18,20,2193681000,6.857,0,6.974,-0.11699999999999999,0.11699999999999999,-0.9185796970675667,False
2025-02-18,21,2193681000,6.872,0,6.972,-0.10000000000000053,0.10000000000000053,-0.07529627895785365,False
2025-02-18,22,2193681000,6.968,0,7.052,-0.08399999999999963,0.08399999999999963,-0.7022983209982856,False
2025-02-18,23,2193681000,7.022,0,7.083,-0.06099999999999994,0.06099999999999994,-0.47141831678512724,False
2025-02-19,0,2193681000,7.02,0,7.098,-0.07800000000000029,0.07800000000000029,-0.6283641581443354,False
2025-02-19,1,2193681000,7.111,0,7.1775,-0.06650000000000045,0.06650000000000045,-0.60921518765565,False
2025-02-19,2,2193681000,7.168,0,7.2379999999999995,-0.0699999999999994,0.0699999999999994,-0.48902383826577583,False
2025-02-19,3,2193681000,7.223,0,7.2665,-0.04349999999999987,0.04349999999999987,-0.18116402168741,False
2025-02-19,4,2193681000,7.254,0,7.2775,-0.0235000000000003,0.0235000000000003,-0.09732301715536275,False
2025-02-19,5,2193681000,7.264,0,7.2684999999999995,-0.004499999999999282,0.004499999999999282,-0.01734960633265047,False
2025-02-19,6,2193681000,7.208,0,7.2035,0.0045000000000001705,0.0045000000000001705,0.01746332569592171,False
2025-02-19,7,2193681000,6.268,0,5.845,0.42300000000000004,0.42300000000000004,0.44333121373392737,False
2025-02-19,8,2193681000,0.001,0,0.001,0.0,0.0,0.0,False
2025-02-19,9,2193681000,0.0,0,0.001,-0.001,0.001,-2.0069284020290215,False
2025-02-19,10,2193681000,0.001,0,0.0,0.001,0.001,2.025090983435007,False
2025-02-19,11,2193681000,0.0,0,0.001,-0.001,0.001,-1.9758114098602242,False
2025-02-19,12,2193681000,0.001,0,0.0,0.001,0.001,2.010662699545237,False
2025-02-19,13,2193681000,0.0,0,0.001,-0.001,0.001,-1.9689864930262375,False
2025-02-19,14,2193681000,0.001,0,0.0,0.001,0.001,1.9689864930262375,False
2025-02-19,15,2193681000,0.0,0,0.001,-0.001,0.001,-1.9689864930262375,False
2025-02-19,16,2193681000,0.001,0,0.0,0.001,0.001,1.9689864930262375,False
2025-02-19,17,2193681000,0.0,0,0.001,-0.001,0.001,-0.01973899806057666,False
2025-02-19,18,2193681000,1.825,0,2.925,-1.0999999999999999,1.0999999999999999,-0.48504773527093004,False
2025-02-19,19,2193681000,6.716,0,6.962,-0.24599999999999955,0.24599999999999955,-1.7891393923513423,False
2025-02-19,20,2193681000,6.749,0,6.974,-0.22500000000000053,0.22500000000000053,-1.7664994174376325,False
2025-02-19,21,2193681000,6.832,0,6.972,-0.14000000000000057,0.14000000000000057,-0.10541479054099498,False
2025-02-19,22,2193681000,6.955,0,7.052,-0.09699999999999953,0.09699999999999953,-0.8109873468670676,False
2025-02-19,23,2193681000,7.043,0,7.083,-0.040000000000000036,0.040000000000000036,-0.30912676510500203,False
2025-02-20,0,2193681000,7.046,0,7.098,-0.0519999999999996,0.0519999999999996,-0.4189094387628855,False
2025-02-20,1,2193681000,7.108,0,7.1775,-0.06950000000000056,0.06950000000000056,-0.6366985795799658,False
2025-02-20,2,2193681000,7.047,0,7.2379999999999995,-0.19099999999999984,0.19099999999999984,-1.3343364729823415,False
2025-02-20,3,2193681000,7.114,0,7.2665,-0.15249999999999986,0.15249999999999986,-0.6351152484443696,False
2025-02-20,4,2193681000,7.163,0,7.2775,-0.1144999999999996,0.1144999999999996,-0.47419087082080236,False
2025-02-20,5,2193681000,7.145,0,7.2684999999999995,-0.12349999999999994,0.12349999999999994,-0.47615030712948303,False
2025-02-20,6,2193681000,7.107,0,7.2035,-0.09649999999999981,0.09649999999999981,-0.37449131770141736,False
2025-02-20,7,2193681000,6.082,0,5.845,0.2370000000000001,0.2370000000000001,0.24839124741120763,False
2025-02-20,8,2193681000,0.0,0,0.001,-0.001,0.001,-0.0021509596001439363,False
2025-02-20,9,2193681000,0.001,0,0.001,0.0,0.0,0.0,False
2025-02-20,10,2193681000,0.0,0,0.0,0.0,0.0,0.0,False
2025-02-20,11,2193681000,0.001,0,0.001,0.0,0.0,0.0,False
2025-02-20,12,2193681000,0.0,0,0.0,0.0,0.0,0.0,False
2025-02-20,13,2193681000,0.001,0,0.001,0.0,0.0,0.0,False
2025-02-20,14,2193681000,0.0,0,0.0,0.0,0.0,0.0,False
2025-02-20,15,2193681000,0.001,0,0.001,0.0,0.0,0.0,False
2025-02-20,16,2193681000,0.0,0,0.0,0.0,0.0,0.0,False
2025-02-20,17,2193681000,0.001,0,0.001,0.0,0.0,0.0,False
2025-02-20,18,2193681000,1.738,0,2.925,-1.1869999999999998,1.1869999999999998,-0.5234106016059945,False
2025-02-20,19,2193681000,6.747,0,6.962,-0.21499999999999986,0.21499999999999986,-1.5636787372176384,False
2025-02-20,20,2193681000,6.799,0,6.974,-0.17499999999999982,0.17499999999999982,-1.3739439913403761,False
2025-02-20,21,2193681000,6.768,0,6.972,-0.20400000000000063,0.20400000000000063,-0.1536044090740211,False
2025-02-20,22,2193681000,6.846,0,7.052,-0.20599999999999952,0.20599999999999952,-1.722303025305323,False
2025-02-20,23,2193681000,6.91,0,7.083,-0.17300000000000004,0.17300000000000004,-1.3369732590791328,False
2025-02-21,0,2193681000,6.974,0,7.098,-0.12399999999999967,0.12399999999999967,-0.9989378924345781,False
2025-02-21,1,2193681000,7.047,0,7.1775,-0.1305000000000005,0.1305000000000005,-1.1955275487077006,False
2025-02-21,2,2193681000,7.126,0,7.2379999999999995,-0.11199999999999921,0.11199999999999921,-0.7824381412252426,False
2025-02-21,3,2193681000,7.136,0,7.2665,-0.13049999999999962,0.13049999999999962,-0.54349206506223,False
2025-02-21,4,2193681000,7.194,0,7.2775,-0.08349999999999991,0.08349999999999991,-0.3458073162754331,False
2025-02-21,5,2193681000,7.176,0,7.2684999999999995,-0.09249999999999936,0.09249999999999936,-0.35663079683786963,False
2025-02-21,6,2193681000,7.122,0,7.2035,-0.08150000000000013,0.08150000000000013,-0.31628023204834843,False
2025-02-21,7,2193681000,5.877,0,5.845,0.03200000000000003,0.03200000000000003,0.03353805872218839,False
2025-02-21,8,2193681000,0.0,0,0.001,-0.001,0.001,-0.0021509596001439363,False
2025-02-21,9,2193681000,0.001,0,0.001,0.0,0.0,0.0,False
2025-02-21,10,2193681000,0.0,0,0.0,0.0,0.0,0.0,False
2025-02-21,11,2193681000,0.001,0,0.001,0.0,0.0,0.0,False
2025-02-21,12,2193681000,0.0,0,0.0,0.0,0.0,0.0,False
2025-02-21,13,2193681000,0.001,0,0.001,0.0,0.0,0.0,False
2025-02-21,14,2193681000,0.0,0,0.0,0.0,0.0,0.0,False
2025-02-21,15,2193681000,0.001,0,0.001,0.0,0.0,0.0,False
2025-02-21,16,2193681000,0.0,0,0.0,0.0,0.0,0.0,False
2025-02-21,17,2193681000,0.001,0,0.001,0.0,0.0,0.0,False
2025-02-21,18,2193681000,1.515,0,2.925,-1.41,1.41,-0.6217430061200104,False
2025-02-21,19,2193681000,6.703,0,6.962,-0.25899999999999945,0.25899999999999945,-1.883687409020315,False
2025-02-21,20,2193681000,6.792,0,6.974,-0.18200000000000038,0.18200000000000038,-1.4289017509939956,False
2025-02-21,21,2193681000,6.858,0,6.972,-0.11400000000000077,0.11400000000000077,-0.08583775801195329,False
2025-02-21,22,2193681000,6.895,0,7.052,-0.15700000000000003,0.15700000000000003,-1.3126290047229923,False
2025-02-21,23,2193681000,6.906,0,7.083,-0.1770000000000005,0.1770000000000005,-1.3678859355896364,False
2025-02-22,0,2193681000,6.918,0,7.129,-0.2109999999999994,0.2109999999999994,-1.3550609179062043,False
2025-02-22,1,2193681000,7.004,0,7.182,-0.17800000000000082,0.17800000000000082,-1.1158290678542757,False
2025-02-22,2,2193681000,7.092,0,7.278,-0.18599999999999994,0.18599999999999994,-1.2683367876501597,False
2025-02-22,3,2193681000,7.05,0,7.326,-0.2759999999999998,0.2759999999999998,-1.720454366051198,False
2025-02-22,4,2193681000,7.058,0,7.309,-0.25100000000000033,0.25100000000000033,-1.4847586661945062,False
2025-02-22,5,2193681000,7.029,0,7.28,-0.25100000000000033,0.25100000000000033,-1.536432500456811,False
2025-02-22,6,2193681000,7.014,0,7.251,-0.2370000000000001,0.2370000000000001,-1.386223511079121,False
2025-02-22,7,2193681000,5.677,0,6.787,-1.1100000000000003,1.1100000000000003,-1.296872791213219,False
2025-02-22,8,2193681000,0.0,0,0.001,-0.001,0.001,-0.001469863536489661,False
2025-02-22,9,2193681000,0.001,0,0.0,0.001,0.001,1.9148505488530307,False
2025-02-22,10,2193681000,0.0,0,0.001,-0.001,0.001,-1.9148505488530307,False
2025-02-22,11,2193681000,0.001,0,0.0,0.001,0.001,1.9148505488530307,False
2025-02-22,12,2193681000,0.0,0,0.001,-0.001,0.001,-1.9148505488530307,False
2025-02-22,13,2193681000,0.001,0,0.0,0.001,0.001,1.9148505488530307,False
2025-02-22,14,2193681000,0.0,0,0.001,-0.001,0.001,-1.9148505488530307,False
2025-02-22,15,2193681000,0.001,0,0.0,0.001,0.001,1.9148505488530307,False
2025-02-22,16,2193681000,0.0,0,0.0,0.0,0.0,0.0,False
2025-02-22,17,2193681000,0.001,0,0.001,0.0,0.0,0.0,False
2025-02-22,18,2193681000,1.397,0,3.337,-1.9400000000000002,1.9400000000000002,-0.9398565957193453,False
2025-02-22,19,2193681000,6.694,0,6.884,-0.1900000000000004,0.1900000000000004,-1.1570791016275492,False
2025-02-22,20,2193681000,6.798,0,6.968,-0.16999999999999993,0.16999999999999993,-1.0984513559343225,False
2025-02-22,21,2193681000,6.881,0,6.982,-0.10099999999999998,0.10099999999999998,-0.6472550616104165,False
2025-02-22,22,2193681000,6.958,0,7.051,-0.09299999999999997,0.09299999999999997,-0.6034433565200473,False
2025-02-22,23,2193681000,6.864,0,7.124,-0.2599999999999998,0.2599999999999998,-1.7635342377509562,False
2025-02-23,0,2193681000,6.901,0,7.129,-0.22799999999999976,0.22799999999999976,-1.464236442097702,False
2025-02-23,1,2193681000,7.046,0,7.182,-0.13600000000000012,0.13600000000000012,-0.8525435574616905,False
2025-02-23,2,2193681000,7.057,0,7.278,-0.2209999999999992,0.2209999999999992,-1.5070023122079803,False
2025-02-23,3,2193681000,7.034,0,7.326,-0.2919999999999998,0.2919999999999998,-1.8201908510396734,False
2025-02-23,4,2193681000,7.064,0,7.309,-0.2450000000000001,0.2450000000000001,-1.4492664271619669,False
2025-02-23,5,2193681000,7.073,0,7.28,-0.20699999999999985,0.20699999999999985,-1.2670977195002358,False
2025-02-23,6,2193681000,7.067,0,7.251,-0.18400000000000016,0.18400000000000016,-1.0762241605002465,False
2025-02-23,7,2193681000,5.498,0,6.787,-1.2889999999999997,1.2889999999999997,-1.5060081332196742,False
2025-02-23,8,2193681000,0.001,0,0.001,0.0,0.0,0.0,False
2025-02-23,9,2193681000,0.0,0,0.0,0.0,0.0,0.0,False
2025-02-23,10,2193681000,0.001,0,0.001,0.0,0.0,0.0,False
2025-02-23,11,2193681000,0.0,0,0.0,0.0,0.0,0.0,False
2025-02-23,12,2193681000,0.001,0,0.001,0.0,0.0,0.0,False
2025-02-23,13,2193681000,0.0,0,0.0,0.0,0.0,0.0,False
2025-02-23,14,2193681000,0.001,0,0.001,0.0,0.0,0.0,False
2025-02-23,15,2193681000,0.0,0,0.0,0.0,0.0,0.0,False
2025-02-23,16,2193681000,0.001,0,0.0,0.001,0.001,1.9148505488530307,False
2025-02-23,17,2193681000,0.0,0,0.001,-0.001,0.001,-0.009686295024575348,False
2025-02-23,18,2193681000,1.289,0,3.337,-2.048,2.048,-0.9921785092954738,False
2025-02-23,19,2193681000,6.686,0,6.884,-0.1980000000000004,0.1980000000000004,-1.2057982216960774,False
2025-02-23,20,2193681000,6.772,0,6.968,-0.19599999999999973,0.19599999999999973,-1.2664497986066294,False
2025-02-23,21,2193681000,6.858,0,6.982,-0.12400000000000055,0.12400000000000055,-0.794649778610812,False
2025-02-23,22,2193681000,6.95,0,7.051,-0.10099999999999998,0.10099999999999998,-0.6553524624572558,False
2025-02-23,23,2193681000,7.008,0,7.124,-0.11599999999999966,0.11599999999999966,-0.7868075829965788,False
2025-02-24,0,2193681000,7.034,0,7.098,-0.06400000000000006,0.06400000000000006,-0.5155808477081711,False
2025-02-24,1,2193681000,7.095,0,7.1775,-0.08250000000000046,0.08250000000000046,-0.7557932779186626,False
2025-02-24,2,2193681000,7.181,0,7.2379999999999995,-0.056999999999999496,0.056999999999999496,-0.39820512544498876,False
2025-02-24,3,2193681000,7.217,0,7.2665,-0.0495000000000001,0.0495000000000001,-0.2061521626098124,False
2025-02-24,4,2193681000,7.23,0,7.2775,-0.04749999999999943,0.04749999999999943,-0.19671673680338794,False
2025-02-24,5,2193681000,7.233,0,7.2684999999999995,-0.035499999999999865,0.035499999999999865,-0.1368691166242639,False
2025-02-24,6,2193681000,7.161,0,7.2035,-0.042500000000000426,0.042500000000000426,-0.16493140935036713,False
2025-02-24,7,2193681000,5.383,0,5.845,-0.46199999999999974,0.46199999999999974,-0.48420572280159413,False
2025-02-24,8,2193681000,0.0,0,0.001,-0.001,0.001,-0.0021509596001439363,False
2025-02-24,9,2193681000,0.001,0,0.001,0.0,0.0,0.0,False
2025-02-24,10,2193681000,0.0,0,0.0,0.0,0.0,0.0,False
2025-02-24,11,2193681000,0.001,0,0.001,0.0,0.0,0.0,False
2025-02-24,12,2193681000,0.0,0,0.0,0.0,0.0,0.0,False
2025-02-24,13,2193681000,0.001,0,0.001,0.0,0.0,0.0,False
2025-02-24,14,2193681000,0.0,0,0.0,0.0,0.0,0.0,False
2025-02-24,15,2193681000,0.001,0,0.001,0.0,0.0,0.0,False
2025-02-24,16,2193681000,0.0,0,0.0,0.0,0.0,0.0,False
2025-02-24,17,2193681000,0.001,0,0.001,0.0,0.0,0.0,False
2025-02-24,18,2193681000,1.188,0,2.925,-1.7369999999999999,1.7369999999999999,-0.7659344692414596,False
2025-02-24,19,2193681000,6.816,0,6.962,-0.1459999999999999,0.1459999999999999,-1.061846956436164,False
2025-02-24,20,2193681000,6.823,0,6.974,-0.1509999999999998,0.1509999999999998,-1.1855173868136957,False
2025-02-24,21,2193681000,6.897,0,6.972,-0.07500000000000018,0.07500000000000018,-0.05647220921839007,False
2025-02-24,22,2193681000,6.935,0,7.052,-0.11699999999999999,0.11699999999999999,-0.9782012328190449,False
2025-02-24,23,2193681000,6.987,0,7.083,-0.09600000000000009,0.09600000000000009,-0.7419042362520049,False
2025-02-25,0,2193681000,6.988,0,7.098,-0.10999999999999943,0.10999999999999943,-0.8861545819984138,False
2025-02-25,1,2193681000,7.045,0,7.1775,-0.13250000000000028,0.13250000000000028,-1.2138498099905752,False
2025-02-25,2,2193681000,7.117,0,7.2379999999999995,-0.12099999999999955,0.12099999999999955,-0.8453126347165595,False
2025-02-25,3,2193681000,7.179,0,7.2665,-0.08749999999999947,0.08749999999999947,-0.3644103884516856,False
2025-02-25,4,2193681000,7.176,0,7.2775,-0.1014999999999997,0.1014999999999997,-0.4203526060114538,False
2025-02-25,5,2193681000,7.074,0,7.2684999999999995,-0.19449999999999967,0.19449999999999967,-0.7498885403780109,False
2025-02-25,6,2193681000,7.027,0,7.2035,-0.17649999999999988,0.17649999999999988,-0.6849504411844585,False
2025-02-25,7,2193681000,5.083,0,5.845,-0.7619999999999996,0.7619999999999996,-0.7986250233221098,False
2025-02-25,8,2193681000,0.001,0,0.001,0.0,0.0,0.0,False
2025-02-25,9,2193681000,0.0,0,0.001,-0.001,0.001,-2.0069284020290215,False
2025-02-25,10,2193681000,0.001,0,0.0,0.001,0.001,2.025090983435007,False
2025-02-25,11,2193681000,0.0,0,0.001,-0.001,0.001,-1.9758114098602242,False
2025-02-25,12,2193681000,0.001,0,0.0,0.001,0.001,2.010662699545237,False
2025-02-25,13,2193681000,0.0,0,0.001,-0.001,0.001,-1.9689864930262375,False
2025-02-25,14,2193681000,0.001,0,0.0,0.001,0.001,1.9689864930262375,False
2025-02-25,15,2193681000,0.0,0,0.001,-0.001,0.001,-1.9689864930262375,False
2025-02-25,16,2193681000,0.001,0,0.0,0.001,0.001,1.9689864930262375,False
2025-02-25,17,2193681000,0.0,0,0.001,-0.001,0.001,-0.01973899806057666,False
2025-02-25,18,2193681000,1.065,0,2.925,-1.8599999999999999,1.8599999999999999,-0.8201716250944818,False
2025-02-25,19,2193681000,6.759,0,6.962,-0.2029999999999994,0.2029999999999994,-1.4764036449078133,False
2025-02-25,20,2193681000,6.866,0,6.974,-0.10800000000000054,0.10800000000000054,-0.8479197203700658,False
2025-02-25,21,2193681000,6.879,0,6.972,-0.09300000000000086,0.09300000000000086,-0.07002553943080417,False
2025-02-25,22,2193681000,6.944,0,7.052,-0.10799999999999965,0.10799999999999965,-0.902954984140654,False
2025-02-25,23,2193681000,6.999,0,7.083,-0.08400000000000052,0.08400000000000052,-0.6491662067205076,False
2025-02-26,0,2193681000,7.073,0,7.098,-0.024999999999999467,0.024999999999999467,-0.2013987686359999,False
2025-02-26,1,2193681000,7.173,0,7.1775,-0.0045000000000001705,0.0045000000000001705,-0.04122508788647384,False
2025-02-26,2,2193681000,7.2,0,7.2379999999999995,-0.03799999999999937,0.03799999999999937,-0.26547008362999047,False
2025-02-26,3,2193681000,7.224,0,7.2665,-0.04249999999999954,0.04249999999999954,-0.17699933153367503,False
2025-02-26,4,2193681000,7.255,0,7.2775,-0.022499999999999964,0.022499999999999964,-0.09318161217002684,False
2025-02-26,5,2193681000,7.205,0,7.2684999999999995,-0.06349999999999945,0.06349999999999945,-0.24482222269410464,False
2025-02-26,6,2193681000,7.122,0,7.2035,-0.08150000000000013,0.08150000000000013,-0.31628023204834843,False
2025-02-26,7,2193681000,5.039,0,5.845,-0.806,0.806,-0.8447398540651193,False
2025-02-26,8,2193681000,0.0,0,0.001,-0.001,0.001,-0.0021509596001439363,False
2025-02-26,9,2193681000,0.001,0,0.001,0.0,0.0,0.0,False
2025-02-26,10,2193681000,0.0,0,0.0,0.0,0.0,0.0,False
2025-02-26,11,2193681000,0.001,0,0.001,0.0,0.0,0.0,False
2025-02-26,12,2193681000,0.0,0,0.0,0.0,0.0,0.0,False
2025-02-26,13,2193681000,0.001,0,0.001,0.0,0.0,0.0,False
2025-02-26,14,2193681000,0.0,0,0.0,0.0,0.0,0.0,False
2025-02-26,15,2193681000,0.001,0,0.001,0.0,0.0,0.0,False
2025-02-26,16,2193681000,0.0,0,0.0,0.0,0.0,0.0,False
2025-02-26,17,2193681000,0.001,0,0.001,0.0,0.0,0.0,False
2025-02-26,18,2193681000,0.97,0,2.925,-1.9549999999999998,1.9549999999999998,-0.8620621113224257,False
2025-02-26,19,2193681000,6.79,0,6.962,-0.1719999999999997,0.1719999999999997,-1.2509429897741093,False
2025-02-26,20,2193681000,6.843,0,6.974,-0.13100000000000023,0.13100000000000023,-1.0284952163747987,False
2025-02-26,21,2193681000,6.902,0,6.972,-0.07000000000000028,0.07000000000000028,-0.05270739527049749,False
2025-02-26,22,2193681000,6.955,0,7.052,-0.09699999999999953,0.09699999999999953,-0.8109873468670676,False
2025-02-26,23,2193681000,6.948,0,7.083,-0.1349999999999998,0.1349999999999998,-1.0433028322293791,False
2025-02-27,0,2193681000,7.016,0,7.098,-0.08199999999999985,0.08199999999999985,-0.6605879611260925,False
2025-02-27,1,2193681000,7.091,0,7.1775,-0.08650000000000002,0.08650000000000002,-0.7924378004844117,False
2025-02-27,2,2193681000,7.133,0,7.2379999999999995,-0.10499999999999954,0.10499999999999954,-0.7335357573986668,False
2025-02-27,3,2193681000,7.153,0,7.2665,-0.11350000000000016,0.11350000000000016,-0.47269233244876147,False
2025-02-27,4,2193681000,7.197,0,7.2775,-0.0804999999999998,0.0804999999999998,-0.333383101319429,False
2025-02-27,5,2193681000,7.204,0,7.2684999999999995,-0.06449999999999978,0.06449999999999978,-0.24867769076802887,False
2025-02-27,6,2193681000,7.16,0,7.2035,-0.04349999999999987,0.04349999999999987,-0.168812148393903,False
2025-02-27,7,2193681000,4.812,0,5.845,-1.0329999999999995,1.0329999999999995,-1.0826504581256424,False
2025-02-27,8,2193681000,0.001,0,0.001,0.0,0.0,0.0,False
2025-02-27,9,2193681000,0.0,0,0.001,-0.001,0.001,-2.0069284020290215,False
2025-02-27,10,2193681000,0.001,0,0.0,0.001,0.001,2.025090983435007,False
2025-02-27,11,2193681000,0.0,0,0.001,-0.001,0.001,-1.9758114098602242,False
2025-02-27,12,2193681000,0.001,0,0.0,0.001,0.001,2.010662699545237,False
2025-02-27,13,2193681000,0.0,0,0.001,-0.001,0.001,-1.9689864930262375,False
2025-02-27,14,2193681000,0.001,0,0.0,0.001,0.001,1.9689864930262375,False
2025-02-27,15,2193681000,0.0,0,0.001,-0.001,0.001,-1.9689864930262375,False
2025-02-27,16,2193681000,0.001,0,0.0,0.001,0.001,1.9689864930262375,False
2025-02-27,17,2193681000,0.0,0,0.001,-0.001,0.001,-0.01973899806057666,False
2025-02-27,18,2193681000,0.749,0,2.925,-2.1759999999999997,2.1759999999999997,-0.9595126108632216,False
2025-02-27,19,2193681000,6.845,0,6.962,-0.11699999999999999,0.11699999999999999,-0.8509321500207618,False
2025-02-27,20,2193681000,6.933,0,6.974,-0.04100000000000037,0.04100000000000037,-0.3218954493997485,False
2025-02-27,21,2193681000,6.954,0,6.972,-0.018000000000000682,0.018000000000000682,-0.013553330212414099,False
2025-02-27,22,2193681000,7.002,0,7.052,-0.04999999999999982,0.04999999999999982,-0.41803471487993227,False
2025-02-27,23,2193681000,7.002,0,7.083,-0.0810000000000004,0.0810000000000004,-0.6259816993376317,False
2025-02-28,0,2193681000,7.027,0,7.098,-0.07099999999999973,0.07099999999999973,-0.5719725029262497,False
2025-02-28,1,2193681000,7.095,0,7.1775,-0.08250000000000046,0.08250000000000046,-0.7557932779186626,False
2025-02-28,2,2193681000,7.169,0,7.2379999999999995,-0.06899999999999995,0.06899999999999995,-0.4820377834334114,False
2025-02-28,3,2193681000,7.194,0,7.2665,-0.07249999999999979,0.07249999999999979,-0.3019400361456833,False
2025-02-28,4,2193681000,7.22,0,7.2775,-0.05750000000000011,0.05750000000000011,-0.23813078665673607,False
2025-02-28,5,2193681000,7.179,0,7.2684999999999995,-0.08949999999999925,0.08949999999999925,-0.34506439261610033,False
2025-02-28,6,2193681000,7.158,0,7.2035,-0.04549999999999965,0.04549999999999965,-0.17657362648097816,False
2025-02-28,7,2193681000,4.729,0,5.845,-1.1159999999999997,1.1159999999999997,-1.1696397979363187,False
2025-02-28,8,2193681000,0.001,0,0.001,0.0,0.0,0.0,False
2025-02-28,9,2193681000,0.0,0,0.001,-0.001,0.001,-2.0069284020290215,False
2025-02-28,10,2193681000,0.001,0,0.0,0.001,0.001,2.025090983435007,False
2025-02-28,11,2193681000,0.0,0,0.001,-0.001,0.001,-1.9758114098602242,False
2025-02-28,12,2193681000,0.001,0,0.0,0.001,0.001,2.010662699545237,False
2025-02-28,13,2193681000,0.0,0,0.001,-0.001,0.001,-1.9689864930262375,False
2025-02-28,14,2193681000,0.001,0,0.0,0.001,0.001,1.9689864930262375,False
2025-02-28,15,2193681000,0.0,0,0.001,-0.001,0.001,-1.9689864930262375,False
2025-02-28,16,2193681000,0.001,0,0.0,0.001,0.001,1.9689864930262375,False
2025-02-28,17,2193681000,0.0,0,0.001,-0.001,0.001,-0.01973899806057666,False
2025-02-28,18,2193681000,0.628,0,2.925,-2.2969999999999997,2.2969999999999997,-1.012867861743024,False
2025-02-28,19,2193681000,6.728,0,6.962,-0.23399999999999999,0.23399999999999999,-1.7018643000415237,False
2025-02-28,20,2193681000,6.812,0,6.974,-0.16199999999999992,0.16199999999999992,-1.2718795805550918,False
2025-02-28,21,2193681000,6.871,0,6.972,-0.10099999999999998,0.10099999999999998,-0.07604924174743177,False
2025-02-28,22,2193681000,6.936,0,7.052,-0.11599999999999966,0.11599999999999966,-0.9698405385214435,False
2025-02-28,23,2193681000,6.979,0,7.083,-0.10400000000000009,0.10400000000000009,-0.8037295892730052,False
2025-03-01,0,2193681000,6.986,0,6.9990000000000006,-0.013000000000000789,0.013000000000000789,-0.0996404747253125,False
2025-03-01,1,2193681000,7.042,0,7.0635,-0.02150000000000052,0.02150000000000052,-0.15593162294170324,False
2025-03-01,2,2193681000,7.102,0,7.156499999999999,-0.054499999999999105,0.054499999999999105,-0.40586891404269454,False
2025-03-01,3,2193681000,7.138,0,7.1475,-0.009500000000000064,0.009500000000000064,-0.06866580790312908,False
2025-03-01,4,2193681000,7.144,0,7.1425,0.0015000000000000568,0.0015000000000000568,0.009625101395957798,False
2025-03-01,5,2193681000,7.126,0,7.1225000000000005,0.0034999999999998366,0.0034999999999998366,0.021634727510225032,False
2025-03-01,6,2193681000,7.131,0,7.132,-0.0009999999999994458,0.0009999999999994458,-0.0025878436570130605,False
2025-03-01,7,2193681000,4.483,0,1.7085,2.7744999999999997,2.7744999999999997,1.5663926881146792,False
2025-03-01,8,2193681000,0.001,0,0.0,0.001,0.001,1.9364879231109704,False
2025-03-01,9,2193681000,0.0,0,0.001,-0.001,0.001,-1.8973629961078584,False
2025-03-01,10,2193681000,0.001,0,0.0,0.001,0.001,1.8973629961078584,False
2025-03-01,11,2193681000,0.0,0,0.0,0.0,0.0,0.0,False
2025-03-01,12,2193681000,0.001,0,0.001,0.0,0.0,0.0,False
2025-03-01,13,2193681000,0.0,0,0.0,0.0,0.0,0.0,False
2025-03-01,14,2193681000,0.001,0,0.001,0.0,0.0,0.0,False
2025-03-01,15,2193681000,0.0,0,0.0,0.0,0.0,0.0,False
2025-03-01,16,2193681000,0.001,0,0.001,0.0,0.0,0.0,False
2025-03-01,17,2193681000,0.0,0,0.0,0.0,0.0,0.0,False
2025-03-01,18,2193681000,0.517,0,0.001,0.516,0.516,2.6268699425308966,True
2025-03-01,19,2193681000,6.845,0,5.6765,1.1684999999999999,1.1684999999999999,1.096437253723602,False
2025-03-01,20,2193681000,6.791,0,6.8915,-0.10049999999999937,0.10049999999999937,-0.7947198565869826,False
2025-03-01,21,2193681000,6.839,0,6.9635,-0.12449999999999939,0.12449999999999939,-0.9511314234031749,False
2025-03-01,22,2193681000,6.908,0,7.016,-0.10799999999999965,0.10799999999999965,-0.8144383049354642,False
2025-03-01,23,2193681000,6.957,0,7.026,-0.06899999999999995,0.06899999999999995,-0.5078686525277247,False
2025-03-02,0,2193681000,7.012,0,6.9990000000000006,0.012999999999999012,0.012999999999999012,0.09964047472529888,False
2025-03-02,1,2193681000,7.105,0,7.0635,0.04150000000000009,0.04150000000000009,0.3009842954456066,False
2025-03-02,2,2193681000,7.171,0,7.156499999999999,0.014500000000000846,0.014500000000000846,0.10798347254347726,False
2025-03-02,3,2193681000,7.2,0,7.1475,0.05250000000000021,0.05250000000000021,0.3794689384120281,False
2025-03-02,4,2193681000,7.168,0,7.1425,0.025500000000000078,0.025500000000000078,0.16362672373127687,False
2025-03-02,5,2193681000,7.148,0,7.1225000000000005,0.02549999999999919,0.02549999999999919,0.15762444328878472,False
2025-03-02,6,2193681000,7.172,0,7.132,0.040000000000000036,0.040000000000000036,0.10351374628057988,False
2025-03-02,7,2193681000,4.421,0,1.7085,2.7125000000000004,2.7125000000000004,1.5313894995534576,False
2025-03-02,8,2193681000,0.0,0,0.0,0.0,0.0,0.0,False
2025-03-02,9,2193681000,0.001,0,0.001,0.0,0.0,0.0,False
2025-03-02,10,2193681000,0.0,0,0.0,0.0,0.0,0.0,False
2025-03-02,11,2193681000,0.001,0,0.0,0.001,0.001,1.9364879231109704,False
2025-03-02,12,2193681000,0.0,0,0.001,-0.001,0.001,-1.9364879231109704,False
2025-03-02,13,2193681000,0.001,0,0.0,0.001,0.001,1.9364879231109704,False
2025-03-02,14,2193681000,0.0,0,0.001,-0.001,0.001,-1.9364879231109704,False
2025-03-02,15,2193681000,0.001,0,0.0,0.001,0.001,1.9364879231109704,False
2025-03-02,16,2193681000,0.0,0,0.001,-0.001,0.001,-1.9364879231109704,False
2025-03-02,17,2193681000,0.001,0,0.0,0.001,0.001,1.9364879231109704,False
2025-03-02,18,2193681000,0.408,0,0.001,0.407,0.407,2.071969121337354,False
2025-03-02,19,2193681000,6.766,0,5.6765,1.0895000000000001,1.0895000000000001,1.0223092750807572,False
2025-03-02,20,2193681000,6.78,0,6.8915,-0.11149999999999949,0.11149999999999949,-0.8817041194970021,False
2025-03-02,21,2193681000,6.85,0,6.9635,-0.11350000000000016,0.11350000000000016,-0.8670957153113336,False
2025-03-02,22,2193681000,6.917,0,7.016,-0.0990000000000002,0.0990000000000002,-0.7465684461908461,False
2025-03-02,23,2193681000,6.926,0,7.026,-0.09999999999999964,0.09999999999999964,-0.7360415254024976,False
2025-03-03,0,2193681000,7.006,0,7.059,-0.052999999999999936,0.052999999999999936,-0.7156159422945965,False
2025-03-03,1,2193681000,7.013,0,7.097,-0.08400000000000052,0.08400000000000052,-0.05406367857746405,False
2025-03-03,2,2193681000,7.109,0,7.123,-0.014000000000000234,0.014000000000000234,-0.12083744501258173,False
2025-03-03,3,2193681000,7.163,0,7.157,0.006000000000000227,0.006000000000000227,0.049869576909570605,False
2025-03-03,4,2193681000,7.117,0,7.122,-0.004999999999999893,0.004999999999999893,-0.003187374379868411,False
2025-03-03,5,2193681000,7.046,0,7.09,-0.043999999999999595,0.043999999999999595,-0.3217284876392257,False
2025-03-03,6,2193681000,7.147,0,7.099,0.04800000000000004,0.04800000000000004,0.1596062912966028,False
2025-03-03,7,2193681000,4.145,0,1.357,2.7879999999999994,2.7879999999999994,1.880906896890371,False
2025-03-03,8,2193681000,0.001,0,0.0,0.001,0.001,1.972022705485319,False
2025-03-03,9,2193681000,0.0,0,0.001,-0.001,0.001,-1.9720227054853185,False
2025-03-03,10,2193681000,0.001,0,0.0,0.001,0.001,1.972022705485319,False
2025-03-03,11,2193681000,0.592,0,0.001,0.591,0.591,4.5794431881142605,True
2025-03-03,12,2193681000,0.001,0,0.0,0.001,0.001,1.972022705485319,False
2025-03-03,13,2193681000,0.0,0,0.001,-0.001,0.001,-1.9591755404412108,False
2025-03-03,14,2193681000,0.001,0,0.0,0.001,0.001,1.972022705485319,False
2025-03-03,15,2193681000,0.0,0,0.001,-0.001,0.001,-1.9540130236624311,False
2025-03-03,16,2193681000,0.001,0,0.0,0.001,0.001,1.9540130236624316,False
2025-03-03,17,2193681000,0.0,0,0.001,-0.001,0.001,-1.9540130236624311,False
2025-03-03,18,2193681000,0.313,0,0.001,0.312,0.312,3.7925938032514686,True
2025-03-03,19,2193681000,6.851,0,5.281,1.5700000000000003,1.5700000000000003,1.0026356589318994,False
2025-03-03,20,2193681000,6.737,0,6.843,-0.10599999999999987,0.10599999999999987,-1.4606403572621196,False
2025-03-03,21,2193681000,6.833,0,6.914,-0.08099999999999952,0.08099999999999952,-1.2301525144569194,False
2025-03-03,22,2193681000,6.971,0,6.99,-0.019000000000000128,0.019000000000000128,-0.012443332494758883,False
2025-03-03,23,2193681000,7.035,0,7.024,0.01100000000000012,0.01100000000000012,0.17808162799568558,False
2025-03-04,0,2193681000,7.041,0,7.059,-0.017999999999999794,0.017999999999999794,-0.243039376628351,False
2025-03-04,1,2193681000,7.12,0,7.097,0.022999999999999687,0.022999999999999687,0.014803150086686293,False
2025-03-04,2,2193681000,7.082,0,7.123,-0.04100000000000037,0.04100000000000037,-0.35388108896541515,False
2025-03-04,3,2193681000,7.081,0,7.157,-0.07599999999999962,0.07599999999999962,-0.6316813075212006,False
2025-03-04,4,2193681000,7.037,0,7.122,-0.08499999999999996,0.08499999999999996,-0.05418536445776411,False
2025-03-04,5,2193681000,7.087,0,7.09,-0.0030000000000001137,0.0030000000000001137,-0.021936033248130055,False
2025-03-04,6,2193681000,7.117,0,7.099,0.017999999999999794,0.017999999999999794,0.05985235923622532,False
2025-03-04,7,2193681000,3.981,0,1.357,2.6239999999999997,2.6239999999999997,1.7702653147203493,False
2025-03-04,8,2193681000,0.0,0,0.0,0.0,0.0,0.0,False
2025-03-04,9,2193681000,0.001,0,0.001,0.0,0.0,0.0,False
2025-03-04,10,2193681000,0.0,0,0.0,0.0,0.0,0.0,False
2025-03-04,11,2193681000,0.001,0,0.001,0.0,0.0,0.0,False
2025-03-04,12,2193681000,0.0,0,0.0,0.0,0.0,0.0,False
2025-03-04,13,2193681000,0.001,0,0.001,0.0,0.0,0.0,False
2025-03-04,14,2193681000,0.0,0,0.0,0.0,0.0,0.0,False
2025-03-04,15,2193681000,0.001,0,0.001,0.0,0.0,0.0,False
2025-03-04,16,2193681000,0.0,0,0.0,0.0,0.0,0.0,False
2025-03-04,17,2193681000,0.001,0,0.001,0.0,0.0,0.0,False
2025-03-04,18,2193681000,0.209,0,0.001,0.208,0.208,2.528395868834312,True
2025-03-04,19,2193681000,6.863,0,5.281,1.5820000000000007,1.5820000000000007,1.0102991161976214,False
2025-03-04,20,2193681000,6.841,0,6.843,-0.0019999999999997797,0.0019999999999997797,-0.027559252023810578,False
2025-03-04,21,2193681000,6.894,0,6.914,-0.019999999999999574,0.019999999999999574,-0.30374136159429643,False
2025-03-04,22,2193681000,6.962,0,6.99,-0.02800000000000047,0.02800000000000047,-0.01833754262385538,False
2025-03-04,23,2193681000,7.008,0,7.024,-0.016000000000000014,0.016000000000000014,-0.2590278225391764,False
2025-03-05,0,2193681000,7.039,0,7.059,-0.020000000000000462,0.020000000000000462,-0.27004375180928825,False
2025-03-05,1,2193681000,7.106,0,7.097,0.008999999999999453,0.008999999999999453,0.005792536990442189,False
2025-03-05,2,2193681000,7.102,0,7.123,-0.020999999999999908,0.020999999999999908,-0.18125616751886875,False
2025-03-05,3,2193681000,7.144,0,7.157,-0.0129999999999999,0.0129999999999999,-0.10805074997073139,False
2025-03-05,4,2193681000,7.12,0,7.122,-0.0019999999999997797,0.0019999999999997797,-0.001274949751947251,False
2025-03-05,5,2193681000,7.066,0,7.09,-0.02400000000000002,0.02400000000000002,-0.17548826598503395,False
2025-03-05,6,2193681000,7.046,0,7.099,-0.052999999999999936,0.052999999999999936,-0.17623194663999858,False
2025-03-05,7,2193681000,3.756,0,1.357,2.399,2.399,1.6184704611334293,False
2025-03-05,8,2193681000,0.0,0,0.0,0.0,0.0,0.0,False
2025-03-05,9,2193681000,0.001,0,0.001,0.0,0.0,0.0,False
2025-03-05,10,2193681000,0.0,0,0.0,0.0,0.0,0.0,False
2025-03-05,11,2193681000,0.001,0,0.001,0.0,0.0,0.0,False
2025-03-05,12,2193681000,0.0,0,0.0,0.0,0.0,0.0,False
2025-03-05,13,2193681000,,1,0.001,,,,False
2025-03-05,14,2193681000,0.0,0,0.0,0.0,0.0,0.0,False
2025-03-05,15,2193681000,0.001,0,0.001,0.0,0.0,0.0,False
2025-03-05,16,2193681000,0.0,0,0.0,0.0,0.0,0.0,False
2025-03-05,17,2193681000,0.001,0,0.001,0.0,0.0,0.0,False
2025-03-05,18,2193681000,0.117,0,0.001,0.116,0.116,1.410066926849905,False
2025-03-05,19,2193681000,6.805,0,5.281,1.524,1.524,0.9732590727466335,False
2025-03-05,20,2193681000,6.722,0,6.843,-0.12099999999999955,0.12099999999999955,-1.6673347474407174,False
2025-03-05,21,2193681000,6.903,0,6.914,-0.01100000000000012,0.01100000000000012,-0.16705774887686844,False
2025-03-05,22,2193681000,6.923,0,6.99,-0.06700000000000017,0.06700000000000017,-0.04387911984993903,False
2025-03-05,23,2193681000,7.023,0,7.024,-0.001000000000000334,0.001000000000000334,-0.016189238908703916,False
2025-03-06,0,2193681000,7.002,0,7.059,-0.057000000000000384,0.057000000000000384,-0.7696246926564588,False
2025-03-06,1,2193681000,7.081,0,7.097,-0.016000000000000014,0.016000000000000014,-0.010297843538564527,False
2025-03-06,2,2193681000,7.096,0,7.123,-0.027000000000000135,0.027000000000000135,-0.23304364395283345,False
2025-03-06,3,2193681000,7.101,0,7.157,-0.05600000000000005,0.05600000000000005,-0.4654493844893084,False
2025-03-06,4,2193681000,7.09,0,7.122,-0.03200000000000003,0.03200000000000003,-0.020399196031158282,False
2025-03-06,5,2193681000,7.029,0,7.09,-0.06099999999999994,0.06099999999999994,-0.44603267604529384,False
2025-03-06,6,2193681000,7.0,0,7.099,-0.0990000000000002,0.0990000000000002,-0.3291879757992437,False
2025-03-06,7,2193681000,3.477,0,1.357,2.12,2.12,1.4302448426856482,False
2025-03-06,8,2193681000,0.0,0,0.0,0.0,0.0,0.0,False
2025-03-06,9,2193681000,0.001,0,0.001,0.0,0.0,0.0,False
2025-03-06,10,2193681000,0.0,0,0.0,0.0,0.0,0.0,False
2025-03-06,11,2193681000,0.001,0,0.001,0.0,0.0,0.0,False
2025-03-06,12,2193681000,0.0,0,0.0,0.0,0.0,0.0,False
2025-03-06,13,2193681000,0.001,0,0.001,0.0,0.0,0.0,False
2025-03-06,14,2193681000,0.0,0,0.0,0.0,0.0,0.0,False
2025-03-06,15,2193681000,0.001,0,0.001,0.0,0.0,0.0,False
2025-03-06,16,2193681000,0.0,0,0.0,0.0,0.0,0.0,False
2025-03-06,17,2193681000,0.001,0,0.001,0.0,0.0,0.0,False
2025-03-06,18,2193681000,0.0,0,0.001,-0.001,0.001,-0.012155749369395733,False
2025-03-06,19,2193681000,6.761,0,5.281,1.4800000000000004,1.4800000000000004,0.9451597294389882,False
2025-03-06,20,2193681000,6.803,0,6.843,-0.040000000000000036,0.040000000000000036,-0.5511850404762727,False
2025-03-06,21,2193681000,6.914,0,6.914,0.0,0.0,0.0,False
2025-03-06,22,2193681000,6.95,0,6.99,-0.040000000000000036,0.040000000000000036,-0.026196489462650126,False
2025-03-06,23,2193681000,7.055,0,7.024,0.030999999999999694,0.030999999999999694,0.5018664061696488,False
2025-03-07,0,2193681000,7.059,0,7.059,0.0,0.0,0.0,False
2025-03-07,1,2193681000,7.011,0,7.097,-0.0860000000000003,0.0860000000000003,-0.055350909019784476,False
2025-03-07,2,2193681000,6.99,0,7.123,-0.133,0.133,-1.1479557276195071,False
2025-03-07,3,2193681000,7.03,0,7.157,-0.12699999999999978,0.12699999999999978,-1.055572711252536,False
2025-03-07,4,2193681000,7.05,0,7.122,-0.07200000000000006,0.07200000000000006,-0.045898191070106134,False
2025-03-07,5,2193681000,7.051,0,7.09,-0.0389999999999997,0.0389999999999997,-0.2851684322256777,False
2025-03-07,6,2193681000,7.085,0,7.099,-0.014000000000000234,0.014000000000000234,-0.04655183496150989,False
2025-03-07,7,2193681000,3.377,0,1.357,2.0199999999999996,2.0199999999999996,1.3627804633136835,False
2025-03-07,8,2193681000,0.0,0,0.0,0.0,0.0,0.0,False
2025-03-07,9,2193681000,0.001,0,0.001,0.0,0.0,0.0,False
2025-03-07,10,2193681000,0.0,0,0.0,0.0,0.0,0.0,False
2025-03-07,11,2193681000,0.001,0,0.001,0.0,0.0,0.0,False
2025-03-07,12,2193681000,0.0,0,0.0,0.0,0.0,0.0,False
2025-03-07,13,2193681000,0.001,0,0.001,0.0,0.0,0.0,False
2025-03-07,14,2193681000,0.0,0,0.0,0.0,0.0,0.0,False
2025-03-07,15,2193681000,0.001,0,0.001,0.0,0.0,0.0,False
2025-03-07,16,2193681000,0.0,0,0.0,0.0,0.0,0.0,False
2025-03-07,17,2193681000,0.001,0,0.001,0.0,0.0,0.0,False
2025-03-07,18,2193681000,0.0,0,0.001,-0.001,0.001,-0.012155749369395733,False
2025-03-07,19,2193681000,6.653,0,5.281,1.3719999999999999,1.3719999999999999,0.8761886140474942,False
2025-03-07,20,2193681000,6.865,0,6.843,0.02200000000000024,0.02200000000000024,0.30315177226195306,False
2025-03-07,21,2193681000,6.882,0,6.914,-0.03200000000000003,0.03200000000000003,-0.4859861785508851,False
2025-03-07,22,2193681000,6.863,0,6.99,-0.12699999999999978,0.12699999999999978,-0.08317385404391393,False
2025-03-07,23,2193681000,6.976,0,7.024,-0.04800000000000004,0.04800000000000004,-0.7770834676175292,False
2025-03-08,0,2193681000,6.978,0,6.9990000000000006,-0.021000000000000796,0.021000000000000796,-0.16095768994088575,False
2025-03-08,1,2193681000,7.062,0,7.0635,-0.0015000000000000568,0.0015000000000000568,-0.010878950437793399,False
2025-03-08,2,2193681000,7.153,0,7.156499999999999,-0.0034999999999998366,0.0034999999999998366,-0.02606497613118143,False
2025-03-08,3,2193681000,7.157,0,7.1475,0.009500000000000064,0.009500000000000064,0.06866580790312908,False
2025-03-08,4,2193681000,7.119,0,7.1425,-0.0235000000000003,0.0235000000000003,-0.15079325520333503,False
2025-03-08,5,2193681000,7.116,0,7.1225000000000005,-0.0065000000000008384,0.0065000000000008384,-0.04017877966185355,False
2025-03-08,6,2193681000,7.133,0,7.132,0.001000000000000334,0.001000000000000334,0.002587843657015359,False
2025-03-08,7,2193681000,3.168,0,1.7085,1.4595000000000002,1.4595000000000002,0.8239863500823121,False
2025-03-08,8,2193681000,0.001,0,0.0,0.001,0.001,1.9364879231109704,False
2025-03-08,9,2193681000,0.0,0,0.001,-0.001,0.001,-1.8973629961078584,False
2025-03-08,10,2193681000,0.001,0,0.0,0.001,0.001,1.8973629961078584,False
2025-03-08,11,2193681000,0.0,0,0.0,0.0,0.0,0.0,False
2025-03-08,12,2193681000,0.001,0,0.001,0.0,0.0,0.0,False
2025-03-08,13,2193681000,0.0,0,0.0,0.0,0.0,0.0,False
2025-03-08,14,2193681000,0.001,0,0.001,0.0,0.0,0.0,False
2025-03-08,15,2193681000,0.0,0,0.0,0.0,0.0,0.0,False
2025-03-08,16,2193681000,0.001,0,0.001,0.0,0.0,0.0,False
2025-03-08,17,2193681000,0.0,0,0.0,0.0,0.0,0.0,False
2025-03-08,18,2193681000,0.001,0,0.001,0.0,0.0,0.0,False
2025-03-08,19,2193681000,6.434,0,5.6765,0.7575000000000003,0.7575000000000003,0.7107840990120916,False
2025-03-08,20,2193681000,6.74,0,6.8915,-0.15149999999999952,0.15149999999999952,-1.1980105300788881,False
2025-03-08,21,2193681000,6.825,0,6.9635,-0.13849999999999962,0.13849999999999962,-1.0580859609746185,False
2025-03-08,22,2193681000,6.926,0,7.016,-0.08999999999999986,0.08999999999999986,-0.6786985874462212,False
2025-03-08,23,2193681000,6.995,0,7.026,-0.030999999999999694,0.030999999999999694,-0.2281728728747728,False
2025-03-09,0,2193681000,7.002,0,6.9990000000000006,0.0029999999999992255,0.0029999999999992255,0.022993955705834016,False
2025-03-09,1,2193681000,7.112,0,7.0635,0.048499999999999766,0.048499999999999766,0.3517527308219715,False
2025-03-09,2,2193681000,7.193,0,7.156499999999999,0.0365000000000002,0.0365000000000002,0.2718204653680491,False
2025-03-09,3,2193681000,7.175,0,7.1475,0.027499999999999858,0.027499999999999858,0.19876944393010812,False
2025-03-09,4,2193681000,7.143,0,7.1425,0.0004999999999997229,0.0004999999999997229,0.003208367131984033,False
2025-03-09,5,2193681000,7.114,0,7.1225000000000005,-0.008500000000000618,0.008500000000000618,-0.052541481096267065,False
2025-03-09,6,2193681000,7.173,0,7.132,0.04100000000000037,0.04100000000000037,0.10610158993759523,False
2025-03-09,7,2193681000,3.047,0,1.7085,1.3385000000000002,1.3385000000000002,0.7556736756321855,False
2025-03-09,8,2193681000,0.0,0,0.0,0.0,0.0,0.0,False
2025-03-09,9,2193681000,0.001,0,0.001,0.0,0.0,0.0,False
2025-03-09,10,2193681000,0.0,0,0.0,0.0,0.0,0.0,False
2025-03-09,11,2193681000,0.001,0,0.0,0.001,0.001,1.9364879231109704,False
2025-03-09,12,2193681000,0.0,0,0.001,-0.001,0.001,-1.9364879231109704,False
2025-03-09,13,2193681000,0.001,0,0.0,0.001,0.001,1.9364879231109704,False
2025-03-09,14,2193681000,0.0,0,0.001,-0.001,0.001,-1.9364879231109704,False
2025-03-09,15,2193681000,0.001,0,0.0,0.001,0.001,1.9364879231109704,False
2025-03-09,16,2193681000,0.0,0,0.001,-0.001,0.001,-1.9364879231109704,False
2025-03-09,17,2193681000,0.001,0,0.0,0.001,0.001,1.9364879231109704,False
2025-03-09,18,2193681000,0.0,0,0.001,-0.001,0.001,-0.005090833221959102,False
2025-03-09,19,2193681000,6.367,0,5.6765,0.6905000000000001,0.6905000000000001,0.6479160664922101,False
2025-03-09,20,2193681000,6.911,0,6.8915,0.01949999999999985,0.01949999999999985,0.15419937515866808,False
2025-03-09,21,2193681000,7.009,0,6.9635,0.04550000000000054,0.04550000000000054,0.34760224710719023,False
2025-03-09,22,2193681000,7.053,0,7.016,0.03699999999999992,0.03699999999999992,0.2790205303945575,False
2025-03-09,23,2193681000,7.067,0,7.026,0.04100000000000037,0.04100000000000037,0.30177702541502777,False
2025-03-10,0,2193681000,7.06,0,7.059,0.0009999999999994458,0.0009999999999994458,0.013502187590456616,False
2025-03-10,1,2193681000,7.042,0,7.097,-0.055000000000000604,0.055000000000000604,-0.03539883716381592,False
2025-03-10,2,2193681000,7.115,0,7.123,-0.008000000000000007,0.008000000000000007,-0.06904996857861703,False
2025-03-10,3,2193681000,7.141,0,7.157,-0.016000000000000014,0.016000000000000014,-0.1329855384255167,False
2025-03-10,4,2193681000,7.041,0,7.122,-0.08099999999999952,0.08099999999999952,-0.051635464953869045,False
2025-03-10,5,2193681000,7.015,0,7.09,-0.07500000000000018,0.07500000000000018,-0.5484008312032319,False
2025-03-10,6,2193681000,7.029,0,7.099,-0.07000000000000028,0.07000000000000028,-0.23275917480754652,False
2025-03-10,7,2193681000,2.757,0,1.357,1.4000000000000001,1.4000000000000001,0.9445013112075037,False
2025-03-10,8,2193681000,0.001,0,0.0,0.001,0.001,1.972022705485319,False
2025-03-10,9,2193681000,0.0,0,0.001,-0.001,0.001,-1.9720227054853185,False
2025-03-10,10,2193681000,0.001,0,0.0,0.001,0.001,1.972022705485319,False
2025-03-10,11,2193681000,0.0,0,0.001,-0.001,0.001,-0.007748634836064739,False
2025-03-10,12,2193681000,0.001,0,0.0,0.001,0.001,1.972022705485319,False
2025-03-10,13,2193681000,0.0,0,0.001,-0.001,0.001,-1.9591755404412108,False
2025-03-10,14,2193681000,0.001,0,0.0,0.001,0.001,1.972022705485319,False
2025-03-10,15,2193681000,0.0,0,0.001,-0.001,0.001,-1.9540130236624311,False
2025-03-10,16,2193681000,0.001,0,0.0,0.001,0.001,1.9540130236624316,False
2025-03-10,17,2193681000,0.0,0,0.001,-0.001,0.001,-1.9540130236624311,False
2025-03-10,18,2193681000,0.001,0,0.001,0.0,0.0,0.0,False
2025-03-10,19,2193681000,6.21,0,5.281,0.9290000000000003,0.9290000000000003,0.5932793166546081,False
2025-03-10,20,2193681000,6.8,0,6.843,-0.04300000000000015,0.04300000000000015,-0.5925239185119947,False
2025-03-10,21,2193681000,6.914,0,6.914,0.0,0.0,0.0,False
2025-03-10,22,2193681000,6.963,0,6.99,-0.027000000000000135,0.027000000000000135,-0.017682630387288907,False
2025-03-10,23,2193681000,7.028,0,7.024,0.0039999999999995595,0.0039999999999995595,0.06475695563478691,False
2025-03-11,0,2193681000,7.08,0,7.059,0.020999999999999908,0.020999999999999908,0.2835459393997449,False
2025-03-11,1,2193681000,6.965,0,7.097,-0.13200000000000056,0.13200000000000056,-0.08495720919315763,False
2025-03-11,2,2193681000,6.992,0,7.123,-0.13100000000000023,0.13100000000000023,-1.130693235474855,False
2025-03-11,3,2193681000,7.051,0,7.157,-0.10599999999999987,0.10599999999999987,-0.8810291920690462,False
2025-03-11,4,2193681000,7.053,0,7.122,-0.06899999999999995,0.06899999999999995,-0.04398576644218497,False
2025-03-11,5,2193681000,7.036,0,7.09,-0.05400000000000027,0.05400000000000027,-0.394848598466328,False
2025-03-11,6,2193681000,7.073,0,7.099,-0.0259999999999998,0.0259999999999998,-0.08645340778565912,False
2025-03-11,7,2193681000,2.529,0,1.357,1.172,1.172,0.7906825262394244,False
2025-03-11,8,2193681000,0.0,0,0.0,0.0,0.0,0.0,False
2025-03-11,9,2193681000,0.001,0,0.001,0.0,0.0,0.0,False
2025-03-11,10,2193681000,0.0,0,0.0,0.0,0.0,0.0,False
2025-03-11,11,2193681000,0.001,0,0.001,0.0,0.0,0.0,False
2025-03-11,12,2193681000,0.0,0,0.0,0.0,0.0,0.0,False
2025-03-11,13,2193681000,0.001,0,0.001,0.0,0.0,0.0,False
2025-03-11,14,2193681000,0.0,0,0.0,0.0,0.0,0.0,False
2025-03-11,15,2193681000,0.001,0,0.001,0.0,0.0,0.0,False
2025-03-11,16,2193681000,0.0,0,0.0,0.0,0.0,0.0,False
2025-03-11,17,2193681000,0.001,0,0.001,0.0,0.0,0.0,False
2025-03-11,18,2193681000,0.0,0,0.001,-0.001,0.001,-0.012155749369395733,False
2025-03-11,19,2193681000,6.195,0,5.281,0.9140000000000006,0.9140000000000006,0.5836999950724564,False
2025-03-11,20,2193681000,6.883,0,6.843,0.040000000000000036,0.040000000000000036,0.5511850404762727,False
2025-03-11,21,2193681000,6.946,0,6.914,0.03200000000000003,0.03200000000000003,0.4859861785508851,False
2025-03-11,22,2193681000,6.946,0,6.99,-0.04400000000000048,0.04400000000000048,-0.028816138408915427,False
2025-03-11,23,2193681000,6.932,0,7.024,-0.09199999999999964,0.09199999999999964,-1.4894099796002571,False
2025-03-12,0,2193681000,6.937,0,7.059,-0.12199999999999989,0.12199999999999989,-1.6472668860366186,False
2025-03-12,1,2193681000,0.0,0,7.097,-7.097,7.097,-4.5677372245745245,True
2025-03-12,2,2193681000,,1,7.123,,,,False
2025-03-12,3,2193681000,,1,7.157,,,,False
2025-03-12,4,2193681000,0.0,0,7.122,-7.122,7.122,-4.540096066684661,True
2025-03-12,5,2193681000,7.098,0,7.09,0.008000000000000007,0.008000000000000007,0.058496088661677985,False
2025-03-12,6,2193681000,7.111,0,7.099,0.011999999999999567,0.011999999999999567,0.039901572824149224,False
2025-03-12,7,2193681000,2.424,0,1.357,1.067,1.067,0.7198449278988616,False
2025-03-12,8,2193681000,0.001,0,0.0,0.001,0.001,1.972022705485319,False
2025-03-12,9,2193681000,0.0,0,0.001,-0.001,0.001,-1.9720227054853185,False
2025-03-12,10,2193681000,0.001,0,0.0,0.001,0.001,1.972022705485319,False
2025-03-12,11,2193681000,0.0,0,0.001,-0.001,0.001,-0.007748634836064739,False
2025-03-12,12,2193681000,0.001,0,0.0,0.001,0.001,1.972022705485319,False
2025-03-12,13,2193681000,0.0,0,0.001,-0.001,0.001,-1.9591755404412108,False
2025-03-12,14,2193681000,0.001,0,0.0,0.001,0.001,1.972022705485319,False
2025-03-12,15,2193681000,0.0,0,0.001,-0.001,0.001,-1.9540130236624311,False
2025-03-12,16,2193681000,0.001,0,0.0,0.001,0.001,1.9540130236624316,False
2025-03-12,17,2193681000,0.0,0,0.001,-0.001,0.001,-1.9540130236624311,False
2025-03-12,18,2193681000,0.001,0,0.001,0.0,0.0,0.0,False
2025-03-12,19,2193681000,6.043,0,5.281,0.7620000000000005,0.7620000000000005,0.486629536373317,False
2025-03-12,20,2193681000,6.877,0,6.843,0.03399999999999981,0.03399999999999981,0.46850728440482875,False
2025-03-12,21,2193681000,6.959,0,6.914,0.04499999999999993,0.04499999999999993,0.6834180635871805,False
2025-03-12,22,2193681000,7.025,0,6.99,0.03500000000000014,0.03500000000000014,0.022921928279818933,False
2025-03-12,23,2193681000,7.059,0,7.024,0.03500000000000014,0.03500000000000014,0.5666233618044502,False
2025-03-13,0,2193681000,7.067,0,7.059,0.008000000000000007,0.008000000000000007,0.1080175007237129,False
2025-03-13,1,2193681000,7.083,0,7.097,-0.014000000000000234,0.014000000000000234,-0.009010613096244104,False
2025-03-13,2,2193681000,7.121,0,7.123,-0.0019999999999997797,0.0019999999999997797,-0.017262492144652343,False
2025-03-13,3,2193681000,7.151,0,7.157,-0.006000000000000227,0.006000000000000227,-0.049869576909570605,False
2025-03-13,4,2193681000,7.142,0,7.122,0.020000000000000462,0.020000000000000462,0.012749497519474209,False
2025-03-13,5,2193681000,7.122,0,7.09,0.03200000000000003,0.03200000000000003,0.23398435464671194,False
2025-03-13,6,2193681000,7.106,0,7.099,0.006999999999999673,0.006999999999999673,0.02327591748075347,False
2025-03-13,7,2193681000,2.181,0,1.357,0.8240000000000001,0.8240000000000001,0.5559064860249878,False
2025-03-13,8,2193681000,0.0,0,0.0,0.0,0.0,0.0,False
2025-03-13,9,2193681000,0.001,0,0.001,0.0,0.0,0.0,False
2025-03-13,10,2193681000,0.0,0,0.0,0.0,0.0,0.0,False
2025-03-13,11,2193681000,0.001,0,0.001,0.0,0.0,0.0,False
2025-03-13,12,2193681000,0.0,0,0.0,0.0,0.0,0.0,False
2025-03-13,13,2193681000,0.001,0,0.001,0.0,0.0,0.0,False
2025-03-13,14,2193681000,0.0,0,0.0,0.0,0.0,0.0,False
2025-03-13,15,2193681000,0.001,0,0.001,0.0,0.0,0.0,False
2025-03-13,16,2193681000,0.0,0,0.0,0.0,0.0,0.0,False
2025-03-13,17,2193681000,0.001,0,0.001,0.0,0.0,0.0,False
2025-03-13,18,2193681000,0.0,0,0.001,-0.001,0.001,-0.012155749369395733,False
2025-03-13,19,2193681000,5.931,0,5.281,0.6500000000000004,0.6500000000000004,0.41510393522658273,False
2025-03-13,20,2193681000,6.845,0,6.843,0.0019999999999997797,0.0019999999999997797,0.027559252023810578,False
2025-03-13,21,2193681000,6.932,0,6.914,0.018000000000000682,0.018000000000000682,0.273367225434883,False
2025-03-13,22,2193681000,7.017,0,6.99,0.027000000000000135,0.027000000000000135,0.017682630387288907,False
2025-03-13,23,2193681000,7.023,0,7.024,-0.001000000000000334,0.001000000000000334,-0.016189238908703916,False
2025-03-14,0,2193681000,7.061,0,7.059,0.0019999999999997797,0.0019999999999997797,0.027004375180925227,False
2025-03-14,1,2193681000,7.048,0,7.097,-0.04900000000000038,0.04900000000000038,-0.03153714583685408,False
2025-03-14,2,2193681000,7.087,0,7.123,-0.036000000000000476,0.036000000000000476,-0.31072485860378046,False
2025-03-14,3,2193681000,7.13,0,7.157,-0.027000000000000135,0.027000000000000135,-0.22441309609306032,False
2025-03-14,4,2193681000,7.122,0,7.122,0.0,0.0,0.0,False
2025-03-14,5,2193681000,7.075,0,7.09,-0.01499999999999968,0.01499999999999968,-0.10968016624064378,False
2025-03-14,6,2193681000,7.118,0,7.099,0.019000000000000128,0.019000000000000128,0.06317749030490565,False
2025-03-14,7,2193681000,1.95,0,1.357,0.593,0.593,0.4000637696757497,False
2025-03-14,8,2193681000,0.001,0,0.0,0.001,0.001,1.972022705485319,False
2025-03-14,9,2193681000,0.0,0,0.001,-0.001,0.001,-1.9720227054853185,False
2025-03-14,10,2193681000,0.001,0,0.0,0.001,0.001,1.972022705485319,False
2025-03-14,11,2193681000,0.0,0,0.001,-0.001,0.001,-0.007748634836064739,False
2025-03-14,12,2193681000,0.001,0,0.0,0.001,0.001,1.972022705485319,False
2025-03-14,13,2193681000,0.0,0,0.001,-0.001,0.001,-1.9591755404412108,False
2025-03-14,14,2193681000,0.001,0,0.0,0.001,0.001,1.972022705485319,False
2025-03-14,15,2193681000,0.0,0,0.001,-0.001,0.001,-1.9540130236624311,False
2025-03-14,16,2193681000,0.001,0,0.0,0.001,0.001,1.9540130236624316,False
2025-03-14,17,2193681000,0.0,0,0.001,-0.001,0.001,-1.9540130236624311,False
2025-03-14,18,2193681000,0.001,0,0.001,0.0,0.0,0.0,False
2025-03-14,19,2193681000,5.848,0,5.281,0.5670000000000002,0.5670000000000002,0.3620983558053421,False
2025-03-14,20,2193681000,6.871,0,6.843,0.02800000000000047,0.02800000000000047,0.385829528333397,False
2025-03-14,21,2193681000,6.949,0,6.914,0.03500000000000014,0.03500000000000014,0.5315473827900322,False
2025-03-14,22,2193681000,7.027,0,6.99,0.03699999999999992,0.03699999999999992,0.024231752752951294,False
2025-03-14,23,2193681000,6.996,0,7.024,-0.02799999999999958,0.02799999999999958,-0.4532986894435515,False
2025-03-15,0,2193681000,6.996,0,6.9990000000000006,-0.0030000000000001137,0.0030000000000001137,-0.022993955705840823,False
2025-03-15,1,2193681000,7.065,0,7.0635,0.0015000000000000568,0.0015000000000000568,0.010878950437793399,False
2025-03-15,2,2193681000,7.16,0,7.156499999999999,0.0035000000000007248,0.0035000000000007248,0.026064976131188043,False
2025-03-15,3,2193681000,7.219,0,7.1475,0.07150000000000034,0.07150000000000034,0.5168005542182862,False
2025-03-15,4,2193681000,7.201,0,7.1425,0.05849999999999955,0.05849999999999955,0.37537895444233704,False
2025-03-15,5,2193681000,7.145,0,7.1225000000000005,0.022499999999999076,0.022499999999999076,0.1390803911371617,False
2025-03-15,6,2193681000,7.179,0,7.132,0.0470000000000006,0.0470000000000006,0.12162865187968279,False
2025-03-15,7,2193681000,1.863,0,1.7085,0.15450000000000008,0.15450000000000008,0.08722568762433523,False
2025-03-15,8,2193681000,0.0,0,0.0,0.0,0.0,0.0,False
2025-03-15,9,2193681000,0.001,0,0.001,0.0,0.0,0.0,False
2025-03-15,10,2193681000,0.0,0,0.0,0.0,0.0,0.0,False
2025-03-15,11,2193681000,0.0,0,0.0,0.0,0.0,0.0,False
2025-03-15,12,2193681000,0.001,0,0.001,0.0,0.0,0.0,False
2025-03-15,13,2193681000,0.0,0,0.0,0.0,0.0,0.0,False
2025-03-15,14,2193681000,0.001,0,0.001,0.0,0.0,0.0,False
2025-03-15,15,2193681000,0.0,0,0.0,0.0,0.0,0.0,False
2025-03-15,16,2193681000,0.001,0,0.001,0.0,0.0,0.0,False
2025-03-15,17,2193681000,0.0,0,0.0,0.0,0.0,0.0,False
2025-03-15,18,2193681000,0.001,0,0.001,0.0,0.0,0.0,False
2025-03-15,19,2193681000,5.816,0,5.6765,0.13949999999999996,0.13949999999999996,0.1308968736794544,False
2025-03-15,20,2193681000,6.871,0,6.8915,-0.020499999999999297,0.020499999999999297,-0.1621070354232108,False
2025-03-15,21,2193681000,6.768,0,6.9635,-0.1955,0.1955,-1.4935437210869207,False
2025-03-15,22,2193681000,6.769,0,7.016,-0.2469999999999999,0.2469999999999999,-1.862650567769076,False
2025-03-15,23,2193681000,6.793,0,7.026,-0.23299999999999965,0.23299999999999965,-1.714976754187823,False
2025-03-16,0,2193681000,6.855,0,6.9990000000000006,-0.14400000000000013,0.14400000000000013,-1.1037098738803186,False
2025-03-16,1,2193681000,6.889,0,7.0635,-0.1745000000000001,0.1745000000000001,-1.2655845675965849,False
2025-03-16,2,2193681000,6.863,0,7.156499999999999,-0.293499999999999,0.293499999999999,-2.1857344270005945,False
2025-03-16,3,2193681000,6.88,0,7.1475,-0.26750000000000007,0.26750000000000007,-1.9334845909565168,False
2025-03-16,4,2193681000,6.878,0,7.1425,-0.26449999999999996,0.26449999999999996,-1.6972262128204938,False
2025-03-16,5,2193681000,6.862,0,7.1225000000000005,-0.2605000000000004,0.2605000000000004,-1.6102418618325407,False
2025-03-16,6,2193681000,6.897,0,7.132,-0.23499999999999943,0.23499999999999943,-0.6081432593984047,False
2025-03-16,7,2193681000,1.554,0,1.7085,-0.15449999999999986,0.15449999999999986,-0.08722568762433511,False
2025-03-16,8,2193681000,0.0,0,0.0,0.0,0.0,0.0,False
2025-03-16,9,2193681000,,1,0.001,,,,False
2025-03-16,10,2193681000,,1,0.0,,,,False
2025-03-16,11,2193681000,0.0,0,0.0,0.0,0.0,0.0,False
2025-03-16,12,2193681000,0.001,0,0.001,0.0,0.0,0.0,False
2025-03-16,13,2193681000,0.0,0,0.0,0.0,0.0,0.0,False
2025-03-16,14,2193681000,0.001,0,0.001,0.0,0.0,0.0,False
2025-03-16,15,2193681000,0.0,0,0.0,0.0,0.0,0.0,False
2025-03-16,16,2193681000,0.001,0,0.001,0.0,0.0,0.0,False
2025-03-16,17,2193681000,0.0,0,0.0,0.0,0.0,0.0,False
2025-03-16,18,2193681000,0.001,0,0.001,0.0,0.0,0.0,False
2025-03-16,19,2193681000,5.537,0,5.6765,-0.13949999999999996,0.13949999999999996,-0.1308968736794544,False
2025-03-16,20,2193681000,7.002,0,6.8915,0.11050000000000004,0.11050000000000004,0.8737964592324594,False
2025-03-16,21,2193681000,7.077,0,6.9635,0.11350000000000016,0.11350000000000016,0.8670957153113336,False
2025-03-16,22,2193681000,7.08,0,7.016,0.06400000000000006,0.06400000000000006,0.4826301066284252,False
2025-03-16,23,2193681000,7.045,0,7.026,0.019000000000000128,0.019000000000000128,0.13984788982647597,False
2025-03-17,0,2193681000,7.1,0,7.059,0.04099999999999948,0.04099999999999948,0.5535896912090211,False
2025-03-17,1,2193681000,7.201,0,7.097,0.1039999999999992,0.1039999999999992,0.06693598300066886,False
2025-03-17,2,2193681000,7.291,0,7.123,0.16800000000000015,0.16800000000000015,1.4500493401509578,False
2025-03-17,3,2193681000,7.286,0,7.157,0.12899999999999956,0.12899999999999956,1.0721959035557236,False
2025-03-17,4,2193681000,7.267,0,7.122,0.14500000000000046,0.14500000000000046,0.09243385701618617,False
2025-03-17,5,2193681000,7.24,0,7.09,0.15000000000000036,0.15000000000000036,1.0968016624064638,False
2025-03-17,6,2193681000,7.204,0,7.099,0.10499999999999954,0.10499999999999954,0.3491387622113168,False
2025-03-17,7,2193681000,1.357,0,1.357,0.0,0.0,0.0,False
2025-03-17,8,2193681000,0.001,0,0.0,0.001,0.001,1.972022705485319,False
2025-03-17,9,2193681000,0.0,0,0.001,-0.001,0.001,-1.9720227054853185,False
2025-03-17,10,2193681000,0.001,0,0.0,0.001,0.001,1.972022705485319,False
2025-03-17,11,2193681000,0.0,0,0.001,-0.001,0.001,-0.007748634836064739,False
2025-03-17,12,2193681000,0.001,0,0.0,0.001,0.001,1.972022705485319,False
2025-03-17,13,2193681000,0.0,0,0.001,-0.001,0.001,-1.9591755404412108,False
2025-03-17,14,2193681000,0.001,0,0.0,0.001,0.001,1.972022705485319,False
2025-03-17,15,2193681000,0.0,0,0.001,-0.001,0.001,-1.9540130236624311,False
2025-03-17,16,2193681000,0.001,0,0.0,0.001,0.001,1.9540130236624316,False
2025-03-17,17,2193681000,0.0,0,0.001,-0.001,0.001,-1.9540130236624311,False
2025-03-17,18,2193681000,0.001,0,0.001,0.0,0.0,0.0,False
2025-03-17,19,2193681000,0.0,0,5.281,-5.281,5.281,-3.3725598183562804,True
2025-03-17,20,2193681000,,1,6.843,,,,False
2025-03-17,21,2193681000,,1,6.914,,,,False
2025-03-17,22,2193681000,0.0,0,6.99,-6.99,6.99,-4.577836533598106,True
2025-03-17,23,2193681000,7.095,0,7.024,0.07099999999999973,0.07099999999999973,1.1494359625175898,False
2025-03-18,0,2193681000,7.105,0,7.059,0.04600000000000026,0.04600000000000026,0.6211006291613521,False
2025-03-18,1,2193681000,7.152,0,7.097,0.054999999999999716,0.054999999999999716,0.035398837163815346,False
2025-03-18,2,2193681000,7.218,0,7.123,0.09499999999999975,0.09499999999999975,0.8199683768710744,False
2025-03-18,3,2193681000,7.253,0,7.157,0.09600000000000009,0.09600000000000009,0.7979132305531002,False
2025-03-18,4,2193681000,7.204,0,7.122,0.08199999999999985,0.08199999999999985,0.052272939829842956,False
2025-03-18,5,2193681000,7.184,0,7.09,0.0940000000000003,0.0940000000000003,0.687329041774718,False
2025-03-18,6,2193681000,7.161,0,7.099,0.06199999999999939,0.06199999999999939,0.20615812625810975,False
2025-03-18,7,2193681000,1.231,0,1.357,-0.1259999999999999,0.1259999999999999,-0.08500511800867525,False
2025-03-18,8,2193681000,0.0,0,0.0,0.0,0.0,0.0,False
2025-03-18,9,2193681000,0.001,0,0.001,0.0,0.0,0.0,False
2025-03-18,10,2193681000,0.0,0,0.0,0.0,0.0,0.0,False
2025-03-18,11,2193681000,0.001,0,0.001,0.0,0.0,0.0,False
2025-03-18,12,2193681000,0.0,0,0.0,0.0,0.0,0.0,False
2025-03-18,13,2193681000,0.001,0,0.001,0.0,0.0,0.0,False
2025-03-18,14,2193681000,0.0,0,0.0,0.0,0.0,0.0,False
2025-03-18,15,2193681000,0.001,0,0.001,0.0,0.0,0.0,False
2025-03-18,16,2193681000,0.0,0,0.0,0.0,0.0,0.0,False
2025-03-18,17,2193681000,0.001,0,0.001,0.0,0.0,0.0,False
2025-03-18,18,2193681000,0.0,0,0.001,-0.001,0.001,-0.012155749369395733,False
2025-03-18,19,2193681000,5.281,0,5.281,0.0,0.0,0.0,False
2025-03-18,20,2193681000,6.803,0,6.843,-0.040000000000000036,0.040000000000000036,-0.5511850404762727,False
2025-03-18,21,2193681000,6.889,0,6.914,-0.024999999999999467,0.024999999999999467,-0.37967670199287057,False
2025-03-18,22,2193681000,7.013,0,6.99,0.022999999999999687,0.022999999999999687,0.015062981441023604,False
2025-03-18,23,2193681000,6.947,0,7.024,-0.07699999999999996,0.07699999999999996,-1.2465713959697846,False
2025-03-19,0,2193681000,6.951,0,7.059,-0.10800000000000054,0.10800000000000054,-1.4582362597701302,False
2025-03-19,1,2193681000,7.044,0,7.097,-0.053000000000000824,0.053000000000000824,-0.0341116067214955,False
2025-03-19,2,2193681000,7.125,0,7.123,0.0019999999999997797,0.0019999999999997797,0.017262492144652343,False
2025-03-19,3,2193681000,7.181,0,7.157,0.02400000000000002,0.02400000000000002,0.19947830763827504,False
2025-03-19,4,2193681000,7.153,0,7.122,0.030999999999999694,0.030999999999999694,0.019761721155184372,False
2025-03-19,5,2193681000,7.09,0,7.09,0.0,0.0,0.0,False
2025-03-19,6,2193681000,7.099,0,7.099,0.0,0.0,0.0,False
2025-03-19,7,2193681000,0.983,0,1.357,-0.374,0.374,-0.2523167788511474,False
2025-03-19,8,2193681000,0.001,0,0.0,0.001,0.001,1.972022705485319,False
2025-03-19,9,2193681000,0.0,0,0.001,-0.001,0.001,-1.9720227054853185,False
2025-03-19,10,2193681000,0.001,0,0.0,0.001,0.001,1.972022705485319,False
2025-03-19,11,2193681000,0.0,0,0.001,-0.001,0.001,-0.007748634836064739,False
2025-03-19,12,2193681000,0.001,0,0.0,0.001,0.001,1.972022705485319,False
2025-03-19,13,2193681000,0.0,0,0.001,-0.001,0.001,-1.9591755404412108,False
2025-03-19,14,2193681000,0.001,0,0.0,0.001,0.001,1.972022705485319,False
2025-03-19,15,2193681000,0.0,0,0.001,-0.001,0.001,-1.9540130236624311,False
2025-03-19,16,2193681000,0.001,0,0.0,0.001,0.001,1.9540130236624316,False
2025-03-19,17,2193681000,0.0,0,0.001,-0.001,0.001,-1.9540130236624311,False
2025-03-19,18,2193681000,0.001,0,0.001,0.0,0.0,0.0,False
2025-03-19,19,2193681000,5.213,0,5.281,-0.06799999999999962,0.06799999999999962,-0.04342625783908839,False
2025-03-19,20,2193681000,6.886,0,6.843,0.04300000000000015,0.04300000000000015,0.5925239185119947,False
2025-03-19,21,2193681000,6.965,0,6.914,0.051000000000000156,0.051000000000000156,0.7745404720654748,False
2025-03-19,22,2193681000,7.055,0,6.99,0.0649999999999995,0.0649999999999995,0.04256929537680609,False
2025-03-19,23,2193681000,7.058,0,7.024,0.03399999999999981,0.03399999999999981,0.5504341228957462,False
2025-03-20,0,2193681000,7.02,0,7.059,-0.03900000000000059,0.03900000000000059,-0.5265853160281079,False
2025-03-20,1,2193681000,7.133,0,7.097,0.03599999999999959,0.03599999999999959,0.023170147961769902,False
2025-03-20,2,2193681000,7.21,0,7.123,0.08699999999999974,0.08699999999999974,0.7509184082924574,False
2025-03-20,3,2193681000,7.275,0,7.157,0.11800000000000033,0.11800000000000033,0.9807683458881874,False
2025-03-20,4,2193681000,7.285,0,7.122,0.16300000000000026,0.16300000000000026,0.10390840478371256,False
2025-03-20,5,2193681000,7.185,0,7.09,0.09499999999999975,0.09499999999999975,0.6946410528574236,False
2025-03-20,6,2193681000,7.18,0,7.099,0.08099999999999952,0.08099999999999952,0.2693356165630154,False
2025-03-20,7,2193681000,0.872,0,1.357,-0.485,0.485,-0.32720223995402803,False
2025-03-20,8,2193681000,0.001,0,0.0,0.001,0.001,1.972022705485319,False
2025-03-20,9,2193681000,0.0,0,0.001,-0.001,0.001,-1.9720227054853185,False
2025-03-20,10,2193681000,0.001,0,0.0,0.001,0.001,1.972022705485319,False
2025-03-20,11,2193681000,0.0,0,0.001,-0.001,0.001,-0.007748634836064739,False
2025-03-20,12,2193681000,0.001,0,0.0,0.001,0.001,1.972022705485319,False
2025-03-20,13,2193681000,0.0,0,0.001,-0.001,0.001,-1.9591755404412108,False
2025-03-20,14,2193681000,0.001,0,0.0,0.001,0.001,1.972022705485319,False
2025-03-20,15,2193681000,0.0,0,0.001,-0.001,0.001,-1.9540130236624311,False
2025-03-20,16,2193681000,0.001,0,0.0,0.001,0.001,1.9540130236624316,False
2025-03-20,17,2193681000,0.0,0,0.001,-0.001,0.001,-1.9540130236624311,False
2025-03-20,18,2193681000,0.001,0,0.001,0.0,0.0,0.0,False
2025-03-20,19,2193681000,5.074,0,5.281,-0.20699999999999985,0.20699999999999985,-0.1321946378336962,False
2025-03-20,20,2193681000,6.833,0,6.843,-0.009999999999999787,0.009999999999999787,-0.13779626011906512,False
2025-03-20,21,2193681000,6.992,0,6.914,0.07800000000000029,0.07800000000000029,1.1845913102177859,False
2025-03-20,22,2193681000,7.018,0,6.99,0.02799999999999958,0.02799999999999958,0.018337542623854796,False
2025-03-20,23,2193681000,7.044,0,7.024,0.019999999999999574,0.019999999999999574,0.32378477817396334,False
2025-03-21,0,2193681000,7.007,0,7.059,-0.05200000000000049,0.05200000000000049,-0.7021137547041398,False
2025-03-21,1,2193681000,7.107,0,7.097,0.009999999999999787,0.009999999999999787,0.006436152211602686,False
2025-03-21,2,2193681000,7.196,0,7.123,0.07299999999999951,0.07299999999999951,0.6300809632798756,False
2025-03-21,3,2193681000,7.23,0,7.157,0.0730000000000004,0.0730000000000004,0.6067465190664226,False
2025-03-21,4,2193681000,7.187,0,7.122,0.06500000000000039,0.06500000000000039,0.04143586693829047,False
2025-03-21,5,2193681000,7.151,0,7.09,0.06099999999999994,0.06099999999999994,0.44603267604529384,False
2025-03-21,6,2193681000,7.117,0,7.099,0.017999999999999794,0.017999999999999794,0.05985235923622532,False
2025-03-21,7,2193681000,0.622,0,1.357,-0.735,0.735,-0.4958631883839394,False
2025-03-21,8,2193681000,0.0,0,0.0,0.0,0.0,0.0,False
2025-03-21,9,2193681000,0.001,0,0.001,0.0,0.0,0.0,False
2025-03-21,10,2193681000,0.0,0,0.0,0.0,0.0,0.0,False
2025-03-21,11,2193681000,0.001,0,0.001,0.0,0.0,0.0,False
2025-03-21,12,2193681000,0.0,0,0.0,0.0,0.0,0.0,False
2025-03-21,13,2193681000,0.001,0,0.001,0.0,0.0,0.0,False
2025-03-21,14,2193681000,0.0,0,0.0,0.0,0.0,0.0,False
2025-03-21,15,2193681000,0.0,0,0.001,-0.001,0.001,-1.9540130236624311,False
2025-03-21,16,2193681000,0.001,0,0.0,0.001,0.001,1.9540130236624316,False
2025-03-21,17,2193681000,0.0,0,0.001,-0.001,0.001,-1.9540130236624311,False
2025-03-21,18,2193681000,0.001,0,0.001,0.0,0.0,0.0,False
2025-03-21,19,2193681000,4.923,0,5.281,-0.35799999999999965,0.35799999999999965,-0.22862647509402523,False
2025-03-21,20,2193681000,6.825,0,6.843,-0.017999999999999794,0.017999999999999794,-0.24803326821431967,False
2025-03-21,21,2193681000,6.905,0,6.914,-0.008999999999999453,0.008999999999999453,-0.13668361271742802,False
2025-03-21,22,2193681000,7.01,0,6.99,0.019999999999999574,0.019999999999999574,0.013098244731324772,False
2025-03-21,23,2193681000,7.001,0,7.024,-0.022999999999999687,0.022999999999999687,-0.37235249490006067,False
2025-03-22,0,2193681000,7.035,0,6.9990000000000006,0.03599999999999959,0.03599999999999959,0.27592746847007626,False
2025-03-22,1,2193681000,7.104,0,7.0635,0.04049999999999976,0.04049999999999976,0.2937316618204089,False
2025-03-22,2,2193681000,7.16,0,7.156499999999999,0.0035000000000007248,0.0035000000000007248,0.026064976131188043,False
2025-03-22,3,2193681000,7.137,0,7.1475,-0.010500000000000398,0.010500000000000398,-0.07589378768240819,False
2025-03-22,4,2193681000,7.133,0,7.1425,-0.009500000000000064,0.009500000000000064,-0.06095897550773082,False
2025-03-22,5,2193681000,7.119,0,7.1225000000000005,-0.0035000000000007248,0.0035000000000007248,-0.02163472751023052,False
2025-03-22,6,2193681000,7.129,0,7.132,-0.0030000000000001137,0.0030000000000001137,-0.007763530971043779,False
2025-03-22,7,2193681000,0.385,0,1.7085,-1.3235,1.3235,-0.7472051622705994,False
2025-03-22,8,2193681000,0.0,0,0.0,0.0,0.0,0.0,False
2025-03-22,9,2193681000,0.001,0,0.001,0.0,0.0,0.0,False
2025-03-22,10,2193681000,0.0,0,0.0,0.0,0.0,0.0,False
2025-03-22,11,2193681000,0.001,0,0.0,0.001,0.001,1.9364879231109704,False
2025-03-22,12,2193681000,0.0,0,0.001,-0.001,0.001,-1.9364879231109704,False
2025-03-22,13,2193681000,0.001,0,0.0,0.001,0.001,1.9364879231109704,False
2025-03-22,14,2193681000,0.0,0,0.001,-0.001,0.001,-1.9364879231109704,False
2025-03-22,15,2193681000,0.001,0,0.0,0.001,0.001,1.9364879231109704,False
2025-03-22,16,2193681000,0.0,0,0.001,-0.001,0.001,-1.9364879231109704,False
2025-03-22,17,2193681000,0.001,0,0.0,0.001,0.001,1.9364879231109704,False
2025-03-22,18,2193681000,0.0,0,0.001,-0.001,0.001,-0.005090833221959102,False
2025-03-22,19,2193681000,4.851,0,5.6765,-0.8254999999999999,0.8254999999999999,-0.7745904603755529,False
2025-03-22,20,2193681000,6.872,0,6.8915,-0.01949999999999985,0.01949999999999985,-0.15419937515866808,False
2025-03-22,21,2193681000,6.918,0,6.9635,-0.04549999999999965,0.04549999999999965,-0.34760224710718346,False
2025-03-22,22,2193681000,7.007,0,7.016,-0.009000000000000341,0.009000000000000341,-0.06786985874462481,False
2025-03-22,23,2193681000,7.066,0,7.026,0.040000000000000036,0.040000000000000036,0.29441661016100035,False
2025-03-23,0,2193681000,6.961,0,6.9990000000000006,-0.038000000000000256,0.038000000000000256,-0.2912567722739747,False
2025-03-23,1,2193681000,7.047,0,7.0635,-0.016500000000000625,0.016500000000000625,-0.11966845481572738,False
2025-03-23,2,2193681000,7.094,0,7.156499999999999,-0.06249999999999911,0.06249999999999911,-0.46544600234254063,False
2025-03-23,3,2193681000,7.121,0,7.1475,-0.026499999999999524,0.026499999999999524,-0.191541464150829,False
2025-03-23,4,2193681000,7.142,0,7.1425,-0.0004999999999997229,0.0004999999999997229,-0.003208367131984033,False
2025-03-23,5,2193681000,7.148,0,7.1225000000000005,0.02549999999999919,0.02549999999999919,0.15762444328878472,False
2025-03-23,6,2193681000,7.241,0,7.132,0.10899999999999999,0.10899999999999999,0.2820749586145799,False
2025-03-23,7,2193681000,0.27,0,1.7085,-1.4385,1.4385,-0.8121304313760915,False
2025-03-23,8,2193681000,0.001,0,0.0,0.001,0.001,1.9364879231109704,False
2025-03-23,9,2193681000,0.0,0,0.001,-0.001,0.001,-1.8973629961078584,False
2025-03-23,10,2193681000,0.001,0,0.0,0.001,0.001,1.8973629961078584,False
2025-03-23,11,2193681000,0.0,0,0.0,0.0,0.0,0.0,False
2025-03-23,12,2193681000,0.001,0,0.001,0.0,0.0,0.0,False
2025-03-23,13,2193681000,0.0,0,0.0,0.0,0.0,0.0,False
2025-03-23,14,2193681000,0.001,0,0.001,0.0,0.0,0.0,False
2025-03-23,15,2193681000,0.0,0,0.0,0.0,0.0,0.0,False
2025-03-23,16,2193681000,0.001,0,0.001,0.0,0.0,0.0,False
2025-03-23,17,2193681000,0.0,0,0.0,0.0,0.0,0.0,False
2025-03-23,18,2193681000,0.001,0,0.001,0.0,0.0,0.0,False
2025-03-23,19,2193681000,4.734,0,5.6765,-0.9424999999999999,0.9424999999999999,-0.8843749350744501,False
2025-03-23,20,2193681000,7.033,0,6.8915,0.14150000000000063,0.14150000000000063,1.1189339274334253,False
2025-03-23,21,2193681000,7.039,0,6.9635,0.0754999999999999,0.0754999999999999,0.5767905419031323,False
2025-03-23,22,2193681000,7.025,0,7.016,0.009000000000000341,0.009000000000000341,0.06786985874462481,False
2025-03-23,23,2193681000,7.007,0,7.026,-0.019000000000000128,0.019000000000000128,-0.13984788982647597,False
2025-03-24,0,2193681000,7.106,0,7.059,0.04699999999999971,0.04699999999999971,0.6346028167518087,False
2025-03-24,1,2193681000,7.167,0,7.097,0.0699999999999994,0.0699999999999994,0.04505306548121938,False
2025-03-24,2,2193681000,7.19,0,7.123,0.06700000000000017,0.06700000000000017,0.5782934868459186,False
2025-03-24,3,2193681000,7.226,0,7.157,0.06899999999999995,0.06899999999999995,0.5735001344600398,False
2025-03-24,4,2193681000,7.226,0,7.122,0.10400000000000009,0.10400000000000009,0.06629738710126441,False
2025-03-24,5,2193681000,7.184,0,7.09,0.0940000000000003,0.0940000000000003,0.687329041774718,False
2025-03-24,6,2193681000,7.154,0,7.099,0.054999999999999716,0.054999999999999716,0.18288220877735628,False
2025-03-24,7,2193681000,0.026,0,1.357,-1.331,1.331,-0.897950889440848,False
2025-03-24,8,2193681000,0.0,0,0.0,0.0,0.0,0.0,False
2025-03-24,9,2193681000,0.001,0,0.001,0.0,0.0,0.0,False
2025-03-24,10,2193681000,0.0,0,0.0,0.0,0.0,0.0,False
2025-03-24,11,2193681000,0.001,0,0.001,0.0,0.0,0.0,False
2025-03-24,12,2193681000,0.0,0,0.0,0.0,0.0,0.0,False
2025-03-24,13,2193681000,0.001,0,0.001,0.0,0.0,0.0,False
2025-03-24,14,2193681000,0.0,0,0.0,0.0,0.0,0.0,False
2025-03-24,15,2193681000,0.001,0,0.001,0.0,0.0,0.0,False
2025-03-24,16,2193681000,0.0,0,0.0,0.0,0.0,0.0,False
2025-03-24,17,2193681000,0.001,0,0.001,0.0,0.0,0.0,False
2025-03-24,18,2193681000,0.0,0,0.001,-0.001,0.001,-0.012155749369395733,False
2025-03-24,19,2193681000,4.605,0,5.281,-0.6759999999999993,0.6759999999999993,-0.43170809263564536,False
2025-03-24,20,2193681000,6.97,0,6.843,0.12699999999999978,0.12699999999999978,1.7500125035121614,False
2025-03-24,21,2193681000,6.995,0,6.914,0.0810000000000004,0.0810000000000004,1.230152514456933,False
2025-03-24,22,2193681000,7.071,0,6.99,0.08099999999999952,0.08099999999999952,0.05304789116186614,False
2025-03-24,23,2193681000,7.064,0,7.024,0.040000000000000036,0.040000000000000036,0.647569556347941,False
2025-03-25,0,2193681000,7.088,0,7.059,0.028999999999999915,0.028999999999999915,0.39156344012345773,False
2025-03-25,1,2193681000,7.127,0,7.097,0.02999999999999936,0.02999999999999936,0.01930845663480806,False
2025-03-25,2,2193681000,7.194,0,7.123,0.07099999999999973,0.07099999999999973,0.6128184711352233,False
2025-03-25,3,2193681000,7.167,0,7.157,0.009999999999999787,0.009999999999999787,0.08311596151594608,False
2025-03-25,4,2193681000,7.142,0,7.122,0.020000000000000462,0.020000000000000462,0.012749497519474209,False
2025-03-25,5,2193681000,7.13,0,7.09,0.040000000000000036,0.040000000000000036,0.2924804433083899,False
2025-03-25,6,2193681000,6.915,0,7.099,-0.18400000000000016,0.18400000000000016,-0.6118241166369774,False
2025-03-25,7,2193681000,0.0,0,1.357,-1.357,1.357,-0.9154916280775588,False
2025-03-25,8,2193681000,0.001,0,0.0,0.001,0.001,1.972022705485319,False
2025-03-25,9,2193681000,0.0,0,0.001,-0.001,0.001,-1.9720227054853185,False
2025-03-25,10,2193681000,0.001,0,0.0,0.001,0.001,1.972022705485319,False
2025-03-25,11,2193681000,0.0,0,0.001,-0.001,0.001,-0.007748634836064739,False
2025-03-25,12,2193681000,0.001,0,0.0,0.001,0.001,1.972022705485319,False
2025-03-25,13,2193681000,0.0,0,0.001,-0.001,0.001,-1.9591755404412108,False
2025-03-25,14,2193681000,0.001,0,0.0,0.001,0.001,1.972022705485319,False
2025-03-25,15,2193681000,0.0,0,0.001,-0.001,0.001,-1.9540130236624311,False
2025-03-25,16,2193681000,0.001,0,0.0,0.001,0.001,1.9540130236624316,False
2025-03-25,17,2193681000,0.0,0,0.001,-0.001,0.001,-1.9540130236624311,False
2025-03-25,18,2193681000,0.001,0,0.001,0.0,0.0,0.0,False
2025-03-25,19,2193681000,4.518,0,5.281,-0.7629999999999999,0.7629999999999999,-0.4872681578121268,False
2025-03-25,20,2193681000,6.941,0,6.843,0.09799999999999986,0.09799999999999986,1.3504033491668652,False
2025-03-25,21,2193681000,6.967,0,6.914,0.052999999999999936,0.052999999999999936,0.8049146082249018,False
2025-03-25,22,2193681000,7.024,0,6.99,0.03399999999999981,0.03399999999999981,0.02226701604325246,False
2025-03-25,23,2193681000,7.078,0,7.024,0.05400000000000027,0.05400000000000027,0.874218901069724,False
2025-03-26,0,2193681000,7.115,0,7.059,0.05600000000000005,0.05600000000000005,0.7561225050659903,False
2025-03-26,1,2193681000,7.195,0,7.097,0.09799999999999986,0.09799999999999986,0.06307429167370758,False
2025-03-26,2,2193681000,7.228,0,7.123,0.10499999999999954,0.10499999999999954,0.9062808375943437,False
2025-03-26,3,2193681000,7.251,0,7.157,0.0940000000000003,0.0940000000000003,0.7812900382499124,False
2025-03-26,4,2193681000,7.213,0,7.122,0.09100000000000019,0.09100000000000019,0.058010213713606436,False
2025-03-26,5,2193681000,7.186,0,7.09,0.09600000000000009,0.09600000000000009,0.7019530639401358,False
2025-03-26,6,2193681000,6.841,0,7.099,-0.258,0.258,-0.8578838157192393,False
2025-03-26,7,2193681000,0.0,0,1.357,-1.357,1.357,-0.9154916280775588,False
2025-03-26,8,2193681000,0.001,0,0.0,0.001,0.001,1.972022705485319,False
2025-03-26,9,2193681000,0.0,0,0.001,-0.001,0.001,-1.9720227054853185,False
2025-03-26,10,2193681000,0.001,0,0.0,0.001,0.001,1.972022705485319,False
2025-03-26,11,2193681000,0.0,0,0.001,-0.001,0.001,-0.007748634836064739,False
2025-03-26,12,2193681000,0.001,0,0.0,0.001,0.001,1.972022705485319,False
2025-03-26,13,2193681000,0.0,0,0.001,-0.001,0.001,-1.9591755404412108,False
2025-03-26,14,2193681000,0.001,0,0.0,0.001,0.001,1.972022705485319,False
2025-03-26,15,2193681000,0.0,0,0.001,-0.001,0.001,-1.9540130236624311,False
2025-03-26,16,2193681000,0.001,0,0.0,0.001,0.001,1.9540130236624316,False
2025-03-26,17,2193681000,0.0,0,0.001,-0.001,0.001,-1.9540130236624311,False
2025-03-26,18,2193681000,0.001,0,0.001,0.0,0.0,0.0,False
2025-03-26,19,2193681000,4.414,0,5.281,-0.867,0.867,-0.5536847874483801,False
2025-03-26,20,2193681000,6.909,0,6.843,0.06599999999999984,0.06599999999999984,0.9094553167858469,False
2025-03-26,21,2193681000,6.91,0,6.914,-0.0039999999999995595,0.0039999999999995595,-0.060748272318853894,False
2025-03-26,22,2193681000,6.99,0,6.99,0.0,0.0,0.0,False
2025-03-26,23,2193681000,7.024,0,7.024,0.0,0.0,0.0,False
2025-03-27,0,2193681000,7.029,0,7.059,-0.03000000000000025,0.03000000000000025,-0.40506562771392635,False
2025-03-27,1,2193681000,7.097,0,7.097,0.0,0.0,0.0,False
2025-03-27,2,2193681000,7.143,0,7.123,0.019999999999999574,0.019999999999999574,0.17262492144653874,False
2025-03-27,3,2193681000,7.117,0,7.157,-0.040000000000000036,0.040000000000000036,-0.3324638460637917,False
2025-03-27,4,2193681000,7.081,0,7.122,-0.04099999999999948,0.04099999999999948,-0.026136469914921193,False
2025-03-27,5,2193681000,7.089,0,7.09,-0.0009999999999994458,0.0009999999999994458,-0.007312011082705689,False
2025-03-27,6,2193681000,6.516,0,7.099,-0.5830000000000002,0.5830000000000002,-1.9385514130399872,False
2025-03-27,7,2193681000,0.001,0,1.357,-1.356,1.356,-0.9148169842838393,False
2025-03-27,8,2193681000,0.0,0,0.0,0.0,0.0,0.0,False
2025-03-27,9,2193681000,0.001,0,0.001,0.0,0.0,0.0,False
2025-03-27,10,2193681000,0.0,0,0.0,0.0,0.0,0.0,False
2025-03-27,11,2193681000,0.001,0,0.001,0.0,0.0,0.0,False
2025-03-27,12,2193681000,0.0,0,0.0,0.0,0.0,0.0,False
2025-03-27,13,2193681000,0.001,0,0.001,0.0,0.0,0.0,False
2025-03-27,14,2193681000,0.0,0,0.0,0.0,0.0,0.0,False
2025-03-27,15,2193681000,0.001,0,0.001,0.0,0.0,0.0,False
2025-03-27,16,2193681000,0.0,0,0.0,0.0,0.0,0.0,False
2025-03-27,17,2193681000,0.001,0,0.001,0.0,0.0,0.0,False
2025-03-27,18,2193681000,0.0,0,0.001,-0.001,0.001,-0.012155749369395733,False
2025-03-27,19,2193681000,4.219,0,5.281,-1.0619999999999994,1.0619999999999994,-0.6782159680163544,False
2025-03-27,20,2193681000,6.836,0,6.843,-0.006999999999999673,0.006999999999999673,-0.09645738208334313,False
2025-03-27,21,2193681000,6.825,0,6.914,-0.08899999999999952,0.08899999999999952,-1.3516490590946408,False
2025-03-27,22,2193681000,6.894,0,6.99,-0.09600000000000009,0.09600000000000009,-0.0628715747103603,False
2025-03-27,23,2193681000,6.975,0,7.024,-0.04900000000000038,0.04900000000000038,-0.7932727065262332,False
2025-03-28,0,2193681000,7.023,0,7.059,-0.036000000000000476,0.036000000000000476,-0.486078753256714,False
2025-03-28,1,2193681000,6.997,0,7.097,-0.10000000000000053,0.10000000000000053,-0.06436152211602858,False
2025-03-28,2,2193681000,7.092,0,7.123,-0.031000000000000583,0.031000000000000583,-0.2675686282421458,False
2025-03-28,3,2193681000,7.118,0,7.157,-0.0389999999999997,0.0389999999999997,-0.32415224991219416,False
2025-03-28,4,2193681000,7.106,0,7.122,-0.016000000000000014,0.016000000000000014,-0.010199598015579141,False
2025-03-28,5,2193681000,7.09,0,7.09,0.0,0.0,0.0,False
2025-03-28,6,2193681000,6.282,0,7.099,-0.8170000000000002,0.8170000000000002,-2.716632083110925,True
2025-03-28,7,2193681000,0.001,0,1.357,-1.356,1.356,-0.9148169842838393,False
2025-03-28,8,2193681000,0.0,0,0.0,0.0,0.0,0.0,False
2025-03-28,9,2193681000,0.001,0,0.001,0.0,0.0,0.0,False
2025-03-28,10,2193681000,0.0,0,0.0,0.0,0.0,0.0,False
2025-03-28,11,2193681000,0.001,0,0.001,0.0,0.0,0.0,False
2025-03-28,12,2193681000,0.0,0,0.0,0.0,0.0,0.0,False
2025-03-28,13,2193681000,0.001,0,0.001,0.0,0.0,0.0,False
2025-03-28,14,2193681000,0.0,0,0.0,0.0,0.0,0.0,False
2025-03-28,15,2193681000,0.001,0,0.001,0.0,0.0,0.0,False
2025-03-28,16,2193681000,0.0,0,0.0,0.0,0.0,0.0,False
2025-03-28,17,2193681000,0.001,0,0.001,0.0,0.0,0.0,False
2025-03-28,18,2193681000,0.0,0,0.001,-0.001,0.001,-0.012155749369395733,False
2025-03-28,19,2193681000,4.058,0,5.281,-1.2229999999999999,1.2229999999999999,-0.7810340196647853,False
2025-03-28,20,2193681000,6.811,0,6.843,-0.03200000000000003,0.03200000000000003,-0.4409480323810182,False
2025-03-28,21,2193681000,6.848,0,6.914,-0.06599999999999984,0.06599999999999984,-1.0023464932611972,False
2025-03-28,22,2193681000,6.895,0,6.99,-0.09500000000000064,0.09500000000000064,-0.06221666247379441,False
2025-03-28,23,2193681000,7.003,0,7.024,-0.020999999999999908,0.020999999999999908,-0.3399740170826672,False
2025-03-29,0,2193681000,7.029,0,6.9990000000000006,0.02999999999999936,0.02999999999999936,0.2299395570583946,False
2025-03-29,1,2193681000,7.057,0,7.0635,-0.00649999999999995,0.00649999999999995,-0.04714211856376924,False
2025-03-29,2,2193681000,7.128,0,7.156499999999999,-0.028499999999999304,0.028499999999999304,-0.21224337706819638,False
2025-03-29,3,2193681000,7.074,0,7.1475,-0.07350000000000012,0.07350000000000012,-0.531256513776838,False
2025-03-29,4,2193681000,7.075,0,7.1425,-0.0674999999999999,0.0674999999999999,-0.4331295628180838,False
2025-03-29,5,2193681000,7.108,0,7.1225000000000005,-0.014500000000000846,0.014500000000000846,-0.08962958539951311,False
2025-03-29,6,2193681000,6.238,0,7.132,-0.8939999999999992,0.8939999999999992,-2.3135322293709564,False
2025-03-29,7,2193681000,0.001,0,1.7085,-1.7075,1.7075,-0.9639991043271995,False
2025-03-29,8,2193681000,0.0,0,0.0,0.0,0.0,0.0,False
2025-03-29,9,2193681000,0.001,0,0.001,0.0,0.0,0.0,False
2025-03-29,10,2193681000,0.0,0,0.0,0.0,0.0,0.0,False
2025-03-29,11,2193681000,0.001,0,0.0,0.001,0.001,1.9364879231109704,False
2025-03-29,12,2193681000,0.0,0,0.001,-0.001,0.001,-1.9364879231109704,False
2025-03-29,13,2193681000,0.001,0,0.0,0.001,0.001,1.9364879231109704,False
2025-03-29,14,2193681000,0.0,0,0.001,-0.001,0.001,-1.9364879231109704,False
2025-03-29,15,2193681000,0.001,0,0.0,0.001,0.001,1.9364879231109704,False
2025-03-29,16,2193681000,0.0,0,0.001,-0.001,0.001,-1.9364879231109704,False
2025-03-29,17,2193681000,0.001,0,0.0,0.001,0.001,1.9364879231109704,False
2025-03-29,18,2193681000,0.0,0,0.001,-0.001,0.001,-0.005090833221959102,False
2025-03-29,19,2193681000,4.12,0,5.6765,-1.5564999999999998,1.5564999999999998,-1.4605088450327657,False
2025-03-29,20,2193681000,7.108,0,6.8915,0.21649999999999991,0.21649999999999991,1.7120084472744552,False
2025-03-29,21,2193681000,7.156,0,6.9635,0.1924999999999999,0.1924999999999999,1.470624891607325,False
2025-03-29,22,2193681000,7.232,0,7.016,0.2160000000000002,0.2160000000000002,1.628876609870935,False
2025-03-29,23,2193681000,7.259,0,7.026,0.23300000000000054,0.23300000000000054,1.7149767541878294,False
2025-03-30,0,2193681000,7.364,0,6.9990000000000006,0.3649999999999993,0.3649999999999993,2.7975979442105223,True
2025-03-30,1,2193681000,7.441,0,7.0635,0.3774999999999995,0.3774999999999995,2.7378691935112314,True
2025-03-30,2,2193681000,7.418,0,7.156499999999999,0.26150000000000073,0.26150000000000073,1.9474260738012232,False
2025-03-30,3,2193681000,7.441,0,7.1475,0.29349999999999987,0.29349999999999987,2.1214120652177093,False
2025-03-30,4,2193681000,7.517,0,7.1425,0.3745000000000003,0.3745000000000003,2.4030669818573744,False
2025-03-30,5,2193681000,7.534,0,7.1225000000000005,0.4114999999999993,0.4114999999999993,2.5436258201308575,True
2025-03-30,6,2193681000,6.243,0,7.132,-0.8889999999999993,0.8889999999999993,-2.300593011085884,False
2025-03-30,7,2193681000,0.0,0,1.7085,-1.7085,1.7085,-0.9645636718846385,False
2025-03-30,8,2193681000,0.001,0,0.0,0.001,0.001,1.9364879231109704,False
2025-03-30,9,2193681000,0.0,0,0.001,-0.001,0.001,-1.8973629961078584,False
2025-03-30,10,2193681000,0.001,0,0.0,0.001,0.001,1.8973629961078584,False
2025-03-30,11,2193681000,0.0,0,0.0,0.0,0.0,0.0,False
2025-03-30,12,2193681000,0.001,0,0.001,0.0,0.0,0.0,False
2025-03-30,13,2193681000,0.0,0,0.0,0.0,0.0,0.0,False
2025-03-30,14,2193681000,0.001,0,0.001,0.0,0.0,0.0,False
2025-03-30,15,2193681000,0.0,0,0.0,0.0,0.0,0.0,False
2025-03-30,16,2193681000,0.001,0,0.001,0.0,0.0,0.0,False
2025-03-30,17,2193681000,0.0,0,0.0,0.0,0.0,0.0,False
2025-03-30,18,2193681000,0.001,0,0.001,0.0,0.0,0.0,False
2025-03-30,19,2193681000,4.018,0,5.6765,-1.6585,1.6585,-1.5562183870779585,False
2025-03-30,20,2193681000,7.046,0,6.8915,0.15450000000000053,0.15450000000000053,1.2217335108725373,False
2025-03-30,21,2193681000,7.061,0,6.9635,0.09750000000000014,0.09750000000000014,0.7448619580868284,False
2025-03-30,22,2193681000,7.144,0,7.016,0.1280000000000001,0.1280000000000001,0.9652602132568504,False
2025-03-30,23,2193681000,7.222,0,7.026,0.19600000000000062,0.19600000000000062,1.4426413897889048,False
2025-03-31,0,2193681000,7.303,0,7.059,0.24399999999999977,0.24399999999999977,3.2945337720732373,True
2025-03-31,1,2193681000,7.43,0,7.097,0.3329999999999993,0.3329999999999993,0.21432386864637357,False
2025-03-31,2,2193681000,7.529,0,7.123,0.4059999999999997,0.4059999999999997,3.5042859053648088,True
2025-03-31,3,2193681000,7.593,0,7.157,0.43599999999999994,0.43599999999999994,3.623855922095326,True
2025-03-31,4,2193681000,7.64,0,7.122,0.5179999999999998,0.5179999999999998,0.33021198575437427,False
2025-03-31,5,2193681000,7.668,0,7.09,0.5780000000000003,0.5780000000000003,4.226342405806233,True
2025-03-31,6,2193681000,6.101,0,7.099,-0.9980000000000002,0.9980000000000002,-3.3184808065418645,True
2025-03-31,7,2193681000,0.001,0,1.357,-1.356,1.356,-0.9148169842838393,False
2025-03-31,8,2193681000,0.0,0,0.0,0.0,0.0,0.0,False
2025-03-31,9,2193681000,0.001,0,0.001,0.0,0.0,0.0,False
2025-03-31,10,2193681000,0.0,0,0.0,0.0,0.0,0.0,False
2025-03-31,11,2193681000,0.001,0,0.001,0.0,0.0,0.0,False
2025-03-31,12,2193681000,0.0,0,0.0,0.0,0.0,0.0,False
2025-03-31,13,2193681000,0.001,0,0.001,0.0,0.0,0.0,False
2025-03-31,14,2193681000,0.0,0,0.0,0.0,0.0,0.0,False
2025-03-31,15,2193681000,0.001,0,0.001,0.0,0.0,0.0,False
2025-03-31,16,2193681000,0.0,0,0.0,0.0,0.0,0.0,False
2025-03-31,17,2193681000,0.001,0,0.001,0.0,0.0,0.0,False
2025-03-31,18,2193681000,0.0,0,0.001,-0.001,0.001,-0.012155749369395733,False
2025-03-31,19,2193681000,3.8,0,5.281,-1.4809999999999999,1.4809999999999999,-0.945798350877798,False
2025-03-31,20,2193681000,7.028,0,6.843,0.1849999999999996,0.1849999999999996,2.5492308122027536,True
2025-03-31,21,2193681000,7.119,0,6.914,0.20500000000000007,0.20500000000000007,3.113348956341606,True
2025-03-31,22,2193681000,7.181,0,6.99,0.19099999999999984,0.19099999999999984,0.12508823718415413,False
2025-03-31,23,2193681000,7.231,0,7.024,0.20699999999999985,0.20699999999999985,3.351172454100589,True
2025-04-01,0,2193681000,7.269,0,7.0794999999999995,0.18950000000000067,0.18950000000000067,2.3007271189415155,False
2025-04-01,1,2193681000,7.388,0,7.1485,0.2394999999999996,0.2394999999999996,3.0055701290779315,True
2025-04-01,2,2193681000,7.483,0,7.2219999999999995,0.2610000000000001,0.2610000000000001,2.5692442370842414,True
2025-04-01,3,2193681000,7.532,0,7.2145,0.3174999999999999,0.3174999999999999,2.6957003239837167,True
2025-04-01,4,2193681000,7.509,0,7.223,0.2860000000000005,0.2860000000000005,1.986820504070011,False
2025-04-01,5,2193681000,7.504,0,7.209,0.29499999999999993,0.29499999999999993,2.0974135191273735,False
2025-04-01,6,2193681000,5.867,0,2.784,3.083,3.083,1.786532194796204,False
2025-04-01,7,2193681000,0.001,0,0.0,0.001,0.001,1.9621378370424127,False
2025-04-01,8,2193681000,0.0,0,0.001,-0.001,0.001,-1.9621378370424127,False
2025-04-01,9,2193681000,0.001,0,0.0,0.001,0.001,2.0310054761673677,False
2025-04-01,10,2193681000,0.0,0,0.001,-0.001,0.001,-1.987134181546058,False
2025-04-01,11,2193681000,0.001,0,0.0,0.001,0.001,1.9871341815460584,False
2025-04-01,12,2193681000,0.0,0,0.001,-0.001,0.001,-1.9621378370424123,False
2025-04-01,13,2193681000,0.001,0,0.0,0.001,0.001,1.962137837042413,False
2025-04-01,14,2193681000,0.0,0,0.0,0.0,0.0,0.0,False
2025-04-01,15,2193681000,0.001,0,0.001,0.0,0.0,0.0,False
2025-04-01,16,2193681000,0.0,0,0.0,0.0,0.0,0.0,False
2025-04-01,17,2193681000,0.001,0,0.0,0.001,0.001,1.9621378370424123,False
2025-04-01,18,2193681000,0.0,0,0.001,-0.001,0.001,-1.9621378370424123,False
2025-04-01,19,2193681000,3.663,0,1.9695,1.6934999999999998,1.6934999999999998,1.5752062457210245,False
2025-04-01,20,2193681000,6.954,0,6.798,0.1559999999999997,0.1559999999999997,1.5284890483295346,False
2025-04-01,21,2193681000,7.004,0,6.894,0.10999999999999943,0.10999999999999943,1.180696383269456,False
2025-04-01,22,2193681000,7.099,0,6.9495000000000005,0.14949999999999974,0.14949999999999974,1.9196216204541445,False
2025-04-01,23,2193681000,7.102,0,6.9879999999999995,0.11400000000000077,0.11400000000000077,1.4126596661524369,False
2025-04-02,0,2193681000,7.143,0,7.0794999999999995,0.06350000000000033,0.06350000000000033,0.7709560530490052,False
2025-04-02,1,2193681000,7.222,0,7.1485,0.07350000000000012,0.07350000000000012,0.922377471762959,False
2025-04-02,2,2193681000,7.306,0,7.2219999999999995,0.08400000000000052,0.08400000000000052,0.8268832027397606,False
2025-04-02,3,2193681000,7.318,0,7.2145,0.10349999999999948,0.10349999999999948,0.8787558536450815,False
2025-04-02,4,2193681000,7.288,0,7.223,0.06500000000000039,0.06500000000000039,0.4515501145613681,False
2025-04-02,5,2193681000,7.232,0,7.209,0.023000000000000576,0.023000000000000576,0.163527155728579,False
2025-04-02,6,2193681000,5.402,0,2.784,2.6180000000000003,2.6180000000000003,1.5170746954188978,False
2025-04-02,7,2193681000,0.001,0,0.0,0.001,0.001,1.9621378370424127,False
2025-04-02,8,2193681000,0.0,0,0.001,-0.001,0.001,-1.9621378370424127,False
2025-04-02,9,2193681000,0.0,0,0.0,0.0,0.0,0.0,False
2025-04-02,10,2193681000,0.001,0,0.001,0.0,0.0,0.0,False
2025-04-02,11,2193681000,0.0,0,0.0,0.0,0.0,0.0,False
2025-04-02,12,2193681000,0.001,0,0.001,0.0,0.0,0.0,False
2025-04-02,13,2193681000,0.0,0,0.0,0.0,0.0,0.0,False
2025-04-02,14,2193681000,0.001,0,0.0,0.001,0.001,1.9621378370424127,False
2025-04-02,15,2193681000,0.0,0,0.001,-0.001,0.001,-1.9621378370424127,False
2025-04-02,16,2193681000,0.001,0,0.0,0.001,0.001,1.9621378370424127,False
2025-04-02,17,2193681000,0.0,0,0.0,0.0,0.0,0.0,False
2025-04-02,18,2193681000,0.001,0,0.001,0.0,0.0,0.0,False
2025-04-02,19,2193681000,3.47,0,1.9695,1.5005000000000002,1.5005000000000002,1.3956876124620006,False
2025-04-02,20,2193681000,6.885,0,6.798,0.08699999999999974,0.08699999999999974,0.8524265846453165,False
2025-04-02,21,2193681000,6.961,0,6.894,0.06700000000000017,0.06700000000000017,0.7191514334459469,False
2025-04-02,22,2193681000,6.909,0,6.9495000000000005,-0.04050000000000065,0.04050000000000065,-0.5200312751063159,False
2025-04-02,23,2193681000,6.986,0,6.9879999999999995,-0.0019999999999997797,0.0019999999999997797,-0.024783502914952134,False
2025-04-03,0,2193681000,7.079,0,7.0794999999999995,-0.0004999999999997229,0.0004999999999997229,-0.006070520102744676,False
2025-04-03,1,2193681000,7.155,0,7.1485,0.00649999999999995,0.00649999999999995,0.08157079682257384,False
2025-04-03,2,2193681000,7.227,0,7.2219999999999995,0.005000000000000782,0.005000000000000782,0.04921923825832648,False
2025-04-03,3,2193681000,7.263,0,7.2145,0.048499999999999766,0.048499999999999766,0.4117841439786131,False
2025-04-03,4,2193681000,7.276,0,7.223,0.052999999999999936,0.052999999999999936,0.3681870164884975,False
2025-04-03,5,2193681000,7.266,0,7.209,0.057000000000000384,0.057000000000000384,0.40526295115342753,False
2025-04-03,6,2193681000,5.198,0,2.784,2.4140000000000006,2.4140000000000006,1.3988610827888541,False
2025-04-03,7,2193681000,0.0,0,0.0,0.0,0.0,0.0,False
2025-04-03,8,2193681000,0.001,0,0.001,0.0,0.0,0.0,False
2025-04-03,9,2193681000,0.0,0,0.0,0.0,0.0,0.0,False
2025-04-03,10,2193681000,0.001,0,0.001,0.0,0.0,0.0,False
2025-04-03,11,2193681000,0.0,0,0.0,0.0,0.0,0.0,False
2025-04-03,12,2193681000,0.001,0,0.001,0.0,0.0,0.0,False
2025-04-03,13,2193681000,0.0,0,0.0,0.0,0.0,0.0,False
2025-04-03,14,2193681000,0.001,0,0.0,0.001,0.001,1.9621378370424127,False
2025-04-03,15,2193681000,0.0,0,0.001,-0.001,0.001,-1.9621378370424127,False
2025-04-03,16,2193681000,0.001,0,0.0,0.001,0.001,1.9621378370424127,False
2025-04-03,17,2193681000,0.0,0,0.0,0.0,0.0,0.0,False
2025-04-03,18,2193681000,0.001,0,0.001,0.0,0.0,0.0,False
2025-04-03,19,2193681000,3.357,0,1.9695,1.3875000000000002,1.3875000000000002,1.29058084791138,False
2025-04-03,20,2193681000,6.895,0,6.798,0.09699999999999953,0.09699999999999953,0.9504066518459258,False
2025-04-03,21,2193681000,7.007,0,6.894,0.11299999999999955,0.11299999999999955,1.2128971937222608,False
2025-04-03,22,2193681000,7.07,0,6.9495000000000005,0.12049999999999983,0.12049999999999983,1.547253546921234,False
2025-04-03,23,2193681000,7.068,0,6.9879999999999995,0.08000000000000007,0.08000000000000007,0.9913401165981954,False
2025-04-04,0,2193681000,7.038,0,7.0794999999999995,-0.041499999999999204,0.041499999999999204,-0.5038531685280777,False
2025-04-04,1,2193681000,7.154,0,7.1485,0.005499999999999616,0.005499999999999616,0.0690214434652505,False
2025-04-04,2,2193681000,7.226,0,7.2219999999999995,0.004000000000000448,0.004000000000000448,0.039375390606659434,False
2025-04-04,3,2193681000,7.23,0,7.2145,0.015500000000000291,0.015500000000000291,0.13160111817873515,False
2025-04-04,4,2193681000,7.233,0,7.223,0.009999999999999787,0.009999999999999787,0.06946924839405473,False
2025-04-04,5,2193681000,7.213,0,7.209,0.004000000000000448,0.004000000000000448,0.028439505344103166,False
2025-04-04,6,2193681000,5.018,0,2.784,2.234,2.234,1.2945549539976384,False
2025-04-04,7,2193681000,0.0,0,0.0,0.0,0.0,0.0,False
2025-04-04,8,2193681000,0.001,0,0.001,0.0,0.0,0.0,False
2025-04-04,9,2193681000,0.0,0,0.0,0.0,0.0,0.0,False
2025-04-04,10,2193681000,0.001,0,0.001,0.0,0.0,0.0,False
2025-04-04,11,2193681000,0.0,0,0.0,0.0,0.0,0.0,False
2025-04-04,12,2193681000,0.001,0,0.001,0.0,0.0,0.0,False
2025-04-04,13,2193681000,0.0,0,0.0,0.0,0.0,0.0,False
2025-04-04,14,2193681000,0.001,0,0.0,0.001,0.001,1.9621378370424127,False
2025-04-04,15,2193681000,0.0,0,0.001,-0.001,0.001,-1.9621378370424127,False
2025-04-04,16,2193681000,0.001,0,0.0,0.001,0.001,1.9621378370424127,False
2025-04-04,17,2193681000,0.0,0,0.0,0.0,0.0,0.0,False
2025-04-04,18,2193681000,0.001,0,0.001,0.0,0.0,0.0,False
2025-04-04,19,2193681000,3.263,0,1.9695,1.2934999999999999,1.2934999999999999,1.203146902179005,False
2025-04-04,20,2193681000,6.923,0,6.798,0.125,0.125,1.2247508400076423,False
2025-04-04,21,2193681000,7.009,0,6.894,0.11500000000000021,0.11500000000000021,1.2343644006908034,False
2025-04-04,22,2193681000,7.086,0,6.9495000000000005,0.13649999999999984,0.13649999999999984,1.75269800128422,False
2025-04-04,23,2193681000,7.116,0,6.9879999999999995,0.1280000000000001,0.1280000000000001,1.5861441865571126,False
2025-04-05,0,2193681000,7.159,0,6.992,0.16699999999999982,0.16699999999999982,1.5237871293752188,False
2025-04-05,1,2193681000,7.258,0,7.1305,0.1275000000000004,0.1275000000000004,1.2393627945731198,False
2025-04-05,2,2193681000,7.279,0,7.189,0.08999999999999986,0.08999999999999986,0.8748303028546525,False
2025-04-05,3,2193681000,7.314,0,7.2215,0.09250000000000025,0.09250000000000025,0.8458777282004126,False
2025-04-05,4,2193681000,7.358,0,7.2545,0.10349999999999948,0.10349999999999948,0.9621657032991494,False
2025-04-05,5,2193681000,7.349,0,7.2895,0.059499999999999886,0.059499999999999886,0.5861169877817848,False
2025-04-05,6,2193681000,4.888,0,2.703,2.185,2.185,1.3911598229309132,False
2025-04-05,7,2193681000,0.001,0,0.0,0.001,0.001,2.160242232812701,False
2025-04-05,8,2193681000,0.0,0,0.001,-0.001,0.001,-1.932179832832472,False
2025-04-05,9,2193681000,0.001,0,0.0,0.001,0.001,1.932179832832472,False
2025-04-05,10,2193681000,0.0,0,0.001,-0.001,0.001,-1.932179832832472,False
2025-04-05,11,2193681000,0.001,0,0.0,0.001,0.001,1.932179832832472,False
2025-04-05,12,2193681000,0.0,0,0.001,-0.001,0.001,-1.932179832832472,False
2025-04-05,13,2193681000,0.001,0,0.0,0.001,0.001,1.932179832832472,False
2025-04-05,14,2193681000,0.0,0,0.001,-0.001,0.001,-1.932179832832472,False
2025-04-05,15,2193681000,0.001,0,0.0,0.001,0.001,1.932179832832472,False
2025-04-05,16,2193681000,0.0,0,0.001,-0.001,0.001,-1.932179832832472,False
2025-04-05,17,2193681000,0.001,0,0.0,0.001,0.001,1.932179832832472,False
2025-04-05,18,2193681000,0.0,0,0.0005,-0.0005,0.0005,-0.9354125966967591,False
2025-04-05,19,2193681000,3.123,0,1.8325,1.2905000000000002,1.2905000000000002,1.3067094638502537,False
2025-04-05,20,2193681000,6.891,0,6.8485,0.042500000000000426,0.042500000000000426,0.6435714493158252,False
2025-04-05,21,2193681000,7.004,0,6.9225,0.08149999999999924,0.08149999999999924,1.1294339420282562,False
2025-04-05,22,2193681000,7.137,0,7.009,0.12799999999999923,0.12799999999999923,1.3649624460302896,False
2025-04-05,23,2193681000,7.156,0,7.0865,0.06949999999999967,0.06949999999999967,0.8194322614990827,False
2025-04-06,0,2193681000,7.202,0,6.992,0.20999999999999996,0.20999999999999996,1.9161395040047677,False
2025-04-06,1,2193681000,7.224,0,7.1305,0.09350000000000058,0.09350000000000058,0.9088660493536241,False
2025-04-06,2,2193681000,7.262,0,7.189,0.07299999999999951,0.07299999999999951,0.7095845789821033,False
2025-04-06,3,2193681000,7.334,0,7.2215,0.11249999999999982,0.11249999999999982,1.0287702099734704,False
2025-04-06,4,2193681000,7.391,0,7.2545,0.13649999999999984,0.13649999999999984,1.2689431739162744,False
2025-04-06,5,2193681000,7.385,0,7.2895,0.09549999999999947,0.09549999999999947,0.9407423921539537,False
2025-04-06,6,2193681000,4.677,0,2.703,1.9739999999999998,1.9739999999999998,1.2568189887714518,False
2025-04-06,7,2193681000,0.0,0,0.0,0.0,0.0,0.0,False
2025-04-06,8,2193681000,0.001,0,0.001,0.0,0.0,0.0,False
2025-04-06,9,2193681000,0.0,0,0.0,0.0,0.0,0.0,False
2025-04-06,10,2193681000,0.001,0,0.001,0.0,0.0,0.0,False
2025-04-06,11,2193681000,0.0,0,0.0,0.0,0.0,0.0,False
2025-04-06,12,2193681000,0.001,0,0.001,0.0,0.0,0.0,False
2025-04-06,13,2193681000,0.0,0,0.0,0.0,0.0,0.0,False
2025-04-06,14,2193681000,0.001,0,0.001,0.0,0.0,0.0,False
2025-04-06,15,2193681000,0.0,0,0.0,0.0,0.0,0.0,False
2025-04-06,16,2193681000,0.001,0,0.001,0.0,0.0,0.0,False
2025-04-06,17,2193681000,0.0,0,0.0,0.0,0.0,0.0,False
2025-04-06,18,2193681000,0.001,0,0.0005,0.0005,0.0005,0.9354125966967591,False
2025-04-06,19,2193681000,2.995,0,1.8325,1.1625,1.1625,1.1771017061029987,False
2025-04-06,20,2193681000,6.862,0,6.8485,0.013500000000000512,0.013500000000000512,0.2044285780179737,False
2025-04-06,21,2193681000,6.973,0,6.9225,0.050499999999999545,0.050499999999999545,0.6998333015021712,False
2025-04-06,22,2193681000,7.014,0,7.009,0.004999999999999893,0.004999999999999893,0.053318845548057374,False
2025-04-06,23,2193681000,7.123,0,7.0865,0.0365000000000002,0.0365000000000002,0.4303493171901701,False
2025-04-07,0,2193681000,7.192,0,7.0794999999999995,0.11250000000000071,0.11250000000000071,1.3658670231183176,False
2025-04-07,1,2193681000,7.204,0,7.1485,0.05549999999999944,0.05549999999999944,0.6964891113312057,False
2025-04-07,2,2193681000,7.285,0,7.2219999999999995,0.06300000000000061,0.06300000000000061,0.6201624020548226,False
2025-04-07,3,2193681000,7.337,0,7.2145,0.12249999999999961,0.12249999999999961,1.0400733533480453,False
2025-04-07,4,2193681000,7.374,0,7.223,0.1509999999999998,0.1509999999999998,1.0489856507502475,False
2025-04-07,5,2193681000,7.341,0,7.209,0.13200000000000056,0.13200000000000056,0.9385036763553035,False
2025-04-07,6,2193681000,4.481,0,2.784,1.697,1.697,0.9833750031038463,False
2025-04-07,7,2193681000,0.0,0,0.0,0.0,0.0,0.0,False
2025-04-07,8,2193681000,0.001,0,0.001,0.0,0.0,0.0,False
2025-04-07,9,2193681000,0.0,0,0.0,0.0,0.0,0.0,False
2025-04-07,10,2193681000,0.001,0,0.001,0.0,0.0,0.0,False
2025-04-07,11,2193681000,0.0,0,0.0,0.0,0.0,0.0,False
2025-04-07,12,2193681000,0.001,0,0.001,0.0,0.0,0.0,False
2025-04-07,13,2193681000,0.0,0,0.0,0.0,0.0,0.0,False
2025-04-07,14,2193681000,0.001,0,0.0,0.001,0.001,1.9621378370424127,False
2025-04-07,15,2193681000,0.0,0,0.001,-0.001,0.001,-1.9621378370424127,False
2025-04-07,16,2193681000,0.001,0,0.0,0.001,0.001,1.9621378370424127,False
2025-04-07,17,2193681000,0.0,0,0.0,0.0,0.0,0.0,False
2025-04-07,18,2193681000,0.001,0,0.001,0.0,0.0,0.0,False
2025-04-07,19,2193681000,2.859,0,1.9695,0.8895,0.8895,0.8273669652015656,False
2025-04-07,20,2193681000,6.771,0,6.798,-0.027000000000000135,0.027000000000000135,-0.26454618144165204,False
2025-04-07,21,2193681000,6.944,0,6.894,0.04999999999999982,0.04999999999999982,0.53668017421339,False
2025-04-07,22,2193681000,6.907,0,6.9495000000000005,-0.042500000000000426,0.042500000000000426,-0.5457118319016863,False
2025-04-07,23,2193681000,7.047,0,6.9879999999999995,0.05900000000000016,0.05900000000000016,0.7311133359911706,False
2025-04-08,0,2193681000,7.064,0,7.0794999999999995,-0.015499999999999403,0.015499999999999403,-0.18818612318518202,False
2025-04-08,1,2193681000,7.143,0,7.1485,-0.0055000000000005045,0.0055000000000005045,-0.06902144346526165,False
2025-04-08,2,2193681000,7.237,0,7.2219999999999995,0.015000000000000568,0.015000000000000568,0.14765771477496192,False
2025-04-08,3,2193681000,7.123,0,7.2145,-0.09149999999999991,0.09149999999999991,-0.7768711169905824,False
2025-04-08,4,2193681000,7.153,0,7.223,-0.07000000000000028,0.07000000000000028,-0.48628473875839545,False
2025-04-08,5,2193681000,7.133,0,7.209,-0.07599999999999962,0.07599999999999962,-0.540350601537897,False
2025-04-08,6,2193681000,4.13,0,2.784,1.346,1.346,0.7799780519609765,False
2025-04-08,7,2193681000,0.0,0,0.0,0.0,0.0,0.0,False
2025-04-08,8,2193681000,0.001,0,0.001,0.0,0.0,0.0,False
2025-04-08,9,2193681000,0.0,0,0.0,0.0,0.0,0.0,False
2025-04-08,10,2193681000,0.001,0,0.001,0.0,0.0,0.0,False
2025-04-08,11,2193681000,0.0,0,0.0,0.0,0.0,0.0,False
2025-04-08,12,2193681000,0.001,0,0.001,0.0,0.0,0.0,False
2025-04-08,13,2193681000,0.0,0,0.0,0.0,0.0,0.0,False
2025-04-08,14,2193681000,0.0,0,0.0,0.0,0.0,0.0,False
2025-04-08,15,2193681000,0.001,0,0.001,0.0,0.0,0.0,False
2025-04-08,16,2193681000,0.0,0,0.0,0.0,0.0,0.0,False
2025-04-08,17,2193681000,0.001,0,0.0,0.001,0.001,1.9621378370424123,False
2025-04-08,18,2193681000,0.0,0,0.001,-0.001,0.001,-1.9621378370424123,False
2025-04-08,19,2193681000,2.765,0,1.9695,0.7955000000000001,0.7955000000000001,0.7399330194691912,False
2025-04-08,20,2193681000,6.806,0,6.798,0.008000000000000007,0.008000000000000007,0.07838405376048917,False
2025-04-08,21,2193681000,6.896,0,6.894,0.0019999999999997797,0.0019999999999997797,0.021467206968533308,False
2025-04-08,22,2193681000,7.016,0,6.9495000000000005,0.06649999999999956,0.06649999999999956,0.8538785134461537,False
2025-04-08,23,2193681000,7.076,0,6.9879999999999995,0.08800000000000008,0.08800000000000008,1.090474128258015,False
2025-04-09,0,2193681000,7.08,0,7.0794999999999995,0.0005000000000006111,0.0005000000000006111,0.00607052010275546,False
2025-04-09,1,2193681000,7.124,0,7.1485,-0.024500000000000632,0.024500000000000632,-0.3074591572543271,False
2025-04-09,2,2193681000,7.182,0,7.2219999999999995,-0.03999999999999915,0.03999999999999915,-0.39375390606654187,False
2025-04-09,3,2193681000,7.199,0,7.2145,-0.015500000000000291,0.015500000000000291,-0.13160111817873515,False
2025-04-09,4,2193681000,7.212,0,7.223,-0.01100000000000012,0.01100000000000012,-0.07641617323346267,False
2025-04-09,5,2193681000,7.207,0,7.209,-0.0019999999999997797,0.0019999999999997797,-0.014219752672048426,False
2025-04-09,6,2193681000,4.04,0,2.784,1.2560000000000002,1.2560000000000002,0.727824987565369,False
2025-04-09,7,2193681000,0.0,0,0.0,0.0,0.0,0.0,False
2025-04-09,8,2193681000,0.001,0,0.001,0.0,0.0,0.0,False
2025-04-09,9,2193681000,0.0,0,0.0,0.0,0.0,0.0,False
2025-04-09,10,2193681000,0.001,0,0.001,0.0,0.0,0.0,False
2025-04-09,11,2193681000,0.0,0,0.0,0.0,0.0,0.0,False
2025-04-09,12,2193681000,0.001,0,0.001,0.0,0.0,0.0,False
2025-04-09,13,2193681000,0.0,0,0.0,0.0,0.0,0.0,False
2025-04-09,14,2193681000,0.001,0,0.0,0.001,0.001,1.9621378370424127,False
2025-04-09,15,2193681000,0.0,0,0.001,-0.001,0.001,-1.9621378370424127,False
2025-04-09,16,2193681000,0.001,0,0.0,0.001,0.001,1.9621378370424127,False
2025-04-09,17,2193681000,0.0,0,0.0,0.0,0.0,0.0,False
2025-04-09,18,2193681000,0.001,0,0.001,0.0,0.0,0.0,False
2025-04-09,19,2193681000,2.635,0,1.9695,0.6654999999999998,0.6654999999999998,0.6190137328180346,False
2025-04-09,20,2193681000,6.711,0,6.798,-0.08699999999999974,0.08699999999999974,-0.8524265846453165,False
2025-04-09,21,2193681000,6.813,0,6.894,-0.0810000000000004,0.0810000000000004,-0.8694218822256992,False
2025-04-09,22,2193681000,6.989,0,6.9495000000000005,0.039499999999999424,0.039499999999999424,0.5071909967086136,False
2025-04-09,23,2193681000,7.088,0,6.9879999999999995,0.10000000000000053,0.10000000000000053,1.2391751457477498,False
2025-04-10,0,2193681000,7.169,0,7.0794999999999995,0.08950000000000014,0.08950000000000014,1.086623098391901,False
2025-04-10,1,2193681000,7.165,0,7.1485,0.016499999999999737,0.016499999999999737,0.20706433039576266,False
2025-04-10,2,2193681000,7.241,0,7.2219999999999995,0.019000000000000128,0.019000000000000128,0.18703310538161264,False
2025-04-10,3,2193681000,7.294,0,7.2145,0.07949999999999946,0.07949999999999946,0.6749863803360758,False
2025-04-10,4,2193681000,7.238,0,7.223,0.015000000000000568,0.015000000000000568,0.10420387259108826,False
2025-04-10,5,2193681000,7.224,0,7.209,0.015000000000000568,0.015000000000000568,0.10664814504037898,False
2025-04-10,6,2193681000,3.814,0,2.784,1.0300000000000002,1.0300000000000002,0.5968628480830653,False
2025-04-10,7,2193681000,0.001,0,0.0,0.001,0.001,1.9621378370424127,False
2025-04-10,8,2193681000,0.0,0,0.001,-0.001,0.001,-1.9621378370424127,False
2025-04-10,9,2193681000,0.001,0,0.0,0.001,0.001,2.0310054761673677,False
2025-04-10,10,2193681000,0.0,0,0.001,-0.001,0.001,-1.987134181546058,False
2025-04-10,11,2193681000,0.001,0,0.0,0.001,0.001,1.9871341815460584,False
2025-04-10,12,2193681000,0.0,0,0.001,-0.001,0.001,-1.9621378370424123,False
2025-04-10,13,2193681000,0.001,0,0.0,0.001,0.001,1.962137837042413,False
2025-04-10,14,2193681000,0.0,0,0.0,0.0,0.0,0.0,False
2025-04-10,15,2193681000,0.001,0,0.001,0.0,0.0,0.0,False
2025-04-10,16,2193681000,0.0,0,0.0,0.0,0.0,0.0,False
2025-04-10,17,2193681000,0.0,0,0.0,0.0,0.0,0.0,False
2025-04-10,18,2193681000,0.001,0,0.001,0.0,0.0,0.0,False
2025-04-10,19,2193681000,2.556,0,1.9695,0.5865,0.5865,0.545532012468486,False
2025-04-10,20,2193681000,6.848,0,6.798,0.04999999999999982,0.04999999999999982,0.48990033600305516,False
2025-04-10,21,2193681000,6.913,0,6.894,0.019000000000000128,0.019000000000000128,0.20393846620109027,False
2025-04-10,22,2193681000,6.964,0,6.9495000000000005,0.014499999999999957,0.014499999999999957,0.18618403676645526,False
2025-04-10,23,2193681000,6.989,0,6.9879999999999995,0.001000000000000334,0.001000000000000334,0.012391751457481571,False
2025-04-11,0,2193681000,7.051,0,7.0794999999999995,-0.028499999999999304,0.028499999999999304,-0.34601964585662986,False
2025-04-11,1,2193681000,7.118,0,7.1485,-0.03049999999999997,0.03049999999999997,-0.38275527739823373,False
2025-04-11,2,2193681000,7.189,0,7.2219999999999995,-0.032999999999999474,0.032999999999999474,-0.3248469725048988,False
2025-04-11,3,2193681000,7.235,0,7.2145,0.020500000000000185,0.020500000000000185,0.17405309178477704,False
2025-04-11,4,2193681000,7.263,0,7.223,0.040000000000000036,0.040000000000000036,0.2778769935762251,False
2025-04-11,5,2193681000,7.241,0,7.209,0.03200000000000003,0.03200000000000003,0.22751604275280007,False
2025-04-11,6,2193681000,3.589,0,2.784,0.8050000000000002,0.8050000000000002,0.4664801870940462,False
2025-04-11,7,2193681000,0.0,0,0.0,0.0,0.0,0.0,False
2025-04-11,8,2193681000,0.001,0,0.001,0.0,0.0,0.0,False
2025-04-11,9,2193681000,0.0,0,0.0,0.0,0.0,0.0,False
2025-04-11,10,2193681000,0.001,0,0.001,0.0,0.0,0.0,False
2025-04-11,11,2193681000,0.0,0,0.0,0.0,0.0,0.0,False
2025-04-11,12,2193681000,0.001,0,0.001,0.0,0.0,0.0,False
2025-04-11,13,2193681000,0.0,0,0.0,0.0,0.0,0.0,False
2025-04-11,14,2193681000,0.001,0,0.0,0.001,0.001,1.9621378370424127,False
2025-04-11,15,2193681000,0.0,0,0.001,-0.001,0.001,-1.9621378370424127,False
2025-04-11,16,2193681000,0.001,0,0.0,0.001,0.001,1.9621378370424127,False
2025-04-11,17,2193681000,0.0,0,0.0,0.0,0.0,0.0,False
2025-04-11,18,2193681000,0.001,0,0.001,0.0,0.0,0.0,False
2025-04-11,19,2193681000,2.413,0,1.9695,0.4434999999999998,0.4434999999999998,0.41252079715221385,False
2025-04-11,20,2193681000,6.752,0,6.798,-0.04600000000000026,0.04600000000000026,-0.4507083091228149,False
2025-04-11,21,2193681000,6.853,0,6.894,-0.04100000000000037,0.04100000000000037,-0.4400777428549853,False
2025-04-11,22,2193681000,6.894,0,6.9495000000000005,-0.05550000000000033,0.05550000000000033,-0.7126354510716109,False
2025-04-11,23,2193681000,6.902,0,6.9879999999999995,-0.08599999999999941,0.08599999999999941,-1.0656906253430518,False
2025-04-12,0,2193681000,6.939,0,6.992,-0.052999999999999936,0.052999999999999936,-0.4835971129154885,False
2025-04-12,1,2193681000,7.039,0,7.1305,-0.09149999999999991,0.09149999999999991,-0.889425064340706,False
2025-04-12,2,2193681000,7.103,0,7.189,-0.0860000000000003,0.0860000000000003,-0.8359489560611165,False
2025-04-12,3,2193681000,7.124,0,7.2215,-0.09750000000000014,0.09750000000000014,-0.8916008486436771,False
2025-04-12,4,2193681000,7.162,0,7.2545,-0.09250000000000025,0.09250000000000025,-0.8599065464267827,False
2025-04-12,5,2193681000,7.151,0,7.2895,-0.1385000000000005,0.1385000000000005,-1.3643227362651706,False
2025-04-12,6,2193681000,3.437,0,2.703,0.734,0.734,0.46732783067793604,False
2025-04-12,7,2193681000,0.0,0,0.0,0.0,0.0,0.0,False
2025-04-12,8,2193681000,0.001,0,0.001,0.0,0.0,0.0,False
2025-04-12,9,2193681000,0.0,0,0.0,0.0,0.0,0.0,False
2025-04-12,10,2193681000,0.001,0,0.001,0.0,0.0,0.0,False
2025-04-12,11,2193681000,0.0,0,0.0,0.0,0.0,0.0,False
2025-04-12,12,2193681000,0.001,0,0.001,0.0,0.0,0.0,False
2025-04-12,13,2193681000,0.0,0,0.0,0.0,0.0,0.0,False
2025-04-12,14,2193681000,0.001,0,0.001,0.0,0.0,0.0,False
2025-04-12,15,2193681000,0.0,0,0.0,0.0,0.0,0.0,False
2025-04-12,16,2193681000,0.001,0,0.001,0.0,0.0,0.0,False
2025-04-12,17,2193681000,0.0,0,0.0,0.0,0.0,0.0,False
2025-04-12,18,2193681000,0.001,0,0.0005,0.0005,0.0005,0.9354125966967591,False
2025-04-12,19,2193681000,2.313,0,1.8325,0.48050000000000015,0.48050000000000015,0.48653537185590623,False
2025-04-12,20,2193681000,6.803,0,6.8485,-0.04549999999999965,0.04549999999999965,-0.6890000222086948,False
2025-04-12,21,2193681000,6.897,0,6.9225,-0.025500000000000078,0.025500000000000078,-0.35338117204565506,False
2025-04-12,22,2193681000,6.978,0,7.009,-0.031000000000000583,0.031000000000000583,-0.330576842397969,False
2025-04-12,23,2193681000,7.005,0,7.0865,-0.08150000000000013,0.08150000000000013,-0.960916968520513,False
2025-04-13,0,2193681000,6.998,0,6.992,0.006000000000000227,0.006000000000000227,0.05474684297156688,False
2025-04-13,1,2193681000,7.187,0,7.1305,0.05650000000000066,0.05650000000000066,0.5492078266147599,False
2025-04-13,2,2193681000,7.167,0,7.189,-0.02200000000000024,0.02200000000000024,-0.21384740736447327,False
2025-04-13,3,2193681000,7.236,0,7.2215,0.014499999999999957,0.014499999999999957,0.13259704928546934,False
2025-04-13,4,2193681000,7.266,0,7.2545,0.011499999999999844,0.011499999999999844,0.10690730036657123,False
2025-04-13,5,2193681000,7.298,0,7.2895,0.00849999999999973,0.00849999999999973,0.08373099825453818,False
2025-04-13,6,2193681000,3.268,0,2.703,0.565,0.565,0.3597278260668036,False
2025-04-13,7,2193681000,0.0,0,0.0,0.0,0.0,0.0,False
2025-04-13,8,2193681000,0.001,0,0.001,0.0,0.0,0.0,False
2025-04-13,9,2193681000,0.0,0,0.0,0.0,0.0,0.0,False
2025-04-13,10,2193681000,0.001,0,0.001,0.0,0.0,0.0,False
2025-04-13,11,2193681000,0.0,0,0.0,0.0,0.0,0.0,False
2025-04-13,12,2193681000,0.001,0,0.001,0.0,0.0,0.0,False
2025-04-13,13,2193681000,0.0,0,0.0,0.0,0.0,0.0,False
2025-04-13,14,2193681000,0.001,0,0.001,0.0,0.0,0.0,False
2025-04-13,15,2193681000,0.0,0,0.0,0.0,0.0,0.0,False
2025-04-13,16,2193681000,0.001,0,0.001,0.0,0.0,0.0,False
2025-04-13,17,2193681000,0.0,0,0.0,0.0,0.0,0.0,False
2025-04-13,18,2193681000,0.001,0,0.0005,0.0005,0.0005,0.9354125966967591,False
2025-04-13,19,2193681000,2.228,0,1.8325,0.3955000000000002,0.3955000000000002,0.4004677202268698,False
2025-04-13,20,2193681000,6.895,0,6.8485,0.046499999999999986,0.046499999999999986,0.7041428798396603,False
2025-04-13,21,2193681000,6.951,0,6.9225,0.028499999999999304,0.028499999999999304,0.3949554275804272,False
2025-04-13,22,2193681000,7.057,0,7.009,0.04800000000000004,0.04800000000000004,0.5118609172613622,False
2025-04-13,23,2193681000,7.126,0,7.0865,0.03950000000000031,0.03950000000000031,0.46572049394552767,False
2025-04-14,0,2193681000,7.181,0,7.0794999999999995,0.10150000000000059,0.10150000000000059,1.2323155808578594,False
2025-04-14,1,2193681000,7.203,0,7.1485,0.05449999999999999,0.05449999999999999,0.6839397579738936,False
2025-04-14,2,2193681000,7.302,0,7.2219999999999995,0.08000000000000007,0.08000000000000007,0.7875078121331012,False
2025-04-14,3,2193681000,7.349,0,7.2145,0.13450000000000006,0.13450000000000006,1.1419580900025517,False
2025-04-14,4,2193681000,7.359,0,7.223,0.13600000000000012,0.13600000000000012,0.9447817781591653,False
2025-04-14,5,2193681000,7.336,0,7.209,0.12700000000000067,0.12700000000000067,0.9029542946751793,False
2025-04-14,6,2193681000,3.14,0,2.784,0.3560000000000003,0.3560000000000003,0.2062943436092926,False
2025-04-14,7,2193681000,0.001,0,0.0,0.001,0.001,1.9621378370424127,False
2025-04-14,8,2193681000,0.0,0,0.001,-0.001,0.001,-1.9621378370424127,False
2025-04-14,9,2193681000,0.001,0,0.0,0.001,0.001,2.0310054761673677,False
2025-04-14,10,2193681000,0.0,0,0.001,-0.001,0.001,-1.987134181546058,False
2025-04-14,11,2193681000,0.001,0,0.0,0.001,0.001,1.9871341815460584,False
2025-04-14,12,2193681000,0.0,0,0.001,-0.001,0.001,-1.9621378370424123,False
2025-04-14,13,2193681000,0.001,0,0.0,0.001,0.001,1.962137837042413,False
2025-04-14,14,2193681000,0.0,0,0.0,0.0,0.0,0.0,False
2025-04-14,15,2193681000,0.001,0,0.001,0.0,0.0,0.0,False
2025-04-14,16,2193681000,0.0,0,0.0,0.0,0.0,0.0,False
2025-04-14,17,2193681000,0.001,0,0.0,0.001,0.001,1.9621378370424123,False
2025-04-14,18,2193681000,0.0,0,0.001,-0.001,0.001,-1.9621378370424123,False
2025-04-14,19,2193681000,2.132,0,1.9695,0.1625000000000001,0.1625000000000001,0.15114910831394548,False
2025-04-14,20,2193681000,6.839,0,6.798,0.04100000000000037,0.04100000000000037,0.40171827552251027,False
2025-04-14,21,2193681000,6.921,0,6.894,0.027000000000000135,0.027000000000000135,0.28980729407523304,False
2025-04-14,22,2193681000,7.023,0,6.9495000000000005,0.07349999999999923,0.07349999999999923,0.9437604622299558,False
2025-04-14,23,2193681000,7.021,0,6.9879999999999995,0.03300000000000036,0.03300000000000036,0.4089277980967598,False
2025-04-15,0,2193681000,7.119,0,7.0794999999999995,0.03950000000000031,0.03950000000000031,0.479571088117099,False
2025-04-15,1,2193681000,7.171,0,7.1485,0.022499999999999964,0.022499999999999964,0.28236045053968045,False
2025-04-15,2,2193681000,7.268,0,7.2219999999999995,0.04600000000000026,0.04600000000000026,0.45281699197653535,False
2025-04-15,3,2193681000,7.317,0,7.2145,0.10250000000000004,0.10250000000000004,0.8702654589238776,False
2025-04-15,4,2193681000,7.288,0,7.223,0.06500000000000039,0.06500000000000039,0.4515501145613681,False
2025-04-15,5,2193681000,7.251,0,7.209,0.0420000000000007,0.0420000000000007,0.29861480611305485,False
2025-04-15,6,2193681000,2.866,0,2.784,0.0820000000000003,0.0820000000000003,0.047517236449331576,False
2025-04-15,7,2193681000,0.0,0,0.0,0.0,0.0,0.0,False
2025-04-15,8,2193681000,0.001,0,0.001,0.0,0.0,0.0,False
2025-04-15,9,2193681000,0.0,0,0.0,0.0,0.0,0.0,False
2025-04-15,10,2193681000,0.001,0,0.001,0.0,0.0,0.0,False
2025-04-15,11,2193681000,0.0,0,0.0,0.0,0.0,0.0,False
2025-04-15,12,2193681000,0.0,0,0.001,-0.001,0.001,-1.9621378370424123,False
2025-04-15,13,2193681000,0.001,0,0.0,0.001,0.001,1.962137837042413,False
2025-04-15,14,2193681000,0.0,0,0.0,0.0,0.0,0.0,False
2025-04-15,15,2193681000,0.001,0,0.001,0.0,0.0,0.0,False
2025-04-15,16,2193681000,0.0,0,0.0,0.0,0.0,0.0,False
2025-04-15,17,2193681000,0.001,0,0.0,0.001,0.001,1.9621378370424123,False
2025-04-15,18,2193681000,0.0,0,0.001,-0.001,0.001,-1.9621378370424123,False
2025-04-15,19,2193681000,2.056,0,1.9695,0.08650000000000002,0.08650000000000002,0.08045783304096173,False
2025-04-15,20,2193681000,6.901,0,6.798,0.10299999999999976,0.10299999999999976,1.0091946921662949,False
2025-04-15,21,2193681000,6.941,0,6.894,0.04699999999999971,0.04699999999999971,0.5044793637605852,False
2025-04-15,22,2193681000,7.058,0,6.9495000000000005,0.10849999999999937,0.10849999999999937,1.3931702061489888,False
2025-04-15,23,2193681000,7.126,0,6.9879999999999995,0.1380000000000008,0.1380000000000008,1.7100617011318955,False
2025-04-16,0,2193681000,7.145,0,7.0794999999999995,0.06550000000000011,0.06550000000000011,0.7952381334599947,False
2025-04-16,1,2193681000,7.214,0,7.1485,0.06550000000000011,0.06550000000000011,0.8219826449044058,False
2025-04-16,2,2193681000,7.261,0,7.2219999999999995,0.03900000000000059,0.03900000000000059,0.3839100584148923,False
2025-04-16,3,2193681000,7.306,0,7.2145,0.09149999999999991,0.09149999999999991,0.7768711169905824,False
2025-04-16,4,2193681000,7.314,0,7.223,0.09100000000000019,0.09100000000000019,0.6321701603859129,False
2025-04-16,5,2193681000,7.202,0,7.209,-0.006999999999999673,0.006999999999999673,-0.04976913435217265,False
2025-04-16,6,2193681000,2.702,0,2.784,-0.08199999999999985,0.08199999999999985,-0.04751723644933132,False
2025-04-16,7,2193681000,0.001,0,0.0,0.001,0.001,1.9621378370424127,False
2025-04-16,8,2193681000,0.0,0,0.001,-0.001,0.001,-1.9621378370424127,False
2025-04-16,9,2193681000,0.001,0,0.0,0.001,0.001,2.0310054761673677,False
2025-04-16,10,2193681000,0.0,0,0.001,-0.001,0.001,-1.987134181546058,False
2025-04-16,11,2193681000,0.001,0,0.0,0.001,0.001,1.9871341815460584,False
2025-04-16,12,2193681000,0.0,0,0.001,-0.001,0.001,-1.9621378370424123,False
2025-04-16,13,2193681000,0.001,0,0.0,0.001,0.001,1.962137837042413,False
2025-04-16,14,2193681000,0.0,0,0.0,0.0,0.0,0.0,False
2025-04-16,15,2193681000,0.001,0,0.001,0.0,0.0,0.0,False
2025-04-16,16,2193681000,0.0,0,0.0,0.0,0.0,0.0,False
2025-04-16,17,2193681000,0.001,0,0.0,0.001,0.001,1.9621378370424123,False
2025-04-16,18,2193681000,0.0,0,0.001,-0.001,0.001,-1.9621378370424123,False
2025-04-16,19,2193681000,1.883,0,1.9695,-0.08650000000000002,0.08650000000000002,-0.08045783304096173,False
2025-04-16,20,2193681000,6.779,0,6.798,-0.019000000000000128,0.019000000000000128,-0.1861621276811629,False
2025-04-16,21,2193681000,6.829,0,6.894,-0.06500000000000039,0.06500000000000039,-0.6976842264774136,False
2025-04-16,22,2193681000,6.903,0,6.9495000000000005,-0.046500000000000874,0.046500000000000874,-0.5970729454924385,False
2025-04-16,23,2193681000,6.932,0,6.9879999999999995,-0.05599999999999916,0.05599999999999916,-0.6939380816187258,False
2025-04-17,0,2193681000,6.98,0,7.0794999999999995,-0.09949999999999903,0.09949999999999903,-1.2080335004468483,False
2025-04-17,1,2193681000,7.053,0,7.1485,-0.09550000000000036,0.09550000000000036,-1.1984632456239834,False
2025-04-17,2,2193681000,7.11,0,7.2219999999999995,-0.11199999999999921,0.11199999999999921,-1.1025109369863328,False
2025-04-17,3,2193681000,7.15,0,7.2145,-0.06449999999999978,0.06449999999999978,-0.5476304595179502,False
2025-04-17,4,2193681000,7.18,0,7.223,-0.04300000000000015,0.04300000000000015,-0.2987177680944428,False
2025-04-17,5,2193681000,7.171,0,7.209,-0.03799999999999937,0.03799999999999937,-0.27017530076894536,False
2025-04-17,6,2193681000,2.468,0,2.784,-0.31599999999999984,0.31599999999999984,-0.18311520387791116,False
2025-04-17,7,2193681000,0.0,0,0.0,0.0,0.0,0.0,False
2025-04-17,8,2193681000,0.001,0,0.001,0.0,0.0,0.0,False
2025-04-17,9,2193681000,0.0,0,0.0,0.0,0.0,0.0,False
2025-04-17,10,2193681000,0.0,0,0.001,-0.001,0.001,-1.987134181546058,False
2025-04-17,11,2193681000,0.001,0,0.0,0.001,0.001,1.9871341815460584,False
2025-04-17,12,2193681000,0.0,0,0.001,-0.001,0.001,-1.9621378370424123,False
2025-04-17,13,2193681000,0.001,0,0.0,0.001,0.001,1.962137837042413,False
2025-04-17,14,2193681000,0.0,0,0.0,0.0,0.0,0.0,False
2025-04-17,15,2193681000,0.001,0,0.001,0.0,0.0,0.0,False
2025-04-17,16,2193681000,0.0,0,0.0,0.0,0.0,0.0,False
2025-04-17,17,2193681000,0.001,0,0.0,0.001,0.001,1.9621378370424123,False
2025-04-17,18,2193681000,0.0,0,0.001,-0.001,0.001,-1.9621378370424123,False
2025-04-17,19,2193681000,1.661,0,1.9695,-0.3085,0.3085,-0.2869507687067825,False
2025-04-17,20,2193681000,6.802,0,6.798,0.0039999999999995595,0.0039999999999995595,0.03919202688024023,False
2025-04-17,21,2193681000,6.892,0,6.894,-0.0019999999999997797,0.0019999999999997797,-0.021467206968533308,False
2025-04-17,22,2193681000,6.972,0,6.9495000000000005,0.022499999999999964,0.022499999999999964,0.2889062639479482,False
2025-04-17,23,2193681000,7.033,0,6.9879999999999995,0.04500000000000082,0.04500000000000082,0.5576288155864946,False
2025-04-18,0,2193681000,7.13,0,7.0794999999999995,0.05050000000000043,0.05050000000000043,0.6131225303775574,False
2025-04-18,1,2193681000,7.08,0,7.1485,-0.06850000000000023,0.06850000000000023,-0.8596307049763646,False
2025-04-18,2,2193681000,7.127,0,7.2219999999999995,-0.09499999999999975,0.09499999999999975,-0.9351655269080544,False
2025-04-18,3,2193681000,7.154,0,7.2145,-0.06050000000000022,0.06050000000000022,-0.5136688806331197,False
2025-04-18,4,2193681000,7.15,0,7.223,-0.07299999999999951,0.07299999999999951,-0.5071255132766069,False
2025-04-18,5,2193681000,7.135,0,7.209,-0.07399999999999984,0.07399999999999984,-0.5261308488658486,False
2025-04-18,6,2193681000,2.333,0,2.784,-0.4509999999999996,0.4509999999999996,-0.2613448004713225,False
2025-04-18,7,2193681000,0.0,0,0.0,0.0,0.0,0.0,False
2025-04-18,8,2193681000,0.001,0,0.001,0.0,0.0,0.0,False
2025-04-18,9,2193681000,0.0,0,0.0,0.0,0.0,0.0,False
2025-04-18,10,2193681000,0.001,0,0.001,0.0,0.0,0.0,False
2025-04-18,11,2193681000,0.0,0,0.0,0.0,0.0,0.0,False
2025-04-18,12,2193681000,0.001,0,0.001,0.0,0.0,0.0,False
2025-04-18,13,2193681000,0.0,0,0.0,0.0,0.0,0.0,False
2025-04-18,14,2193681000,0.001,0,0.0,0.001,0.001,1.9621378370424127,False
2025-04-18,15,2193681000,0.0,0,0.001,-0.001,0.001,-1.9621378370424127,False
2025-04-18,16,2193681000,0.001,0,0.0,0.001,0.001,1.9621378370424127,False
2025-04-18,17,2193681000,0.0,0,0.0,0.0,0.0,0.0,False
2025-04-18,18,2193681000,0.001,0,0.001,0.0,0.0,0.0,False
2025-04-18,19,2193681000,1.554,0,1.9695,-0.4155,0.4155,-0.38647664310427265,False
2025-04-18,20,2193681000,6.794,0,6.798,-0.004000000000000448,0.004000000000000448,-0.03919202688024894,False
2025-04-18,21,2193681000,6.854,0,6.894,-0.040000000000000036,0.040000000000000036,-0.42934413937071386,False
2025-04-18,22,2193681000,6.935,0,6.9495000000000005,-0.014500000000000846,0.014500000000000846,-0.18618403676646667,False
2025-04-18,23,2193681000,6.917,0,6.9879999999999995,-0.07099999999999973,0.07099999999999973,-0.8798143534808943,False
2025-04-19,0,2193681000,6.93,0,6.992,-0.06200000000000028,0.06200000000000028,-0.5657173773728389,False
2025-04-19,1,2193681000,7.074,0,7.1305,-0.05649999999999977,0.05649999999999977,-0.5492078266147512,False
2025-04-19,2,2193681000,7.211,0,7.189,0.02200000000000024,0.02200000000000024,0.21384740736447327,False
2025-04-19,3,2193681000,7.228,0,7.2215,0.00649999999999995,0.00649999999999995,0.05944005657624459,False
2025-04-19,4,2193681000,7.289,0,7.2545,0.03449999999999953,0.03449999999999953,0.3207219010997137,False
2025-04-19,5,2193681000,7.281,0,7.2895,-0.008500000000000618,0.008500000000000618,-0.08373099825454693,False
2025-04-19,6,2193681000,2.138,0,2.703,-0.565,0.565,-0.3597278260668036,False
2025-04-19,7,2193681000,0.001,0,0.0,0.001,0.001,2.160242232812701,False
2025-04-19,8,2193681000,0.0,0,0.001,-0.001,0.001,-1.932179832832472,False
2025-04-19,9,2193681000,0.001,0,0.0,0.001,0.001,1.932179832832472,False
2025-04-19,10,2193681000,0.0,0,0.001,-0.001,0.001,-1.932179832832472,False
2025-04-19,11,2193681000,0.001,0,0.0,0.001,0.001,1.932179832832472,False
2025-04-19,12,2193681000,0.0,0,0.001,-0.001,0.001,-1.932179832832472,False
2025-04-19,13,2193681000,0.001,0,0.0,0.001,0.001,1.932179832832472,False
2025-04-19,14,2193681000,0.0,0,0.001,-0.001,0.001,-1.932179832832472,False
2025-04-19,15,2193681000,0.001,0,0.0,0.001,0.001,1.932179832832472,False
2025-04-19,16,2193681000,0.0,0,0.001,-0.001,0.001,-1.932179832832472,False
2025-04-19,17,2193681000,0.001,0,0.0,0.001,0.001,1.932179832832472,False
2025-04-19,18,2193681000,0.0,0,0.0005,-0.0005,0.0005,-0.9354125966967591,False
2025-04-19,19,2193681000,1.437,0,1.8325,-0.39549999999999996,0.39549999999999996,-0.4004677202268696,False
2025-04-19,20,2193681000,6.863,0,6.8485,0.014500000000000846,0.014500000000000846,0.2195714356489392,False
2025-04-19,21,2193681000,6.948,0,6.9225,0.025500000000000078,0.025500000000000078,0.35338117204565506,False
2025-04-19,22,2193681000,7.044,0,7.009,0.034999999999999254,0.034999999999999254,0.3732319188364016,False
2025-04-19,23,2193681000,7.083,0,7.0865,-0.0034999999999998366,0.0034999999999998366,-0.041266372881247036,False
2025-04-20,0,2193681000,7.156,0,6.992,0.1639999999999997,0.1639999999999997,1.4964137078894353,False
2025-04-20,1,2193681000,7.231,0,7.1305,0.10050000000000026,0.10050000000000026,0.9769094968988116,False
2025-04-20,2,2193681000,7.217,0,7.189,0.02799999999999958,0.02799999999999958,0.2721694275547771,False
2025-04-20,3,2193681000,7.215,0,7.2215,-0.00649999999999995,0.00649999999999995,-0.05944005657624459,False
2025-04-20,4,2193681000,7.243,0,7.2545,-0.011499999999999844,0.011499999999999844,-0.10690730036657123,False
2025-04-20,5,2193681000,7.231,0,7.2895,-0.05850000000000044,0.05850000000000044,-0.5762662821047855,False
2025-04-20,6,2193681000,2.0,0,2.703,-0.7029999999999998,0.7029999999999998,-0.4475905517255981,False
2025-04-20,7,2193681000,0.0,0,0.0,0.0,0.0,0.0,False
2025-04-20,8,2193681000,0.001,0,0.001,0.0,0.0,0.0,False
2025-04-20,9,2193681000,0.0,0,0.0,0.0,0.0,0.0,False
2025-04-20,10,2193681000,0.001,0,0.001,0.0,0.0,0.0,False
2025-04-20,11,2193681000,0.0,0,0.0,0.0,0.0,0.0,False
2025-04-20,12,2193681000,0.001,0,0.001,0.0,0.0,0.0,False
2025-04-20,13,2193681000,0.0,0,0.0,0.0,0.0,0.0,False
2025-04-20,14,2193681000,0.001,0,0.001,0.0,0.0,0.0,False
2025-04-20,15,2193681000,0.0,0,0.0,0.0,0.0,0.0,False
2025-04-20,16,2193681000,0.001,0,0.001,0.0,0.0,0.0,False
2025-04-20,17,2193681000,0.0,0,0.0,0.0,0.0,0.0,False
2025-04-20,18,2193681000,0.0,0,0.0005,-0.0005,0.0005,-0.9354125966967591,False
2025-04-20,19,2193681000,1.333,0,1.8325,-0.49950000000000006,0.49950000000000006,-0.5057740233965143,False
2025-04-20,20,2193681000,6.835,0,6.8485,-0.013499999999999623,0.013499999999999623,-0.20442857801796024,False
2025-04-20,21,2193681000,6.891,0,6.9225,-0.031500000000000306,0.031500000000000306,-0.43652968311522383,False
2025-04-20,22,2193681000,7.004,0,7.009,-0.005000000000000782,0.005000000000000782,-0.053318845548066846,False
2025-04-20,23,2193681000,7.09,0,7.0865,0.0034999999999998366,0.0034999999999998366,0.041266372881247036,False
2025-04-21,0,2193681000,7.14,0,7.0794999999999995,0.06050000000000022,0.06050000000000022,0.7345329324325156,False
2025-04-21,1,2193681000,7.163,0,7.1485,0.014499999999999957,0.014499999999999957,0.18196562368112715,False
2025-04-21,2,2193681000,7.218,0,7.2219999999999995,-0.0039999999999995595,0.0039999999999995595,-0.03937539060665069,False
2025-04-21,3,2193681000,7.266,0,7.2145,0.05149999999999988,0.05149999999999988,0.4372553281422398,False
2025-04-21,4,2193681000,7.313,0,7.223,0.08999999999999986,0.08999999999999986,0.6252232355465049,False
2025-04-21,5,2193681000,7.294,0,7.209,0.08499999999999996,0.08499999999999996,0.6043394885621244,False
2025-04-21,6,2193681000,1.768,0,2.784,-1.0159999999999998,1.0159999999999998,-0.5887501491770817,False
2025-04-21,7,2193681000,0.001,0,0.0,0.001,0.001,1.9621378370424127,False
2025-04-21,8,2193681000,0.0,0,0.001,-0.001,0.001,-1.9621378370424127,False
2025-04-21,9,2193681000,0.001,0,0.0,0.001,0.001,2.0310054761673677,False
2025-04-21,10,2193681000,0.0,0,0.001,-0.001,0.001,-1.987134181546058,False
2025-04-21,11,2193681000,0.001,0,0.0,0.001,0.001,1.9871341815460584,False
2025-04-21,12,2193681000,0.0,0,0.001,-0.001,0.001,-1.9621378370424123,False
2025-04-21,13,2193681000,0.001,0,0.0,0.001,0.001,1.962137837042413,False
2025-04-21,14,2193681000,0.0,0,0.0,0.0,0.0,0.0,False
2025-04-21,15,2193681000,0.001,0,0.001,0.0,0.0,0.0,False
2025-04-21,16,2193681000,0.0,0,0.0,0.0,0.0,0.0,False
2025-04-21,17,2193681000,0.001,0,0.0,0.001,0.001,1.9621378370424123,False
2025-04-21,18,2193681000,0.0,0,0.001,-0.001,0.001,-1.9621378370424123,False
2025-04-21,19,2193681000,1.23,0,1.9695,-0.7395,0.7395,-0.6878447113733085,False
2025-04-21,20,2193681000,6.828,0,6.798,0.03000000000000025,0.03000000000000025,0.2939402016018366,False
2025-04-21,21,2193681000,6.907,0,6.894,0.0129999999999999,0.0129999999999999,0.13953684529548083,False
2025-04-21,22,2193681000,6.966,0,6.9495000000000005,0.016499999999999737,0.016499999999999737,0.21186459356182566,False
2025-04-21,23,2193681000,6.957,0,6.9879999999999995,-0.030999999999999694,0.030999999999999694,-0.3841442951817966,False
2025-04-22,0,2193681000,7.021,0,7.0794999999999995,-0.05849999999999955,0.05849999999999955,-0.7102508520215153,False
2025-04-22,1,2193681000,7.104,0,7.1485,-0.044500000000000206,0.044500000000000206,-0.5584462244007048,False
2025-04-22,2,2193681000,7.088,0,7.2219999999999995,-0.13399999999999945,0.13399999999999945,-1.319075585322938,False
2025-04-22,3,2193681000,7.115,0,7.2145,-0.09949999999999992,0.09949999999999992,-0.8447942747602509,False
2025-04-22,4,2193681000,7.144,0,7.223,-0.07899999999999974,0.07899999999999974,-0.5488070623130422,False
2025-04-22,5,2193681000,7.15,0,7.209,-0.058999999999999275,0.058999999999999275,-0.4194827038254696,False
2025-04-22,6,2193681000,1.611,0,2.784,-1.1729999999999998,1.1729999999999998,-0.6797282726227528,False
2025-04-22,7,2193681000,0.0,0,0.0,0.0,0.0,0.0,False
2025-04-22,8,2193681000,0.001,0,0.001,0.0,0.0,0.0,False
2025-04-22,9,2193681000,0.0,0,0.0,0.0,0.0,0.0,False
2025-04-22,10,2193681000,0.001,0,0.001,0.0,0.0,0.0,False
2025-04-22,11,2193681000,0.0,0,0.0,0.0,0.0,0.0,False
2025-04-22,12,2193681000,0.001,0,0.001,0.0,0.0,0.0,False
2025-04-22,13,2193681000,0.0,0,0.0,0.0,0.0,0.0,False
2025-04-22,14,2193681000,0.0,0,0.0,0.0,0.0,0.0,False
2025-04-22,15,2193681000,0.001,0,0.001,0.0,0.0,0.0,False
2025-04-22,16,2193681000,0.0,0,0.0,0.0,0.0,0.0,False
2025-04-22,17,2193681000,0.001,0,0.0,0.001,0.001,1.9621378370424123,False
2025-04-22,18,2193681000,0.0,0,0.001,-0.001,0.001,-1.9621378370424123,False
2025-04-22,19,2193681000,1.116,0,1.9695,-0.8534999999999999,0.8534999999999999,-0.7938816242827839,False
2025-04-22,20,2193681000,6.73,0,6.798,-0.06799999999999962,0.06799999999999962,-0.6662644569641536,False
2025-04-22,21,2193681000,6.769,0,6.894,-0.125,0.125,-1.3417004355334796,False
2025-04-22,22,2193681000,6.839,0,6.9495000000000005,-0.11050000000000004,0.11050000000000004,-1.4188507629443707,False
2025-04-22,23,2193681000,6.897,0,6.9879999999999995,-0.0909999999999993,0.0909999999999993,-1.1276493826304377,False
2025-04-23,0,2193681000,7.008,0,7.0794999999999995,-0.07149999999999945,0.07149999999999945,-0.8680843746929632,False
2025-04-23,1,2193681000,7.044,0,7.1485,-0.1045000000000007,0.1045000000000007,-1.31140742583986,False
2025-04-23,2,2193681000,7.05,0,7.2219999999999995,-0.1719999999999997,0.1719999999999997,-1.6931417960861632,False
2025-04-23,3,2193681000,6.998,0,7.2145,-0.21649999999999991,0.21649999999999991,-1.8381704571416524,False
2025-04-23,4,2193681000,6.736,0,7.223,-0.4870000000000001,0.4870000000000001,-3.383152396790538,True
2025-04-23,5,2193681000,6.722,0,7.209,-0.4869999999999992,0.4869999999999992,-3.4625097756441674,True
2025-04-23,6,2193681000,1.312,0,2.784,-1.4719999999999998,1.4719999999999998,-0.852992342114827,False
2025-04-23,7,2193681000,0.0,0,0.0,0.0,0.0,0.0,False
2025-04-23,8,2193681000,0.001,0,0.001,0.0,0.0,0.0,False
2025-04-23,9,2193681000,0.0,0,0.0,0.0,0.0,0.0,False
2025-04-23,10,2193681000,0.001,0,0.001,0.0,0.0,0.0,False
2025-04-23,11,2193681000,0.0,0,0.0,0.0,0.0,0.0,False
2025-04-23,12,2193681000,0.001,0,0.001,0.0,0.0,0.0,False
2025-04-23,13,2193681000,0.0,0,0.0,0.0,0.0,0.0,False
2025-04-23,14,2193681000,0.001,0,0.0,0.001,0.001,1.9621378370424127,False
2025-04-23,15,2193681000,0.0,0,0.001,-0.001,0.001,-1.9621378370424127,False
2025-04-23,16,2193681000,0.001,0,0.0,0.001,0.001,1.9621378370424127,False
2025-04-23,17,2193681000,0.0,0,0.0,0.0,0.0,0.0,False
2025-04-23,18,2193681000,0.001,0,0.001,0.0,0.0,0.0,False
2025-04-23,19,2193681000,1.009,0,1.9695,-0.9605000000000001,0.9605000000000001,-0.8934074986802742,False
2025-04-23,20,2193681000,6.941,0,6.798,0.1429999999999998,0.1429999999999998,1.4011149609687408,False
2025-04-23,21,2193681000,6.982,0,6.894,0.08800000000000008,0.08800000000000008,0.9445571066155705,False
2025-04-23,22,2193681000,7.024,0,6.9495000000000005,0.07449999999999957,0.07449999999999957,0.9566007406276467,False
2025-04-23,23,2193681000,7.11,0,6.9879999999999995,0.12200000000000077,0.12200000000000077,1.5117936778122563,False
2025-04-24,0,2193681000,7.175,0,7.0794999999999995,0.09550000000000036,0.09550000000000036,1.15946933962488,False
2025-04-24,1,2193681000,7.204,0,7.1485,0.05549999999999944,0.05549999999999944,0.6964891113312057,False
2025-04-24,2,2193681000,7.242,0,7.2219999999999995,0.020000000000000462,0.020000000000000462,0.19687695303327968,False
2025-04-24,3,2193681000,7.091,0,7.2145,-0.12349999999999994,0.12349999999999994,-1.0485637480692567,False
2025-04-24,4,2193681000,7.213,0,7.223,-0.009999999999999787,0.009999999999999787,-0.06946924839405473,False
2025-04-24,5,2193681000,7.211,0,7.209,0.002000000000000668,0.002000000000000668,0.01421975267205474,False
2025-04-24,6,2193681000,1.261,0,2.784,-1.523,1.523,-0.8825457452723381,False
2025-04-24,7,2193681000,0.001,0,0.0,0.001,0.001,1.9621378370424127,False
2025-04-24,8,2193681000,0.0,0,0.001,-0.001,0.001,-1.9621378370424127,False
2025-04-24,9,2193681000,0.0,0,0.0,0.0,0.0,0.0,False
2025-04-24,10,2193681000,0.001,0,0.001,0.0,0.0,0.0,False
2025-04-24,11,2193681000,0.0,0,0.0,0.0,0.0,0.0,False
2025-04-24,12,2193681000,0.001,0,0.001,0.0,0.0,0.0,False
2025-04-24,13,2193681000,0.0,0,0.0,0.0,0.0,0.0,False
2025-04-24,14,2193681000,0.001,0,0.0,0.001,0.001,1.9621378370424127,False
2025-04-24,15,2193681000,0.0,0,0.001,-0.001,0.001,-1.9621378370424127,False
2025-04-24,16,2193681000,0.001,0,0.0,0.001,0.001,1.9621378370424127,False
2025-04-24,17,2193681000,0.0,0,0.0,0.0,0.0,0.0,False
2025-04-24,18,2193681000,0.001,0,0.001,0.0,0.0,0.0,False
2025-04-24,19,2193681000,0.882,0,1.9695,-1.0875,1.0875,-1.0115363402548652,False
2025-04-24,20,2193681000,6.743,0,6.798,-0.054999999999999716,0.054999999999999716,-0.5388903696033598,False
2025-04-24,21,2193681000,6.799,0,6.894,-0.09499999999999975,0.09499999999999975,-1.0196923310054418,False
2025-04-24,22,2193681000,6.909,0,6.9495000000000005,-0.04050000000000065,0.04050000000000065,-0.5200312751063159,False
2025-04-24,23,2193681000,6.987,0,6.9879999999999995,-0.0009999999999994458,0.0009999999999994458,-0.012391751457470564,False
2025-04-25,0,2193681000,6.991,0,7.0794999999999995,-0.0884999999999998,0.0884999999999998,-1.0744820581864007,False
2025-04-25,1,2193681000,7.095,0,7.1485,-0.05350000000000055,0.05350000000000055,-0.6713904046165814,False
2025-04-25,2,2193681000,7.137,0,7.2219999999999995,-0.08499999999999996,0.08499999999999996,-0.8367270503914189,False
2025-04-25,3,2193681000,7.137,0,7.2145,-0.07750000000000057,0.07750000000000057,-0.6580055908936682,False
2025-04-25,4,2193681000,7.152,0,7.223,-0.07099999999999973,0.07099999999999973,-0.49323166359779724,False
2025-04-25,5,2193681000,7.115,0,7.209,-0.09399999999999942,0.09399999999999942,-0.6683283755863455,False
2025-04-25,6,2193681000,1.005,0,2.784,-1.779,1.779,-1.0308922395531777,False
2025-04-25,7,2193681000,0.001,0,0.0,0.001,0.001,1.9621378370424127,False
2025-04-25,8,2193681000,0.0,0,0.001,-0.001,0.001,-1.9621378370424127,False
2025-04-25,9,2193681000,0.001,0,0.0,0.001,0.001,2.0310054761673677,False
2025-04-25,10,2193681000,0.0,0,0.001,-0.001,0.001,-1.987134181546058,False
2025-04-25,11,2193681000,0.001,0,0.0,0.001,0.001,1.9871341815460584,False
2025-04-25,12,2193681000,0.0,0,0.001,-0.001,0.001,-1.9621378370424123,False
2025-04-25,13,2193681000,0.001,0,0.0,0.001,0.001,1.962137837042413,False
2025-04-25,14,2193681000,0.0,0,0.0,0.0,0.0,0.0,False
2025-04-25,15,2193681000,0.001,0,0.001,0.0,0.0,0.0,False
2025-04-25,16,2193681000,0.0,0,0.0,0.0,0.0,0.0,False
2025-04-25,17,2193681000,0.001,0,0.0,0.001,0.001,1.9621378370424123,False
2025-04-25,18,2193681000,0.0,0,0.001,-0.001,0.001,-1.9621378370424123,False
2025-04-25,19,2193681000,0.769,0,1.9695,-1.2005,1.2005,-1.1166431048054857,False
2025-04-25,20,2193681000,6.719,0,6.798,-0.07899999999999974,0.07899999999999974,-0.7740425308848273,False
2025-04-25,21,2193681000,6.81,0,6.894,-0.08400000000000052,0.08400000000000052,-0.9016226926785039,False
2025-04-25,22,2193681000,6.91,0,6.9495000000000005,-0.03950000000000031,0.03950000000000031,-0.507190996708625,False
2025-04-25,23,2193681000,6.962,0,6.9879999999999995,-0.0259999999999998,0.0259999999999998,-0.3221855378944108,False
2025-04-26,0,2193681000,6.982,0,6.992,-0.009999999999999787,0.009999999999999787,-0.09124473828593939,False
2025-04-26,1,2193681000,7.016,0,7.1305,-0.1144999999999996,0.1144999999999996,-1.1129963919891865,False
2025-04-26,2,2193681000,7.1,0,7.189,-0.08900000000000041,0.08900000000000041,-0.8651099661562728,False
2025-04-26,3,2193681000,7.141,0,7.2215,-0.0804999999999998,0.0804999999999998,-0.7361422391365714,False
2025-04-26,4,2193681000,7.233,0,7.2545,-0.02150000000000052,0.02150000000000052,-0.19987017025055376,False
2025-04-26,5,2193681000,7.308,0,7.2895,0.018499999999999517,0.018499999999999517,0.18223805502458412,False
2025-04-26,6,2193681000,0.915,0,2.703,-1.7879999999999998,1.7879999999999998,-1.1383953150574244,False
2025-04-26,7,2193681000,0.0,0,0.0,0.0,0.0,0.0,False
2025-04-26,8,2193681000,0.001,0,0.001,0.0,0.0,0.0,False
2025-04-26,9,2193681000,0.0,0,0.0,0.0,0.0,0.0,False
2025-04-26,10,2193681000,0.001,0,0.001,0.0,0.0,0.0,False
2025-04-26,11,2193681000,0.0,0,0.0,0.0,0.0,0.0,False
2025-04-26,12,2193681000,0.001,0,0.001,0.0,0.0,0.0,False
2025-04-26,13,2193681000,0.0,0,0.0,0.0,0.0,0.0,False
2025-04-26,14,2193681000,0.001,0,0.001,0.0,0.0,0.0,False
2025-04-26,15,2193681000,0.0,0,0.0,0.0,0.0,0.0,False
2025-04-26,16,2193681000,0.001,0,0.001,0.0,0.0,0.0,False
2025-04-26,17,2193681000,0.0,0,0.0,0.0,0.0,0.0,False
2025-04-26,18,2193681000,0.001,0,0.0005,0.0005,0.0005,0.9354125966967591,False
2025-04-26,19,2193681000,0.662,0,1.8325,-1.1705,1.1705,-1.1852021909622021,False
2025-04-26,20,2193681000,6.788,0,6.8485,-0.06049999999999933,0.06049999999999933,-0.9161428866730965,False
2025-04-26,21,2193681000,6.867,0,6.9225,-0.05550000000000033,0.05550000000000033,-0.7691237273934868,False
2025-04-26,22,2193681000,6.912,0,7.009,-0.09700000000000042,0.09700000000000042,-1.0343856036323396,False
2025-04-26,23,2193681000,6.971,0,7.0865,-0.11549999999999994,0.11549999999999994,-1.361790305081215,False
2025-04-27,0,2193681000,6.986,0,6.992,-0.006000000000000227,0.006000000000000227,-0.05474684297156688,False
2025-04-27,1,2193681000,7.025,0,7.1305,-0.10549999999999926,0.10549999999999926,-1.025511959431081,False
2025-04-27,2,2193681000,6.968,0,7.189,-0.22100000000000009,0.22100000000000009,-2.148194410343095,False
2025-04-27,3,2193681000,6.997,0,7.2215,-0.22449999999999992,0.22449999999999992,-2.0529681079026165,False
2025-04-27,4,2193681000,7.051,0,7.2545,-0.20350000000000001,0.20350000000000001,-1.8917944021389168,False
2025-04-27,5,2193681000,7.082,0,7.2895,-0.20750000000000046,0.20750000000000046,-2.0440214279785014,False
2025-04-27,6,2193681000,0.765,0,2.703,-1.9379999999999997,1.9379999999999997,-1.2338982777300271,False
2025-04-27,7,2193681000,0.0,0,0.0,0.0,0.0,0.0,False
2025-04-27,8,2193681000,0.0,0,0.001,-0.001,0.001,-1.932179832832472,False
2025-04-27,9,2193681000,0.001,0,0.0,0.001,0.001,1.932179832832472,False
2025-04-27,10,2193681000,0.0,0,0.001,-0.001,0.001,-1.932179832832472,False
2025-04-27,11,2193681000,0.001,0,0.0,0.001,0.001,1.932179832832472,False
2025-04-27,12,2193681000,0.0,0,0.001,-0.001,0.001,-1.932179832832472,False
2025-04-27,13,2193681000,0.001,0,0.0,0.001,0.001,1.932179832832472,False
2025-04-27,14,2193681000,0.0,0,0.001,-0.001,0.001,-1.932179832832472,False
2025-04-27,15,2193681000,0.001,0,0.0,0.001,0.001,1.932179832832472,False
2025-04-27,16,2193681000,0.0,0,0.001,-0.001,0.001,-1.932179832832472,False
2025-04-27,17,2193681000,0.001,0,0.0,0.001,0.001,1.932179832832472,False
2025-04-27,18,2193681000,0.0,0,0.0005,-0.0005,0.0005,-0.9354125966967591,False
2025-04-27,19,2193681000,0.549,0,1.8325,-1.2835,1.2835,-1.2996215395984505,False
2025-04-27,20,2193681000,6.696,0,6.8485,-0.15249999999999986,0.15249999999999986,-2.309285788721465,False
2025-04-27,21,2193681000,6.775,0,6.9225,-0.14749999999999996,0.14749999999999996,-2.0440675637934884,False
2025-04-27,22,2193681000,6.829,0,7.009,-0.1800000000000006,0.1800000000000006,-1.9194784397301128,False
2025-04-27,23,2193681000,6.917,0,7.0865,-0.1695000000000002,0.1695000000000002,-1.9984714866776307,False
2025-04-28,0,2193681000,6.986,0,7.0794999999999995,-0.0934999999999997,0.0934999999999997,-1.1351872592138799,False
2025-04-28,1,2193681000,7.102,0,7.1485,-0.046499999999999986,0.046499999999999986,-0.5835449311153403,False
2025-04-28,2,2193681000,7.121,0,7.2219999999999995,-0.10099999999999909,0.10099999999999909,-0.9942286128180304,False
2025-04-28,3,2193681000,7.15,0,7.2145,-0.06449999999999978,0.06449999999999978,-0.5476304595179502,False
2025-04-28,4,2193681000,7.121,0,7.223,-0.10199999999999942,0.10199999999999942,-0.7085863336193694,False
2025-04-28,5,2193681000,7.103,0,7.209,-0.10599999999999987,0.10599999999999987,-0.7536468916186486,False
2025-04-28,6,2193681000,0.521,0,2.784,-2.263,2.263,-1.3113598303028897,False
2025-04-28,7,2193681000,0.0,0,0.0,0.0,0.0,0.0,False
2025-04-28,8,2193681000,0.001,0,0.001,0.0,0.0,0.0,False
2025-04-28,9,2193681000,0.0,0,0.0,0.0,0.0,0.0,False
2025-04-28,10,2193681000,0.001,0,0.001,0.0,0.0,0.0,False
2025-04-28,11,2193681000,0.0,0,0.0,0.0,0.0,0.0,False
2025-04-28,12,2193681000,0.001,0,0.001,0.0,0.0,0.0,False
2025-04-28,13,2193681000,0.0,0,0.0,0.0,0.0,0.0,False
2025-04-28,14,2193681000,0.001,0,0.0,0.001,0.001,1.9621378370424127,False
2025-04-28,15,2193681000,0.0,0,0.001,-0.001,0.001,-1.9621378370424127,False
2025-04-28,16,2193681000,0.001,0,0.0,0.001,0.001,1.9621378370424127,False
2025-04-28,17,2193681000,0.0,0,0.0,0.0,0.0,0.0,False
2025-04-28,18,2193681000,0.001,0,0.001,0.0,0.0,0.0,False
2025-04-28,19,2193681000,0.44,0,1.9695,-1.5295,1.5295,-1.422661914868797,False
2025-04-28,20,2193681000,6.65,0,6.798,-0.1479999999999997,0.1479999999999997,-1.4501049945690454,False
2025-04-28,21,2193681000,6.753,0,6.894,-0.14100000000000001,0.14100000000000001,-1.513438091281765,False
2025-04-28,22,2193681000,6.89,0,6.9495000000000005,-0.059500000000000774,0.059500000000000774,-0.7639965646623631,False
2025-04-28,23,2193681000,6.977,0,6.9879999999999995,-0.010999999999999233,0.010999999999999233,-0.13630926603224225,False
2025-04-29,0,2193681000,6.986,0,7.0794999999999995,-0.0934999999999997,0.0934999999999997,-1.1351872592138799,False
2025-04-29,1,2193681000,7.005,0,7.1485,-0.1435000000000004,0.1435000000000004,-1.800832206775303,False
2025-04-29,2,2193681000,7.073,0,7.2219999999999995,-0.14899999999999913,0.14899999999999913,-1.466733300097891,False
2025-04-29,3,2193681000,7.127,0,7.2145,-0.08750000000000036,0.08750000000000036,-0.742909538105752,False
2025-04-29,4,2193681000,7.137,0,7.223,-0.0860000000000003,0.0860000000000003,-0.5974355361888856,False
2025-04-29,5,2193681000,7.136,0,7.209,-0.07299999999999951,0.07299999999999951,-0.5190209725298213,False
2025-04-29,6,2193681000,0.403,0,2.784,-2.381,2.381,-1.3797382925104642,False
2025-04-29,7,2193681000,0.001,0,0.0,0.001,0.001,1.9621378370424127,False
2025-04-29,8,2193681000,0.0,0,0.001,-0.001,0.001,-1.9621378370424127,False
2025-04-29,9,2193681000,0.001,0,0.0,0.001,0.001,2.0310054761673677,False
2025-04-29,10,2193681000,0.0,0,0.001,-0.001,0.001,-1.987134181546058,False
2025-04-29,11,2193681000,0.001,0,0.0,0.001,0.001,1.9871341815460584,False
2025-04-29,12,2193681000,0.0,0,0.001,-0.001,0.001,-1.9621378370424123,False
2025-04-29,13,2193681000,0.001,0,0.0,0.001,0.001,1.962137837042413,False
2025-04-29,14,2193681000,0.0,0,0.0,0.0,0.0,0.0,False
2025-04-29,15,2193681000,0.001,0,0.001,0.0,0.0,0.0,False
2025-04-29,16,2193681000,0.0,0,0.0,0.0,0.0,0.0,False
2025-04-29,17,2193681000,0.001,0,0.0,0.001,0.001,1.9621378370424123,False
2025-04-29,18,2193681000,0.0,0,0.001,-0.001,0.001,-1.9621378370424123,False
2025-04-29,19,2193681000,0.331,0,1.9695,-1.6385,1.6385,-1.524048085983997,False
2025-04-29,20,2193681000,6.663,0,6.798,-0.1349999999999998,0.1349999999999998,-1.3227309072082516,False
2025-04-29,21,2193681000,6.744,0,6.894,-0.15000000000000036,0.15000000000000036,-1.6100405226401793,False
2025-04-29,22,2193681000,6.907,0,6.9495000000000005,-0.042500000000000426,0.042500000000000426,-0.5457118319016863,False
2025-04-29,23,2193681000,6.887,0,6.9879999999999995,-0.10099999999999998,0.10099999999999998,-1.2515668972052203,False
2025-04-30,0,2193681000,7.004,0,7.0794999999999995,-0.0754999999999999,0.0754999999999999,-0.916648535514953,False
2025-04-30,1,2193681000,7.1,0,7.1485,-0.048500000000000654,0.048500000000000654,-0.608643637829987,False
2025-04-30,2,2193681000,7.067,0,7.2219999999999995,-0.15499999999999936,0.15499999999999936,-1.5257963860078758,False
2025-04-30,3,2193681000,7.115,0,7.2145,-0.09949999999999992,0.09949999999999992,-0.8447942747602509,False
2025-04-30,4,2193681000,7.157,0,7.223,-0.06599999999999984,0.06599999999999984,-0.45849703940076986,False
2025-04-30,5,2193681000,7.135,0,7.209,-0.07399999999999984,0.07399999999999984,-0.5261308488658486,False
2025-04-30,6,2193681000,0.281,0,2.784,-2.5029999999999997,2.5029999999999997,-1.4504346686911767,False
2025-04-30,7,2193681000,0.001,0,0.0,0.001,0.001,1.9621378370424127,False
2025-04-30,8,2193681000,0.0,0,0.001,-0.001,0.001,-1.9621378370424127,False
2025-04-30,9,2193681000,0.001,0,0.0,0.001,0.001,2.0310054761673677,False
2025-04-30,10,2193681000,0.0,0,0.001,-0.001,0.001,-1.987134181546058,False
2025-04-30,11,2193681000,0.001,0,0.0,0.001,0.001,1.9871341815460584,False
2025-04-30,12,2193681000,0.0,0,0.001,-0.001,0.001,-1.9621378370424123,False
2025-04-30,13,2193681000,0.001,0,0.0,0.001,0.001,1.962137837042413,False
2025-04-30,14,2193681000,0.0,0,0.0,0.0,0.0,0.0,False
2025-04-30,15,2193681000,0.001,0,0.001,0.0,0.0,0.0,False
2025-04-30,16,2193681000,0.0,0,0.0,0.0,0.0,0.0,False
2025-04-30,17,2193681000,0.0,0,0.0,0.0,0.0,0.0,False
2025-04-30,18,2193681000,0.001,0,0.001,0.0,0.0,0.0,False
2025-04-30,19,2193681000,0.225,0,1.9695,-1.7445,1.7445,-1.622643812022632,False
2025-04-30,20,2193681000,6.551,0,6.798,-0.2469999999999999,0.2469999999999999,-2.4201076598551,False
2025-04-30,21,2193681000,6.683,0,6.894,-0.2110000000000003,0.2110000000000003,-2.2647903351805168,False
2025-04-30,22,2193681000,6.829,0,6.9495000000000005,-0.12050000000000072,0.12050000000000072,-1.5472535469212454,False
2025-04-30,23,2193681000,6.88,0,6.9879999999999995,-0.10799999999999965,0.10799999999999965,-1.3383091574075583,False
2025-05-01,0,2193681000,6.892,0,6.9475,-0.05549999999999944,0.05549999999999944,-0.5555898099536118,False
2025-05-01,1,2193681000,6.955,0,7.0435,-0.0884999999999998,0.0884999999999998,-0.995931474853697,False
2025-05-01,2,2193681000,7.073,0,7.067,0.006000000000000227,0.006000000000000227,0.07551705403532422,False
2025-05-01,3,2193681000,7.088,0,7.105499999999999,-0.017499999999999183,0.017499999999999183,-0.20024421140124446,False
2025-05-01,4,2193681000,7.113,0,7.116,-0.0029999999999992255,0.0029999999999992255,-0.008965688413254852,False
2025-05-01,5,2193681000,7.059,0,3.0025,4.0565,4.0565,1.9627549487778064,False
2025-05-01,6,2193681000,0.045,0,0.0,0.045,0.045,4.706379289963236,True
2025-05-01,7,2193681000,0.001,0,0.001,0.0,0.0,0.0,False
2025-05-01,8,2193681000,0.0,0,0.0,0.0,0.0,0.0,False
2025-05-01,9,2193681000,0.001,0,0.001,0.0,0.0,0.0,False
2025-05-01,10,2193681000,0.0,0,0.001,-0.001,0.001,-2.031005476167368,False
2025-05-01,11,2193681000,0.001,0,0.0,0.001,0.001,2.0310054761673673,False
2025-05-01,12,2193681000,0.0,0,0.001,-0.001,0.001,-1.9871341815460584,False
2025-05-01,13,2193681000,0.001,0,0.0,0.001,0.001,2.097613296349532,False
2025-05-01,14,2193681000,0.0,0,0.001,-0.001,0.001,-2.1937362843585877,False
2025-05-01,15,2193681000,0.001,0,0.0,0.001,0.001,2.1937362843585877,False
2025-05-01,16,2193681000,0.0,0,0.001,-0.001,0.001,-2.097613296349533,False
2025-05-01,17,2193681000,0.001,0,0.0,0.001,0.001,2.0310054761673677,False
2025-05-01,18,2193681000,0.0,0,0.001,-0.001,0.001,-2.031005476167368,False
2025-05-01,19,2193681000,0.138,0,0.001,0.137,0.137,0.773782572747005,False
2025-05-01,20,2193681000,6.658,0,6.411,0.24700000000000077,0.24700000000000077,0.6252309633142228,False
2025-05-01,21,2193681000,6.781,0,6.7775,0.0034999999999998366,0.0034999999999998366,0.030739968908068585,False
2025-05-01,22,2193681000,6.837,0,6.8740000000000006,-0.03700000000000081,0.03700000000000081,-0.36282326620802785,False
2025-05-01,23,2193681000,6.865,0,6.9145,-0.0495000000000001,0.0495000000000001,-0.4498482534438367,False
2025-05-02,0,2193681000,6.948,0,6.9475,0.0005000000000006111,0.0005000000000006111,0.00500531360319186,False
2025-05-02,1,2193681000,7.058,0,7.0435,0.014499999999999957,0.014499999999999957,0.16317521339410845,False
2025-05-02,2,2193681000,7.029,0,7.067,-0.038000000000000256,0.038000000000000256,-0.4782746755570385,False
2025-05-02,3,2193681000,7.062,0,7.105499999999999,-0.043499999999998984,0.043499999999998984,-0.4977498969116764,False
2025-05-02,4,2193681000,7.096,0,7.116,-0.019999999999999574,0.019999999999999574,-0.059771256088379826,False
2025-05-02,5,2193681000,6.546,0,3.0025,3.5435000000000003,3.5435000000000003,1.7145376953023932,False
2025-05-02,6,2193681000,0.0,0,0.0,0.0,0.0,0.0,False
2025-05-02,7,2193681000,0.001,0,0.001,0.0,0.0,0.0,False
2025-05-02,8,2193681000,0.0,0,0.0,0.0,0.0,0.0,False
2025-05-02,9,2193681000,0.001,0,0.001,0.0,0.0,0.0,False
2025-05-02,10,2193681000,0.0,0,0.001,-0.001,0.001,-2.031005476167368,False
2025-05-02,11,2193681000,0.001,0,0.0,0.001,0.001,2.0310054761673673,False
2025-05-02,12,2193681000,0.0,0,0.001,-0.001,0.001,-1.9871341815460584,False
2025-05-02,13,2193681000,0.001,0,0.0,0.001,0.001,2.097613296349532,False
2025-05-02,14,2193681000,0.0,0,0.001,-0.001,0.001,-2.1937362843585877,False
2025-05-02,15,2193681000,0.0,0,0.0,0.0,0.0,0.0,False
2025-05-02,16,2193681000,0.001,0,0.001,0.0,0.0,0.0,False
2025-05-02,17,2193681000,0.0,0,0.0,0.0,0.0,0.0,False
2025-05-02,18,2193681000,0.001,0,0.001,0.0,0.0,0.0,False
2025-05-02,19,2193681000,0.055,0,0.001,0.054,0.054,0.3049945907177976,False
2025-05-02,20,2193681000,6.53,0,6.411,0.11900000000000066,0.11900000000000066,0.3012246341473388,False
2025-05-02,21,2193681000,6.674,0,6.7775,-0.10349999999999948,0.10349999999999948,-0.9090247948529232,False
2025-05-02,22,2193681000,6.787,0,6.8740000000000006,-0.08700000000000063,0.08700000000000063,-0.8531249772999449,False
2025-05-02,23,2193681000,6.864,0,6.9145,-0.05050000000000043,0.05050000000000043,-0.45893609694775567,False
2025-05-03,0,2193681000,6.927,0,6.927,0.0,0.0,0.0,False
2025-05-03,1,2193681000,7.009,0,7.003,0.006000000000000227,0.006000000000000227,0.04501713053325653,False
2025-05-03,2,2193681000,7.066,0,7.053,0.0129999999999999,0.0129999999999999,0.11618636270208113,False
2025-05-03,3,2193681000,7.034,0,7.034,0.0,0.0,0.0,False
2025-05-03,4,2193681000,7.031,0,7.031,0.0,0.0,0.0,False
2025-05-03,5,2193681000,6.832,0,2.954,3.8779999999999997,3.8779999999999997,1.8674176239009246,False
2025-05-03,6,2193681000,0.001,0,0.0,0.001,0.001,1.999996000008,False
2025-05-03,7,2193681000,0.0,0,0.001,-0.001,0.001,-2.2677816952098833,False
2025-05-03,8,2193681000,0.001,0,0.0,0.001,0.001,2.2677816952098833,False
2025-05-03,9,2193681000,0.0,0,0.001,-0.001,0.001,-2.2677816952098833,False
2025-05-03,10,2193681000,0.001,0,0.001,0.0,0.0,0.0,False
2025-05-03,11,2193681000,0.0,0,0.0,0.0,0.0,0.0,False
2025-05-03,12,2193681000,0.001,0,0.001,0.0,0.0,0.0,False
2025-05-03,13,2193681000,0.0,0,0.0,0.0,0.0,0.0,False
2025-05-03,14,2193681000,0.001,0,0.001,0.0,0.0,0.0,False
2025-05-03,15,2193681000,0.0,0,0.0,0.0,0.0,0.0,False
2025-05-03,16,2193681000,0.0,0,0.001,-0.001,0.001,-1.999996000008,False
2025-05-03,17,2193681000,0.001,0,0.0,0.001,0.001,1.999996000008,False
2025-05-03,18,2193681000,0.0,0,0.001,-0.001,0.001,-1.999996000008,False
2025-05-03,19,2193681000,0.001,0,0.001,0.0,0.0,0.0,False
2025-05-03,20,2193681000,6.633,0,6.346,0.2869999999999999,0.2869999999999999,0.5970278746558559,False
2025-05-03,21,2193681000,6.795,0,6.744,0.051000000000000156,0.051000000000000156,0.4792636633083285,False
2025-05-03,22,2193681000,6.934,0,6.825,0.10899999999999999,0.10899999999999999,1.0562823191922943,False
2025-05-03,23,2193681000,6.983,0,6.921,0.06199999999999939,0.06199999999999939,0.6986596104997553,False
2025-05-04,0,2193681000,6.958,0,6.927,0.031000000000000583,0.031000000000000583,0.254693693282252,False
2025-05-04,1,2193681000,7.003,0,7.003,0.0,0.0,0.0,False
2025-05-04,2,2193681000,7.083,0,7.053,0.03000000000000025,0.03000000000000025,0.2681223754663453,False
2025-05-04,3,2193681000,7.064,0,7.034,0.03000000000000025,0.03000000000000025,0.27510781692972713,False
2025-05-04,4,2193681000,7.098,0,7.031,0.06700000000000017,0.06700000000000017,0.6671392809932017,False
2025-05-04,5,2193681000,6.792,0,2.954,3.8379999999999996,3.8379999999999996,1.8481559671304146,False
2025-05-04,6,2193681000,0.001,0,0.0,0.001,0.001,1.999996000008,False
2025-05-04,7,2193681000,0.0,0,0.001,-0.001,0.001,-2.2677816952098833,False
2025-05-04,8,2193681000,0.001,0,0.0,0.001,0.001,2.2677816952098833,False
2025-05-04,9,2193681000,0.0,0,0.001,-0.001,0.001,-2.2677816952098833,False
2025-05-04,10,2193681000,0.001,0,0.001,0.0,0.0,0.0,False
2025-05-04,11,2193681000,0.0,0,0.0,0.0,0.0,0.0,False
2025-05-04,12,2193681000,0.001,0,0.001,0.0,0.0,0.0,False
2025-05-04,13,2193681000,0.0,0,0.0,0.0,0.0,0.0,False
2025-05-04,14,2193681000,0.001,0,0.001,0.0,0.0,0.0,False
2025-05-04,15,2193681000,0.0,0,0.0,0.0,0.0,0.0,False
2025-05-04,16,2193681000,0.001,0,0.001,0.0,0.0,0.0,False
2025-05-04,17,2193681000,0.0,0,0.0,0.0,0.0,0.0,False
2025-05-04,18,2193681000,0.001,0,0.001,0.0,0.0,0.0,False
2025-05-04,19,2193681000,0.0,0,0.001,-0.001,0.001,-0.009461251137834534,False
2025-05-04,20,2193681000,6.514,0,6.346,0.16800000000000015,0.16800000000000015,0.3494797315058673,False
2025-05-04,21,2193681000,6.735,0,6.744,-0.008999999999999453,0.008999999999999453,-0.08457594058381727,False
2025-05-04,22,2193681000,6.82,0,6.825,-0.004999999999999893,0.004999999999999893,-0.04845331739414092,False
2025-05-04,23,2193681000,6.921,0,6.921,0.0,0.0,0.0,False
2025-05-05,0,2193681000,7.006,0,6.9475,0.05850000000000044,0.05850000000000044,0.5856216915727364,False
2025-05-05,1,2193681000,7.045,0,7.0435,0.0015000000000000568,0.0015000000000000568,0.01688019448904639,False
2025-05-05,2,2193681000,7.114,0,7.067,0.04699999999999971,0.04699999999999971,0.5915502566100137,False
2025-05-05,3,2193681000,7.15,0,7.105499999999999,0.044500000000001094,0.044500000000001094,0.5091924232774865,False
2025-05-05,4,2193681000,7.142,0,7.116,0.02600000000000069,0.02600000000000069,0.0777026329148975,False
2025-05-05,5,2193681000,6.663,0,3.0025,3.6605000000000003,3.6605000000000003,1.7711486478494174,False
2025-05-05,6,2193681000,0.001,0,0.0,0.001,0.001,0.10458620644362747,False
2025-05-05,7,2193681000,0.0,0,0.001,-0.001,0.001,-2.33136628918616,False
2025-05-05,8,2193681000,0.001,0,0.0,0.001,0.001,2.33136628918616,False
2025-05-05,9,2193681000,0.0,0,0.001,-0.001,0.001,-2.533107608944698,True
2025-05-05,10,2193681000,0.001,0,0.001,0.0,0.0,0.0,False
2025-05-05,11,2193681000,0.0,0,0.0,0.0,0.0,0.0,False
2025-05-05,12,2193681000,0.001,0,0.001,0.0,0.0,0.0,False
2025-05-05,13,2193681000,0.0,0,0.0,0.0,0.0,0.0,False
2025-05-05,14,2193681000,0.001,0,0.001,0.0,0.0,0.0,False
2025-05-05,15,2193681000,0.0,0,0.0,0.0,0.0,0.0,False
2025-05-05,16,2193681000,0.0,0,0.001,-0.001,0.001,-2.097613296349533,False
2025-05-05,17,2193681000,0.001,0,0.0,0.001,0.001,2.0310054761673677,False
2025-05-05,18,2193681000,0.0,0,0.001,-0.001,0.001,-2.031005476167368,False
2025-05-05,19,2193681000,0.001,0,0.001,0.0,0.0,0.0,False
2025-05-05,20,2193681000,6.392,0,6.411,-0.01899999999999924,0.01899999999999924,-0.048094689485707366,False
2025-05-05,21,2193681000,6.774,0,6.7775,-0.0034999999999998366,0.0034999999999998366,-0.030739968908068585,False
2025-05-05,22,2193681000,6.846,0,6.8740000000000006,-0.02800000000000047,0.02800000000000047,-0.27456895821147914,False
2025-05-05,23,2193681000,6.879,0,6.9145,-0.03550000000000075,0.03550000000000075,-0.32261844438902043,False
2025-05-06,0,2193681000,6.91,0,6.9475,-0.037499999999999645,0.037499999999999645,-0.37539852023892717,False
2025-05-06,1,2193681000,6.965,0,7.0435,-0.07850000000000001,0.07850000000000001,-0.8833968449267278,False
2025-05-06,2,2193681000,7.039,0,7.067,-0.02800000000000047,0.02800000000000047,-0.3524129188315056,False
2025-05-06,3,2193681000,7.089,0,7.105499999999999,-0.01649999999999885,0.01649999999999885,-0.1888016850354547,False
2025-05-06,4,2193681000,7.125,0,7.116,0.009000000000000341,0.009000000000000341,0.026897065239772516,False
2025-05-06,5,2193681000,6.428,0,3.0025,3.4255,3.4255,1.6574428884600951,False
2025-05-06,6,2193681000,0.001,0,0.0,0.001,0.001,0.10458620644362747,False
2025-05-06,7,2193681000,0.0,0,0.001,-0.001,0.001,-2.33136628918616,False
2025-05-06,8,2193681000,0.001,0,0.0,0.001,0.001,2.33136628918616,False
2025-05-06,9,2193681000,0.0,0,0.001,-0.001,0.001,-2.533107608944698,True
2025-05-06,10,2193681000,0.001,0,0.001,0.0,0.0,0.0,False
2025-05-06,11,2193681000,0.0,0,0.0,0.0,0.0,0.0,False
2025-05-06,12,2193681000,0.0,0,0.001,-0.001,0.001,-1.9871341815460584,False
2025-05-06,13,2193681000,0.001,0,0.0,0.001,0.001,2.097613296349532,False
2025-05-06,14,2193681000,0.0,0,0.001,-0.001,0.001,-2.1937362843585877,False
2025-05-06,15,2193681000,0.001,0,0.0,0.001,0.001,2.1937362843585877,False
2025-05-06,16,2193681000,0.0,0,0.001,-0.001,0.001,-2.097613296349533,False
2025-05-06,17,2193681000,0.001,0,0.0,0.001,0.001,2.0310054761673677,False
2025-05-06,18,2193681000,0.0,0,0.001,-0.001,0.001,-2.031005476167368,False
2025-05-06,19,2193681000,0.001,0,0.001,0.0,0.0,0.0,False
2025-05-06,20,2193681000,6.298,0,6.411,-0.11299999999999955,0.11299999999999955,-0.2860368374676383,False
2025-05-06,21,2193681000,6.762,0,6.7775,-0.015500000000000291,0.015500000000000291,-0.13613414802145551,False
2025-05-06,22,2193681000,6.908,0,6.8740000000000006,0.03399999999999981,0.03399999999999981,0.3334051635425029,False
2025-05-06,23,2193681000,6.97,0,6.9145,0.05549999999999944,0.05549999999999944,0.504375314467326,False
2025-05-07,0,2193681000,7.031,0,6.9475,0.08349999999999991,0.08349999999999991,0.8358873717320182,False
2025-05-07,1,2193681000,7.042,0,7.0435,-0.0015000000000000568,0.0015000000000000568,-0.01688019448904639,False
2025-05-07,2,2193681000,7.072,0,7.067,0.004999999999999893,0.004999999999999893,0.06293087836276647,False
2025-05-07,3,2193681000,7.111,0,7.105499999999999,0.0055000000000005045,0.0055000000000005045,0.0629338950118284,False
2025-05-07,4,2193681000,7.113,0,7.116,-0.0029999999999992255,0.0029999999999992255,-0.008965688413254852,False
2025-05-07,5,2193681000,6.286,0,3.0025,3.2834999999999996,3.2834999999999996,1.588735578531228,False
2025-05-07,6,2193681000,0.0,0,0.0,0.0,0.0,0.0,False
2025-05-07,7,2193681000,0.001,0,0.001,0.0,0.0,0.0,False
2025-05-07,8,2193681000,0.0,0,0.0,0.0,0.0,0.0,False
2025-05-07,9,2193681000,0.001,0,0.001,0.0,0.0,0.0,False
2025-05-07,10,2193681000,0.0,0,0.001,-0.001,0.001,-2.031005476167368,False
2025-05-07,11,2193681000,0.001,0,0.0,0.001,0.001,2.0310054761673673,False
2025-05-07,12,2193681000,0.0,0,0.001,-0.001,0.001,-1.9871341815460584,False
2025-05-07,13,2193681000,0.001,0,0.0,0.001,0.001,2.097613296349532,False
2025-05-07,14,2193681000,0.0,0,0.001,-0.001,0.001,-2.1937362843585877,False
2025-05-07,15,2193681000,0.001,0,0.0,0.001,0.001,2.1937362843585877,False
2025-05-07,16,2193681000,0.0,0,0.001,-0.001,0.001,-2.097613296349533,False
2025-05-07,17,2193681000,0.001,0,0.0,0.001,0.001,2.0310054761673677,False
2025-05-07,18,2193681000,0.0,0,0.001,-0.001,0.001,-2.031005476167368,False
2025-05-07,19,2193681000,0.001,0,0.001,0.0,0.0,0.0,False
2025-05-07,20,2193681000,5.904,0,6.411,-0.5069999999999997,0.5069999999999997,-1.2833688194344524,False
2025-05-07,21,2193681000,6.608,0,6.7775,-0.1695000000000002,0.1695000000000002,-1.4886927799765357,False
2025-05-07,22,2193681000,6.721,0,6.8740000000000006,-0.15300000000000047,0.15300000000000047,-1.5003232359412761,False
2025-05-07,23,2193681000,6.81,0,6.9145,-0.1045000000000007,0.1045000000000007,-0.9496796461592154,False
2025-05-08,0,2193681000,6.787,0,6.9475,-0.16049999999999986,0.16049999999999986,-1.6067056666226223,False
2025-05-08,1,2193681000,6.863,0,7.0435,-0.18049999999999944,0.18049999999999944,-2.0312500701818323,False
2025-05-08,2,2193681000,6.94,0,7.067,-0.12699999999999978,0.12699999999999978,-1.5984443104142994,False
2025-05-08,3,2193681000,6.945,0,7.105499999999999,-0.16049999999999898,0.16049999999999898,-1.8365254817086303,False
2025-05-08,4,2193681000,6.98,0,7.116,-0.13599999999999923,0.13599999999999923,-0.4064445414009892,False
2025-05-08,5,2193681000,6.061,0,3.0025,3.0585,3.0585,1.4798683620946433,False
2025-05-08,6,2193681000,0.0,0,0.0,0.0,0.0,0.0,False
2025-05-08,7,2193681000,0.001,0,0.001,0.0,0.0,0.0,False
2025-05-08,8,2193681000,0.0,0,0.0,0.0,0.0,0.0,False
2025-05-08,9,2193681000,0.001,0,0.001,0.0,0.0,0.0,False
2025-05-08,10,2193681000,0.0,0,0.001,-0.001,0.001,-2.031005476167368,False
2025-05-08,11,2193681000,0.001,0,0.0,0.001,0.001,2.0310054761673673,False
2025-05-08,12,2193681000,0.0,0,0.001,-0.001,0.001,-1.9871341815460584,False
2025-05-08,13,2193681000,0.0,0,0.0,0.0,0.0,0.0,False
2025-05-08,14,2193681000,0.001,0,0.001,0.0,0.0,0.0,False
2025-05-08,15,2193681000,0.0,0,0.0,0.0,0.0,0.0,False
2025-05-08,16,2193681000,0.001,0,0.001,0.0,0.0,0.0,False
2025-05-08,17,2193681000,0.0,0,0.0,0.0,0.0,0.0,False
2025-05-08,18,2193681000,0.001,0,0.001,0.0,0.0,0.0,False
2025-05-08,19,2193681000,0.0,0,0.001,-0.001,0.001,-0.005648047976255511,False
2025-05-08,20,2193681000,5.855,0,6.411,-0.5559999999999992,0.5559999999999992,-1.4074024923186488,False
2025-05-08,21,2193681000,6.643,0,6.7775,-0.13450000000000006,0.13450000000000006,-1.1812930908958341,False
2025-05-08,22,2193681000,6.738,0,6.8740000000000006,-0.13600000000000012,0.13600000000000012,-1.3336206541700202,False
2025-05-08,23,2193681000,6.729,0,6.9145,-0.18550000000000022,0.18550000000000022,-1.685794969976397,False
2025-05-09,0,2193681000,6.807,0,6.9475,-0.1404999999999994,0.1404999999999994,-1.406493122495188,False
2025-05-09,1,2193681000,6.915,0,7.0435,-0.12849999999999984,0.12849999999999984,-1.446069994561584,False
2025-05-09,2,2193681000,6.921,0,7.067,-0.1459999999999999,0.1459999999999999,-1.8375816481928187,False
2025-05-09,3,2193681000,6.943,0,7.105499999999999,-0.16249999999999964,0.16249999999999964,-1.8594105344402099,False
2025-05-09,4,2193681000,6.938,0,7.116,-0.17799999999999994,0.17799999999999994,-0.5319641791865917,False
2025-05-09,5,2193681000,5.904,0,3.0025,2.9015,2.9015,1.403903237736671,False
2025-05-09,6,2193681000,0.0,0,0.0,0.0,0.0,0.0,False
2025-05-09,7,2193681000,0.001,0,0.001,0.0,0.0,0.0,False
2025-05-09,8,2193681000,0.0,0,0.0,0.0,0.0,0.0,False
2025-05-09,9,2193681000,0.001,0,0.001,0.0,0.0,0.0,False
2025-05-09,10,2193681000,0.0,0,0.001,-0.001,0.001,-2.031005476167368,False
2025-05-09,11,2193681000,0.001,0,0.0,0.001,0.001,2.0310054761673673,False
2025-05-09,12,2193681000,0.0,0,0.001,-0.001,0.001,-1.9871341815460584,False
2025-05-09,13,2193681000,0.001,0,0.0,0.001,0.001,2.097613296349532,False
2025-05-09,14,2193681000,0.0,0,0.001,-0.001,0.001,-2.1937362843585877,False
2025-05-09,15,2193681000,0.001,0,0.0,0.001,0.001,2.1937362843585877,False
2025-05-09,16,2193681000,0.0,0,0.001,-0.001,0.001,-2.097613296349533,False
2025-05-09,17,2193681000,0.001,0,0.0,0.001,0.001,2.0310054761673677,False
2025-05-09,18,2193681000,0.0,0,0.001,-0.001,0.001,-2.031005476167368,False
2025-05-09,19,2193681000,0.001,0,0.001,0.0,0.0,0.0,False
2025-05-09,20,2193681000,5.754,0,6.411,-0.657,0.657,-1.6630637364268952,False
2025-05-09,21,2193681000,6.657,0,6.7775,-0.12049999999999983,0.12049999999999983,-1.058333215263552,False
2025-05-09,22,2193681000,6.731,0,6.8740000000000006,-0.14300000000000068,0.14300000000000068,-1.4022628937228945,False
2025-05-09,23,2193681000,6.803,0,6.9145,-0.11150000000000038,0.11150000000000038,-1.0132945506866236,False
2025-05-10,0,2193681000,6.718,0,6.927,-0.20899999999999963,0.20899999999999963,-1.717128448257728,False
2025-05-10,1,2193681000,6.785,0,7.003,-0.21799999999999997,0.21799999999999997,-1.6356224093749252,False
2025-05-10,2,2193681000,6.867,0,7.053,-0.18599999999999994,0.18599999999999994,-1.6623587278913268,False
2025-05-10,3,2193681000,6.81,0,7.034,-0.2240000000000002,0.2240000000000002,-2.054138366408614,False
2025-05-10,4,2193681000,6.945,0,7.031,-0.08599999999999941,0.08599999999999941,-0.856328032319624,False
2025-05-10,5,2193681000,5.806,0,2.954,2.852,2.852,1.3733561277373483,False
2025-05-10,6,2193681000,0.0,0,0.0,0.0,0.0,0.0,False
2025-05-10,7,2193681000,0.001,0,0.001,0.0,0.0,0.0,False
2025-05-10,8,2193681000,0.0,0,0.0,0.0,0.0,0.0,False
2025-05-10,9,2193681000,0.001,0,0.001,0.0,0.0,0.0,False
2025-05-10,10,2193681000,0.0,0,0.001,-0.001,0.001,-1.999996000008,False
2025-05-10,11,2193681000,0.001,0,0.0,0.001,0.001,1.999996000008,False
2025-05-10,12,2193681000,0.0,0,0.001,-0.001,0.001,-1.999996000008,False
2025-05-10,13,2193681000,0.001,0,0.0,0.001,0.001,1.999996000008,False
2025-05-10,14,2193681000,0.0,0,0.001,-0.001,0.001,-1.999996000008,False
2025-05-10,15,2193681000,0.001,0,0.0,0.001,0.001,1.999996000008,False
2025-05-10,16,2193681000,0.0,0,0.001,-0.001,0.001,-1.999996000008,False
2025-05-10,17,2193681000,0.001,0,0.0,0.001,0.001,1.999996000008,False
2025-05-10,18,2193681000,0.0,0,0.001,-0.001,0.001,-1.999996000008,False
2025-05-10,19,2193681000,0.001,0,0.001,0.0,0.0,0.0,False
2025-05-10,20,2193681000,5.568,0,6.346,-0.7780000000000005,0.7780000000000005,-1.6184239947116945,False
2025-05-10,21,2193681000,6.583,0,6.744,-0.1609999999999996,0.1609999999999996,-1.5129696037772637,False
2025-05-10,22,2193681000,6.68,0,6.825,-0.14500000000000046,0.14500000000000046,-1.405146204430121,False
2025-05-10,23,2193681000,6.78,0,6.921,-0.14100000000000001,0.14100000000000001,-1.5888871787172014,False
2025-05-11,0,2193681000,6.744,0,6.927,-0.18299999999999983,0.18299999999999983,-1.503514382924232,False
2025-05-11,1,2193681000,6.817,0,7.003,-0.18599999999999994,0.18599999999999994,-1.3955310465308992,False
2025-05-11,2,2193681000,6.943,0,7.053,-0.11000000000000032,0.11000000000000032,-0.9831153767099277,False
2025-05-11,3,2193681000,6.941,0,7.034,-0.09299999999999997,0.09299999999999997,-0.8528342324821467,False
2025-05-11,4,2193681000,6.922,0,7.031,-0.10899999999999999,0.10899999999999999,-1.0853459944516237,False
2025-05-11,5,2193681000,5.67,0,2.954,2.7159999999999997,2.7159999999999997,1.307866494717615,False
2025-05-11,6,2193681000,0.0,0,0.0,0.0,0.0,0.0,False
2025-05-11,7,2193681000,0.001,0,0.001,0.0,0.0,0.0,False
2025-05-11,8,2193681000,0.0,0,0.0,0.0,0.0,0.0,False
2025-05-11,9,2193681000,0.001,0,0.001,0.0,0.0,0.0,False
2025-05-11,10,2193681000,0.0,0,0.001,-0.001,0.001,-1.999996000008,False
2025-05-11,11,2193681000,0.001,0,0.0,0.001,0.001,1.999996000008,False
2025-05-11,12,2193681000,0.0,0,0.001,-0.001,0.001,-1.999996000008,False
2025-05-11,13,2193681000,0.001,0,0.0,0.001,0.001,1.999996000008,False
2025-05-11,14,2193681000,0.0,0,0.001,-0.001,0.001,-1.999996000008,False
2025-05-11,15,2193681000,0.001,0,0.0,0.001,0.001,1.999996000008,False
2025-05-11,16,2193681000,0.0,0,0.001,-0.001,0.001,-1.999996000008,False
2025-05-11,17,2193681000,0.001,0,0.0,0.001,0.001,1.999996000008,False
2025-05-11,18,2193681000,0.0,0,0.001,-0.001,0.001,-1.999996000008,False
2025-05-11,19,2193681000,0.001,0,0.001,0.0,0.0,0.0,False
2025-05-11,20,2193681000,5.527,0,6.346,-0.819,0.819,-1.7037136910911015,False
2025-05-11,21,2193681000,6.658,0,6.744,-0.08599999999999941,0.08599999999999941,-0.8081700989120753,False
2025-05-11,22,2193681000,6.737,0,6.825,-0.08800000000000008,0.08800000000000008,-0.852778386136899,False
2025-05-11,23,2193681000,6.798,0,6.921,-0.12300000000000022,0.12300000000000022,-1.3860505176043696,False
2025-05-12,0,2193681000,6.886,0,6.9475,-0.061499999999999666,0.061499999999999666,-0.6156535731918431,False
2025-05-12,1,2193681000,6.949,0,7.0435,-0.09450000000000003,0.09450000000000003,-1.0634522528098826,False
2025-05-12,2,2193681000,7.02,0,7.067,-0.0470000000000006,0.0470000000000006,-0.5915502566100248,False
2025-05-12,3,2193681000,7.058,0,7.105499999999999,-0.04749999999999943,0.04749999999999943,-0.5435200023748252,False
2025-05-12,4,2193681000,5.584,0,7.116,-1.532,1.532,-4.578478216369993,True
2025-05-12,5,2193681000,0.0,0,3.0025,-3.0025,3.0025,-1.4527725215593157,False
2025-05-12,6,2193681000,0.0,0,0.0,0.0,0.0,0.0,False
2025-05-12,7,2193681000,0.0,0,0.001,-0.001,0.001,-2.33136628918616,False
2025-05-12,8,2193681000,0.001,0,0.0,0.001,0.001,2.33136628918616,False
2025-05-12,9,2193681000,0.0,0,0.001,-0.001,0.001,-2.533107608944698,True
2025-05-12,10,2193681000,0.001,0,0.001,0.0,0.0,0.0,False
2025-05-12,11,2193681000,0.0,0,0.0,0.0,0.0,0.0,False
2025-05-12,12,2193681000,0.001,0,0.001,0.0,0.0,0.0,False
2025-05-12,13,2193681000,0.0,0,0.0,0.0,0.0,0.0,False
2025-05-12,14,2193681000,0.001,0,0.001,0.0,0.0,0.0,False
2025-05-12,15,2193681000,0.0,0,0.0,0.0,0.0,0.0,False
2025-05-12,16,2193681000,0.001,0,0.001,0.0,0.0,0.0,False
2025-05-12,17,2193681000,0.0,0,0.0,0.0,0.0,0.0,False
2025-05-12,18,2193681000,0.0,0,0.001,-0.001,0.001,-2.031005476167368,False
2025-05-12,19,2193681000,0.001,0,0.001,0.0,0.0,0.0,False
2025-05-12,20,2193681000,5.423,0,6.411,-0.9879999999999995,0.9879999999999995,-2.5009238532568823,True
2025-05-12,21,2193681000,6.715,0,6.7775,-0.0625,0.0625,-0.5489280162155361,False
2025-05-12,22,2193681000,6.808,0,6.8740000000000006,-0.06600000000000072,0.06600000000000072,-0.64719825864134,False
2025-05-12,23,2193681000,6.825,0,6.9145,-0.08950000000000014,0.08950000000000014,-0.8133619936004721,False
2025-05-13,0,2193681000,6.893,0,6.9475,-0.05449999999999999,0.05449999999999999,-0.5455791827472459,False
2025-05-13,1,2193681000,6.98,0,7.0435,-0.06349999999999945,0.06349999999999945,-0.7145949000362639,False
2025-05-13,2,2193681000,7.016,0,7.067,-0.051000000000000156,0.051000000000000156,-0.6418949593002335,False
2025-05-13,3,2193681000,7.038,0,7.105499999999999,-0.067499999999999,0.067499999999999,-0.772370529690539,False
2025-05-13,4,2193681000,7.06,0,7.116,-0.05600000000000005,0.05600000000000005,-0.16735951704746724,False
2025-05-13,5,2193681000,5.536,0,3.0025,2.5334999999999996,2.5334999999999996,1.2258448570759453,False
2025-05-13,6,2193681000,0.0,0,0.0,0.0,0.0,0.0,False
2025-05-13,7,2193681000,0.001,0,0.001,0.0,0.0,0.0,False
2025-05-13,8,2193681000,0.0,0,0.0,0.0,0.0,0.0,False
2025-05-13,9,2193681000,0.001,0,0.001,0.0,0.0,0.0,False
2025-05-13,10,2193681000,0.0,0,0.001,-0.001,0.001,-2.031005476167368,False
2025-05-13,11,2193681000,0.001,0,0.0,0.001,0.001,2.0310054761673673,False
2025-05-13,12,2193681000,0.0,0,0.001,-0.001,0.001,-1.9871341815460584,False
2025-05-13,13,2193681000,0.0,0,0.0,0.0,0.0,0.0,False
2025-05-13,14,2193681000,0.001,0,0.001,0.0,0.0,0.0,False
2025-05-13,15,2193681000,0.0,0,0.0,0.0,0.0,0.0,False
2025-05-13,16,2193681000,0.001,0,0.001,0.0,0.0,0.0,False
2025-05-13,17,2193681000,0.001,0,0.0,0.001,0.001,2.0310054761673677,False
2025-05-13,18,2193681000,0.0,0,0.001,-0.001,0.001,-2.031005476167368,False
2025-05-13,19,2193681000,0.594,0,0.001,0.593,0.593,3.349292449919518,True
2025-05-13,20,2193681000,6.554,0,6.411,0.14300000000000068,0.14300000000000068,0.36197582086612956,False
2025-05-13,21,2193681000,6.656,0,6.7775,-0.12150000000000016,0.12150000000000016,-1.0671160635230035,False
2025-05-13,22,2193681000,6.772,0,6.8740000000000006,-0.10200000000000031,0.10200000000000031,-1.0002154906275174,False
2025-05-13,23,2193681000,6.858,0,6.9145,-0.05650000000000066,0.05650000000000066,-0.513463157971253,False
2025-05-14,0,2193681000,6.841,0,6.9475,-0.1064999999999996,0.1064999999999996,-1.0661317974785594,False
2025-05-14,1,2193681000,6.874,0,7.0435,-0.1695000000000002,0.1695000000000002,-1.9074619772621721,False
2025-05-14,2,2193681000,6.936,0,7.067,-0.13100000000000023,0.13100000000000023,-1.6487890131045193,False
2025-05-14,3,2193681000,6.975,0,7.105499999999999,-0.13049999999999962,0.13049999999999962,-1.4932496907350596,False
2025-05-14,4,2193681000,6.991,0,7.116,-0.125,0.125,-0.3735703505523819,False
2025-05-14,5,2193681000,3.355,0,3.0025,0.35250000000000004,0.35250000000000004,0.17055863908398294,False
2025-05-14,6,2193681000,0.001,0,0.0,0.001,0.001,0.10458620644362747,False
2025-05-14,7,2193681000,0.0,0,0.001,-0.001,0.001,-2.33136628918616,False
2025-05-14,8,2193681000,0.001,0,0.0,0.001,0.001,2.33136628918616,False
2025-05-14,9,2193681000,0.001,0,0.001,0.0,0.0,0.0,False
2025-05-14,10,2193681000,0.0,0,0.001,-0.001,0.001,-2.031005476167368,False
2025-05-14,11,2193681000,0.001,0,0.0,0.001,0.001,2.0310054761673673,False
2025-05-14,12,2193681000,0.0,0,0.001,-0.001,0.001,-1.9871341815460584,False
2025-05-14,13,2193681000,0.001,0,0.0,0.001,0.001,2.097613296349532,False
2025-05-14,14,2193681000,0.0,0,0.001,-0.001,0.001,-2.1937362843585877,False
2025-05-14,15,2193681000,0.001,0,0.0,0.001,0.001,2.1937362843585877,False
2025-05-14,16,2193681000,0.0,0,0.001,-0.001,0.001,-2.097613296349533,False
2025-05-14,17,2193681000,0.001,0,0.0,0.001,0.001,2.0310054761673677,False
2025-05-14,18,2193681000,0.001,0,0.001,0.0,0.0,0.0,False
2025-05-14,19,2193681000,0.492,0,0.001,0.491,0.491,2.7731915563414558,True
2025-05-14,20,2193681000,6.61,0,6.411,0.19900000000000073,0.19900000000000073,0.5037285898766413,False
2025-05-14,21,2193681000,6.664,0,6.7775,-0.11350000000000016,0.11350000000000016,-0.9968532774474148,False
2025-05-14,22,2193681000,6.781,0,6.8740000000000006,-0.09300000000000086,0.09300000000000086,-0.9119611826309774,False
2025-05-14,23,2193681000,6.782,0,6.9145,-0.13250000000000028,0.13250000000000028,-1.204139264268856,False
2025-05-15,0,2193681000,6.825,0,6.9475,-0.12249999999999961,0.12249999999999961,-1.226301832780503,False
2025-05-15,1,2193681000,6.902,0,7.0435,-0.14149999999999974,0.14149999999999974,-1.5923650134666463,False
2025-05-15,2,2193681000,6.907,0,7.067,-0.16000000000000014,0.16000000000000014,-2.0137881076085713,False
2025-05-15,3,2193681000,6.865,0,7.105499999999999,-0.24049999999999905,0.24049999999999905,-2.7519275909715057,True
2025-05-15,4,2193681000,6.898,0,7.116,-0.21799999999999997,0.21799999999999997,-0.6515066913633539,False
2025-05-15,5,2193681000,3.192,0,3.0025,0.18950000000000022,0.18950000000000022,0.09169038895436823,False
2025-05-15,6,2193681000,0.001,0,0.0,0.001,0.001,0.10458620644362747,False
2025-05-15,7,2193681000,0.0,0,0.001,-0.001,0.001,-2.33136628918616,False
2025-05-15,8,2193681000,0.001,0,0.0,0.001,0.001,2.33136628918616,False
2025-05-15,9,2193681000,0.0,0,0.001,-0.001,0.001,-2.533107608944698,True
2025-05-15,10,2193681000,0.001,0,0.001,0.0,0.0,0.0,False
2025-05-15,11,2193681000,0.0,0,0.0,0.0,0.0,0.0,False
2025-05-15,12,2193681000,0.001,0,0.001,0.0,0.0,0.0,False
2025-05-15,13,2193681000,0.0,0,0.0,0.0,0.0,0.0,False
2025-05-15,14,2193681000,0.001,0,0.001,0.0,0.0,0.0,False
2025-05-15,15,2193681000,0.001,0,0.0,0.001,0.001,2.1937362843585877,False
2025-05-15,16,2193681000,0.0,0,0.001,-0.001,0.001,-2.097613296349533,False
2025-05-15,17,2193681000,0.001,0,0.0,0.001,0.001,2.0310054761673677,False
2025-05-15,18,2193681000,0.0,0,0.001,-0.001,0.001,-2.031005476167368,False
2025-05-15,19,2193681000,0.382,0,0.001,0.381,0.381,2.1519062789533496,False
2025-05-15,20,2193681000,6.578,0,6.411,0.1670000000000007,0.1670000000000007,0.4227270075849203,False
2025-05-15,21,2193681000,6.699,0,6.7775,-0.07850000000000001,0.07850000000000001,-0.6894535883667134,False
2025-05-15,22,2193681000,6.769,0,6.8740000000000006,-0.10500000000000043,0.10500000000000043,-1.0296335932930336,False
2025-05-15,23,2193681000,6.836,0,6.9145,-0.07850000000000001,0.07850000000000001,-0.7133957150573964,False
2025-05-16,0,2193681000,6.876,0,6.9475,-0.07149999999999945,0.07149999999999945,-0.7157598452555558,False
2025-05-16,1,2193681000,6.962,0,7.0435,-0.08150000000000013,0.08150000000000013,-0.9171572339048205,False
2025-05-16,2,2193681000,6.899,0,7.067,-0.16800000000000015,0.16800000000000015,-2.114477512989,False
2025-05-16,3,2193681000,6.946,0,7.105499999999999,-0.15949999999999953,0.15949999999999953,-1.8250829553428507,False
2025-05-16,4,2193681000,6.964,0,7.116,-0.15199999999999925,0.15199999999999925,-0.4542615462716941,False
2025-05-16,5,2193681000,3.101,0,3.0025,0.09850000000000003,0.09850000000000003,0.04765964808446049,False
2025-05-16,6,2193681000,0.0,0,0.0,0.0,0.0,0.0,False
2025-05-16,7,2193681000,0.001,0,0.001,0.0,0.0,0.0,False
2025-05-16,8,2193681000,0.0,0,0.0,0.0,0.0,0.0,False
2025-05-16,9,2193681000,0.001,0,0.001,0.0,0.0,0.0,False
2025-05-16,10,2193681000,0.0,0,0.001,-0.001,0.001,-2.031005476167368,False
2025-05-16,11,2193681000,0.001,0,0.0,0.001,0.001,2.0310054761673673,False
2025-05-16,12,2193681000,0.0,0,0.001,-0.001,0.001,-1.9871341815460584,False
2025-05-16,13,2193681000,0.001,0,0.0,0.001,0.001,2.097613296349532,False
2025-05-16,14,2193681000,0.001,0,0.001,0.0,0.0,0.0,False
2025-05-16,15,2193681000,0.0,0,0.0,0.0,0.0,0.0,False
2025-05-16,16,2193681000,0.001,0,0.001,0.0,0.0,0.0,False
2025-05-16,17,2193681000,0.0,0,0.0,0.0,0.0,0.0,False
2025-05-16,18,2193681000,0.001,0,0.001,0.0,0.0,0.0,False
2025-05-16,19,2193681000,0.283,0,0.001,0.282,0.282,1.592749529304054,False
2025-05-16,20,2193681000,6.618,0,6.411,0.20700000000000074,0.20700000000000074,0.5239789854495716,False
2025-05-16,21,2193681000,6.686,0,6.7775,-0.09149999999999991,0.09149999999999991,-0.8036306157395441,False
2025-05-16,22,2193681000,6.77,0,6.8740000000000006,-0.10400000000000098,0.10400000000000098,-1.0198275590712007,False
2025-05-16,23,2193681000,6.756,0,6.9145,-0.15850000000000009,0.15850000000000009,-1.440423195370667,False
2025-05-17,0,2193681000,6.731,0,6.927,-0.19599999999999973,0.19599999999999973,-1.61032141559098,False
2025-05-17,1,2193681000,6.831,0,7.003,-0.1719999999999997,0.1719999999999997,-1.290491075286636,False
2025-05-17,2,2193681000,6.913,0,7.053,-0.13999999999999968,0.13999999999999968,-1.251237752176265,False
2025-05-17,3,2193681000,6.925,0,7.034,-0.10899999999999999,0.10899999999999999,-0.9995584015113335,False
2025-05-17,4,2193681000,6.894,0,7.031,-0.13699999999999957,0.13699999999999957,-1.364150470090569,False
2025-05-17,5,2193681000,2.954,0,2.954,0.0,0.0,0.0,False
2025-05-17,6,2193681000,0.001,0,0.0,0.001,0.001,1.999996000008,False
2025-05-17,7,2193681000,0.001,0,0.001,0.0,0.0,0.0,False
2025-05-17,8,2193681000,0.0,0,0.0,0.0,0.0,0.0,False
2025-05-17,9,2193681000,0.001,0,0.001,0.0,0.0,0.0,False
2025-05-17,10,2193681000,0.0,0,0.001,-0.001,0.001,-1.999996000008,False
2025-05-17,11,2193681000,0.001,0,0.0,0.001,0.001,1.999996000008,False
2025-05-17,12,2193681000,0.0,0,0.001,-0.001,0.001,-1.999996000008,False
2025-05-17,13,2193681000,0.001,0,0.0,0.001,0.001,1.999996000008,False
2025-05-17,14,2193681000,0.0,0,0.001,-0.001,0.001,-1.999996000008,False
2025-05-17,15,2193681000,0.001,0,0.0,0.001,0.001,1.999996000008,False
2025-05-17,16,2193681000,0.001,0,0.001,0.0,0.0,0.0,False
2025-05-17,17,2193681000,0.0,0,0.0,0.0,0.0,0.0,False
2025-05-17,18,2193681000,0.001,0,0.001,0.0,0.0,0.0,False
2025-05-17,19,2193681000,0.282,0,0.001,0.28099999999999997,0.28099999999999997,2.658611569731504,True
2025-05-17,20,2193681000,6.609,0,6.346,0.2629999999999999,0.2629999999999999,0.5471021987264463,False
2025-05-17,21,2193681000,6.677,0,6.744,-0.06700000000000017,0.06700000000000017,-0.6296208910129018,False
2025-05-17,22,2193681000,6.799,0,6.825,-0.0259999999999998,0.0259999999999998,-0.2519572504495362,False
2025-05-17,23,2193681000,6.881,0,6.921,-0.040000000000000036,0.040000000000000036,-0.45074813580629863,False
2025-05-18,0,2193681000,6.827,0,6.927,-0.09999999999999964,0.09999999999999964,-0.821592558974988,False
2025-05-18,1,2193681000,6.866,0,7.003,-0.13700000000000045,0.13700000000000045,-1.0278911471759886,False
2025-05-18,2,2193681000,6.875,0,7.053,-0.17799999999999994,0.17799999999999994,-1.5908594277669685,False
2025-05-18,3,2193681000,6.943,0,7.034,-0.09100000000000019,0.09100000000000019,-0.8344937113535005,False
2025-05-18,4,2193681000,6.991,0,7.031,-0.040000000000000036,0.040000000000000036,-0.39829210805564214,False
2025-05-18,5,2193681000,2.896,0,2.954,-0.058000000000000274,0.058000000000000274,-0.027929402317239335,False
2025-05-18,6,2193681000,0.0,0,0.0,0.0,0.0,0.0,False
2025-05-18,7,2193681000,0.001,0,0.001,0.0,0.0,0.0,False
2025-05-18,8,2193681000,0.0,0,0.0,0.0,0.0,0.0,False
2025-05-18,9,2193681000,0.001,0,0.001,0.0,0.0,0.0,False
2025-05-18,10,2193681000,0.001,0,0.001,0.0,0.0,0.0,False
2025-05-18,11,2193681000,0.0,0,0.0,0.0,0.0,0.0,False
2025-05-18,12,2193681000,0.001,0,0.001,0.0,0.0,0.0,False
2025-05-18,13,2193681000,0.0,0,0.0,0.0,0.0,0.0,False
2025-05-18,14,2193681000,0.001,0,0.001,0.0,0.0,0.0,False
2025-05-18,15,2193681000,0.0,0,0.0,0.0,0.0,0.0,False
2025-05-18,16,2193681000,0.001,0,0.001,0.0,0.0,0.0,False
2025-05-18,17,2193681000,0.0,0,0.0,0.0,0.0,0.0,False
2025-05-18,18,2193681000,0.001,0,0.001,0.0,0.0,0.0,False
2025-05-18,19,2193681000,0.186,0,0.001,0.185,0.185,1.750331460499389,False
2025-05-18,20,2193681000,6.662,0,6.346,0.31599999999999984,0.31599999999999984,0.657354733070559,False
2025-05-18,21,2193681000,6.744,0,6.744,0.0,0.0,0.0,False
2025-05-18,22,2193681000,6.825,0,6.825,0.0,0.0,0.0,False
2025-05-18,23,2193681000,6.899,0,6.921,-0.02200000000000024,0.02200000000000024,-0.24791147469346675,False
2025-05-19,0,2193681000,6.936,0,6.9475,-0.011499999999999844,0.011499999999999844,-0.11512221287327053,False
2025-05-19,1,2193681000,6.974,0,7.0435,-0.06949999999999967,0.06949999999999967,-0.7821156779924494,False
2025-05-19,2,2193681000,6.979,0,7.067,-0.08800000000000008,0.08800000000000008,-1.1075834591847142,False
2025-05-19,3,2193681000,7.165,0,7.105499999999999,0.059500000000000774,0.059500000000000774,0.6808303187642718,False
2025-05-19,4,2193681000,7.296,0,7.116,0.1800000000000006,0.1800000000000006,0.5379413047954318,False
2025-05-19,5,2193681000,2.904,0,3.0025,-0.09850000000000003,0.09850000000000003,-0.04765964808446049,False
2025-05-19,6,2193681000,0.0,0,0.0,0.0,0.0,0.0,False
2025-05-19,7,2193681000,0.001,0,0.001,0.0,0.0,0.0,False
2025-05-19,8,2193681000,0.0,0,0.0,0.0,0.0,0.0,False
2025-05-19,9,2193681000,0.001,0,0.001,0.0,0.0,0.0,False
2025-05-19,10,2193681000,0.001,0,0.001,0.0,0.0,0.0,False
2025-05-19,11,2193681000,0.0,0,0.0,0.0,0.0,0.0,False
2025-05-19,12,2193681000,0.001,0,0.001,0.0,0.0,0.0,False
2025-05-19,13,2193681000,0.0,0,0.0,0.0,0.0,0.0,False
2025-05-19,14,2193681000,0.001,0,0.001,0.0,0.0,0.0,False
2025-05-19,15,2193681000,0.0,0,0.0,0.0,0.0,0.0,False
2025-05-19,16,2193681000,0.001,0,0.001,0.0,0.0,0.0,False
2025-05-19,17,2193681000,0.0,0,0.0,0.0,0.0,0.0,False
2025-05-19,18,2193681000,0.001,0,0.001,0.0,0.0,0.0,False
2025-05-19,19,2193681000,0.097,0,0.001,0.096,0.096,0.5422126057205291,False
2025-05-19,20,2193681000,6.74,0,6.411,0.3290000000000006,0.3290000000000006,0.8327975179367573,False
2025-05-19,21,2193681000,6.82,0,6.7775,0.042500000000000426,0.042500000000000426,0.37327105102656827,False
2025-05-19,22,2193681000,6.935,0,6.8740000000000006,0.060999999999999055,0.060999999999999055,0.5981680875321317,False
2025-05-19,23,2193681000,6.95,0,6.9145,0.035499999999999865,0.035499999999999865,0.3226184443890123,False
2025-05-20,0,2193681000,6.947,0,6.9475,-0.0004999999999997229,0.0004999999999997229,-0.005005313603182969,False
2025-05-20,1,2193681000,7.045,0,7.0435,0.0015000000000000568,0.0015000000000000568,0.01688019448904639,False
2025-05-20,2,2193681000,7.08,0,7.067,0.0129999999999999,0.0129999999999999,0.16362028374319504,False
2025-05-20,3,2193681000,7.12,0,7.105499999999999,0.014500000000000846,0.014500000000000846,0.1659166323039057,False
2025-05-20,4,2193681000,7.129,0,7.116,0.0129999999999999,0.0129999999999999,0.03885131645744742,False
2025-05-20,5,2193681000,2.703,0,3.0025,-0.2995000000000001,0.2995000000000001,-0.14491436143447634,False
2025-05-20,6,2193681000,0.0,0,0.0,0.0,0.0,0.0,False
2025-05-20,7,2193681000,0.001,0,0.001,0.0,0.0,0.0,False
2025-05-20,8,2193681000,0.0,0,0.0,0.0,0.0,0.0,False
2025-05-20,9,2193681000,0.001,0,0.001,0.0,0.0,0.0,False
2025-05-20,10,2193681000,0.001,0,0.001,0.0,0.0,0.0,False
2025-05-20,11,2193681000,0.0,0,0.0,0.0,0.0,0.0,False
2025-05-20,12,2193681000,0.001,0,0.001,0.0,0.0,0.0,False
2025-05-20,13,2193681000,0.0,0,0.0,0.0,0.0,0.0,False
2025-05-20,14,2193681000,0.001,0,0.001,0.0,0.0,0.0,False
2025-05-20,15,2193681000,0.0,0,0.0,0.0,0.0,0.0,False
2025-05-20,16,2193681000,0.001,0,0.001,0.0,0.0,0.0,False
2025-05-20,17,2193681000,0.0,0,0.0,0.0,0.0,0.0,False
2025-05-20,18,2193681000,0.001,0,0.001,0.0,0.0,0.0,False
2025-05-20,19,2193681000,0.017,0,0.001,0.016,0.016,0.09036876762008818,False
2025-05-20,20,2193681000,6.802,0,6.411,0.391,0.391,0.9897380836269649,False
2025-05-20,21,2193681000,6.955,0,6.7775,0.1775000000000002,0.1775000000000002,1.5589555660521244,False
2025-05-20,22,2193681000,7.016,0,6.8740000000000006,0.14199999999999946,0.14199999999999946,1.392456859501044,False
2025-05-20,23,2193681000,7.04,0,6.9145,0.12549999999999972,0.12549999999999972,1.1405243597414398,False
2025-05-21,0,2193681000,7.11,0,6.9475,0.16250000000000053,0.16250000000000053,1.6267269210353719,False
2025-05-21,1,2193681000,7.163,0,7.0435,0.11950000000000038,0.11950000000000038,1.3447888276273159,False
2025-05-21,2,2193681000,7.109,0,7.067,0.041999999999999815,0.041999999999999815,0.5286193782472473,False
2025-05-21,3,2193681000,7.123,0,7.105499999999999,0.01750000000000096,0.01750000000000096,0.20024421140126478,False
2025-05-21,4,2193681000,7.119,0,7.116,0.0030000000000001137,0.0030000000000001137,0.008965688413257506,False
2025-05-21,5,2193681000,2.58,0,3.0025,-0.4224999999999999,0.4224999999999999,-0.20442843975314262,False
2025-05-21,6,2193681000,0.0,0,0.0,0.0,0.0,0.0,False
2025-05-21,7,2193681000,0.001,0,0.001,0.0,0.0,0.0,False
2025-05-21,8,2193681000,0.0,0,0.0,0.0,0.0,0.0,False
2025-05-21,9,2193681000,0.001,0,0.001,0.0,0.0,0.0,False
2025-05-21,10,2193681000,0.001,0,0.001,0.0,0.0,0.0,False
2025-05-21,11,2193681000,0.0,0,0.0,0.0,0.0,0.0,False
2025-05-21,12,2193681000,0.001,0,0.001,0.0,0.0,0.0,False
2025-05-21,13,2193681000,0.0,0,0.0,0.0,0.0,0.0,False
2025-05-21,14,2193681000,0.001,0,0.001,0.0,0.0,0.0,False
2025-05-21,15,2193681000,0.0,0,0.0,0.0,0.0,0.0,False
2025-05-21,16,2193681000,0.001,0,0.001,0.0,0.0,0.0,False
2025-05-21,17,2193681000,0.0,0,0.0,0.0,0.0,0.0,False
2025-05-21,18,2193681000,0.001,0,0.001,0.0,0.0,0.0,False
2025-05-21,19,2193681000,0.0,0,0.001,-0.001,0.001,-0.005648047976255511,False
2025-05-21,20,2193681000,6.69,0,6.411,0.2790000000000008,0.2790000000000008,0.7062325456059437,False
2025-05-21,21,2193681000,6.918,0,6.7775,0.1405000000000003,0.1405000000000003,1.2339901804525275,False
2025-05-21,22,2193681000,6.991,0,6.8740000000000006,0.1169999999999991,0.1169999999999991,1.147306003955081,False
2025-05-21,23,2193681000,7.04,0,6.9145,0.12549999999999972,0.12549999999999972,1.1405243597414398,False
2025-05-22,0,2193681000,7.034,0,6.9475,0.08650000000000002,0.08650000000000002,0.8659192533511338,False
2025-05-22,1,2193681000,7.106,0,7.0435,0.0625,0.0625,0.703341437043573,False
2025-05-22,2,2193681000,7.122,0,7.067,0.054999999999999716,0.054999999999999716,0.6922396619904422,False
2025-05-22,3,2193681000,7.155,0,7.105499999999999,0.04950000000000099,0.04950000000000099,0.5664050551064149,False
2025-05-22,4,2193681000,7.161,0,7.116,0.04499999999999993,0.04499999999999993,0.13448532619885728,False
2025-05-22,5,2193681000,2.589,0,3.0025,-0.4135,0.4135,-0.20007375109567926,False
2025-05-22,6,2193681000,0.0,0,0.0,0.0,0.0,0.0,False
2025-05-22,7,2193681000,0.001,0,0.001,0.0,0.0,0.0,False
2025-05-22,8,2193681000,0.0,0,0.0,0.0,0.0,0.0,False
2025-05-22,9,2193681000,0.001,0,0.001,0.0,0.0,0.0,False
2025-05-22,10,2193681000,0.001,0,0.001,0.0,0.0,0.0,False
2025-05-22,11,2193681000,0.0,0,0.0,0.0,0.0,0.0,False
2025-05-22,12,2193681000,0.001,0,0.001,0.0,0.0,0.0,False
2025-05-22,13,2193681000,0.0,0,0.0,0.0,0.0,0.0,False
2025-05-22,14,2193681000,0.001,0,0.001,0.0,0.0,0.0,False
2025-05-22,15,2193681000,0.0,0,0.0,0.0,0.0,0.0,False
2025-05-22,16,2193681000,0.001,0,0.001,0.0,0.0,0.0,False
2025-05-22,17,2193681000,0.0,0,0.0,0.0,0.0,0.0,False
2025-05-22,18,2193681000,0.001,0,0.001,0.0,0.0,0.0,False
2025-05-22,19,2193681000,0.0,0,0.001,-0.001,0.001,-0.005648047976255511,False
2025-05-22,20,2193681000,6.61,0,6.411,0.19900000000000073,0.19900000000000073,0.5037285898766413,False
2025-05-22,21,2193681000,6.933,0,6.7775,0.15549999999999997,0.15549999999999997,1.3657329043442534,False
2025-05-22,22,2193681000,6.977,0,6.8740000000000006,0.10299999999999976,0.10299999999999976,1.0100215248493503,False
2025-05-22,23,2193681000,7.055,0,6.9145,0.1404999999999994,0.1404999999999994,1.2768420123001751,False
2025-05-23,0,2193681000,7.042,0,6.9475,0.09450000000000003,0.09450000000000003,0.9460042710021057,False
2025-05-23,1,2193681000,7.061,0,7.0435,0.01750000000000007,0.01750000000000007,0.19693560237220123,False
2025-05-23,2,2193681000,7.103,0,7.067,0.03599999999999959,0.03599999999999959,0.453102324211923,False
2025-05-23,3,2193681000,7.13,0,7.105499999999999,0.024500000000000632,0.024500000000000632,0.28034189596176257,False
2025-05-23,4,2193681000,7.163,0,7.116,0.0470000000000006,0.0470000000000006,0.14046245180769737,False
2025-05-23,5,2193681000,2.475,0,3.0025,-0.5274999999999999,0.5274999999999999,-0.2552331407568822,False
2025-05-23,6,2193681000,0.0,0,0.0,0.0,0.0,0.0,False
2025-05-23,7,2193681000,0.001,0,0.001,0.0,0.0,0.0,False
2025-05-23,8,2193681000,0.0,0,0.0,0.0,0.0,0.0,False
2025-05-23,9,2193681000,0.001,0,0.001,0.0,0.0,0.0,False
2025-05-23,10,2193681000,0.001,0,0.001,0.0,0.0,0.0,False
2025-05-23,11,2193681000,0.0,0,0.0,0.0,0.0,0.0,False
2025-05-23,12,2193681000,0.001,0,0.001,0.0,0.0,0.0,False
2025-05-23,13,2193681000,0.0,0,0.0,0.0,0.0,0.0,False
2025-05-23,14,2193681000,0.001,0,0.001,0.0,0.0,0.0,False
2025-05-23,15,2193681000,0.0,0,0.0,0.0,0.0,0.0,False
2025-05-23,16,2193681000,0.001,0,0.001,0.0,0.0,0.0,False
2025-05-23,17,2193681000,0.0,0,0.0,0.0,0.0,0.0,False
2025-05-23,18,2193681000,0.001,0,0.001,0.0,0.0,0.0,False
2025-05-23,19,2193681000,0.0,0,0.001,-0.001,0.001,-0.005648047976255511,False
2025-05-23,20,2193681000,6.43,0,6.411,0.019000000000000128,0.019000000000000128,0.048094689485709614,False
2025-05-23,21,2193681000,6.871,0,6.7775,0.09350000000000058,0.09350000000000058,0.821196312258447,False
2025-05-23,22,2193681000,6.902,0,6.8740000000000006,0.02799999999999958,0.02799999999999958,0.2745689582114704,False
2025-05-23,23,2193681000,6.984,0,6.9145,0.06949999999999967,0.06949999999999967,0.6316051235221504,False
2025-05-24,0,2193681000,6.94,0,6.927,0.013000000000000789,0.013000000000000789,0.1068070326667553,False
2025-05-24,1,2193681000,7.041,0,7.003,0.038000000000000256,0.038000000000000256,0.2851084933772825,False
2025-05-24,2,2193681000,7.066,0,7.053,0.0129999999999999,0.0129999999999999,0.11618636270208113,False
2025-05-24,3,2193681000,7.111,0,7.034,0.07699999999999996,0.07699999999999996,0.70611006345296,False
2025-05-24,4,2193681000,7.147,0,7.031,0.11600000000000055,0.11600000000000055,1.1550471133613667,False
2025-05-24,5,2193681000,2.351,0,2.954,-0.6030000000000002,0.6030000000000002,-0.29036947581543526,False
2025-05-24,6,2193681000,0.0,0,0.0,0.0,0.0,0.0,False
2025-05-24,7,2193681000,0.001,0,0.001,0.0,0.0,0.0,False
2025-05-24,8,2193681000,0.0,0,0.0,0.0,0.0,0.0,False
2025-05-24,9,2193681000,0.001,0,0.001,0.0,0.0,0.0,False
2025-05-24,10,2193681000,0.001,0,0.001,0.0,0.0,0.0,False
2025-05-24,11,2193681000,0.0,0,0.0,0.0,0.0,0.0,False
2025-05-24,12,2193681000,0.001,0,0.001,0.0,0.0,0.0,False
2025-05-24,13,2193681000,0.0,0,0.0,0.0,0.0,0.0,False
2025-05-24,14,2193681000,0.001,0,0.001,0.0,0.0,0.0,False
2025-05-24,15,2193681000,0.0,0,0.0,0.0,0.0,0.0,False
2025-05-24,16,2193681000,0.001,0,0.001,0.0,0.0,0.0,False
2025-05-24,17,2193681000,0.0,0,0.0,0.0,0.0,0.0,False
2025-05-24,18,2193681000,0.001,0,0.001,0.0,0.0,0.0,False
2025-05-24,19,2193681000,0.0,0,0.001,-0.001,0.001,-0.009461251137834534,False
2025-05-24,20,2193681000,6.346,0,6.346,0.0,0.0,0.0,False
2025-05-24,21,2193681000,6.892,0,6.744,0.14800000000000058,0.14800000000000058,1.3908043562673074,False
2025-05-24,22,2193681000,6.977,0,6.825,0.15200000000000014,0.15200000000000014,1.4729808487819167,False
2025-05-24,23,2193681000,6.993,0,6.921,0.07200000000000006,0.07200000000000006,0.8113466444513375,False
2025-05-25,0,2193681000,6.997,0,6.927,0.07000000000000028,0.07000000000000028,0.575114791282496,False
2025-05-25,1,2193681000,7.084,0,7.003,0.08099999999999952,0.08099999999999952,0.6077312621989366,False
2025-05-25,2,2193681000,7.053,0,7.053,0.0,0.0,0.0,False
2025-05-25,3,2193681000,7.08,0,7.034,0.04600000000000026,0.04600000000000026,0.42183198595891386,False
2025-05-25,4,2193681000,7.11,0,7.031,0.07900000000000063,0.07900000000000063,0.7866269134098988,False
2025-05-25,5,2193681000,2.216,0,2.954,-0.738,0.738,-0.3553775674159057,False
2025-05-25,6,2193681000,0.0,0,0.0,0.0,0.0,0.0,False
2025-05-25,7,2193681000,0.001,0,0.001,0.0,0.0,0.0,False
2025-05-25,8,2193681000,0.0,0,0.0,0.0,0.0,0.0,False
2025-05-25,9,2193681000,0.001,0,0.001,0.0,0.0,0.0,False
2025-05-25,10,2193681000,0.001,0,0.001,0.0,0.0,0.0,False
2025-05-25,11,2193681000,0.0,0,0.0,0.0,0.0,0.0,False
2025-05-25,12,2193681000,0.001,0,0.001,0.0,0.0,0.0,False
2025-05-25,13,2193681000,0.0,0,0.0,0.0,0.0,0.0,False
2025-05-25,14,2193681000,0.001,0,0.001,0.0,0.0,0.0,False
2025-05-25,15,2193681000,0.0,0,0.0,0.0,0.0,0.0,False
2025-05-25,16,2193681000,0.001,0,0.001,0.0,0.0,0.0,False
2025-05-25,17,2193681000,0.0,0,0.0,0.0,0.0,0.0,False
2025-05-25,18,2193681000,0.001,0,0.001,0.0,0.0,0.0,False
2025-05-25,19,2193681000,0.0,0,0.001,-0.001,0.001,-0.009461251137834534,False
2025-05-25,20,2193681000,6.171,0,6.346,-0.17499999999999982,0.17499999999999982,-0.3640413869852777,False
2025-05-25,21,2193681000,6.815,0,6.744,0.07100000000000062,0.07100000000000062,0.6672101979390492,False
2025-05-25,22,2193681000,6.89,0,6.825,0.0649999999999995,0.0649999999999995,0.6298931261238405,False
2025-05-25,23,2193681000,6.987,0,6.921,0.06599999999999984,0.06599999999999984,0.7437344240803903,False
2025-05-26,0,2193681000,7.102,0,6.9475,0.15450000000000053,0.15450000000000053,1.5466419033843999,False
2025-05-26,1,2193681000,7.112,0,7.0435,0.06850000000000023,0.06850000000000023,0.7708622149997585,False
2025-05-26,2,2193681000,7.1,0,7.067,0.032999999999999474,0.032999999999999474,0.41534379719426084,False
2025-05-26,3,2193681000,7.163,0,7.105499999999999,0.057500000000000995,0.057500000000000995,0.6579452660327024,False
2025-05-26,4,2193681000,7.089,0,7.116,-0.026999999999999247,0.026999999999999247,-0.08069119571931224,False
2025-05-26,5,2193681000,2.198,0,3.0025,-0.8045,0.8045,-0.3892607805477001,False
2025-05-26,6,2193681000,0.0,0,0.0,0.0,0.0,0.0,False
2025-05-26,7,2193681000,0.001,0,0.001,0.0,0.0,0.0,False
2025-05-26,8,2193681000,0.0,0,0.0,0.0,0.0,0.0,False
2025-05-26,9,2193681000,0.001,0,0.001,0.0,0.0,0.0,False
2025-05-26,10,2193681000,0.001,0,0.001,0.0,0.0,0.0,False
2025-05-26,11,2193681000,0.0,0,0.0,0.0,0.0,0.0,False
2025-05-26,12,2193681000,0.001,0,0.001,0.0,0.0,0.0,False
2025-05-26,13,2193681000,0.0,0,0.0,0.0,0.0,0.0,False
2025-05-26,14,2193681000,0.001,0,0.001,0.0,0.0,0.0,False
2025-05-26,15,2193681000,0.0,0,0.0,0.0,0.0,0.0,False
2025-05-26,16,2193681000,0.001,0,0.001,0.0,0.0,0.0,False
2025-05-26,17,2193681000,0.0,0,0.0,0.0,0.0,0.0,False
2025-05-26,18,2193681000,0.001,0,0.001,0.0,0.0,0.0,False
2025-05-26,19,2193681000,0.001,0,0.001,0.0,0.0,0.0,False
2025-05-26,20,2193681000,6.104,0,6.411,-0.3069999999999995,0.3069999999999995,-0.7771089301111962,False
2025-05-26,21,2193681000,6.897,0,6.7775,0.11950000000000038,0.11950000000000038,1.0495503670041084,False
2025-05-26,22,2193681000,6.98,0,6.8740000000000006,0.10599999999999987,0.10599999999999987,1.0394396275148665,False
2025-05-26,23,2193681000,7.048,0,6.9145,0.13349999999999973,0.13349999999999973,1.213227107772767,False
2025-05-27,0,2193681000,7.079,0,6.9475,0.13149999999999995,0.13149999999999995,1.31639747763785,False
2025-05-27,1,2193681000,7.069,0,7.0435,0.025500000000000078,0.025500000000000078,0.28696330631377864,False
2025-05-27,2,2193681000,7.075,0,7.067,0.008000000000000007,0.008000000000000007,0.10068940538042857,False
2025-05-27,3,2193681000,7.117,0,7.105499999999999,0.011500000000000732,0.011500000000000732,0.1315890532065466,False
2025-05-27,4,2193681000,7.135,0,7.116,0.019000000000000128,0.019000000000000128,0.05678269328396243,False
2025-05-27,5,2193681000,2.099,0,3.0025,-0.9034999999999997,0.9034999999999997,-0.4371623557797973,False
2025-05-27,6,2193681000,0.0,0,0.0,0.0,0.0,0.0,False
2025-05-27,7,2193681000,0.001,0,0.001,0.0,0.0,0.0,False
2025-05-27,8,2193681000,0.0,0,0.0,0.0,0.0,0.0,False
2025-05-27,9,2193681000,0.001,0,0.001,0.0,0.0,0.0,False
2025-05-27,10,2193681000,0.001,0,0.001,0.0,0.0,0.0,False
2025-05-27,11,2193681000,0.0,0,0.0,0.0,0.0,0.0,False
2025-05-27,12,2193681000,0.001,0,0.001,0.0,0.0,0.0,False
2025-05-27,13,2193681000,0.0,0,0.0,0.0,0.0,0.0,False
2025-05-27,14,2193681000,0.001,0,0.001,0.0,0.0,0.0,False
2025-05-27,15,2193681000,0.0,0,0.0,0.0,0.0,0.0,False
2025-05-27,16,2193681000,0.001,0,0.001,0.0,0.0,0.0,False
2025-05-27,17,2193681000,0.0,0,0.0,0.0,0.0,0.0,False
2025-05-27,18,2193681000,0.001,0,0.001,0.0,0.0,0.0,False
2025-05-27,19,2193681000,0.001,0,0.001,0.0,0.0,0.0,False
2025-05-27,20,2193681000,6.108,0,6.411,-0.30299999999999994,0.30299999999999994,-0.7669837323247323,False
2025-05-27,21,2193681000,6.858,0,6.7775,0.0804999999999998,0.0804999999999998,0.7070192848856086,False
2025-05-27,22,2193681000,6.965,0,6.8740000000000006,0.0909999999999993,0.0909999999999993,0.8923491141872854,False
2025-05-27,23,2193681000,7.027,0,6.9145,0.11249999999999982,0.11249999999999982,1.0223823941905343,False
2025-05-28,0,2193681000,7.045,0,6.9475,0.09750000000000014,0.09750000000000014,0.9760361526212213,False
2025-05-28,1,2193681000,7.124,0,7.0435,0.0804999999999998,0.0804999999999998,0.9059037709121196,False
2025-05-28,2,2193681000,7.171,0,7.067,0.10400000000000009,0.10400000000000009,1.3089622699455714,False
2025-05-28,3,2193681000,7.173,0,7.105499999999999,0.06750000000000078,0.06750000000000078,0.7723705296905593,False
2025-05-28,4,2193681000,7.189,0,7.116,0.0730000000000004,0.0730000000000004,0.21816508472259222,False
2025-05-28,5,2193681000,2.105,0,3.0025,-0.8975,0.8975,-0.43425923000815514,False
2025-05-28,6,2193681000,0.0,0,0.0,0.0,0.0,0.0,False
2025-05-28,7,2193681000,0.001,0,0.001,0.0,0.0,0.0,False
2025-05-28,8,2193681000,0.0,0,0.0,0.0,0.0,0.0,False
2025-05-28,9,2193681000,0.001,0,0.001,0.0,0.0,0.0,False
2025-05-28,10,2193681000,0.001,0,0.001,0.0,0.0,0.0,False
2025-05-28,11,2193681000,0.0,0,0.0,0.0,0.0,0.0,False
2025-05-28,12,2193681000,0.001,0,0.001,0.0,0.0,0.0,False
2025-05-28,13,2193681000,0.0,0,0.0,0.0,0.0,0.0,False
2025-05-28,14,2193681000,0.001,0,0.001,0.0,0.0,0.0,False
2025-05-28,15,2193681000,0.0,0,0.0,0.0,0.0,0.0,False
2025-05-28,16,2193681000,0.001,0,0.001,0.0,0.0,0.0,False
2025-05-28,17,2193681000,0.0,0,0.0,0.0,0.0,0.0,False
2025-05-28,18,2193681000,0.001,0,0.001,0.0,0.0,0.0,False
2025-05-28,19,2193681000,0.001,0,0.001,0.0,0.0,0.0,False
2025-05-28,20,2193681000,6.035,0,6.411,-0.37599999999999945,0.37599999999999945,-0.9517685919277193,False
2025-05-28,21,2193681000,6.938,0,6.7775,0.16049999999999986,0.16049999999999986,1.4096471456414954,False
2025-05-28,22,2193681000,6.998,0,6.8740000000000006,0.12399999999999967,0.12399999999999967,1.2159482435079554,False
2025-05-28,23,2193681000,7.043,0,6.9145,0.12849999999999984,0.12849999999999984,1.1677878902531884,False
2025-05-29,0,2193681000,7.04,0,6.9475,0.09250000000000025,0.09250000000000025,0.925983016589365,False
2025-05-29,1,2193681000,7.075,0,7.0435,0.031500000000000306,0.031500000000000306,0.3544840842699642,False
2025-05-29,2,2193681000,7.13,0,7.067,0.06299999999999972,0.06299999999999972,0.7929290673708708,False
2025-05-29,3,2193681000,7.143,0,7.105499999999999,0.03750000000000053,0.03750000000000053,0.42909473871697856,False
2025-05-29,4,2193681000,7.149,0,7.116,0.03300000000000036,0.03300000000000036,0.0986225725458299,False
2025-05-29,5,2193681000,1.973,0,3.0025,-1.0294999999999999,1.0294999999999999,-0.49812799698428484,False
2025-05-29,6,2193681000,0.0,0,0.0,0.0,0.0,0.0,False
2025-05-29,7,2193681000,0.001,0,0.001,0.0,0.0,0.0,False
2025-05-29,8,2193681000,0.0,0,0.0,0.0,0.0,0.0,False
2025-05-29,9,2193681000,0.001,0,0.001,0.0,0.0,0.0,False
2025-05-29,10,2193681000,0.001,0,0.001,0.0,0.0,0.0,False
2025-05-29,11,2193681000,0.0,0,0.0,0.0,0.0,0.0,False
2025-05-29,12,2193681000,0.001,0,0.001,0.0,0.0,0.0,False
2025-05-29,13,2193681000,0.0,0,0.0,0.0,0.0,0.0,False
2025-05-29,14,2193681000,0.001,0,0.001,0.0,0.0,0.0,False
2025-05-29,15,2193681000,0.0,0,0.0,0.0,0.0,0.0,False
2025-05-29,16,2193681000,0.001,0,0.001,0.0,0.0,0.0,False
2025-05-29,17,2193681000,0.0,0,0.0,0.0,0.0,0.0,False
2025-05-29,18,2193681000,0.001,0,0.001,0.0,0.0,0.0,False
2025-05-29,19,2193681000,0.001,0,0.001,0.0,0.0,0.0,False
2025-05-29,20,2193681000,5.882,0,6.411,-0.5289999999999999,0.5289999999999999,-1.3390574072600112,False
2025-05-29,21,2193681000,6.869,0,6.7775,0.09149999999999991,0.09149999999999991,0.8036306157395441,False
2025-05-29,22,2193681000,6.945,0,6.8740000000000006,0.07099999999999973,0.07099999999999973,0.696228429750522,False
2025-05-29,23,2193681000,7.017,0,6.9145,0.10250000000000004,0.10250000000000004,0.9315039591513775,False
2025-05-30,0,2193681000,7.055,0,6.9475,0.10749999999999993,0.10749999999999993,1.076142424684934,False
2025-05-30,1,2193681000,7.155,0,7.0435,0.11150000000000038,0.11150000000000038,1.2547611236857383,False
2025-05-30,2,2193681000,7.062,0,7.067,-0.004999999999999893,0.004999999999999893,-0.06293087836276647,False
2025-05-30,3,2193681000,7.1,0,7.105499999999999,-0.005499999999999616,0.005499999999999616,-0.06293389501181823,False
2025-05-30,4,2193681000,7.123,0,7.116,0.007000000000000561,0.007000000000000561,0.020919939630935063,False
2025-05-30,5,2193681000,1.846,0,3.0025,-1.1564999999999999,1.1564999999999999,-0.5595774924840461,False
2025-05-30,6,2193681000,0.0,0,0.0,0.0,0.0,0.0,False
2025-05-30,7,2193681000,0.001,0,0.001,0.0,0.0,0.0,False
2025-05-30,8,2193681000,0.0,0,0.0,0.0,0.0,0.0,False
2025-05-30,9,2193681000,0.001,0,0.001,0.0,0.0,0.0,False
2025-05-30,10,2193681000,0.001,0,0.001,0.0,0.0,0.0,False
2025-05-30,11,2193681000,0.0,0,0.0,0.0,0.0,0.0,False
2025-05-30,12,2193681000,0.001,0,0.001,0.0,0.0,0.0,False
2025-05-30,13,2193681000,0.0,0,0.0,0.0,0.0,0.0,False
2025-05-30,14,2193681000,0.001,0,0.001,0.0,0.0,0.0,False
2025-05-30,15,2193681000,0.0,0,0.0,0.0,0.0,0.0,False
2025-05-30,16,2193681000,0.001,0,0.001,0.0,0.0,0.0,False
2025-05-30,17,2193681000,0.0,0,0.0,0.0,0.0,0.0,False
2025-05-30,18,2193681000,0.001,0,0.001,0.0,0.0,0.0,False
2025-05-30,19,2193681000,0.001,0,0.001,0.0,0.0,0.0,False
2025-05-30,20,2193681000,5.753,0,6.411,-0.6579999999999995,0.6579999999999995,-1.6655950358735099,False
2025-05-30,21,2193681000,6.897,0,6.7775,0.11950000000000038,0.11950000000000038,1.0495503670041084,False
2025-05-30,22,2193681000,6.98,0,6.8740000000000006,0.10599999999999987,0.10599999999999987,1.0394396275148665,False
2025-05-30,23,2193681000,7.027,0,6.9145,0.11249999999999982,0.11249999999999982,1.0223823941905343,False
2025-05-31,0,2193681000,7.033,0,6.927,0.10600000000000076,0.10600000000000076,0.8708881125134966,False
2025-05-31,1,2193681000,7.159,0,7.003,0.1559999999999997,0.1559999999999997,1.1704453938646233,False
2025-05-31,2,2193681000,7.195,0,7.053,0.14200000000000035,0.14200000000000035,1.2691125772073606,False
2025-05-31,3,2193681000,7.152,0,7.034,0.11800000000000033,0.11800000000000033,1.082090746590254,False
2025-05-31,4,2193681000,7.161,0,7.031,0.1299999999999999,0.1299999999999999,1.2944493511808348,False
2025-05-31,5,2193681000,1.849,0,2.954,-1.1050000000000002,1.1050000000000002,-0.5321032682853332,False
2025-05-31,6,2193681000,0.0,0,0.0,0.0,0.0,0.0,False
2025-05-31,7,2193681000,0.001,0,0.001,0.0,0.0,0.0,False
2025-05-31,8,2193681000,0.0,0,0.0,0.0,0.0,0.0,False
2025-05-31,9,2193681000,0.001,0,0.001,0.0,0.0,0.0,False
2025-05-31,10,2193681000,0.001,0,0.001,0.0,0.0,0.0,False
2025-05-31,11,2193681000,0.0,0,0.0,0.0,0.0,0.0,False
2025-05-31,12,2193681000,0.001,0,0.001,0.0,0.0,0.0,False
2025-05-31,13,2193681000,0.0,0,0.0,0.0,0.0,0.0,False
2025-05-31,14,2193681000,0.001,0,0.001,0.0,0.0,0.0,False
2025-05-31,15,2193681000,0.0,0,0.0,0.0,0.0,0.0,False
2025-05-31,16,2193681000,0.001,0,0.001,0.0,0.0,0.0,False
2025-05-31,17,2193681000,0.0,0,0.0,0.0,0.0,0.0,False
2025-05-31,18,2193681000,0.001,0,0.001,0.0,0.0,0.0,False
2025-05-31,19,2193681000,0.001,0,0.001,0.0,0.0,0.0,False
2025-05-31,20,2193681000,5.644,0,6.346,-0.702,0.702,-1.4603260209352298,False
2025-05-31,21,2193681000,6.9,0,6.744,0.15600000000000058,0.15600000000000058,1.4659829701195939,False
2025-05-31,22,2193681000,6.971,0,6.825,0.1459999999999999,0.1459999999999999,1.414836867908944,False
2025-05-31,23,2193681000,7.033,0,6.921,0.1120000000000001,0.1120000000000001,1.262094780257636,False
2025-06-01,0,2193681000,7.139,0,6.628,0.5110000000000001,0.5110000000000001,2.031195967612484,False
2025-06-01,1,2193681000,7.125,0,6.712,0.41300000000000026,0.41300000000000026,1.5942378103450938,False
2025-06-01,2,2193681000,7.236,0,6.799,0.4369999999999994,0.4369999999999994,1.6987274506166026,False
2025-06-01,3,2193681000,7.278,0,6.851,0.4269999999999996,0.4269999999999996,1.723705163032118,False
2025-06-01,4,2193681000,7.217,0,6.861,0.35599999999999987,0.35599999999999987,1.3793451260601528,False
2025-06-01,5,2193681000,1.862,0,1.493,0.369,0.369,1.7877560447786298,False
2025-06-01,6,2193681000,0.0,0,0.0,0.0,0.0,0.0,False
2025-06-01,7,2193681000,0.001,0,0.001,0.0,0.0,0.0,False
2025-06-01,8,2193681000,0.0,0,0.0,0.0,0.0,0.0,False
2025-06-01,9,2193681000,0.001,0,0.001,0.0,0.0,0.0,False
2025-06-01,10,2193681000,0.001,0,0.001,0.0,0.0,0.0,False
2025-06-01,11,2193681000,0.0,0,0.0,0.0,0.0,0.0,False
2025-06-01,12,2193681000,0.001,0,0.001,0.0,0.0,0.0,False
2025-06-01,13,2193681000,0.0,0,0.0,0.0,0.0,0.0,False
2025-06-01,14,2193681000,0.001,0,0.001,0.0,0.0,0.0,False
2025-06-01,15,2193681000,0.0,0,0.0,0.0,0.0,0.0,False
2025-06-01,16,2193681000,0.001,0,0.001,0.0,0.0,0.0,False
2025-06-01,17,2193681000,0.0,0,0.0,0.0,0.0,0.0,False
2025-06-01,18,2193681000,0.001,0,0.001,0.0,0.0,0.0,False
2025-06-01,19,2193681000,0.001,0,0.0,0.001,0.001,1.999996000008,False
2025-06-01,20,2193681000,5.677,0,4.559,1.1179999999999994,1.1179999999999994,2.1546824827777225,False
2025-06-01,21,2193681000,6.925,0,6.621,0.3039999999999994,0.3039999999999994,1.488333065636884,False
2025-06-01,22,2193681000,6.983,0,6.689,0.2939999999999996,0.2939999999999996,1.4361464093543466,False
2025-06-01,23,2193681000,7.043,0,6.741,0.3020000000000005,0.3020000000000005,1.5101756654612315,False
2025-06-02,0,2193681000,7.064,0,6.747,0.31700000000000017,0.31700000000000017,1.4253560419078137,False
2025-06-02,1,2193681000,7.173,0,6.781,0.39200000000000035,0.39200000000000035,1.6233735425219031,False
2025-06-02,2,2193681000,7.211,0,6.812,0.399,0.399,1.6618185618636387,False
2025-06-02,3,2193681000,7.227,0,6.83,0.39700000000000024,0.39700000000000024,1.5478808748351875,False
2025-06-02,4,2193681000,7.232,0,6.846,0.3860000000000001,0.3860000000000001,1.4693402960270032,False
2025-06-02,5,2193681000,1.739,0,1.485,0.254,0.254,1.9136813059837774,False
2025-06-02,6,2193681000,0.0,0,0.0,0.0,0.0,0.0,False
2025-06-02,7,2193681000,0.001,0,0.001,0.0,0.0,0.0,False
2025-06-02,8,2193681000,0.0,0,0.0,0.0,0.0,0.0,False
2025-06-02,9,2193681000,0.001,0,0.001,0.0,0.0,0.0,False
2025-06-02,10,2193681000,0.001,0,0.001,0.0,0.0,0.0,False
2025-06-02,11,2193681000,0.0,0,0.0,0.0,0.0,0.0,False
2025-06-02,12,2193681000,0.001,0,0.001,0.0,0.0,0.0,False
2025-06-02,13,2193681000,0.0,0,0.0,0.0,0.0,0.0,False
2025-06-02,14,2193681000,0.001,0,0.001,0.0,0.0,0.0,False
2025-06-02,15,2193681000,0.0,0,0.0,0.0,0.0,0.0,False
2025-06-02,16,2193681000,0.001,0,0.001,0.0,0.0,0.0,False
2025-06-02,17,2193681000,0.0,0,0.0,0.0,0.0,0.0,False
2025-06-02,18,2193681000,0.001,0,0.001,0.0,0.0,0.0,False
2025-06-02,19,2193681000,0.0,0,0.0,0.0,0.0,0.0,False
2025-06-02,20,2193681000,5.553,0,4.446,1.1070000000000002,1.1070000000000002,1.9764317128075346,False
2025-06-02,21,2193681000,6.867,0,6.568,0.2990000000000004,0.2990000000000004,1.2791635057740673,False
2025-06-02,22,2193681000,6.998,0,6.644,0.3540000000000001,0.3540000000000001,1.4297293889723344,False
2025-06-02,23,2193681000,7.087,0,6.684,0.4029999999999996,0.4029999999999996,1.7012809769782282,False
2025-06-03,0,2193681000,6.983,0,6.747,0.23599999999999977,0.23599999999999977,1.0611483466569196,False
2025-06-03,1,2193681000,7.099,0,6.781,0.3180000000000005,0.3180000000000005,1.3169203737805244,False
2025-06-03,2,2193681000,7.174,0,6.812,0.3620000000000001,0.3620000000000001,1.5077150862020987,False
2025-06-03,3,2193681000,7.212,0,6.83,0.3819999999999997,0.3819999999999997,1.4893967107985915,False
2025-06-03,4,2193681000,7.247,0,6.846,0.4009999999999998,0.4009999999999998,1.5264390121938545,False
2025-06-03,5,2193681000,1.751,0,1.485,0.2659999999999998,0.2659999999999998,2.004091446423954,False
2025-06-03,6,2193681000,0.0,0,0.0,0.0,0.0,0.0,False
2025-06-03,7,2193681000,0.001,0,0.001,0.0,0.0,0.0,False
2025-06-03,8,2193681000,0.0,0,0.0,0.0,0.0,0.0,False
2025-06-03,9,2193681000,0.001,0,0.001,0.0,0.0,0.0,False
2025-06-03,10,2193681000,0.001,0,0.001,0.0,0.0,0.0,False
2025-06-03,11,2193681000,0.0,0,0.0,0.0,0.0,0.0,False
2025-06-03,12,2193681000,0.001,0,0.001,0.0,0.0,0.0,False
2025-06-03,13,2193681000,0.0,0,0.0,0.0,0.0,0.0,False
2025-06-03,14,2193681000,0.001,0,0.001,0.0,0.0,0.0,False
2025-06-03,15,2193681000,0.0,0,0.0,0.0,0.0,0.0,False
2025-06-03,16,2193681000,0.001,0,0.001,0.0,0.0,0.0,False
2025-06-03,17,2193681000,0.0,0,0.0,0.0,0.0,0.0,False
2025-06-03,18,2193681000,0.001,0,0.001,0.0,0.0,0.0,False
2025-06-03,19,2193681000,0.001,0,0.0,0.001,0.001,2.485244432283304,False
2025-06-03,20,2193681000,5.493,0,4.446,1.0470000000000006,1.0470000000000006,1.8693080427366664,False
2025-06-03,21,2193681000,6.94,0,6.568,0.3720000000000008,0.3720000000000008,1.5914676392908143,False
2025-06-03,22,2193681000,7.046,0,6.644,0.40200000000000014,0.40200000000000014,1.6235910010363799,False
2025-06-03,23,2193681000,7.073,0,6.684,0.38900000000000023,0.38900000000000023,1.6421794045770022,False
2025-06-04,0,2193681000,7.073,0,6.747,0.3260000000000005,0.3260000000000005,1.4658235636023589,False
2025-06-04,1,2193681000,7.177,0,6.781,0.3959999999999999,0.3959999999999999,1.639938578670084,False
2025-06-04,2,2193681000,7.194,0,6.812,0.3819999999999997,0.3819999999999997,1.591014262235362,False
2025-06-04,3,2193681000,7.233,0,6.83,0.4029999999999996,0.4029999999999996,1.5712745404498225,False
2025-06-04,4,2193681000,7.247,0,6.846,0.4009999999999998,0.4009999999999998,1.5264390121938545,False
2025-06-04,5,2193681000,1.627,0,1.485,0.1419999999999999,0.1419999999999999,1.069853328542111,False
2025-06-04,6,2193681000,0.0,0,0.0,0.0,0.0,0.0,False
2025-06-04,7,2193681000,0.001,0,0.001,0.0,0.0,0.0,False
2025-06-04,8,2193681000,0.0,0,0.0,0.0,0.0,0.0,False
2025-06-04,9,2193681000,0.001,0,0.001,0.0,0.0,0.0,False
2025-06-04,10,2193681000,0.001,0,0.001,0.0,0.0,0.0,False
2025-06-04,11,2193681000,0.0,0,0.0,0.0,0.0,0.0,False
2025-06-04,12,2193681000,0.001,0,0.001,0.0,0.0,0.0,False
2025-06-04,13,2193681000,0.0,0,0.0,0.0,0.0,0.0,False
2025-06-04,14,2193681000,0.001,0,0.001,0.0,0.0,0.0,False
2025-06-04,15,2193681000,0.0,0,0.0,0.0,0.0,0.0,False
2025-06-04,16,2193681000,0.001,0,0.001,0.0,0.0,0.0,False
2025-06-04,17,2193681000,0.0,0,0.0,0.0,0.0,0.0,False
2025-06-04,18,2193681000,0.001,0,0.001,0.0,0.0,0.0,False
2025-06-04,19,2193681000,0.0,0,0.0,0.0,0.0,0.0,False
2025-06-04,20,2193681000,5.367,0,4.446,0.9210000000000003,0.9210000000000003,1.6443483355878405,False
2025-06-04,21,2193681000,6.893,0,6.568,0.3250000000000002,0.3250000000000002,1.3903951149718115,False
2025-06-04,22,2193681000,7.047,0,6.644,0.4029999999999996,0.4029999999999996,1.6276297846210452,False
2025-06-04,23,2193681000,7.011,0,6.684,0.32699999999999996,0.32699999999999996,1.3804438696572734,False
2025-06-05,0,2193681000,7.082,0,6.747,0.33499999999999996,0.33499999999999996,1.5062910852969,False
2025-06-05,1,2193681000,7.197,0,6.781,0.41600000000000037,0.41600000000000037,1.7227637594109992,False
2025-06-05,2,2193681000,7.202,0,6.812,0.3899999999999997,0.3899999999999997,1.624333932648668,False
2025-06-05,3,2193681000,7.261,0,6.83,0.43100000000000005,0.43100000000000005,1.6804449799847998,False
2025-06-05,4,2193681000,7.351,0,6.846,0.5049999999999999,0.5049999999999999,1.9223234442840318,False
2025-06-05,5,2193681000,1.65,0,1.485,0.1649999999999998,0.1649999999999998,1.2431394310524524,False
2025-06-05,6,2193681000,0.0,0,0.0,0.0,0.0,0.0,False
2025-06-05,7,2193681000,0.001,0,0.001,0.0,0.0,0.0,False
2025-06-05,8,2193681000,0.0,0,0.0,0.0,0.0,0.0,False
2025-06-05,9,2193681000,0.001,0,0.001,0.0,0.0,0.0,False
2025-06-05,10,2193681000,0.001,0,0.001,0.0,0.0,0.0,False
2025-06-05,11,2193681000,0.0,0,0.0,0.0,0.0,0.0,False
2025-06-05,12,2193681000,0.001,0,0.001,0.0,0.0,0.0,False
2025-06-05,13,2193681000,0.0,0,0.0,0.0,0.0,0.0,False
2025-06-05,14,2193681000,0.001,0,0.001,0.0,0.0,0.0,False
2025-06-05,15,2193681000,0.0,0,0.0,0.0,0.0,0.0,False
2025-06-05,16,2193681000,0.001,0,0.001,0.0,0.0,0.0,False
2025-06-05,17,2193681000,0.0,0,0.0,0.0,0.0,0.0,False
2025-06-05,18,2193681000,0.001,0,0.001,0.0,0.0,0.0,False
2025-06-05,19,2193681000,0.001,0,0.0,0.001,0.001,2.485244432283304,False
2025-06-05,20,2193681000,5.372,0,4.446,0.9260000000000002,0.9260000000000002,1.6532753080937461,False
2025-06-05,21,2193681000,6.902,0,6.568,0.3340000000000005,0.3340000000000005,1.4288983643094937,False
2025-06-05,22,2193681000,6.955,0,6.644,0.31099999999999994,0.31099999999999994,1.2560616948316266,False
2025-06-05,23,2193681000,7.023,0,6.684,0.3389999999999995,0.3389999999999995,1.4311023602868962,False
2025-06-06,0,2193681000,7.041,0,6.747,0.2940000000000005,0.2940000000000005,1.3219390420217594,False
2025-06-06,1,2193681000,7.17,0,6.781,0.38900000000000023,0.38900000000000023,1.6109497654107656,False
2025-06-06,2,2193681000,7.224,0,6.812,0.4119999999999999,0.4119999999999999,1.7159630262852605,False
2025-06-06,3,2193681000,7.25,0,6.83,0.41999999999999993,0.41999999999999993,1.6375565930246303,False
2025-06-06,4,2193681000,7.27,0,6.846,0.4239999999999995,0.4239999999999995,1.613990376983027,False
2025-06-06,5,2193681000,1.627,0,1.485,0.1419999999999999,0.1419999999999999,1.069853328542111,False
2025-06-06,6,2193681000,0.0,0,0.0,0.0,0.0,0.0,False
2025-06-06,7,2193681000,0.001,0,0.001,0.0,0.0,0.0,False
2025-06-06,8,2193681000,0.001,0,0.0,0.001,0.001,4.582554695052074,True
2025-06-06,9,2193681000,0.0,0,0.001,-0.001,0.001,-0.07630210917475772,False
2025-06-06,10,2193681000,0.001,0,0.001,0.0,0.0,0.0,False
2025-06-06,11,2193681000,0.0,0,0.0,0.0,0.0,0.0,False
2025-06-06,12,2193681000,0.001,0,0.001,0.0,0.0,0.0,False
2025-06-06,13,2193681000,0.0,0,0.0,0.0,0.0,0.0,False
2025-06-06,14,2193681000,0.001,0,0.001,0.0,0.0,0.0,False
2025-06-06,15,2193681000,0.0,0,0.0,0.0,0.0,0.0,False
2025-06-06,16,2193681000,0.001,0,0.001,0.0,0.0,0.0,False
2025-06-06,17,2193681000,0.0,0,0.0,0.0,0.0,0.0,False
2025-06-06,18,2193681000,0.001,0,0.001,0.0,0.0,0.0,False
2025-06-06,19,2193681000,0.001,0,0.0,0.001,0.001,2.485244432283304,False
2025-06-06,20,2193681000,5.338,0,4.446,0.8920000000000003,0.8920000000000003,1.5925718950535874,False
2025-06-06,21,2193681000,7.029,0,6.568,0.4610000000000003,0.4610000000000003,1.9722219938523233,False
2025-06-06,22,2193681000,7.12,0,6.644,0.476,0.476,1.9224609863017823,False
2025-06-06,23,2193681000,7.144,0,6.684,0.45999999999999996,0.45999999999999996,1.9419088074689472,False
2025-06-07,0,2193681000,7.038,0,6.628,0.41000000000000014,0.41000000000000014,1.6297267059121696,False
2025-06-07,1,2193681000,7.164,0,6.712,0.45199999999999996,0.45199999999999996,1.74478326943337,False
2025-06-07,2,2193681000,7.251,0,6.799,0.45199999999999996,0.45199999999999996,1.7570361731778155,False
2025-06-07,3,2193681000,7.213,0,6.851,0.3620000000000001,0.3620000000000001,1.461314447348074,False
2025-06-07,4,2193681000,7.249,0,6.861,0.3879999999999999,0.3879999999999999,1.503331204807133,False
2025-06-07,5,2193681000,1.493,0,1.493,0.0,0.0,0.0,False
2025-06-07,6,2193681000,0.0,0,0.0,0.0,0.0,0.0,False
2025-06-07,7,2193681000,0.001,0,0.001,0.0,0.0,0.0,False
2025-06-07,8,2193681000,0.0,0,0.0,0.0,0.0,0.0,False
2025-06-07,9,2193681000,0.001,0,0.001,0.0,0.0,0.0,False
2025-06-07,10,2193681000,0.001,0,0.001,0.0,0.0,0.0,False
2025-06-07,11,2193681000,0.0,0,0.0,0.0,0.0,0.0,False
2025-06-07,12,2193681000,0.001,0,0.001,0.0,0.0,0.0,False
2025-06-07,13,2193681000,0.0,0,0.0,0.0,0.0,0.0,False
2025-06-07,14,2193681000,0.001,0,0.001,0.0,0.0,0.0,False
2025-06-07,15,2193681000,0.0,0,0.0,0.0,0.0,0.0,False
2025-06-07,16,2193681000,0.001,0,0.001,0.0,0.0,0.0,False
2025-06-07,17,2193681000,0.0,0,0.0,0.0,0.0,0.0,False
2025-06-07,18,2193681000,0.001,0,0.001,0.0,0.0,0.0,False
2025-06-07,19,2193681000,0.001,0,0.0,0.001,0.001,1.999996000008,False
2025-06-07,20,2193681000,5.362,0,4.559,0.8029999999999999,0.8029999999999999,1.5475939478269336,False
2025-06-07,21,2193681000,7.014,0,6.621,0.3929999999999998,0.3929999999999998,1.9240621539318956,False
2025-06-07,22,2193681000,7.103,0,6.689,0.4139999999999997,0.4139999999999997,2.022328617254081,False
2025-06-07,23,2193681000,7.13,0,6.741,0.38900000000000023,0.38900000000000023,1.9452262710742332,False
2025-06-08,0,2193681000,7.108,0,6.628,0.47999999999999954,0.47999999999999954,1.9079727288727812,False
2025-06-08,1,2193681000,7.233,0,6.712,0.5209999999999999,0.5209999999999999,2.0111329278203223,False
2025-06-08,2,2193681000,7.167,0,6.799,0.36799999999999944,0.36799999999999944,1.4305073268350337,False
2025-06-08,3,2193681000,7.226,0,6.851,0.375,0.375,1.5137925904848828,False
2025-06-08,4,2193681000,7.262,0,6.861,0.4009999999999998,0.4009999999999998,1.5537005492980933,False
2025-06-08,5,2193681000,1.498,0,1.493,0.004999999999999893,0.004999999999999893,0.02422433665011642,False
2025-06-08,6,2193681000,0.0,0,0.0,0.0,0.0,0.0,False
2025-06-08,7,2193681000,0.001,0,0.001,0.0,0.0,0.0,False
2025-06-08,8,2193681000,0.001,0,0.0,0.001,0.001,2.9999910000269994,True
2025-06-08,9,2193681000,0.0,0,0.001,-0.001,0.001,-2.9999910000269994,True
2025-06-08,10,2193681000,0.001,0,0.001,0.0,0.0,0.0,False
2025-06-08,11,2193681000,0.0,0,0.0,0.0,0.0,0.0,False
2025-06-08,12,2193681000,0.001,0,0.001,0.0,0.0,0.0,False
2025-06-08,13,2193681000,0.0,0,0.0,0.0,0.0,0.0,False
2025-06-08,14,2193681000,0.001,0,0.001,0.0,0.0,0.0,False
2025-06-08,15,2193681000,0.0,0,0.0,0.0,0.0,0.0,False
2025-06-08,16,2193681000,0.001,0,0.001,0.0,0.0,0.0,False
2025-06-08,17,2193681000,0.0,0,0.0,0.0,0.0,0.0,False
2025-06-08,18,2193681000,0.001,0,0.001,0.0,0.0,0.0,False
2025-06-08,19,2193681000,0.001,0,0.0,0.001,0.001,1.999996000008,False
2025-06-08,20,2193681000,5.158,0,4.559,0.5990000000000002,0.5990000000000002,1.1544318490016607,False
2025-06-08,21,2193681000,6.89,0,6.621,0.26899999999999924,0.26899999999999924,1.3169789297905312,False
2025-06-08,22,2193681000,6.975,0,6.689,0.2859999999999996,0.2859999999999996,1.3970675954943643,False
2025-06-08,23,2193681000,7.04,0,6.741,0.2990000000000004,0.2990000000000004,1.495173920440093,False
2025-06-09,0,2193681000,7.077,0,6.747,0.33000000000000007,0.33000000000000007,1.4838091287999318,False
2025-06-09,1,2193681000,7.157,0,6.781,0.37600000000000033,0.37600000000000033,1.5571133979291722,False
2025-06-09,2,2193681000,7.23,0,6.812,0.41800000000000015,0.41800000000000015,1.740952779095241,False
2025-06-09,3,2193681000,7.298,0,6.83,0.46799999999999997,0.46799999999999997,1.824705917941731,False
2025-06-09,4,2193681000,7.348,0,6.846,0.5019999999999998,0.5019999999999998,1.9109037010506609,False
2025-06-09,5,2193681000,1.513,0,1.485,0.027999999999999803,0.027999999999999803,0.2109569943604149,False
2025-06-09,6,2193681000,0.0,0,0.0,0.0,0.0,0.0,False
2025-06-09,7,2193681000,0.001,0,0.001,0.0,0.0,0.0,False
2025-06-09,8,2193681000,0.0,0,0.0,0.0,0.0,0.0,False
2025-06-09,9,2193681000,0.001,0,0.001,0.0,0.0,0.0,False
2025-06-09,10,2193681000,0.001,0,0.001,0.0,0.0,0.0,False
2025-06-09,11,2193681000,0.0,0,0.0,0.0,0.0,0.0,False
2025-06-09,12,2193681000,0.001,0,0.001,0.0,0.0,0.0,False
2025-06-09,13,2193681000,0.0,0,0.0,0.0,0.0,0.0,False
2025-06-09,14,2193681000,0.001,0,0.001,0.0,0.0,0.0,False
2025-06-09,15,2193681000,0.0,0,0.0,0.0,0.0,0.0,False
2025-06-09,16,2193681000,0.001,0,0.001,0.0,0.0,0.0,False
2025-06-09,17,2193681000,0.0,0,0.0,0.0,0.0,0.0,False
2025-06-09,18,2193681000,0.001,0,0.001,0.0,0.0,0.0,False
2025-06-09,19,2193681000,0.001,0,0.0,0.001,0.001,2.485244432283304,False
2025-06-09,20,2193681000,5.064,0,4.446,0.6180000000000003,0.6180000000000003,1.103373801729952,False
2025-06-09,21,2193681000,6.901,0,6.568,0.3330000000000002,0.3330000000000002,1.4246202254941944,False
2025-06-09,22,2193681000,7.037,0,6.644,0.3929999999999998,0.3929999999999998,1.5872419487743699,False
2025-06-09,23,2193681000,7.135,0,6.684,0.4509999999999996,0.4509999999999996,1.9039149394967272,False
2025-06-10,0,2193681000,7.036,0,6.747,0.2889999999999997,0.2889999999999997,1.2994570855247871,False
2025-06-10,1,2193681000,7.141,0,6.781,0.3600000000000003,0.3600000000000003,1.4908532533364416,False
2025-06-10,2,2193681000,7.207,0,6.812,0.3949999999999996,0.3949999999999996,1.6451587266569838,False
2025-06-10,3,2193681000,7.24,0,6.83,0.41000000000000014,0.41000000000000014,1.5985671503335686,False
2025-06-10,4,2193681000,7.251,0,6.846,0.40500000000000025,0.40500000000000025,1.5416653365050168,False
2025-06-10,5,2193681000,1.486,0,1.485,0.0009999999999998899,0.0009999999999998899,0.007534178370014042,False
2025-06-10,6,2193681000,0.0,0,0.0,0.0,0.0,0.0,False
2025-06-10,7,2193681000,0.001,0,0.001,0.0,0.0,0.0,False
2025-06-10,8,2193681000,0.0,0,0.0,0.0,0.0,0.0,False
2025-06-10,9,2193681000,0.001,0,0.001,0.0,0.0,0.0,False
2025-06-10,10,2193681000,0.001,0,0.001,0.0,0.0,0.0,False
2025-06-10,11,2193681000,0.0,0,0.0,0.0,0.0,0.0,False
2025-06-10,12,2193681000,0.001,0,0.001,0.0,0.0,0.0,False
2025-06-10,13,2193681000,0.0,0,0.0,0.0,0.0,0.0,False
2025-06-10,14,2193681000,0.001,0,0.001,0.0,0.0,0.0,False
2025-06-10,15,2193681000,0.0,0,0.0,0.0,0.0,0.0,False
2025-06-10,16,2193681000,0.001,0,0.001,0.0,0.0,0.0,False
2025-06-10,17,2193681000,0.0,0,0.0,0.0,0.0,0.0,False
2025-06-10,18,2193681000,0.001,0,0.001,0.0,0.0,0.0,False
2025-06-10,19,2193681000,0.0,0,0.0,0.0,0.0,0.0,False
2025-06-10,20,2193681000,5.104,0,4.446,0.6580000000000004,0.6580000000000004,1.174789581777198,False
2025-06-10,21,2193681000,6.995,0,6.568,0.4270000000000005,0.4270000000000005,1.8267652741321962,False
2025-06-10,22,2193681000,7.105,0,6.644,0.4610000000000003,0.4610000000000003,1.8618792325317695,False
2025-06-10,23,2193681000,7.094,0,6.684,0.41000000000000014,0.41000000000000014,1.730831763178845,False
2025-06-11,0,2193681000,7.116,0,6.747,0.3689999999999998,0.3689999999999998,1.659168389476286,False
2025-06-11,1,2193681000,7.15,0,6.781,0.36900000000000066,0.36900000000000066,1.528124584669854,False
2025-06-11,2,2193681000,7.192,0,6.812,0.3799999999999999,0.3799999999999999,1.5826843446320364,False
2025-06-11,3,2193681000,7.216,0,6.83,0.3860000000000001,0.3860000000000001,1.5049924878750183,False
2025-06-11,4,2193681000,7.251,0,6.846,0.40500000000000025,0.40500000000000025,1.5416653365050168,False
2025-06-11,5,2193681000,1.485,0,1.485,0.0,0.0,0.0,False
2025-06-11,6,2193681000,0.0,0,0.0,0.0,0.0,0.0,False
2025-06-11,7,2193681000,0.001,0,0.001,0.0,0.0,0.0,False
2025-06-11,8,2193681000,0.0,0,0.0,0.0,0.0,0.0,False
2025-06-11,9,2193681000,0.001,0,0.001,0.0,0.0,0.0,False
2025-06-11,10,2193681000,0.001,0,0.001,0.0,0.0,0.0,False
2025-06-11,11,2193681000,0.0,0,0.0,0.0,0.0,0.0,False
2025-06-11,12,2193681000,0.001,0,0.001,0.0,0.0,0.0,False
2025-06-11,13,2193681000,0.0,0,0.0,0.0,0.0,0.0,False
2025-06-11,14,2193681000,0.001,0,0.001,0.0,0.0,0.0,False
2025-06-11,15,2193681000,0.0,0,0.0,0.0,0.0,0.0,False
2025-06-11,16,2193681000,0.001,0,0.001,0.0,0.0,0.0,False
2025-06-11,17,2193681000,0.0,0,0.0,0.0,0.0,0.0,False
2025-06-11,18,2193681000,0.001,0,0.001,0.0,0.0,0.0,False
2025-06-11,19,2193681000,0.0,0,0.0,0.0,0.0,0.0,False
2025-06-11,20,2193681000,5.499,0,4.446,1.053,1.053,1.880020409743752,False
2025-06-11,21,2193681000,6.568,0,6.568,0.0,0.0,0.0,False
2025-06-11,22,2193681000,6.644,0,6.644,0.0,0.0,0.0,False
2025-06-11,23,2193681000,6.675,0,6.684,-0.009000000000000341,0.009000000000000341,-0.03799386797221998,False
2025-06-12,0,2193681000,6.623,0,6.747,-0.12399999999999967,0.12399999999999967,-0.5575525211248212,False
2025-06-12,1,2193681000,6.717,0,6.781,-0.06400000000000006,0.06400000000000006,-0.26504057837092293,False
2025-06-12,2,2193681000,6.8,0,6.812,-0.012000000000000455,0.012000000000000455,-0.04997950561996095,False
2025-06-12,3,2193681000,6.676,0,6.83,-0.15399999999999991,0.15399999999999991,-0.6004374174423642,False
2025-06-12,4,2193681000,6.82,0,6.846,-0.0259999999999998,0.0259999999999998,-0.09897110802254348,False
2025-06-12,5,2193681000,1.399,0,1.485,-0.08600000000000008,0.08600000000000008,-0.6479393398212795,False
2025-06-12,6,2193681000,0.0,0,0.0,0.0,0.0,0.0,False
2025-06-12,7,2193681000,0.001,0,0.001,0.0,0.0,0.0,False
2025-06-12,8,2193681000,0.0,0,0.0,0.0,0.0,0.0,False
2025-06-12,9,2193681000,0.001,0,0.001,0.0,0.0,0.0,False
2025-06-12,10,2193681000,0.001,0,0.001,0.0,0.0,0.0,False
2025-06-12,11,2193681000,0.0,0,0.0,0.0,0.0,0.0,False
2025-06-12,12,2193681000,0.001,0,0.001,0.0,0.0,0.0,False
2025-06-12,13,2193681000,0.0,0,0.0,0.0,0.0,0.0,False
2025-06-12,14,2193681000,0.001,0,0.001,0.0,0.0,0.0,False
2025-06-12,15,2193681000,0.0,0,0.0,0.0,0.0,0.0,False
2025-06-12,16,2193681000,0.001,0,0.001,0.0,0.0,0.0,False
2025-06-12,17,2193681000,0.0,0,0.0,0.0,0.0,0.0,False
2025-06-12,18,2193681000,0.001,0,0.001,0.0,0.0,0.0,False
2025-06-12,19,2193681000,0.0,0,0.0,0.0,0.0,0.0,False
2025-06-12,20,2193681000,5.468,0,4.446,1.0220000000000002,1.0220000000000002,1.824673180207137,False
2025-06-12,21,2193681000,6.722,0,6.568,0.1540000000000008,0.1540000000000008,0.6588333775558768,False
2025-06-12,22,2193681000,6.749,0,6.644,0.10499999999999954,0.10499999999999954,0.4240722763900972,False
2025-06-12,23,2193681000,6.775,0,6.684,0.09100000000000019,0.09100000000000019,0.3841602206079882,False
2025-06-13,0,2193681000,6.828,0,6.747,0.0810000000000004,0.0810000000000004,0.36420769525089414,False
2025-06-13,1,2193681000,6.821,0,6.781,0.040000000000000036,0.040000000000000036,0.16565036148182685,False
2025-06-13,2,2193681000,6.805,0,6.812,-0.007000000000000561,0.007000000000000561,-0.02915471161164512,False
2025-06-13,3,2193681000,6.83,0,6.83,0.0,0.0,0.0,False
2025-06-13,4,2193681000,6.846,0,6.846,0.0,0.0,0.0,False
2025-06-13,5,2193681000,1.397,0,1.485,-0.08800000000000008,0.08800000000000008,-0.6630076965613093,False
2025-06-13,6,2193681000,0.0,0,0.0,0.0,0.0,0.0,False
2025-06-13,7,2193681000,0.001,0,0.001,0.0,0.0,0.0,False
2025-06-13,8,2193681000,0.0,0,0.0,0.0,0.0,0.0,False
2025-06-13,9,2193681000,0.001,0,0.001,0.0,0.0,0.0,False
2025-06-13,10,2193681000,0.001,0,0.001,0.0,0.0,0.0,False
2025-06-13,11,2193681000,0.0,0,0.0,0.0,0.0,0.0,False
2025-06-13,12,2193681000,0.001,0,0.001,0.0,0.0,0.0,False
2025-06-13,13,2193681000,0.0,0,0.0,0.0,0.0,0.0,False
2025-06-13,14,2193681000,0.001,0,0.001,0.0,0.0,0.0,False
2025-06-13,15,2193681000,0.0,0,0.0,0.0,0.0,0.0,False
2025-06-13,16,2193681000,0.001,0,0.001,0.0,0.0,0.0,False
2025-06-13,17,2193681000,0.0,0,0.0,0.0,0.0,0.0,False
2025-06-13,18,2193681000,0.001,0,0.001,0.0,0.0,0.0,False
2025-06-13,19,2193681000,0.0,0,0.0,0.0,0.0,0.0,False
2025-06-13,20,2193681000,4.775,0,4.446,0.3290000000000006,0.3290000000000006,0.5873947908885998,False
2025-06-13,21,2193681000,6.62,0,6.568,0.05200000000000049,0.05200000000000049,0.2224632183954918,False
2025-06-13,22,2193681000,6.701,0,6.644,0.056999999999999496,0.056999999999999496,0.23021066432605175,False
2025-06-13,23,2193681000,6.742,0,6.684,0.05799999999999983,0.05799999999999983,0.24484937137651874,False
2025-06-14,0,2193681000,6.628,0,6.628,0.0,0.0,0.0,False
2025-06-14,1,2193681000,6.712,0,6.712,0.0,0.0,0.0,False
2025-06-14,2,2193681000,6.799,0,6.799,0.0,0.0,0.0,False
2025-06-14,3,2193681000,6.851,0,6.851,0.0,0.0,0.0,False
2025-06-14,4,2193681000,6.774,0,6.861,-0.08699999999999974,0.08699999999999974,-0.3370871515933511,False
2025-06-14,5,2193681000,1.268,0,1.493,-0.2250000000000001,0.2250000000000001,-1.0900951492552626,False
2025-06-14,6,2193681000,0.0,0,0.0,0.0,0.0,0.0,False
2025-06-14,7,2193681000,0.001,0,0.001,0.0,0.0,0.0,False
2025-06-14,8,2193681000,0.0,0,0.0,0.0,0.0,0.0,False
2025-06-14,9,2193681000,0.001,0,0.001,0.0,0.0,0.0,False
2025-06-14,10,2193681000,0.001,0,0.001,0.0,0.0,0.0,False
2025-06-14,11,2193681000,0.0,0,0.0,0.0,0.0,0.0,False
2025-06-14,12,2193681000,0.001,0,0.001,0.0,0.0,0.0,False
2025-06-14,13,2193681000,0.0,0,0.0,0.0,0.0,0.0,False
2025-06-14,14,2193681000,0.001,0,0.001,0.0,0.0,0.0,False
2025-06-14,15,2193681000,0.0,0,0.0,0.0,0.0,0.0,False
2025-06-14,16,2193681000,0.001,0,0.001,0.0,0.0,0.0,False
2025-06-14,17,2193681000,0.0,0,0.0,0.0,0.0,0.0,False
2025-06-14,18,2193681000,0.001,0,0.001,0.0,0.0,0.0,False
2025-06-14,19,2193681000,0.0,0,0.0,0.0,0.0,0.0,False
2025-06-14,20,2193681000,4.707,0,4.559,0.1479999999999997,0.1479999999999997,0.28523524816735457,False
2025-06-14,21,2193681000,6.621,0,6.621,0.0,0.0,0.0,False
2025-06-14,22,2193681000,6.704,0,6.689,0.01499999999999968,0.01499999999999968,0.0732727759874652,False
2025-06-14,23,2193681000,6.692,0,6.741,-0.04899999999999949,0.04899999999999949,-0.2450285020119187,False
2025-06-15,0,2193681000,6.604,0,6.628,-0.02400000000000002,0.02400000000000002,-0.09539863644363925,False
2025-06-15,1,2193681000,6.703,0,6.712,-0.008999999999999453,0.008999999999999453,-0.034741259789600396,False
2025-06-15,2,2193681000,6.745,0,6.799,-0.05400000000000027,0.05400000000000027,-0.20991140122035956,False
2025-06-15,3,2193681000,6.881,0,6.851,0.03000000000000025,0.03000000000000025,0.12110340723879162,False
2025-06-15,4,2193681000,6.815,0,6.861,-0.045999999999999375,0.045999999999999375,-0.17822998819878144,False
2025-06-15,5,2193681000,1.278,0,1.493,-0.21500000000000008,0.21500000000000008,-1.0416464759550286,False
2025-06-15,6,2193681000,0.0,0,0.0,0.0,0.0,0.0,False
2025-06-15,7,2193681000,0.001,0,0.001,0.0,0.0,0.0,False
2025-06-15,8,2193681000,0.0,0,0.0,0.0,0.0,0.0,False
2025-06-15,9,2193681000,0.001,0,0.001,0.0,0.0,0.0,False
2025-06-15,10,2193681000,0.001,0,0.001,0.0,0.0,0.0,False
2025-06-15,11,2193681000,0.0,0,0.0,0.0,0.0,0.0,False
2025-06-15,12,2193681000,0.001,0,0.001,0.0,0.0,0.0,False
2025-06-15,13,2193681000,0.0,0,0.0,0.0,0.0,0.0,False
2025-06-15,14,2193681000,0.001,0,0.001,0.0,0.0,0.0,False
2025-06-15,15,2193681000,0.0,0,0.0,0.0,0.0,0.0,False
2025-06-15,16,2193681000,0.001,0,0.001,0.0,0.0,0.0,False
2025-06-15,17,2193681000,0.0,0,0.0,0.0,0.0,0.0,False
2025-06-15,18,2193681000,0.001,0,0.001,0.0,0.0,0.0,False
2025-06-15,19,2193681000,0.0,0,0.0,0.0,0.0,0.0,False
2025-06-15,20,2193681000,4.559,0,4.559,0.0,0.0,0.0,False
2025-06-15,21,2193681000,6.498,0,6.621,-0.12300000000000022,0.12300000000000022,-0.60218739168861,False
2025-06-15,22,2193681000,6.617,0,6.689,-0.07200000000000006,0.07200000000000006,-0.3517093247398408,False
2025-06-15,23,2193681000,6.7,0,6.741,-0.04099999999999948,0.04099999999999948,-0.20502384862221723,False
2025-06-16,0,2193681000,6.747,0,6.747,0.0,0.0,0.0,False
2025-06-16,1,2193681000,6.763,0,6.781,-0.017999999999999794,0.017999999999999794,-0.07454266266682116,False
2025-06-16,2,2193681000,6.812,0,6.812,0.0,0.0,0.0,False
2025-06-16,3,2193681000,6.766,0,6.83,-0.06400000000000006,0.06400000000000006,-0.24953243322280108,False
2025-06-16,4,2193681000,6.725,0,6.846,-0.12100000000000044,0.12100000000000044,-0.4605963104126114,False
2025-06-16,5,2193681000,1.364,0,1.485,-0.121,0.121,-0.9116355827717993,False
2025-06-16,6,2193681000,0.0,0,0.0,0.0,0.0,0.0,False
2025-06-16,7,2193681000,0.001,0,0.001,0.0,0.0,0.0,False
2025-06-16,8,2193681000,0.0,0,0.0,0.0,0.0,0.0,False
2025-06-16,9,2193681000,0.001,0,0.001,0.0,0.0,0.0,False
2025-06-16,10,2193681000,0.001,0,0.001,0.0,0.0,0.0,False
2025-06-16,11,2193681000,0.0,0,0.0,0.0,0.0,0.0,False
2025-06-16,12,2193681000,0.001,0,0.001,0.0,0.0,0.0,False
2025-06-16,13,2193681000,0.0,0,0.0,0.0,0.0,0.0,False
2025-06-16,14,2193681000,0.001,0,0.001,0.0,0.0,0.0,False
2025-06-16,15,2193681000,0.0,0,0.0,0.0,0.0,0.0,False
2025-06-16,16,2193681000,0.001,0,0.001,0.0,0.0,0.0,False
2025-06-16,17,2193681000,0.0,0,0.0,0.0,0.0,0.0,False
2025-06-16,18,2193681000,0.001,0,0.001,0.0,0.0,0.0,False
2025-06-16,19,2193681000,0.0,0,0.0,0.0,0.0,0.0,False
2025-06-16,20,2193681000,4.446,0,4.446,0.0,0.0,0.0,False
2025-06-16,21,2193681000,6.514,0,6.568,-0.05399999999999938,0.05399999999999938,-0.23101949602608282,False
2025-06-16,22,2193681000,6.572,0,6.644,-0.07200000000000006,0.07200000000000006,-0.2907924180960682,False
2025-06-16,23,2193681000,6.612,0,6.684,-0.07200000000000006,0.07200000000000006,-0.30395094377774856,False
2025-06-17,0,2193681000,6.637,0,6.747,-0.11000000000000032,0.11000000000000032,-0.494603042933312,False
2025-06-17,1,2193681000,6.676,0,6.781,-0.10499999999999954,0.10499999999999954,-0.43483219888979313,False
2025-06-17,2,2193681000,6.716,0,6.812,-0.09600000000000009,0.09600000000000009,-0.3998360449596728,False
2025-06-17,3,2193681000,6.733,0,6.83,-0.09700000000000042,0.09700000000000042,-0.37819759410330916,False
2025-06-17,4,2193681000,6.72,0,6.846,-0.12600000000000033,0.12600000000000033,-0.4796292158015618,False
2025-06-17,5,2193681000,1.363,0,1.485,-0.12200000000000011,0.12200000000000011,-0.9191697611418151,False
2025-06-17,6,2193681000,0.0,0,0.0,0.0,0.0,0.0,False
2025-06-17,7,2193681000,0.001,0,0.001,0.0,0.0,0.0,False
2025-06-17,8,2193681000,0.0,0,0.0,0.0,0.0,0.0,False
2025-06-17,9,2193681000,0.001,0,0.001,0.0,0.0,0.0,False
2025-06-17,10,2193681000,0.001,0,0.001,0.0,0.0,0.0,False
2025-06-17,11,2193681000,0.0,0,0.0,0.0,0.0,0.0,False
2025-06-17,12,2193681000,0.001,0,0.001,0.0,0.0,0.0,False
2025-06-17,13,2193681000,0.0,0,0.0,0.0,0.0,0.0,False
2025-06-17,14,2193681000,0.001,0,0.001,0.0,0.0,0.0,False
2025-06-17,15,2193681000,0.0,0,0.0,0.0,0.0,0.0,False
2025-06-17,16,2193681000,0.001,0,0.001,0.0,0.0,0.0,False
2025-06-17,17,2193681000,0.0,0,0.0,0.0,0.0,0.0,False
2025-06-17,18,2193681000,0.001,0,0.001,0.0,0.0,0.0,False
2025-06-17,19,2193681000,0.0,0,0.0,0.0,0.0,0.0,False
2025-06-17,20,2193681000,4.374,0,4.446,-0.07200000000000006,0.07200000000000006,-0.128548404085043,False
2025-06-17,21,2193681000,6.448,0,6.568,-0.11999999999999922,0.11999999999999922,-0.5133766578357422,False
2025-06-17,22,2193681000,6.566,0,6.644,-0.07800000000000029,0.07800000000000029,-0.31502511960407475,False
2025-06-17,23,2193681000,6.584,0,6.684,-0.10000000000000053,0.10000000000000053,-0.4221540885802082,False
2025-06-18,0,2193681000,6.558,0,6.747,-0.18900000000000006,0.18900000000000006,-0.8498179555854156,False
2025-06-18,1,2193681000,6.644,0,6.781,-0.13699999999999957,0.13699999999999957,-0.5673524880752546,False
2025-06-18,2,2193681000,6.675,0,6.812,-0.13700000000000045,0.13700000000000045,-0.5705993558278678,False
2025-06-18,3,2193681000,6.702,0,6.83,-0.1280000000000001,0.1280000000000001,-0.49906486644560216,False
2025-06-18,4,2193681000,6.731,0,6.846,-0.11500000000000021,0.11500000000000021,-0.43775682394586957,False
2025-06-18,5,2193681000,1.363,0,1.485,-0.12200000000000011,0.12200000000000011,-0.9191697611418151,False
2025-06-18,6,2193681000,0.0,0,0.0,0.0,0.0,0.0,False
2025-06-18,7,2193681000,0.001,0,0.001,0.0,0.0,0.0,False
2025-06-18,8,2193681000,0.0,0,0.0,0.0,0.0,0.0,False
2025-06-18,9,2193681000,0.001,0,0.001,0.0,0.0,0.0,False
2025-06-18,10,2193681000,0.001,0,0.001,0.0,0.0,0.0,False
2025-06-18,11,2193681000,0.0,0,0.0,0.0,0.0,0.0,False
2025-06-18,12,2193681000,0.001,0,0.001,0.0,0.0,0.0,False
2025-06-18,13,2193681000,0.0,0,0.0,0.0,0.0,0.0,False
2025-06-18,14,2193681000,0.001,0,0.001,0.0,0.0,0.0,False
2025-06-18,15,2193681000,0.0,0,0.0,0.0,0.0,0.0,False
2025-06-18,16,2193681000,0.001,0,0.001,0.0,0.0,0.0,False
2025-06-18,17,2193681000,0.0,0,0.0,0.0,0.0,0.0,False
2025-06-18,18,2193681000,0.001,0,0.001,0.0,0.0,0.0,False
2025-06-18,19,2193681000,0.0,0,0.0,0.0,0.0,0.0,False
2025-06-18,20,2193681000,4.393,0,4.446,-0.052999999999999936,0.052999999999999936,-0.09462590856260089,False
2025-06-18,21,2193681000,6.427,0,6.568,-0.14100000000000001,0.14100000000000001,-0.603217572957001,False
2025-06-18,22,2193681000,6.495,0,6.644,-0.14900000000000002,0.14900000000000002,-0.601778754115474,False
2025-06-18,23,2193681000,6.569,0,6.684,-0.11500000000000021,0.11500000000000021,-0.48547720186723775,False
2025-06-19,0,2193681000,6.603,0,6.747,-0.14400000000000013,0.14400000000000013,-0.647480347112698,False
2025-06-19,1,2193681000,6.67,0,6.781,-0.11099999999999977,0.11099999999999977,-0.4596797531120681,False
2025-06-19,2,2193681000,6.691,0,6.812,-0.12100000000000044,0.12100000000000044,-0.5039600150012556,False
2025-06-19,3,2193681000,6.726,0,6.83,-0.10400000000000009,0.10400000000000009,-0.40549020398705177,False
2025-06-19,4,2193681000,6.752,0,6.846,-0.0940000000000003,0.0940000000000003,-0.3578186213122765,False
2025-06-19,5,2193681000,1.363,0,1.485,-0.12200000000000011,0.12200000000000011,-0.9191697611418151,False
2025-06-19,6,2193681000,0.0,0,0.0,0.0,0.0,0.0,False
2025-06-19,7,2193681000,0.001,0,0.001,0.0,0.0,0.0,False
2025-06-19,8,2193681000,0.0,0,0.0,0.0,0.0,0.0,False
2025-06-19,9,2193681000,0.001,0,0.001,0.0,0.0,0.0,False
2025-06-19,10,2193681000,0.001,0,0.001,0.0,0.0,0.0,False
2025-06-19,11,2193681000,0.0,0,0.0,0.0,0.0,0.0,False
2025-06-19,12,2193681000,0.001,0,0.001,0.0,0.0,0.0,False
2025-06-19,13,2193681000,0.0,0,0.0,0.0,0.0,0.0,False
2025-06-19,14,2193681000,0.001,0,0.001,0.0,0.0,0.0,False
2025-06-19,15,2193681000,0.0,0,0.0,0.0,0.0,0.0,False
2025-06-19,16,2193681000,0.001,0,0.001,0.0,0.0,0.0,False
2025-06-19,17,2193681000,0.0,0,0.0,0.0,0.0,0.0,False
2025-06-19,18,2193681000,0.001,0,0.001,0.0,0.0,0.0,False
2025-06-19,19,2193681000,0.0,0,0.0,0.0,0.0,0.0,False
2025-06-19,20,2193681000,4.27,0,4.446,-0.17600000000000016,0.17600000000000016,-0.31422943220788285,False
2025-06-19,21,2193681000,6.393,0,6.568,-0.17499999999999982,0.17499999999999982,-0.748674292677128,False
2025-06-19,22,2193681000,6.447,0,6.644,-0.19700000000000006,0.19700000000000006,-0.7956403661795195,False
2025-06-19,23,2193681000,6.508,0,6.684,-0.17600000000000016,0.17600000000000016,-0.7429911959011631,False
2025-06-20,0,2193681000,6.535,0,6.747,-0.21199999999999974,0.21199999999999974,-0.95323495547147,False
2025-06-20,1,2193681000,6.635,0,6.781,-0.1459999999999999,0.1459999999999999,-0.604623819408667,False
2025-06-20,2,2193681000,6.693,0,6.812,-0.11900000000000066,0.11900000000000066,-0.49563009739793007,False
2025-06-20,3,2193681000,6.718,0,6.83,-0.1120000000000001,0.1120000000000001,-0.4366817581399019,False
2025-06-20,4,2193681000,6.728,0,6.846,-0.11800000000000033,0.11800000000000033,-0.4491765671792405,False
2025-06-20,5,2193681000,1.359,0,1.485,-0.1260000000000001,0.1260000000000001,-0.9493064746218746,False
2025-06-20,6,2193681000,0.0,0,0.0,0.0,0.0,0.0,False
2025-06-20,7,2193681000,0.001,0,0.001,0.0,0.0,0.0,False
2025-06-20,8,2193681000,0.0,0,0.0,0.0,0.0,0.0,False
2025-06-20,9,2193681000,0.061,0,0.001,0.06,0.06,4.578126550485463,True
2025-06-20,10,2193681000,0.001,0,0.001,0.0,0.0,0.0,False
2025-06-20,11,2193681000,0.0,0,0.0,0.0,0.0,0.0,False
2025-06-20,12,2193681000,0.001,0,0.001,0.0,0.0,0.0,False
2025-06-20,13,2193681000,0.0,0,0.0,0.0,0.0,0.0,False
2025-06-20,14,2193681000,0.001,0,0.001,0.0,0.0,0.0,False
2025-06-20,15,2193681000,0.0,0,0.0,0.0,0.0,0.0,False
2025-06-20,16,2193681000,0.001,0,0.001,0.0,0.0,0.0,False
2025-06-20,17,2193681000,0.0,0,0.0,0.0,0.0,0.0,False
2025-06-20,18,2193681000,0.001,0,0.001,0.0,0.0,0.0,False
2025-06-20,19,2193681000,0.0,0,0.0,0.0,0.0,0.0,False
2025-06-20,20,2193681000,4.207,0,4.446,-0.23899999999999988,0.23899999999999988,-0.4267092857822949,False
2025-06-20,21,2193681000,6.386,0,6.568,-0.1819999999999995,0.1819999999999995,-0.7786212643842118,False
2025-06-20,22,2193681000,6.458,0,6.644,-0.18599999999999994,0.18599999999999994,-0.7512137467481752,False
2025-06-20,23,2193681000,6.538,0,6.684,-0.1459999999999999,0.1459999999999999,-0.6163449693271003,False
2025-06-21,0,2193681000,6.503,0,6.628,-0.125,0.125,-0.49686789814395393,False
2025-06-21,1,2193681000,6.555,0,6.712,-0.15700000000000003,0.15700000000000003,-0.6060419763297327,False
2025-06-21,2,2193681000,6.647,0,6.799,-0.15200000000000014,0.15200000000000014,-0.5908617219536023,False
2025-06-21,3,2193681000,6.692,0,6.851,-0.1589999999999998,0.1589999999999998,-0.6418480583655894,False
2025-06-21,4,2193681000,6.615,0,6.861,-0.24599999999999955,0.24599999999999955,-0.9531429803674076,False
2025-06-21,5,2193681000,1.332,0,1.493,-0.16100000000000003,0.16100000000000003,-0.7800236401337655,False
2025-06-21,6,2193681000,0.0,0,0.0,0.0,0.0,0.0,False
2025-06-21,7,2193681000,0.001,0,0.001,0.0,0.0,0.0,False
2025-06-21,8,2193681000,0.0,0,0.0,0.0,0.0,0.0,False
2025-06-21,9,2193681000,0.001,0,0.001,0.0,0.0,0.0,False
2025-06-21,10,2193681000,0.0,0,0.001,-0.001,0.001,-1.8973629961078584,False
2025-06-21,11,2193681000,0.001,0,0.0,0.001,0.001,1.8973629961078584,False
2025-06-21,12,2193681000,0.001,0,0.001,0.0,0.0,0.0,False
2025-06-21,13,2193681000,0.0,0,0.0,0.0,0.0,0.0,False
2025-06-21,14,2193681000,0.001,0,0.001,0.0,0.0,0.0,False
2025-06-21,15,2193681000,0.0,0,0.0,0.0,0.0,0.0,False
2025-06-21,16,2193681000,0.001,0,0.001,0.0,0.0,0.0,False
2025-06-21,17,2193681000,0.0,0,0.0,0.0,0.0,0.0,False
2025-06-21,18,2193681000,0.001,0,0.001,0.0,0.0,0.0,False
2025-06-21,19,2193681000,0.0,0,0.0,0.0,0.0,0.0,False
2025-06-21,20,2193681000,4.319,0,4.559,-0.2400000000000002,0.2400000000000002,-0.46254364567679257,False
2025-06-21,21,2193681000,6.528,0,6.621,-0.09300000000000086,0.09300000000000086,-0.4553124181060256,False
2025-06-21,22,2193681000,6.563,0,6.689,-0.12600000000000033,0.12600000000000033,-0.6154913182947225,False
2025-06-21,23,2193681000,6.632,0,6.741,-0.10899999999999999,0.10899999999999999,-0.5450634024346819,False
2025-06-22,0,2193681000,6.613,0,6.628,-0.01499999999999968,0.01499999999999968,-0.0596241477772732,False
2025-06-22,1,2193681000,6.618,0,6.712,-0.09399999999999942,0.09399999999999942,-0.3628531578025128,False
2025-06-22,2,2193681000,6.573,0,6.799,-0.22599999999999998,0.22599999999999998,-0.8785180865889077,False
2025-06-22,3,2193681000,6.587,0,6.851,-0.26400000000000023,0.26400000000000023,-1.0657099837013584,False
2025-06-22,4,2193681000,6.622,0,6.861,-0.23899999999999988,0.23899999999999988,-0.926021025641507,False
2025-06-22,5,2193681000,1.331,0,1.493,-0.16200000000000014,0.16200000000000014,-0.7848685074637894,False
2025-06-22,6,2193681000,0.0,0,0.0,0.0,0.0,0.0,False
2025-06-22,7,2193681000,0.001,0,0.001,0.0,0.0,0.0,False
2025-06-22,8,2193681000,0.0,0,0.0,0.0,0.0,0.0,False
2025-06-22,9,2193681000,0.001,0,0.001,0.0,0.0,0.0,False
2025-06-22,10,2193681000,0.0,0,0.001,-0.001,0.001,-1.8973629961078584,False
2025-06-22,11,2193681000,0.001,0,0.0,0.001,0.001,1.8973629961078584,False
2025-06-22,12,2193681000,0.001,0,0.001,0.0,0.0,0.0,False
2025-06-22,13,2193681000,0.0,0,0.0,0.0,0.0,0.0,False
2025-06-22,14,2193681000,0.001,0,0.001,0.0,0.0,0.0,False
2025-06-22,15,2193681000,0.0,0,0.0,0.0,0.0,0.0,False
2025-06-22,16,2193681000,0.001,0,0.001,0.0,0.0,0.0,False
2025-06-22,17,2193681000,0.0,0,0.0,0.0,0.0,0.0,False
2025-06-22,18,2193681000,0.001,0,0.001,0.0,0.0,0.0,False
2025-06-22,19,2193681000,0.0,0,0.0,0.0,0.0,0.0,False
2025-06-22,20,2193681000,4.321,0,4.559,-0.23800000000000043,0.23800000000000043,-0.458689115296153,False
2025-06-22,21,2193681000,6.458,0,6.621,-0.16300000000000026,0.16300000000000026,-0.7980206897987269,False
2025-06-22,22,2193681000,6.542,0,6.689,-0.14700000000000024,0.14700000000000024,-0.7180732046771755,False
2025-06-22,23,2193681000,6.597,0,6.741,-0.14399999999999924,0.14399999999999924,-0.7200837610146219,False
2025-06-23,0,2193681000,6.617,0,6.747,-0.1299999999999999,0.1299999999999999,-0.5845308689211847,False
2025-06-23,1,2193681000,6.698,0,6.781,-0.0829999999999993,0.0829999999999993,-0.3437245000747875,False
2025-06-23,2,2193681000,6.725,0,6.812,-0.08700000000000063,0.08700000000000063,-0.3623514157447058,False
2025-06-23,3,2193681000,6.682,0,6.83,-0.1479999999999997,0.1479999999999997,-0.5770437518277258,False
2025-06-23,4,2193681000,6.688,0,6.846,-0.15800000000000036,0.15800000000000036,-0.6014398102908471,False
2025-06-23,5,2193681000,1.454,0,1.485,-0.03100000000000014,0.03100000000000014,-0.23355952947046205,False
2025-06-23,6,2193681000,0.0,0,0.0,0.0,0.0,0.0,False
2025-06-23,7,2193681000,0.001,0,0.001,0.0,0.0,0.0,False
2025-06-23,8,2193681000,0.0,0,0.0,0.0,0.0,0.0,False
2025-06-23,9,2193681000,0.001,0,0.001,0.0,0.0,0.0,False
2025-06-23,10,2193681000,0.0,0,0.001,-0.001,0.001,-2.160242232812701,False
2025-06-23,11,2193681000,0.001,0,0.0,0.001,0.001,2.160242232812701,False
2025-06-23,12,2193681000,0.001,0,0.001,0.0,0.0,0.0,False
2025-06-23,13,2193681000,0.0,0,0.0,0.0,0.0,0.0,False
2025-06-23,14,2193681000,0.001,0,0.001,0.0,0.0,0.0,False
2025-06-23,15,2193681000,0.0,0,0.0,0.0,0.0,0.0,False
2025-06-23,16,2193681000,0.001,0,0.001,0.0,0.0,0.0,False
2025-06-23,17,2193681000,0.0,0,0.0,0.0,0.0,0.0,False
2025-06-23,18,2193681000,0.001,0,0.001,0.0,0.0,0.0,False
2025-06-23,19,2193681000,0.0,0,0.0,0.0,0.0,0.0,False
2025-06-23,20,2193681000,4.136,0,4.446,-0.3099999999999996,0.3099999999999996,-0.5534722953661562,False
2025-06-23,21,2193681000,6.362,0,6.568,-0.20599999999999952,0.20599999999999952,-0.881296595951361,False
2025-06-23,22,2193681000,6.443,0,6.644,-0.2010000000000005,0.2010000000000005,-0.8117955005181917,False
2025-06-23,23,2193681000,6.507,0,6.684,-0.1770000000000005,0.1770000000000005,-0.7472127367869666,False
2025-06-24,0,2193681000,6.521,0,6.747,-0.22599999999999998,0.22599999999999998,-1.0161844336629833,False
2025-06-24,1,2193681000,6.598,0,6.781,-0.18299999999999983,0.18299999999999983,-0.7578504037793564,False
2025-06-24,2,2193681000,6.642,0,6.812,-0.16999999999999993,0.16999999999999993,-0.708042996282753,False
2025-06-24,3,2193681000,6.682,0,6.83,-0.1479999999999997,0.1479999999999997,-0.5770437518277258,False
2025-06-24,4,2193681000,6.7,0,6.846,-0.1459999999999999,0.1459999999999999,-0.5557608373573635,False
2025-06-24,5,2193681000,1.452,0,1.485,-0.03300000000000014,0.03300000000000014,-0.2486278862104918,False
2025-06-24,6,2193681000,0.0,0,0.0,0.0,0.0,0.0,False
2025-06-24,7,2193681000,0.001,0,0.001,0.0,0.0,0.0,False
2025-06-24,8,2193681000,0.0,0,0.0,0.0,0.0,0.0,False
2025-06-24,9,2193681000,0.001,0,0.001,0.0,0.0,0.0,False
2025-06-24,10,2193681000,0.0,0,0.001,-0.001,0.001,-2.160242232812701,False
2025-06-24,11,2193681000,0.001,0,0.0,0.001,0.001,2.160242232812701,False
2025-06-24,12,2193681000,0.001,0,0.001,0.0,0.0,0.0,False
2025-06-24,13,2193681000,0.0,0,0.0,0.0,0.0,0.0,False
2025-06-24,14,2193681000,0.001,0,0.001,0.0,0.0,0.0,False
2025-06-24,15,2193681000,0.0,0,0.0,0.0,0.0,0.0,False
2025-06-24,16,2193681000,0.001,0,0.001,0.0,0.0,0.0,False
2025-06-24,17,2193681000,0.0,0,0.0,0.0,0.0,0.0,False
2025-06-24,18,2193681000,0.001,0,0.001,0.0,0.0,0.0,False
2025-06-24,19,2193681000,0.0,0,0.0,0.0,0.0,0.0,False
2025-06-24,20,2193681000,4.111,0,4.446,-0.33499999999999996,0.33499999999999996,-0.5981071578956856,False
2025-06-24,21,2193681000,6.419,0,6.568,-0.14900000000000002,0.14900000000000002,-0.637442683479384,False
2025-06-24,22,2193681000,6.516,0,6.644,-0.1280000000000001,0.1280000000000001,-0.5169642988374545,False
2025-06-24,23,2193681000,6.588,0,6.684,-0.09600000000000009,0.09600000000000009,-0.4052679250369981,False
2025-06-25,0,2193681000,6.64,0,6.747,-0.1070000000000002,0.1070000000000002,-0.48111386903513026,False
2025-06-25,1,2193681000,6.572,0,6.781,-0.20899999999999963,0.20899999999999963,-0.8655231387425429,False
2025-06-25,2,2193681000,6.702,0,6.812,-0.11000000000000032,0.11000000000000032,-0.45814546818295937,False
2025-06-25,3,2193681000,6.732,0,6.83,-0.09799999999999986,0.09799999999999986,-0.3820965383724133,False
2025-06-25,4,2193681000,6.761,0,6.846,-0.08499999999999996,0.08499999999999996,-0.3235593916121637,False
2025-06-25,5,2193681000,1.467,0,1.485,-0.018000000000000016,0.018000000000000016,-0.1356152106602678,False
2025-06-25,6,2193681000,0.0,0,0.0,0.0,0.0,0.0,False
2025-06-25,7,2193681000,0.001,0,0.001,0.0,0.0,0.0,False
2025-06-25,8,2193681000,0.0,0,0.0,0.0,0.0,0.0,False
2025-06-25,9,2193681000,0.001,0,0.001,0.0,0.0,0.0,False
2025-06-25,10,2193681000,0.0,0,0.001,-0.001,0.001,-2.160242232812701,False
2025-06-25,11,2193681000,0.001,0,0.0,0.001,0.001,2.160242232812701,False
2025-06-25,12,2193681000,0.001,0,0.001,0.0,0.0,0.0,False
2025-06-25,13,2193681000,0.0,0,0.0,0.0,0.0,0.0,False
2025-06-25,14,2193681000,0.001,0,0.001,0.0,0.0,0.0,False
2025-06-25,15,2193681000,0.0,0,0.0,0.0,0.0,0.0,False
2025-06-25,16,2193681000,0.001,0,0.001,0.0,0.0,0.0,False
2025-06-25,17,2193681000,0.0,0,0.0,0.0,0.0,0.0,False
2025-06-25,18,2193681000,0.001,0,0.001,0.0,0.0,0.0,False
2025-06-25,19,2193681000,0.0,0,0.0,0.0,0.0,0.0,False
2025-06-25,20,2193681000,4.146,0,4.446,-0.2999999999999998,0.2999999999999998,-0.535618350354345,False
2025-06-25,21,2193681000,6.34,0,6.568,-0.22799999999999976,0.22799999999999976,-0.9754156498879153,False
2025-06-25,22,2193681000,6.44,0,6.644,-0.20399999999999974,0.20399999999999974,-0.8239118512721915,False
2025-06-25,23,2193681000,6.5,0,6.684,-0.18400000000000016,0.18400000000000016,-0.7767635229875797,False
2025-06-26,0,2193681000,6.536,0,6.747,-0.2110000000000003,0.2110000000000003,-0.9487385641720788,False
2025-06-26,1,2193681000,6.596,0,6.781,-0.1849999999999996,0.1849999999999996,-0.7661329218534468,False
2025-06-26,2,2193681000,6.63,0,6.812,-0.18200000000000038,0.18200000000000038,-0.7580225019027139,False
2025-06-26,3,2193681000,6.646,0,6.83,-0.18400000000000016,0.18400000000000016,-0.7174057455155531,False
2025-06-26,4,2193681000,6.668,0,6.846,-0.17799999999999994,0.17799999999999994,-0.6775714318466487,False
2025-06-26,5,2193681000,1.553,0,1.485,0.06799999999999984,0.06799999999999984,0.51232412916101,False
2025-06-26,6,2193681000,0.0,0,0.0,0.0,0.0,0.0,False
2025-06-26,7,2193681000,0.001,0,0.001,0.0,0.0,0.0,False
2025-06-26,8,2193681000,0.0,0,0.0,0.0,0.0,0.0,False
2025-06-26,9,2193681000,0.001,0,0.001,0.0,0.0,0.0,False
2025-06-26,10,2193681000,0.0,0,0.001,-0.001,0.001,-2.160242232812701,False
2025-06-26,11,2193681000,0.001,0,0.0,0.001,0.001,2.160242232812701,False
2025-06-26,12,2193681000,0.001,0,0.001,0.0,0.0,0.0,False
2025-06-26,13,2193681000,0.0,0,0.0,0.0,0.0,0.0,False
2025-06-26,14,2193681000,0.001,0,0.001,0.0,0.0,0.0,False
2025-06-26,15,2193681000,0.0,0,0.0,0.0,0.0,0.0,False
2025-06-26,16,2193681000,0.001,0,0.001,0.0,0.0,0.0,False
2025-06-26,17,2193681000,0.0,0,0.0,0.0,0.0,0.0,False
2025-06-26,18,2193681000,0.001,0,0.001,0.0,0.0,0.0,False
2025-06-26,19,2193681000,0.0,0,0.0,0.0,0.0,0.0,False
2025-06-26,20,2193681000,4.265,0,4.446,-0.18100000000000005,0.18100000000000005,-0.3231564047137884,False
2025-06-26,21,2193681000,6.524,0,6.568,-0.043999999999999595,0.043999999999999595,-0.18823810787310494,False
2025-06-26,22,2193681000,6.579,0,6.644,-0.06500000000000039,0.06500000000000039,-0.26252093300339624,False
2025-06-26,23,2193681000,6.673,0,6.684,-0.01100000000000012,0.01100000000000012,-0.04643694974382317,False
2025-06-27,0,2193681000,6.726,0,6.747,-0.020999999999999908,0.020999999999999908,-0.09442421728726795,False
2025-06-27,1,2193681000,6.878,0,6.781,0.09700000000000042,0.09700000000000042,0.40170212659343146,False
2025-06-27,2,2193681000,6.958,0,6.812,0.1459999999999999,0.1459999999999999,0.6080839850428348,False
2025-06-27,3,2193681000,6.909,0,6.83,0.07899999999999974,0.07899999999999974,0.3080165972593938,False
2025-06-27,4,2193681000,6.916,0,6.846,0.07000000000000028,0.07000000000000028,0.2664606754453125,False
2025-06-27,5,2193681000,1.613,0,1.485,0.1279999999999999,0.1279999999999999,0.9643748313619027,False
2025-06-27,6,2193681000,0.0,0,0.0,0.0,0.0,0.0,False
2025-06-27,7,2193681000,0.001,0,0.001,0.0,0.0,0.0,False
2025-06-27,8,2193681000,0.0,0,0.0,0.0,0.0,0.0,False
2025-06-27,9,2193681000,0.001,0,0.001,0.0,0.0,0.0,False
2025-06-27,10,2193681000,0.0,0,0.001,-0.001,0.001,-2.160242232812701,False
2025-06-27,11,2193681000,0.001,0,0.0,0.001,0.001,2.160242232812701,False
2025-06-27,12,2193681000,0.001,0,0.001,0.0,0.0,0.0,False
2025-06-27,13,2193681000,0.0,0,0.0,0.0,0.0,0.0,False
2025-06-27,14,2193681000,0.001,0,0.001,0.0,0.0,0.0,False
2025-06-27,15,2193681000,0.0,0,0.0,0.0,0.0,0.0,False
2025-06-27,16,2193681000,0.001,0,0.001,0.0,0.0,0.0,False
2025-06-27,17,2193681000,0.0,0,0.0,0.0,0.0,0.0,False
2025-06-27,18,2193681000,0.001,0,0.001,0.0,0.0,0.0,False
2025-06-27,19,2193681000,0.0,0,0.0,0.0,0.0,0.0,False
2025-06-27,20,2193681000,4.251,0,4.446,-0.1949999999999994,0.1949999999999994,-0.3481519277303234,False
2025-06-27,21,2193681000,6.554,0,6.568,-0.013999999999999346,0.013999999999999346,-0.059893943414167504,False
2025-06-27,22,2193681000,6.622,0,6.644,-0.02200000000000024,0.02200000000000024,-0.0888532388626884,False
2025-06-27,23,2193681000,6.684,0,6.684,0.0,0.0,0.0,False
2025-06-28,0,2193681000,6.579,0,6.628,-0.04900000000000038,0.04900000000000038,-0.19477221607243145,False
2025-06-28,1,2193681000,6.683,0,6.712,-0.028999999999999915,0.028999999999999915,-0.11194405932205219,False
2025-06-28,2,2193681000,6.777,0,6.799,-0.02200000000000024,0.02200000000000024,-0.08551945975644329,False
2025-06-28,3,2193681000,6.836,0,6.851,-0.01499999999999968,0.01499999999999968,-0.06055170361939402,False
2025-06-28,4,2193681000,6.877,0,6.861,0.016000000000000014,0.016000000000000014,0.06199303937349009,False
2025-06-28,5,2193681000,1.599,0,1.493,0.10599999999999987,0.10599999999999987,0.5135559369824785,False
2025-06-28,6,2193681000,0.0,0,0.0,0.0,0.0,0.0,False
2025-06-28,7,2193681000,0.001,0,0.001,0.0,0.0,0.0,False
2025-06-28,8,2193681000,0.0,0,0.0,0.0,0.0,0.0,False
2025-06-28,9,2193681000,0.001,0,0.001,0.0,0.0,0.0,False
2025-06-28,10,2193681000,0.0,0,0.001,-0.001,0.001,-1.8973629961078584,False
2025-06-28,11,2193681000,0.001,0,0.0,0.001,0.001,1.8973629961078584,False
2025-06-28,12,2193681000,0.001,0,0.001,0.0,0.0,0.0,False
2025-06-28,13,2193681000,0.0,0,0.0,0.0,0.0,0.0,False
2025-06-28,14,2193681000,0.001,0,0.001,0.0,0.0,0.0,False
2025-06-28,15,2193681000,0.0,0,0.0,0.0,0.0,0.0,False
2025-06-28,16,2193681000,0.001,0,0.001,0.0,0.0,0.0,False
2025-06-28,17,2193681000,0.0,0,0.0,0.0,0.0,0.0,False
2025-06-28,18,2193681000,0.001,0,0.001,0.0,0.0,0.0,False
2025-06-28,19,2193681000,0.0,0,0.0,0.0,0.0,0.0,False
2025-06-28,20,2193681000,4.327,0,4.559,-0.2320000000000002,0.2320000000000002,-0.4471255241542328,False
2025-06-28,21,2193681000,6.604,0,6.621,-0.017000000000000348,0.017000000000000348,-0.08322915169680131,False
2025-06-28,22,2193681000,6.678,0,6.689,-0.01100000000000012,0.01100000000000012,-0.053733369057476214,False
2025-06-28,23,2193681000,6.741,0,6.741,0.0,0.0,0.0,False
2025-06-29,0,2193681000,6.707,0,6.628,0.07899999999999974,0.07899999999999974,0.31402051162697786,False
2025-06-29,1,2193681000,6.763,0,6.712,0.051000000000000156,0.051000000000000156,0.19686713880774814,False
2025-06-29,2,2193681000,6.855,0,6.799,0.05600000000000005,0.05600000000000005,0.21768589756185347,False
2025-06-29,3,2193681000,6.828,0,6.851,-0.022999999999999687,0.022999999999999687,-0.09284594554973821,False
2025-06-29,4,2193681000,6.861,0,6.861,0.0,0.0,0.0,False
2025-06-29,5,2193681000,1.705,0,1.493,0.21199999999999997,0.21199999999999997,1.0271118739649578,False
2025-06-29,6,2193681000,0.0,0,0.0,0.0,0.0,0.0,False
2025-06-29,7,2193681000,0.001,0,0.001,0.0,0.0,0.0,False
2025-06-29,8,2193681000,0.0,0,0.0,0.0,0.0,0.0,False
2025-06-29,9,2193681000,0.001,0,0.001,0.0,0.0,0.0,False
2025-06-29,10,2193681000,0.0,0,0.001,-0.001,0.001,-1.8973629961078584,False
2025-06-29,11,2193681000,0.001,0,0.0,0.001,0.001,1.8973629961078584,False
2025-06-29,12,2193681000,0.001,0,0.001,0.0,0.0,0.0,False
2025-06-29,13,2193681000,0.0,0,0.0,0.0,0.0,0.0,False
2025-06-29,14,2193681000,0.001,0,0.001,0.0,0.0,0.0,False
2025-06-29,15,2193681000,0.0,0,0.0,0.0,0.0,0.0,False
2025-06-29,16,2193681000,0.001,0,0.001,0.0,0.0,0.0,False
2025-06-29,17,2193681000,0.0,0,0.0,0.0,0.0,0.0,False
2025-06-29,18,2193681000,0.001,0,0.001,0.0,0.0,0.0,False
2025-06-29,19,2193681000,0.0,0,0.0,0.0,0.0,0.0,False
2025-06-29,20,2193681000,4.342,0,4.559,-0.21700000000000053,0.21700000000000053,-0.4182165462994339,False
2025-06-29,21,2193681000,6.621,0,6.621,0.0,0.0,0.0,False
2025-06-29,22,2193681000,6.689,0,6.689,0.0,0.0,0.0,False
2025-06-29,23,2193681000,6.758,0,6.741,0.017000000000000348,0.017000000000000348,0.08500988845311729,False
2025-06-30,0,2193681000,6.826,0,6.747,0.07899999999999974,0.07899999999999974,0.35521491265210364,False
2025-06-30,1,2193681000,6.781,0,6.781,0.0,0.0,0.0,False
2025-06-30,2,2193681000,6.815,0,6.812,0.0030000000000001137,0.0030000000000001137,0.012494876404990238,False
2025-06-30,3,2193681000,6.836,0,6.83,0.006000000000000227,0.006000000000000227,0.023393665614638466,False
2025-06-30,4,2193681000,6.863,0,6.846,0.017000000000000348,0.017000000000000348,0.0647118783224341,False
2025-06-30,5,2193681000,1.707,0,1.485,0.22199999999999998,0.22199999999999998,1.6725875981433012,False
2025-06-30,6,2193681000,0.0,0,0.0,0.0,0.0,0.0,False
2025-06-30,7,2193681000,0.001,0,0.001,0.0,0.0,0.0,False
2025-06-30,8,2193681000,0.0,0,0.0,0.0,0.0,0.0,False
2025-06-30,9,2193681000,0.001,0,0.001,0.0,0.0,0.0,False
2025-06-30,10,2193681000,0.0,0,0.001,-0.001,0.001,-2.160242232812701,False
2025-06-30,11,2193681000,0.001,0,0.0,0.001,0.001,2.160242232812701,False
2025-06-30,12,2193681000,0.001,0,0.001,0.0,0.0,0.0,False
2025-06-30,13,2193681000,0.0,0,0.0,0.0,0.0,0.0,False
2025-06-30,14,2193681000,0.001,0,0.001,0.0,0.0,0.0,False
2025-06-30,15,2193681000,0.0,0,0.0,0.0,0.0,0.0,False
2025-06-30,16,2193681000,0.001,0,0.001,0.0,0.0,0.0,False
2025-06-30,17,2193681000,0.0,0,0.0,0.0,0.0,0.0,False
2025-06-30,18,2193681000,0.001,0,0.001,0.0,0.0,0.0,False
2025-06-30,19,2193681000,0.0,0,0.0,0.0,0.0,0.0,False
2025-06-30,20,2193681000,4.369,0,4.446,-0.07699999999999996,0.07699999999999996,-0.13747537659094855,False
2025-06-30,21,2193681000,6.654,0,6.568,0.0860000000000003,0.0860000000000003,0.36791993811561885,False
2025-06-30,22,2193681000,6.721,0,6.644,0.07699999999999996,0.07699999999999996,0.3109863360194058,False
2025-06-30,23,2193681000,6.695,0,6.684,0.01100000000000012,0.01100000000000012,0.04643694974382317,False
2025-07-01,0,2193681000,6.694,0,6.694,0.0,0.0,0.0,False
2025-07-01,1,2193681000,6.758,0,6.758,0.0,0.0,0.0,False
2025-07-01,2,2193681000,6.818,0,6.808,0.009999999999999787,0.009999999999999787,0.025561608398209198,False
2025-07-01,3,2193681000,6.829,0,6.829,0.0,0.0,0.0,False
2025-07-01,4,2193681000,6.853,0,6.847,0.005999999999999339,0.005999999999999339,0.01372824863093721,False
2025-07-01,5,2193681000,1.79,0,2.711,-0.9209999999999998,0.9209999999999998,-0.9929608239456094,False
2025-07-01,6,2193681000,0.0,0,0.0,0.0,0.0,0.0,False
2025-07-01,7,2193681000,0.001,0,0.001,0.0,0.0,0.0,False
2025-07-01,8,2193681000,0.0,0,0.0,0.0,0.0,0.0,False
2025-07-01,9,2193681000,0.001,0,0.001,0.0,0.0,0.0,False
2025-07-01,10,2193681000,0.0,0,0.0,0.0,0.0,0.0,False
2025-07-01,11,2193681000,0.001,0,0.001,0.0,0.0,0.0,False
2025-07-01,12,2193681000,0.0,0,0.0,0.0,0.0,0.0,False
2025-07-01,13,2193681000,0.001,0,0.001,0.0,0.0,0.0,False
2025-07-01,14,2193681000,0.001,0,0.0,0.001,0.001,1.9578861874192934,False
2025-07-01,15,2193681000,0.0,0,0.001,-0.001,0.001,-1.9578861874192934,False
2025-07-01,16,2193681000,0.001,0,0.001,0.0,0.0,0.0,False
2025-07-01,17,2193681000,0.0,0,0.0,0.0,0.0,0.0,False
2025-07-01,18,2193681000,0.001,0,0.001,0.0,0.0,0.0,False
2025-07-01,19,2193681000,0.0,0,0.0,0.0,0.0,0.0,False
2025-07-01,20,2193681000,4.345,0,4.743,-0.3980000000000006,0.3980000000000006,-0.44828247416648914,False
2025-07-01,21,2193681000,6.657,0,6.601,0.05600000000000005,0.05600000000000005,0.1386872364637385,False
2025-07-01,22,2193681000,6.739,0,6.658,0.08099999999999952,0.08099999999999952,0.17551623697164742,False
2025-07-01,23,2193681000,6.78,0,6.741,0.03900000000000059,0.03900000000000059,0.08609000890862711,False
2025-07-02,0,2193681000,6.804,0,6.694,0.11000000000000032,0.11000000000000032,0.2550741635454391,False
2025-07-02,1,2193681000,6.767,0,6.758,0.009000000000000341,0.009000000000000341,0.02163229823108935,False
2025-07-02,2,2193681000,6.808,0,6.808,0.0,0.0,0.0,False
2025-07-02,3,2193681000,6.817,0,6.829,-0.011999999999999567,0.011999999999999567,-0.02938870430384218,False
2025-07-02,4,2193681000,6.847,0,6.847,0.0,0.0,0.0,False
2025-07-02,5,2193681000,1.812,0,2.711,-0.8989999999999998,0.8989999999999998,-0.9692418900402853,False
2025-07-02,6,2193681000,0.0,0,0.0,0.0,0.0,0.0,False
2025-07-02,7,2193681000,0.001,0,0.001,0.0,0.0,0.0,False
2025-07-02,8,2193681000,0.0,0,0.0,0.0,0.0,0.0,False
2025-07-02,9,2193681000,0.001,0,0.001,0.0,0.0,0.0,False
2025-07-02,10,2193681000,0.0,0,0.0,0.0,0.0,0.0,False
2025-07-02,11,2193681000,0.001,0,0.001,0.0,0.0,0.0,False
2025-07-02,12,2193681000,0.001,0,0.0,0.001,0.001,1.9728893365159033,False
2025-07-02,13,2193681000,0.0,0,0.001,-0.001,0.001,-1.9728893365159033,False
2025-07-02,14,2193681000,0.001,0,0.0,0.001,0.001,1.9578861874192934,False
2025-07-02,15,2193681000,0.0,0,0.001,-0.001,0.001,-1.9578861874192934,False
2025-07-02,16,2193681000,0.001,0,0.001,0.0,0.0,0.0,False
2025-07-02,17,2193681000,0.0,0,0.0,0.0,0.0,0.0,False
2025-07-02,18,2193681000,0.001,0,0.001,0.0,0.0,0.0,False
2025-07-02,19,2193681000,0.0,0,0.0,0.0,0.0,0.0,False
2025-07-02,20,2193681000,4.439,0,4.743,-0.30400000000000027,0.30400000000000027,-0.34240671393621264,False
2025-07-02,21,2193681000,6.601,0,6.601,0.0,0.0,0.0,False
2025-07-02,22,2193681000,6.658,0,6.658,0.0,0.0,0.0,False
2025-07-02,23,2193681000,6.741,0,6.741,0.0,0.0,0.0,False
2025-07-03,0,2193681000,6.812,0,6.694,0.11800000000000033,0.11800000000000033,0.2736250118032892,False
2025-07-03,1,2193681000,6.813,0,6.758,0.054999999999999716,0.054999999999999716,0.1321973780788737,False
2025-07-03,2,2193681000,6.849,0,6.808,0.04100000000000037,0.04100000000000037,0.10480259443266088,False
2025-07-03,3,2193681000,6.877,0,6.829,0.04800000000000004,0.04800000000000004,0.11755481721537306,False
2025-07-03,4,2193681000,6.909,0,6.847,0.06199999999999939,0.06199999999999939,0.1418585691863654,False
2025-07-03,5,2193681000,1.931,0,2.711,-0.7799999999999998,0.7799999999999998,-0.8409440202796691,False
2025-07-03,6,2193681000,0.0,0,0.0,0.0,0.0,0.0,False
2025-07-03,7,2193681000,0.001,0,0.001,0.0,0.0,0.0,False
2025-07-03,8,2193681000,0.0,0,0.0,0.0,0.0,0.0,False
2025-07-03,9,2193681000,0.001,0,0.001,0.0,0.0,0.0,False
2025-07-03,10,2193681000,0.0,0,0.0,0.0,0.0,0.0,False
2025-07-03,11,2193681000,0.001,0,0.001,0.0,0.0,0.0,False
2025-07-03,12,2193681000,0.001,0,0.0,0.001,0.001,1.9728893365159033,False
2025-07-03,13,2193681000,0.0,0,0.001,-0.001,0.001,-1.9728893365159033,False
2025-07-03,14,2193681000,0.001,0,0.0,0.001,0.001,1.9578861874192934,False
2025-07-03,15,2193681000,0.0,0,0.001,-0.001,0.001,-1.9578861874192934,False
2025-07-03,16,2193681000,0.001,0,0.001,0.0,0.0,0.0,False
2025-07-03,17,2193681000,0.0,0,0.0,0.0,0.0,0.0,False
2025-07-03,18,2193681000,0.001,0,0.001,0.0,0.0,0.0,False
2025-07-03,19,2193681000,0.0,0,0.0,0.0,0.0,0.0,False
2025-07-03,20,2193681000,4.442,0,4.743,-0.30100000000000016,0.30100000000000016,-0.339027700311842,False
2025-07-03,21,2193681000,6.746,0,6.601,0.14500000000000046,0.14500000000000046,0.35910088012932373,False
2025-07-03,22,2193681000,7.083,0,6.658,0.4249999999999998,0.4249999999999998,0.9209185273203774,False
2025-07-03,23,2193681000,7.179,0,6.741,0.4380000000000006,0.4380000000000006,0.966857023127645,False
2025-07-04,0,2193681000,7.167,0,6.694,0.47299999999999986,0.47299999999999986,1.0968189032453848,False
2025-07-04,1,2193681000,7.203,0,6.758,0.4450000000000003,0.4450000000000003,1.0695969680927113,False
2025-07-04,2,2193681000,7.263,0,6.808,0.45500000000000007,0.45500000000000007,1.1630531821185435,False
2025-07-04,3,2193681000,7.273,0,6.829,0.44399999999999995,0.44399999999999995,1.0873820592421997,False
2025-07-04,4,2193681000,7.301,0,6.847,0.45399999999999974,0.45399999999999974,1.0387708130743627,False
2025-07-04,5,2193681000,2.015,0,2.711,-0.6959999999999997,0.6959999999999997,-0.7503808180957047,False
2025-07-04,6,2193681000,0.0,0,0.0,0.0,0.0,0.0,False
2025-07-04,7,2193681000,0.001,0,0.001,0.0,0.0,0.0,False
2025-07-04,8,2193681000,0.0,0,0.0,0.0,0.0,0.0,False
2025-07-04,9,2193681000,0.001,0,0.001,0.0,0.0,0.0,False
2025-07-04,10,2193681000,0.0,0,0.0,0.0,0.0,0.0,False
2025-07-04,11,2193681000,0.001,0,0.001,0.0,0.0,0.0,False
2025-07-04,12,2193681000,0.001,0,0.0,0.001,0.001,1.9728893365159033,False
2025-07-04,13,2193681000,0.0,0,0.001,-0.001,0.001,-1.9728893365159033,False
2025-07-04,14,2193681000,0.001,0,0.0,0.001,0.001,1.9578861874192934,False
2025-07-04,15,2193681000,0.0,0,0.001,-0.001,0.001,-1.9578861874192934,False
2025-07-04,16,2193681000,0.001,0,0.001,0.0,0.0,0.0,False
2025-07-04,17,2193681000,0.0,0,0.0,0.0,0.0,0.0,False
2025-07-04,18,2193681000,0.001,0,0.001,0.0,0.0,0.0,False
2025-07-04,19,2193681000,0.0,0,0.0,0.0,0.0,0.0,False
2025-07-04,20,2193681000,4.746,0,4.743,0.0030000000000001137,0.0030000000000001137,0.0033790136243706443,False
2025-07-04,21,2193681000,7.001,0,6.601,0.40000000000000036,0.40000000000000036,0.9906231175981322,False
2025-07-04,22,2193681000,7.069,0,6.658,0.4109999999999996,0.4109999999999996,0.8905823875968821,False
2025-07-04,23,2193681000,7.145,0,6.741,0.4039999999999999,0.4039999999999999,0.8918041948483286,False
2025-07-05,0,2193681000,7.083,0,6.6355,0.4474999999999998,0.4474999999999998,1.1243721099760804,False
2025-07-05,1,2193681000,6.856,0,6.643,0.21300000000000008,0.21300000000000008,0.5735736269989804,False
2025-07-05,2,2193681000,7.051,0,6.7425,0.30850000000000044,0.30850000000000044,0.8071302952397224,False
2025-07-05,3,2193681000,7.076,0,6.7715,0.3045,0.3045,0.7785800137244696,False
2025-07-05,4,2193681000,7.093,0,6.809,0.2839999999999998,0.2839999999999998,0.727116155370162,False
2025-07-05,5,2193681000,1.864,0,2.6870000000000003,-0.8230000000000002,0.8230000000000002,-0.9833948352857915,False
2025-07-05,6,2193681000,0.0,0,0.0,0.0,0.0,0.0,False
2025-07-05,7,2193681000,0.001,0,0.001,0.0,0.0,0.0,False
2025-07-05,8,2193681000,0.0,0,0.0,0.0,0.0,0.0,False
2025-07-05,9,2193681000,0.001,0,0.001,0.0,0.0,0.0,False
2025-07-05,10,2193681000,0.0,0,0.0,0.0,0.0,0.0,False
2025-07-05,11,2193681000,0.001,0,0.001,0.0,0.0,0.0,False
2025-07-05,12,2193681000,0.0,0,0.0,0.0,0.0,0.0,False
2025-07-05,13,2193681000,0.001,0,0.001,0.0,0.0,0.0,False
2025-07-05,14,2193681000,0.0,0,0.0,0.0,0.0,0.0,False
2025-07-05,15,2193681000,0.001,0,0.001,0.0,0.0,0.0,False
2025-07-05,16,2193681000,0.0,0,0.0,0.0,0.0,0.0,False
2025-07-05,17,2193681000,0.001,0,0.001,0.0,0.0,0.0,False
2025-07-05,18,2193681000,0.001,0,0.0,0.001,0.001,1.932179832832472,False
2025-07-05,19,2193681000,0.0,0,0.001,-0.001,0.001,-1.932179832832472,False
2025-07-05,20,2193681000,4.647,0,4.7669999999999995,-0.11999999999999922,0.11999999999999922,-0.15913242317056622,False
2025-07-05,21,2193681000,6.905,0,6.514,0.391,0.391,1.025263169595519,False
2025-07-05,22,2193681000,7.025,0,6.5915,0.43350000000000044,0.43350000000000044,1.1386155264975337,False
2025-07-05,23,2193681000,7.064,0,6.6395,0.4245000000000001,0.4245000000000001,1.0731675444808317,False
2025-07-06,0,2193681000,6.948,0,6.6355,0.3125,0.3125,0.7851760544525705,False
2025-07-06,1,2193681000,7.027,0,6.643,0.38400000000000034,0.38400000000000034,1.034048228955909,False
2025-07-06,2,2193681000,7.086,0,6.7425,0.3435000000000006,0.3435000000000006,0.8987009932409877,False
2025-07-06,3,2193681000,7.156,0,6.7715,0.38450000000000006,0.38450000000000006,0.9831330550970726,False
2025-07-06,4,2193681000,7.162,0,6.809,0.35299999999999976,0.35299999999999976,0.9037746579072788,False
2025-07-06,5,2193681000,2.107,0,2.6870000000000003,-0.5800000000000001,0.5800000000000001,-0.6930364574310559,False
2025-07-06,6,2193681000,0.0,0,0.0,0.0,0.0,0.0,False
2025-07-06,7,2193681000,0.001,0,0.001,0.0,0.0,0.0,False
2025-07-06,8,2193681000,0.0,0,0.0,0.0,0.0,0.0,False
2025-07-06,9,2193681000,0.001,0,0.001,0.0,0.0,0.0,False
2025-07-06,10,2193681000,0.0,0,0.0,0.0,0.0,0.0,False
2025-07-06,11,2193681000,0.001,0,0.001,0.0,0.0,0.0,False
2025-07-06,12,2193681000,0.0,0,0.0,0.0,0.0,0.0,False
2025-07-06,13,2193681000,0.001,0,0.001,0.0,0.0,0.0,False
2025-07-06,14,2193681000,0.0,0,0.0,0.0,0.0,0.0,False
2025-07-06,15,2193681000,0.001,0,0.001,0.0,0.0,0.0,False
2025-07-06,16,2193681000,0.0,0,0.0,0.0,0.0,0.0,False
2025-07-06,17,2193681000,0.001,0,0.001,0.0,0.0,0.0,False
2025-07-06,18,2193681000,0.001,0,0.0,0.001,0.001,1.932179832832472,False
2025-07-06,19,2193681000,0.0,0,0.001,-0.001,0.001,-1.932179832832472,False
2025-07-06,20,2193681000,4.598,0,4.7669999999999995,-0.1689999999999996,0.1689999999999996,-0.22411149596521504,False
2025-07-06,21,2193681000,6.79,0,6.514,0.2759999999999998,0.2759999999999998,0.7237151785380128,False
2025-07-06,22,2193681000,6.851,0,6.5915,0.25950000000000006,0.25950000000000006,0.6815933774535404,False
2025-07-06,23,2193681000,6.91,0,6.6395,0.2705000000000002,0.2705000000000002,0.68384410078225,False
2025-07-07,0,2193681000,7.01,0,6.694,0.31599999999999984,0.31599999999999984,0.7327585061850771,False
2025-07-07,1,2193681000,7.111,0,6.758,0.35299999999999976,0.35299999999999976,0.8484668083971385,False
2025-07-07,2,2193681000,7.138,0,6.808,0.33000000000000007,0.33000000000000007,0.8435330771409216,False
2025-07-07,3,2193681000,7.131,0,6.829,0.3020000000000005,0.3020000000000005,0.739615724980056,False
2025-07-07,4,2193681000,7.147,0,6.847,0.2999999999999998,0.2999999999999998,0.6864124315469358,False
2025-07-07,5,2193681000,2.225,0,2.711,-0.48599999999999977,0.48599999999999977,-0.5239728126357938,False
2025-07-07,6,2193681000,0.0,0,0.0,0.0,0.0,0.0,False
2025-07-07,7,2193681000,0.001,0,0.001,0.0,0.0,0.0,False
2025-07-07,8,2193681000,0.0,0,0.0,0.0,0.0,0.0,False
2025-07-07,9,2193681000,0.001,0,0.001,0.0,0.0,0.0,False
2025-07-07,10,2193681000,0.0,0,0.0,0.0,0.0,0.0,False
2025-07-07,11,2193681000,0.001,0,0.001,0.0,0.0,0.0,False
2025-07-07,12,2193681000,0.0,0,0.0,0.0,0.0,0.0,False
2025-07-07,13,2193681000,0.001,0,0.001,0.0,0.0,0.0,False
2025-07-07,14,2193681000,0.0,0,0.0,0.0,0.0,0.0,False
2025-07-07,15,2193681000,0.001,0,0.001,0.0,0.0,0.0,False
2025-07-07,16,2193681000,0.001,0,0.001,0.0,0.0,0.0,False
2025-07-07,17,2193681000,0.0,0,0.0,0.0,0.0,0.0,False
2025-07-07,18,2193681000,0.001,0,0.001,0.0,0.0,0.0,False
2025-07-07,19,2193681000,0.0,0,0.0,0.0,0.0,0.0,False
2025-07-07,20,2193681000,4.205,0,4.743,-0.5380000000000003,0.5380000000000003,-0.6059697766371129,False
2025-07-07,21,2193681000,6.139,0,6.601,-0.46199999999999974,0.46199999999999974,-1.144169700825841,False
2025-07-07,22,2193681000,6.23,0,6.658,-0.42799999999999994,0.42799999999999994,-0.927419128689698,False
2025-07-07,23,2193681000,6.286,0,6.741,-0.45500000000000007,0.45500000000000007,-1.0043834372673013,False
2025-07-08,0,2193681000,6.324,0,6.694,-0.3700000000000001,0.3700000000000001,-0.8579767319255657,False
2025-07-08,1,2193681000,6.403,0,6.758,-0.3550000000000004,0.3550000000000004,-0.8532739857818264,False
2025-07-08,2,2193681000,6.436,0,6.808,-0.3719999999999999,0.3719999999999999,-0.950891832413402,False
2025-07-08,3,2193681000,6.444,0,6.829,-0.3849999999999998,0.3849999999999998,-0.9428875964149701,False
2025-07-08,4,2193681000,6.474,0,6.847,-0.3730000000000002,0.3730000000000002,-0.8534394565566912,False
2025-07-08,5,2193681000,2.125,0,2.711,-0.5859999999999999,0.5859999999999999,-0.6317861485690848,False
2025-07-08,6,2193681000,0.0,0,0.0,0.0,0.0,0.0,False
2025-07-08,7,2193681000,0.001,0,0.001,0.0,0.0,0.0,False
2025-07-08,8,2193681000,0.0,0,0.0,0.0,0.0,0.0,False
2025-07-08,9,2193681000,0.001,0,0.001,0.0,0.0,0.0,False
2025-07-08,10,2193681000,0.0,0,0.0,0.0,0.0,0.0,False
2025-07-08,11,2193681000,0.001,0,0.001,0.0,0.0,0.0,False
2025-07-08,12,2193681000,0.0,0,0.0,0.0,0.0,0.0,False
2025-07-08,13,2193681000,0.001,0,0.001,0.0,0.0,0.0,False
2025-07-08,14,2193681000,0.0,0,0.0,0.0,0.0,0.0,False
2025-07-08,15,2193681000,0.001,0,0.001,0.0,0.0,0.0,False
2025-07-08,16,2193681000,0.001,0,0.001,0.0,0.0,0.0,False
2025-07-08,17,2193681000,0.0,0,0.0,0.0,0.0,0.0,False
2025-07-08,18,2193681000,0.001,0,0.001,0.0,0.0,0.0,False
2025-07-08,19,2193681000,0.0,0,0.0,0.0,0.0,0.0,False
2025-07-08,20,2193681000,4.301,0,4.743,-0.44200000000000017,0.44200000000000017,-0.49784134065725627,False
2025-07-08,21,2193681000,6.228,0,6.601,-0.3730000000000002,0.3730000000000002,-0.923756057160258,False
2025-07-08,22,2193681000,6.288,0,6.658,-0.3700000000000001,0.3700000000000001,-0.8017408355495056,False
2025-07-08,23,2193681000,6.34,0,6.741,-0.4009999999999998,0.4009999999999998,-0.8851818864707418,False
2025-07-09,0,2193681000,6.304,0,6.694,-0.3899999999999997,0.3899999999999997,-0.9043538525701899,False
2025-07-09,1,2193681000,6.376,0,6.758,-0.3819999999999997,0.3819999999999997,-0.9181708804750902,False
2025-07-09,2,2193681000,6.447,0,6.808,-0.36099999999999977,0.36099999999999977,-0.922774063175371,False
2025-07-09,3,2193681000,6.488,0,6.829,-0.3409999999999993,0.3409999999999993,-0.8351290139675437,False
2025-07-09,4,2193681000,6.537,0,6.847,-0.3100000000000005,0.3100000000000005,-0.7092928459318352,False
2025-07-09,5,2193681000,2.138,0,2.711,-0.573,0.573,-0.6177704148977571,False
2025-07-09,6,2193681000,0.0,0,0.0,0.0,0.0,0.0,False
2025-07-09,7,2193681000,0.001,0,0.001,0.0,0.0,0.0,False
2025-07-09,8,2193681000,0.0,0,0.0,0.0,0.0,0.0,False
2025-07-09,9,2193681000,0.001,0,0.001,0.0,0.0,0.0,False
2025-07-09,10,2193681000,0.0,0,0.0,0.0,0.0,0.0,False
2025-07-09,11,2193681000,0.001,0,0.001,0.0,0.0,0.0,False
2025-07-09,12,2193681000,0.0,0,0.0,0.0,0.0,0.0,False
2025-07-09,13,2193681000,0.001,0,0.001,0.0,0.0,0.0,False
2025-07-09,14,2193681000,0.0,0,0.0,0.0,0.0,0.0,False
2025-07-09,15,2193681000,0.001,0,0.001,0.0,0.0,0.0,False
2025-07-09,16,2193681000,0.001,0,0.001,0.0,0.0,0.0,False
2025-07-09,17,2193681000,0.0,0,0.0,0.0,0.0,0.0,False
2025-07-09,18,2193681000,0.001,0,0.001,0.0,0.0,0.0,False
2025-07-09,19,2193681000,0.0,0,0.0,0.0,0.0,0.0,False
2025-07-09,20,2193681000,4.21,0,4.743,-0.5330000000000004,0.5330000000000004,-0.6003380872631622,False
2025-07-09,21,2193681000,6.108,0,6.601,-0.4930000000000003,0.4930000000000003,-1.2209429924396975,False
2025-07-09,22,2193681000,6.157,0,6.658,-0.5010000000000003,0.5010000000000003,-1.085600428676493,False
2025-07-09,23,2193681000,6.21,0,6.741,-0.5309999999999997,0.5309999999999997,-1.1721485828328275,False
2025-07-10,0,2193681000,6.257,0,6.694,-0.4370000000000003,0.4370000000000003,-1.0133400860850603,False
2025-07-10,1,2193681000,6.316,0,6.758,-0.44200000000000017,0.44200000000000017,-1.0623862020156816,False
2025-07-10,2,2193681000,6.394,0,6.808,-0.4139999999999997,0.4139999999999997,-1.0582505876858825,False
2025-07-10,3,2193681000,6.446,0,6.829,-0.383,0.383,-0.9379894790309967,False
2025-07-10,4,2193681000,6.499,0,6.847,-0.34800000000000075,0.34800000000000075,-0.7962384205944477,False
2025-07-10,5,2193681000,2.228,0,2.711,-0.48299999999999965,0.48299999999999965,-0.5207384125577948,False
2025-07-10,6,2193681000,0.0,0,0.0,0.0,0.0,0.0,False
2025-07-10,7,2193681000,0.001,0,0.001,0.0,0.0,0.0,False
2025-07-10,8,2193681000,0.0,0,0.0,0.0,0.0,0.0,False
2025-07-10,9,2193681000,0.001,0,0.001,0.0,0.0,0.0,False
2025-07-10,10,2193681000,0.0,0,0.0,0.0,0.0,0.0,False
2025-07-10,11,2193681000,0.001,0,0.001,0.0,0.0,0.0,False
2025-07-10,12,2193681000,0.0,0,0.0,0.0,0.0,0.0,False
2025-07-10,13,2193681000,0.001,0,0.001,0.0,0.0,0.0,False
2025-07-10,14,2193681000,0.0,0,0.0,0.0,0.0,0.0,False
2025-07-10,15,2193681000,0.001,0,0.001,0.0,0.0,0.0,False
2025-07-10,16,2193681000,0.0,0,0.001,-0.001,0.001,-2.003960309135109,False
2025-07-10,17,2193681000,0.001,0,0.0,0.001,0.001,2.0039603091351093,False
2025-07-10,18,2193681000,0.0,0,0.001,-0.001,0.001,-2.003960309135109,False
2025-07-10,19,2193681000,0.001,0,0.0,0.001,0.001,2.0039603091351093,False
2025-07-10,20,2193681000,4.417,0,4.743,-0.3260000000000005,0.3260000000000005,-0.3671861471815967,False
2025-07-10,21,2193681000,6.212,0,6.601,-0.38900000000000023,0.38900000000000023,-0.9633809818641832,False
2025-07-10,22,2193681000,6.294,0,6.658,-0.36400000000000077,0.36400000000000077,-0.7887396328108665,False
2025-07-10,23,2193681000,6.263,0,6.741,-0.47799999999999976,0.47799999999999976,-1.0551544681621312,False
2025-07-11,0,2193681000,6.296,0,6.694,-0.3979999999999997,0.3979999999999997,-0.9229047008280399,False
2025-07-11,1,2193681000,6.362,0,6.758,-0.3959999999999999,0.3959999999999999,-0.9518211221678952,False
2025-07-11,2,2193681000,6.429,0,6.808,-0.37899999999999956,0.37899999999999956,-0.9687849582921481,False
2025-07-11,3,2193681000,6.465,0,6.829,-0.3639999999999999,0.3639999999999999,-0.8914573638832446,False
2025-07-11,4,2193681000,6.439,0,6.847,-0.40800000000000036,0.40800000000000036,-0.933520906903834,False
2025-07-11,5,2193681000,2.315,0,2.711,-0.3959999999999999,0.3959999999999999,-0.42694081029583203,False
2025-07-11,6,2193681000,0.0,0,0.0,0.0,0.0,0.0,False
2025-07-11,7,2193681000,0.001,0,0.001,0.0,0.0,0.0,False
2025-07-11,8,2193681000,0.0,0,0.0,0.0,0.0,0.0,False
2025-07-11,9,2193681000,0.001,0,0.001,0.0,0.0,0.0,False
2025-07-11,10,2193681000,0.0,0,0.0,0.0,0.0,0.0,False
2025-07-11,11,2193681000,0.001,0,0.001,0.0,0.0,0.0,False
2025-07-11,12,2193681000,0.0,0,0.0,0.0,0.0,0.0,False
2025-07-11,13,2193681000,0.001,0,0.001,0.0,0.0,0.0,False
2025-07-11,14,2193681000,0.0,0,0.0,0.0,0.0,0.0,False
2025-07-11,15,2193681000,0.001,0,0.001,0.0,0.0,0.0,False
2025-07-11,16,2193681000,0.0,0,0.001,-0.001,0.001,-2.003960309135109,False
2025-07-11,17,2193681000,0.001,0,0.0,0.001,0.001,2.0039603091351093,False
2025-07-11,18,2193681000,0.0,0,0.001,-0.001,0.001,-2.003960309135109,False
2025-07-11,19,2193681000,0.001,0,0.0,0.001,0.001,2.0039603091351093,False
2025-07-11,20,2193681000,4.412,0,4.743,-0.3310000000000004,0.3310000000000004,-0.37281783655554745,False
2025-07-11,21,2193681000,6.187,0,6.601,-0.4139999999999997,0.4139999999999997,-1.0252949267140652,False
2025-07-11,22,2193681000,6.183,0,6.658,-0.47500000000000053,0.47500000000000053,-1.0292618834757175,False
2025-07-11,23,2193681000,6.247,0,6.741,-0.4939999999999998,0.4939999999999998,-1.0904734461759265,False
2025-07-12,0,2193681000,6.265,0,6.6355,-0.3705000000000007,0.3705000000000007,-0.9309047301589694,False
2025-07-12,1,2193681000,6.323,0,6.643,-0.3199999999999994,0.3199999999999994,-0.861706857463255,False
2025-07-12,2,2193681000,6.385,0,6.7425,-0.35749999999999993,0.35749999999999993,-0.935329272441492,False
2025-07-12,3,2193681000,6.412,0,6.7715,-0.3594999999999997,0.3594999999999997,-0.9192102296681334,False
2025-07-12,4,2193681000,6.46,0,6.809,-0.3490000000000002,0.3490000000000002,-0.8935335852964326,False
2025-07-12,5,2193681000,2.331,0,2.6870000000000003,-0.3560000000000003,0.3560000000000003,-0.42538099800940704,False
2025-07-12,6,2193681000,0.0,0,0.0,0.0,0.0,0.0,False
2025-07-12,7,2193681000,0.001,0,0.001,0.0,0.0,0.0,False
2025-07-12,8,2193681000,0.0,0,0.0,0.0,0.0,0.0,False
2025-07-12,9,2193681000,0.001,0,0.001,0.0,0.0,0.0,False
2025-07-12,10,2193681000,0.0,0,0.0,0.0,0.0,0.0,False
2025-07-12,11,2193681000,0.001,0,0.001,0.0,0.0,0.0,False
2025-07-12,12,2193681000,0.0,0,0.0,0.0,0.0,0.0,False
2025-07-12,13,2193681000,0.001,0,0.001,0.0,0.0,0.0,False
2025-07-12,14,2193681000,0.0,0,0.0,0.0,0.0,0.0,False
2025-07-12,15,2193681000,0.001,0,0.001,0.0,0.0,0.0,False
2025-07-12,16,2193681000,0.0,0,0.0,0.0,0.0,0.0,False
2025-07-12,17,2193681000,0.001,0,0.001,0.0,0.0,0.0,False
2025-07-12,18,2193681000,0.0,0,0.0,0.0,0.0,0.0,False
2025-07-12,19,2193681000,0.001,0,0.001,0.0,0.0,0.0,False
2025-07-12,20,2193681000,4.541,0,4.7669999999999995,-0.2259999999999991,0.2259999999999991,-0.2996993969712338,False
2025-07-12,21,2193681000,6.214,0,6.514,-0.2999999999999998,0.2999999999999998,-0.7866469331934923,False
2025-07-12,22,2193681000,6.3,0,6.5915,-0.2915000000000001,0.2915000000000001,-0.7656434278524357,False
2025-07-12,23,2193681000,6.32,0,6.6395,-0.3194999999999997,0.3194999999999997,-0.8077197419590703,False
2025-07-13,0,2193681000,6.375,0,6.6355,-0.2605000000000004,0.2605000000000004,-0.6545227589916638,False
2025-07-13,1,2193681000,6.43,0,6.643,-0.21300000000000008,0.21300000000000008,-0.5735736269989804,False
2025-07-13,2,2193681000,6.451,0,6.7425,-0.2915000000000001,0.2915000000000001,-0.7626530990676785,False
2025-07-13,3,2193681000,6.467,0,6.7715,-0.3045,0.3045,-0.7785800137244696,False
2025-07-13,4,2193681000,6.525,0,6.809,-0.2839999999999998,0.2839999999999998,-0.727116155370162,False
2025-07-13,5,2193681000,2.448,0,2.6870000000000003,-0.23900000000000032,0.23900000000000032,-0.28557881607934926,False
2025-07-13,6,2193681000,0.0,0,0.0,0.0,0.0,0.0,False
2025-07-13,7,2193681000,0.001,0,0.001,0.0,0.0,0.0,False
2025-07-13,8,2193681000,0.0,0,0.0,0.0,0.0,0.0,False
2025-07-13,9,2193681000,0.001,0,0.001,0.0,0.0,0.0,False
2025-07-13,10,2193681000,0.0,0,0.0,0.0,0.0,0.0,False
2025-07-13,11,2193681000,0.001,0,0.001,0.0,0.0,0.0,False
2025-07-13,12,2193681000,0.0,0,0.0,0.0,0.0,0.0,False
2025-07-13,13,2193681000,0.001,0,0.001,0.0,0.0,0.0,False
2025-07-13,14,2193681000,0.0,0,0.0,0.0,0.0,0.0,False
2025-07-13,15,2193681000,0.001,0,0.001,0.0,0.0,0.0,False
2025-07-13,16,2193681000,0.0,0,0.0,0.0,0.0,0.0,False
2025-07-13,17,2193681000,0.001,0,0.001,0.0,0.0,0.0,False
2025-07-13,18,2193681000,0.0,0,0.0,0.0,0.0,0.0,False
2025-07-13,19,2193681000,0.001,0,0.001,0.0,0.0,0.0,False
2025-07-13,20,2193681000,4.581,0,4.7669999999999995,-0.18599999999999905,0.18599999999999905,-0.246655255914378,False
2025-07-13,21,2193681000,6.238,0,6.514,-0.2759999999999998,0.2759999999999998,-0.7237151785380128,False
2025-07-13,22,2193681000,6.332,0,6.5915,-0.25950000000000006,0.25950000000000006,-0.6815933774535404,False
2025-07-13,23,2193681000,6.369,0,6.6395,-0.2705000000000002,0.2705000000000002,-0.68384410078225,False
2025-07-14,0,2193681000,6.443,0,6.694,-0.25100000000000033,0.25100000000000033,-0.5820328640900465,False
2025-07-14,1,2193681000,6.477,0,6.758,-0.2809999999999997,0.2809999999999997,-0.6754084225484301,False
2025-07-14,2,2193681000,6.494,0,6.808,-0.31400000000000006,0.31400000000000006,-0.802634503703786,False
2025-07-14,3,2193681000,6.505,0,6.829,-0.32399999999999984,0.32399999999999984,-0.7934950162037671,False
2025-07-14,4,2193681000,6.095,0,6.847,-0.7520000000000007,0.7520000000000007,-1.7206071617443215,False
2025-07-14,5,2193681000,2.075,0,2.711,-0.6359999999999997,0.6359999999999997,-0.68569281653573,False
2025-07-14,6,2193681000,0.0,0,0.0,0.0,0.0,0.0,False
2025-07-14,7,2193681000,0.001,0,0.001,0.0,0.0,0.0,False
2025-07-14,8,2193681000,0.0,0,0.0,0.0,0.0,0.0,False
2025-07-14,9,2193681000,0.001,0,0.001,0.0,0.0,0.0,False
2025-07-14,10,2193681000,0.0,0,0.0,0.0,0.0,0.0,False
2025-07-14,11,2193681000,0.001,0,0.001,0.0,0.0,0.0,False
2025-07-14,12,2193681000,0.0,0,0.0,0.0,0.0,0.0,False
2025-07-14,13,2193681000,0.001,0,0.001,0.0,0.0,0.0,False
2025-07-14,14,2193681000,0.0,0,0.0,0.0,0.0,0.0,False
2025-07-14,15,2193681000,0.001,0,0.001,0.0,0.0,0.0,False
2025-07-14,16,2193681000,0.0,0,0.001,-0.001,0.001,-2.003960309135109,False
2025-07-14,17,2193681000,0.001,0,0.0,0.001,0.001,2.0039603091351093,False
2025-07-14,18,2193681000,0.0,0,0.001,-0.001,0.001,-2.003960309135109,False
2025-07-14,19,2193681000,0.001,0,0.0,0.001,0.001,2.0039603091351093,False
2025-07-14,20,2193681000,4.619,0,4.743,-0.12400000000000055,0.12400000000000055,-0.13966589647398198,False
2025-07-14,21,2193681000,6.212,0,6.601,-0.38900000000000023,0.38900000000000023,-0.9633809818641832,False
2025-07-14,22,2193681000,6.188,0,6.658,-0.47000000000000064,0.47000000000000064,-1.0184275478601839,False
2025-07-14,23,2193681000,6.221,0,6.741,-0.5199999999999996,0.5199999999999996,-1.147866785448343,False
2025-07-15,0,2193681000,6.272,0,6.694,-0.4219999999999997,0.4219999999999997,-0.9785572456015902,False
2025-07-15,1,2193681000,6.334,0,6.758,-0.4240000000000004,0.4240000000000004,-1.019121605553505,False
2025-07-15,2,2193681000,6.515,0,6.808,-0.29300000000000015,0.29300000000000015,-0.7489551260675458,False
2025-07-15,3,2193681000,6.545,0,6.829,-0.2839999999999998,0.2839999999999998,-0.6955326685242895,False
2025-07-15,4,2193681000,6.6,0,6.847,-0.24700000000000077,0.24700000000000077,-0.5651462353069793,False
2025-07-15,5,2193681000,2.709,0,2.711,-0.0019999999999997797,0.0019999999999997797,-0.0021562667186655815,False
2025-07-15,6,2193681000,0.0,0,0.0,0.0,0.0,0.0,False
2025-07-15,7,2193681000,0.001,0,0.001,0.0,0.0,0.0,False
2025-07-15,8,2193681000,0.0,0,0.0,0.0,0.0,0.0,False
2025-07-15,9,2193681000,0.001,0,0.001,0.0,0.0,0.0,False
2025-07-15,10,2193681000,0.0,0,0.0,0.0,0.0,0.0,False
2025-07-15,11,2193681000,0.001,0,0.001,0.0,0.0,0.0,False
2025-07-15,12,2193681000,0.0,0,0.0,0.0,0.0,0.0,False
2025-07-15,13,2193681000,0.001,0,0.001,0.0,0.0,0.0,False
2025-07-15,14,2193681000,0.0,0,0.0,0.0,0.0,0.0,False
2025-07-15,15,2193681000,0.001,0,0.001,0.0,0.0,0.0,False
2025-07-15,16,2193681000,0.0,0,0.001,-0.001,0.001,-2.003960309135109,False
2025-07-15,17,2193681000,0.001,0,0.0,0.001,0.001,2.0039603091351093,False
2025-07-15,18,2193681000,0.0,0,0.001,-0.001,0.001,-2.003960309135109,False
2025-07-15,19,2193681000,0.001,0,0.0,0.001,0.001,2.0039603091351093,False
2025-07-15,20,2193681000,4.571,0,4.743,-0.1720000000000006,0.1720000000000006,-0.19373011446391028,False
2025-07-15,21,2193681000,6.115,0,6.601,-0.48599999999999977,0.48599999999999977,-1.2036070878817289,False
2025-07-15,22,2193681000,6.176,0,6.658,-0.4820000000000002,0.4820000000000002,-1.0444299533374641,False
2025-07-15,23,2193681000,6.22,0,6.741,-0.5209999999999999,0.5209999999999999,-1.1500742215742061,False
2025-07-16,0,2193681000,6.298,0,6.694,-0.3959999999999999,0.3959999999999999,-0.9182669887635779,False
2025-07-16,1,2193681000,6.362,0,6.758,-0.3959999999999999,0.3959999999999999,-0.9518211221678952,False
2025-07-16,2,2193681000,6.439,0,6.808,-0.3689999999999998,0.3689999999999998,-0.9432233498939389,False
2025-07-16,3,2193681000,6.437,0,6.829,-0.39199999999999946,0.39199999999999946,-0.9600310072588778,False
2025-07-16,4,2193681000,6.467,0,6.847,-0.3800000000000008,0.3800000000000008,-0.8694557466261209,False
2025-07-16,5,2193681000,2.734,0,2.711,0.02300000000000013,0.02300000000000013,0.02479706726465706,False
2025-07-16,6,2193681000,0.001,0,0.0,0.001,0.001,2.1255206273476754,False
2025-07-16,7,2193681000,0.0,0,0.001,-0.001,0.001,-2.1255206273476754,False
2025-07-16,8,2193681000,0.001,0,0.0,0.001,0.001,2.1255206273476754,False
2025-07-16,9,2193681000,0.0,0,0.001,-0.001,0.001,-2.1255206273476754,False
2025-07-16,10,2193681000,0.001,0,0.0,0.001,0.001,2.1255206273476754,False
2025-07-16,11,2193681000,0.0,0,0.001,-0.001,0.001,-2.1255206273476754,False
2025-07-16,12,2193681000,0.001,0,0.0,0.001,0.001,1.9728893365159033,False
2025-07-16,13,2193681000,0.0,0,0.001,-0.001,0.001,-1.9728893365159033,False
2025-07-16,14,2193681000,0.001,0,0.0,0.001,0.001,1.9578861874192934,False
2025-07-16,15,2193681000,0.0,0,0.001,-0.001,0.001,-1.9578861874192934,False
2025-07-16,16,2193681000,0.001,0,0.001,0.0,0.0,0.0,False
2025-07-16,17,2193681000,0.0,0,0.0,0.0,0.0,0.0,False
2025-07-16,18,2193681000,0.001,0,0.001,0.0,0.0,0.0,False
2025-07-16,19,2193681000,0.0,0,0.0,0.0,0.0,0.0,False
2025-07-16,20,2193681000,4.223,0,4.743,-0.5200000000000005,0.5200000000000005,-0.58569569489089,False
2025-07-16,21,2193681000,5.548,0,6.601,-1.053,1.053,-2.6078153570770803,True
2025-07-16,22,2193681000,5.604,0,6.658,-1.0540000000000003,1.0540000000000003,-2.2838779477545375,False
2025-07-16,23,2193681000,5.668,0,6.741,-1.0729999999999995,1.0729999999999995,-2.3685789630501395,False
2025-07-17,0,2193681000,5.684,0,6.694,-1.0099999999999998,1.0099999999999998,-2.34204459255357,False
2025-07-17,1,2193681000,6.042,0,6.758,-0.7160000000000002,0.7160000000000002,-1.7209695037177104,False
2025-07-17,2,2193681000,6.349,0,6.808,-0.45899999999999963,0.45899999999999963,-1.1732778254778262,False
2025-07-17,3,2193681000,6.381,0,6.829,-0.4479999999999995,0.4479999999999995,-1.0971782940101464,False
2025-07-17,4,2193681000,6.414,0,6.847,-0.4330000000000007,0.4330000000000007,-0.9907219428660795,False
2025-07-17,5,2193681000,2.711,0,2.711,0.0,0.0,0.0,False
2025-07-17,6,2193681000,0.0,0,0.0,0.0,0.0,0.0,False
2025-07-17,7,2193681000,0.001,0,0.001,0.0,0.0,0.0,False
2025-07-17,8,2193681000,0.0,0,0.0,0.0,0.0,0.0,False
2025-07-17,9,2193681000,0.001,0,0.001,0.0,0.0,0.0,False
2025-07-17,10,2193681000,0.0,0,0.0,0.0,0.0,0.0,False
2025-07-17,11,2193681000,0.001,0,0.001,0.0,0.0,0.0,False
2025-07-17,12,2193681000,0.0,0,0.0,0.0,0.0,0.0,False
2025-07-17,13,2193681000,0.001,0,0.001,0.0,0.0,0.0,False
2025-07-17,14,2193681000,0.0,0,0.0,0.0,0.0,0.0,False
2025-07-17,15,2193681000,0.001,0,0.001,0.0,0.0,0.0,False
2025-07-17,16,2193681000,0.0,0,0.001,-0.001,0.001,-2.003960309135109,False
2025-07-17,17,2193681000,0.001,0,0.0,0.001,0.001,2.0039603091351093,False
2025-07-17,18,2193681000,0.0,0,0.001,-0.001,0.001,-2.003960309135109,False
2025-07-17,19,2193681000,0.001,0,0.0,0.001,0.001,2.0039603091351093,False
2025-07-17,20,2193681000,4.764,0,4.743,0.020999999999999908,0.020999999999999908,0.02365309537059351,False
2025-07-17,21,2193681000,6.126,0,6.601,-0.47499999999999964,0.47499999999999964,-1.17636495214778,False
2025-07-17,22,2193681000,6.178,0,6.658,-0.4800000000000004,0.4800000000000004,-1.040096219091251,False
2025-07-17,23,2193681000,6.218,0,6.741,-0.5229999999999997,0.5229999999999997,-1.15448909382593,False
2025-07-18,0,2193681000,6.208,0,6.694,-0.48599999999999977,0.48599999999999977,-1.1269640316643907,False
2025-07-18,1,2193681000,6.281,0,6.758,-0.4770000000000003,0.4770000000000003,-1.1465118062476929,False
2025-07-18,2,2193681000,6.323,0,6.808,-0.48499999999999943,0.48499999999999943,-1.239738007313171,False
2025-07-18,3,2193681000,6.384,0,6.829,-0.4449999999999994,0.4449999999999994,-1.0898311179341853,False
2025-07-18,4,2193681000,6.459,0,6.847,-0.3880000000000008,0.3880000000000008,-0.8877600781340392,False
2025-07-18,5,2193681000,2.831,0,2.711,0.1200000000000001,0.1200000000000001,0.12937600311994923,False
2025-07-18,6,2193681000,0.0,0,0.0,0.0,0.0,0.0,False
2025-07-18,7,2193681000,0.001,0,0.001,0.0,0.0,0.0,False
2025-07-18,8,2193681000,0.0,0,0.0,0.0,0.0,0.0,False
2025-07-18,9,2193681000,0.001,0,0.001,0.0,0.0,0.0,False
2025-07-18,10,2193681000,0.0,0,0.0,0.0,0.0,0.0,False
2025-07-18,11,2193681000,0.001,0,0.001,0.0,0.0,0.0,False
2025-07-18,12,2193681000,0.0,0,0.0,0.0,0.0,0.0,False
2025-07-18,13,2193681000,0.001,0,0.001,0.0,0.0,0.0,False
2025-07-18,14,2193681000,0.0,0,0.0,0.0,0.0,0.0,False
2025-07-18,15,2193681000,0.001,0,0.001,0.0,0.0,0.0,False
2025-07-18,16,2193681000,0.0,0,0.001,-0.001,0.001,-2.003960309135109,False
2025-07-18,17,2193681000,0.001,0,0.0,0.001,0.001,2.0039603091351093,False
2025-07-18,18,2193681000,0.0,0,0.001,-0.001,0.001,-2.003960309135109,False
2025-07-18,19,2193681000,0.001,0,0.0,0.001,0.001,2.0039603091351093,False
2025-07-18,20,2193681000,4.743,0,4.743,0.0,0.0,0.0,False
2025-07-18,21,2193681000,6.084,0,6.601,-0.5170000000000003,0.5170000000000003,-1.2803803794955855,False
2025-07-18,22,2193681000,6.149,0,6.658,-0.5090000000000003,0.5090000000000003,-1.1029353656613474,False
2025-07-18,23,2193681000,6.169,0,6.741,-0.5720000000000001,0.5720000000000001,-1.2626534639931786,False
2025-07-19,0,2193681000,6.174,0,6.6355,-0.4615,0.4615,-1.1595479972155562,False
2025-07-19,1,2193681000,6.266,0,6.643,-0.3769999999999998,0.3769999999999998,-1.0151983914488987,False
2025-07-19,2,2193681000,6.322,0,6.7425,-0.42049999999999965,0.42049999999999965,-1.1001565288437682,False
2025-07-19,3,2193681000,6.385,0,6.7715,-0.38649999999999984,0.38649999999999984,-0.9882468811313871,False
2025-07-19,4,2193681000,6.41,0,6.809,-0.399,0.399,-1.0215469929320242,False
2025-07-19,5,2193681000,2.926,0,2.6870000000000003,0.23899999999999988,0.23899999999999988,0.2855788160793487,False
2025-07-19,6,2193681000,0.001,0,0.0,0.001,0.001,2.828419124768817,True
2025-07-19,7,2193681000,0.0,0,0.001,-0.001,0.001,-2.828419124768817,True
2025-07-19,8,2193681000,0.001,0,0.0,0.001,0.001,2.828419124768817,True
2025-07-19,9,2193681000,0.0,0,0.001,-0.001,0.001,-2.828419124768817,True
2025-07-19,10,2193681000,0.001,0,0.0,0.001,0.001,2.828419124768817,True
2025-07-19,11,2193681000,0.0,0,0.001,-0.001,0.001,-2.828419124768817,True
2025-07-19,12,2193681000,0.001,0,0.0,0.001,0.001,2.828419124768817,True
2025-07-19,13,2193681000,0.0,0,0.001,-0.001,0.001,-2.828419124768817,True
2025-07-19,14,2193681000,0.001,0,0.0,0.001,0.001,2.828419124768817,True
2025-07-19,15,2193681000,0.0,0,0.001,-0.001,0.001,-2.828419124768817,True
2025-07-19,16,2193681000,0.001,0,0.0,0.001,0.001,2.828419124768817,True
2025-07-19,17,2193681000,0.0,0,0.001,-0.001,0.001,-2.828419124768817,True
2025-07-19,18,2193681000,0.001,0,0.0,0.001,0.001,1.932179832832472,False
2025-07-19,19,2193681000,0.0,0,0.001,-0.001,0.001,-1.932179832832472,False
2025-07-19,20,2193681000,4.887,0,4.7669999999999995,0.1200000000000001,0.1200000000000001,0.15913242317056742,False
2025-07-19,21,2193681000,6.152,0,6.514,-0.3620000000000001,0.3620000000000001,-0.9492206327201482,False
2025-07-19,22,2193681000,6.212,0,6.5915,-0.37950000000000017,0.37950000000000017,-0.9967810664493975,False
2025-07-19,23,2193681000,6.234,0,6.6395,-0.40549999999999997,0.40549999999999997,-1.0251341325959415,False
2025-07-20,0,2193681000,6.231,0,6.6355,-0.4045000000000005,0.4045000000000005,-1.0163318848834086,False
2025-07-20,1,2193681000,6.313,0,6.643,-0.33000000000000007,0.33000000000000007,-0.8886351967589836,False
2025-07-20,2,2193681000,6.35,0,6.7425,-0.39250000000000007,0.39250000000000007,-1.0268999704427573,False
2025-07-20,3,2193681000,6.381,0,6.7715,-0.3904999999999994,0.3904999999999994,-0.9984745332000162,False
2025-07-20,4,2193681000,6.403,0,6.809,-0.4060000000000006,0.4060000000000006,-1.0394688700010084,False
2025-07-20,5,2193681000,3.031,0,2.6870000000000003,0.34399999999999986,0.34399999999999986,0.41104231268324676,False
2025-07-20,6,2193681000,0.0,0,0.0,0.0,0.0,0.0,False
2025-07-20,7,2193681000,0.001,0,0.001,0.0,0.0,0.0,False
2025-07-20,8,2193681000,0.0,0,0.0,0.0,0.0,0.0,False
2025-07-20,9,2193681000,0.001,0,0.001,0.0,0.0,0.0,False
2025-07-20,10,2193681000,0.0,0,0.0,0.0,0.0,0.0,False
2025-07-20,11,2193681000,0.001,0,0.001,0.0,0.0,0.0,False
2025-07-20,12,2193681000,0.0,0,0.0,0.0,0.0,0.0,False
2025-07-20,13,2193681000,0.001,0,0.001,0.0,0.0,0.0,False
2025-07-20,14,2193681000,0.0,0,0.0,0.0,0.0,0.0,False
2025-07-20,15,2193681000,0.001,0,0.001,0.0,0.0,0.0,False
2025-07-20,16,2193681000,0.0,0,0.0,0.0,0.0,0.0,False
2025-07-20,17,2193681000,0.001,0,0.001,0.0,0.0,0.0,False
2025-07-20,18,2193681000,0.0,0,0.0,0.0,0.0,0.0,False
2025-07-20,19,2193681000,0.001,0,0.001,0.0,0.0,0.0,False
2025-07-20,20,2193681000,4.991,0,4.7669999999999995,0.2240000000000002,0.2240000000000002,0.2970471899183925,False
2025-07-20,21,2193681000,6.152,0,6.514,-0.3620000000000001,0.3620000000000001,-0.9492206327201482,False
2025-07-20,22,2193681000,6.226,0,6.5915,-0.36549999999999994,0.36549999999999994,-0.9600091693998802,False
2025-07-20,23,2193681000,6.249,0,6.6395,-0.3905000000000003,0.3905000000000003,-0.9872130179499765,False
2025-07-21,0,2193681000,6.343,0,6.694,-0.351,0.351,-0.8139184673131715,False
2025-07-21,1,2193681000,6.394,0,6.758,-0.3639999999999999,0.3639999999999999,-0.8749062840129137,False
2025-07-21,2,2193681000,6.429,0,6.808,-0.37899999999999956,0.37899999999999956,-0.9687849582921481,False
2025-07-21,3,2193681000,6.438,0,6.829,-0.391,0.391,-0.9575819485668923,False
2025-07-21,4,2193681000,6.467,0,6.847,-0.3800000000000008,0.3800000000000008,-0.8694557466261209,False
2025-07-21,5,2193681000,3.161,0,2.711,0.4500000000000002,0.4500000000000002,0.48516001169980943,False
2025-07-21,6,2193681000,0.001,0,0.0,0.001,0.001,2.1255206273476754,False
2025-07-21,7,2193681000,0.0,0,0.001,-0.001,0.001,-2.1255206273476754,False
2025-07-21,8,2193681000,0.001,0,0.0,0.001,0.001,2.1255206273476754,False
2025-07-21,9,2193681000,0.0,0,0.001,-0.001,0.001,-2.1255206273476754,False
2025-07-21,10,2193681000,0.001,0,0.0,0.001,0.001,2.1255206273476754,False
2025-07-21,11,2193681000,0.0,0,0.001,-0.001,0.001,-2.1255206273476754,False
2025-07-21,12,2193681000,0.001,0,0.0,0.001,0.001,1.9728893365159033,False
2025-07-21,13,2193681000,0.0,0,0.001,-0.001,0.001,-1.9728893365159033,False
2025-07-21,14,2193681000,0.001,0,0.0,0.001,0.001,1.9578861874192934,False
2025-07-21,15,2193681000,0.0,0,0.001,-0.001,0.001,-1.9578861874192934,False
2025-07-21,16,2193681000,0.001,0,0.001,0.0,0.0,0.0,False
2025-07-21,17,2193681000,0.0,0,0.0,0.0,0.0,0.0,False
2025-07-21,18,2193681000,0.001,0,0.001,0.0,0.0,0.0,False
2025-07-21,19,2193681000,0.0,0,0.0,0.0,0.0,0.0,False
2025-07-21,20,2193681000,5.199,0,4.743,0.4559999999999995,0.4559999999999995,0.513610070904318,False
2025-07-21,21,2193681000,6.27,0,6.601,-0.3310000000000004,0.3310000000000004,-0.8197406298124547,False
2025-07-21,22,2193681000,6.238,0,6.658,-0.41999999999999993,0.41999999999999993,-0.9100841917048438,False
2025-07-21,23,2193681000,6.279,0,6.741,-0.46199999999999974,0.46199999999999974,-1.019835490148336,False
2025-07-22,0,2193681000,6.288,0,6.694,-0.4059999999999997,0.4059999999999997,-0.94145554908589,False
2025-07-22,1,2193681000,6.334,0,6.758,-0.4240000000000004,0.4240000000000004,-1.019121605553505,False
2025-07-22,2,2193681000,6.683,0,6.808,-0.125,0.125,-0.3195201049776218,False
2025-07-22,3,2193681000,7.304,0,6.829,0.47500000000000053,0.47500000000000053,1.1633028786937962,False
2025-07-22,4,2193681000,7.367,0,6.847,0.5199999999999996,0.5199999999999996,1.1897815480146885,False
2025-07-22,5,2193681000,3.723,0,2.711,1.012,1.012,1.0910709596449044,False
2025-07-22,6,2193681000,0.001,0,0.0,0.001,0.001,2.1255206273476754,False
2025-07-22,7,2193681000,0.0,0,0.001,-0.001,0.001,-2.1255206273476754,False
2025-07-22,8,2193681000,0.001,0,0.0,0.001,0.001,2.1255206273476754,False
2025-07-22,9,2193681000,0.0,0,0.001,-0.001,0.001,-2.1255206273476754,False
2025-07-22,10,2193681000,0.001,0,0.0,0.001,0.001,2.1255206273476754,False
2025-07-22,11,2193681000,0.0,0,0.001,-0.001,0.001,-2.1255206273476754,False
2025-07-22,12,2193681000,0.001,0,0.0,0.001,0.001,1.9728893365159033,False
2025-07-22,13,2193681000,0.0,0,0.001,-0.001,0.001,-1.9728893365159033,False
2025-07-22,14,2193681000,0.001,0,0.0,0.001,0.001,1.9578861874192934,False
2025-07-22,15,2193681000,0.0,0,0.001,-0.001,0.001,-1.9578861874192934,False
2025-07-22,16,2193681000,0.001,0,0.001,0.0,0.0,0.0,False
2025-07-22,17,2193681000,0.0,0,0.0,0.0,0.0,0.0,False
2025-07-22,18,2193681000,0.001,0,0.001,0.0,0.0,0.0,False
2025-07-22,19,2193681000,0.0,0,0.0,0.0,0.0,0.0,False
2025-07-22,20,2193681000,5.763,0,4.743,1.0199999999999996,1.0199999999999996,1.148864632285975,False
2025-07-22,21,2193681000,6.94,0,6.601,0.3390000000000004,0.3390000000000004,0.8395530921644173,False
2025-07-22,22,2193681000,7.293,0,6.658,0.6349999999999998,0.6349999999999998,1.3759606231727992,False
2025-07-22,23,2193681000,7.175,0,6.741,0.43400000000000016,0.43400000000000016,0.9580272786241952,False
2025-07-23,0,2193681000,7.281,0,6.694,0.5869999999999997,0.5869999999999997,1.361168490919748,False
2025-07-23,1,2193681000,7.39,0,6.758,0.6319999999999997,0.6319999999999997,1.5190680535608827,False
2025-07-23,2,2193681000,7.448,0,6.808,0.6400000000000006,0.6400000000000006,1.6359429374854249,False
2025-07-23,3,2193681000,7.53,0,6.829,0.7010000000000005,0.7010000000000005,1.7167901430828438,False
2025-07-23,4,2193681000,7.566,0,6.847,0.7189999999999994,0.7189999999999994,1.6451017942741557,False
2025-07-23,5,2193681000,3.814,0,2.711,1.1030000000000002,1.1030000000000002,1.1891810953441992,False
2025-07-23,6,2193681000,0.0,0,0.0,0.0,0.0,0.0,False
2025-07-23,7,2193681000,0.001,0,0.001,0.0,0.0,0.0,False
2025-07-23,8,2193681000,0.0,0,0.0,0.0,0.0,0.0,False
2025-07-23,9,2193681000,0.001,0,0.001,0.0,0.0,0.0,False
2025-07-23,10,2193681000,0.0,0,0.0,0.0,0.0,0.0,False
2025-07-23,11,2193681000,0.001,0,0.001,0.0,0.0,0.0,False
2025-07-23,12,2193681000,0.0,0,0.0,0.0,0.0,0.0,False
2025-07-23,13,2193681000,0.001,0,0.001,0.0,0.0,0.0,False
2025-07-23,14,2193681000,0.0,0,0.0,0.0,0.0,0.0,False
2025-07-23,15,2193681000,0.001,0,0.001,0.0,0.0,0.0,False
2025-07-23,16,2193681000,0.0,0,0.001,-0.001,0.001,-2.003960309135109,False
2025-07-23,17,2193681000,0.001,0,0.0,0.001,0.001,2.0039603091351093,False
2025-07-23,18,2193681000,0.0,0,0.001,-0.001,0.001,-2.003960309135109,False
2025-07-23,19,2193681000,0.001,0,0.0,0.001,0.001,2.0039603091351093,False
2025-07-23,20,2193681000,5.83,0,4.743,1.0869999999999997,1.0869999999999997,1.2243292698969168,False
2025-07-23,21,2193681000,6.893,0,6.601,0.2919999999999998,0.2919999999999998,0.7231548758466354,False
2025-07-23,22,2193681000,7.267,0,6.658,0.609,0.609,1.3196220779720236,False
2025-07-23,23,2193681000,7.275,0,6.741,0.5340000000000007,0.5340000000000007,1.1787708912104164,False
2025-07-24,0,2193681000,7.328,0,6.694,0.6340000000000003,0.6340000000000003,1.4701547244346183,False
2025-07-24,1,2193681000,7.41,0,6.758,0.6520000000000001,0.6520000000000001,1.5671398274077473,False
2025-07-24,2,2193681000,7.489,0,6.808,0.681,0.681,1.7407455319180836,False
2025-07-24,3,2193681000,7.528,0,6.829,0.6989999999999998,0.6989999999999998,1.7118920256988683,False
2025-07-24,4,2193681000,7.549,0,6.847,0.702,0.702,1.6062050898198306,False
2025-07-24,5,2193681000,3.919,0,2.711,1.2080000000000002,1.2080000000000002,1.3023850980741547,False
2025-07-24,6,2193681000,0.001,0,0.0,0.001,0.001,2.1255206273476754,False
2025-07-24,7,2193681000,0.0,0,0.001,-0.001,0.001,-2.1255206273476754,False
2025-07-24,8,2193681000,0.001,0,0.0,0.001,0.001,2.1255206273476754,False
2025-07-24,9,2193681000,0.0,0,0.001,-0.001,0.001,-2.1255206273476754,False
2025-07-24,10,2193681000,0.001,0,0.0,0.001,0.001,2.1255206273476754,False
2025-07-24,11,2193681000,0.0,0,0.001,-0.001,0.001,-2.1255206273476754,False
2025-07-24,12,2193681000,0.001,0,0.0,0.001,0.001,1.9728893365159033,False
2025-07-24,13,2193681000,0.0,0,0.001,-0.001,0.001,-1.9728893365159033,False
2025-07-24,14,2193681000,0.001,0,0.0,0.001,0.001,1.9578861874192934,False
2025-07-24,15,2193681000,0.0,0,0.001,-0.001,0.001,-1.9578861874192934,False
2025-07-24,16,2193681000,0.001,0,0.001,0.0,0.0,0.0,False
2025-07-24,17,2193681000,0.0,0,0.0,0.0,0.0,0.0,False
2025-07-24,18,2193681000,0.001,0,0.001,0.0,0.0,0.0,False
2025-07-24,19,2193681000,0.0,0,0.0,0.0,0.0,0.0,False
2025-07-24,20,2193681000,5.843,0,4.743,1.0999999999999996,1.0999999999999996,1.2389716622691889,False
2025-07-24,21,2193681000,6.77,0,6.601,0.1689999999999996,0.1689999999999996,0.4185382671852095,False
2025-07-24,22,2193681000,6.832,0,6.658,0.1739999999999995,0.1739999999999995,0.3770348794205771,False
2025-07-24,23,2193681000,6.902,0,6.741,0.16100000000000048,0.16100000000000048,0.35539721626381526,False
2025-07-25,0,2193681000,6.967,0,6.694,0.2729999999999997,0.2729999999999997,0.6330476967991326,False
2025-07-25,1,2193681000,7.098,0,6.758,0.33999999999999986,0.33999999999999986,0.8172201553966776,False
2025-07-25,2,2193681000,7.174,0,6.808,0.36600000000000055,0.36600000000000055,0.9355548673744779,False
2025-07-25,3,2193681000,7.235,0,6.829,0.4060000000000006,0.4060000000000006,0.9943178289466977,False
2025-07-25,4,2193681000,7.288,0,6.847,0.44099999999999984,0.44099999999999984,1.0090262743739957,False
2025-07-25,5,2193681000,3.913,0,2.711,1.202,1.202,1.295916297918157,False
2025-07-25,6,2193681000,0.0,0,0.0,0.0,0.0,0.0,False
2025-07-25,7,2193681000,0.001,0,0.001,0.0,0.0,0.0,False
2025-07-25,8,2193681000,0.0,0,0.0,0.0,0.0,0.0,False
2025-07-25,9,2193681000,0.001,0,0.001,0.0,0.0,0.0,False
2025-07-25,10,2193681000,0.0,0,0.0,0.0,0.0,0.0,False
2025-07-25,11,2193681000,0.001,0,0.001,0.0,0.0,0.0,False
2025-07-25,12,2193681000,0.0,0,0.0,0.0,0.0,0.0,False
2025-07-25,13,2193681000,0.001,0,0.001,0.0,0.0,0.0,False
2025-07-25,14,2193681000,0.0,0,0.0,0.0,0.0,0.0,False
2025-07-25,15,2193681000,0.001,0,0.001,0.0,0.0,0.0,False
2025-07-25,16,2193681000,0.0,0,0.001,-0.001,0.001,-2.003960309135109,False
2025-07-25,17,2193681000,0.001,0,0.0,0.001,0.001,2.0039603091351093,False
2025-07-25,18,2193681000,0.0,0,0.001,-0.001,0.001,-2.003960309135109,False
2025-07-25,19,2193681000,0.001,0,0.0,0.001,0.001,2.0039603091351093,False
2025-07-25,20,2193681000,6.051,0,4.743,1.3079999999999998,1.3079999999999998,1.473249940225545,False
2025-07-25,21,2193681000,6.943,0,6.601,0.34199999999999964,0.34199999999999964,0.8469827655464013,False
2025-07-25,22,2193681000,7.009,0,6.658,0.351,0.351,0.7605703602104766,False
2025-07-25,23,2193681000,7.059,0,6.741,0.3180000000000005,0.3180000000000005,0.7019646880241808,False
2025-07-26,0,2193681000,7.038,0,6.6355,0.40249999999999986,0.40249999999999986,1.0113067581349104,False
2025-07-26,1,2193681000,7.143,0,6.643,0.5,0.5,1.3464169647863387,False
2025-07-26,2,2193681000,7.169,0,6.7425,0.4264999999999999,0.4264999999999999,1.1158543627868427,False
2025-07-26,3,2193681000,7.229,0,6.7715,0.45750000000000046,0.45750000000000046,1.1697877053495738,False
2025-07-26,4,2193681000,7.285,0,6.809,0.476,0.476,1.2186876406908358,False
2025-07-26,5,2193681000,4.046,0,2.6870000000000003,1.359,1.359,1.6238561131875946,False
2025-07-26,6,2193681000,0.0,0,0.0,0.0,0.0,0.0,False
2025-07-26,7,2193681000,0.001,0,0.001,0.0,0.0,0.0,False
2025-07-26,8,2193681000,0.0,0,0.0,0.0,0.0,0.0,False
2025-07-26,9,2193681000,0.001,0,0.001,0.0,0.0,0.0,False
2025-07-26,10,2193681000,0.0,0,0.0,0.0,0.0,0.0,False
2025-07-26,11,2193681000,0.001,0,0.001,0.0,0.0,0.0,False
2025-07-26,12,2193681000,0.0,0,0.0,0.0,0.0,0.0,False
2025-07-26,13,2193681000,0.001,0,0.001,0.0,0.0,0.0,False
2025-07-26,14,2193681000,0.0,0,0.0,0.0,0.0,0.0,False
2025-07-26,15,2193681000,0.001,0,0.001,0.0,0.0,0.0,False
2025-07-26,16,2193681000,0.0,0,0.0,0.0,0.0,0.0,False
2025-07-26,17,2193681000,0.001,0,0.001,0.0,0.0,0.0,False
2025-07-26,18,2193681000,0.0,0,0.0,0.0,0.0,0.0,False
2025-07-26,19,2193681000,0.001,0,0.001,0.0,0.0,0.0,False
2025-07-26,20,2193681000,6.2,0,4.7669999999999995,1.4330000000000007,1.4330000000000007,1.9003063533618585,False
2025-07-26,21,2193681000,6.915,0,6.514,0.4009999999999998,0.4009999999999998,1.0514847340353015,False
2025-07-26,22,2193681000,6.973,0,6.5915,0.38149999999999995,0.38149999999999995,1.0020341945993279,False
2025-07-26,23,2193681000,7.033,0,6.6395,0.3935000000000004,0.3935000000000004,0.99479724087917,False
2025-07-27,0,2193681000,6.896,0,6.6355,0.2604999999999995,0.2604999999999995,0.6545227589916616,False
2025-07-27,1,2193681000,7.003,0,6.643,0.3600000000000003,0.3600000000000003,0.9694202146461647,False
2025-07-27,2,2193681000,7.034,0,6.7425,0.2915000000000001,0.2915000000000001,0.7626530990676785,False
2025-07-27,3,2193681000,7.083,0,6.7715,0.31150000000000055,0.31150000000000055,0.7964784048445738,False
2025-07-27,4,2193681000,7.14,0,6.809,0.3309999999999995,0.3309999999999995,0.8474487585476177,False
2025-07-27,5,2193681000,4.066,0,2.6870000000000003,1.3789999999999996,1.3789999999999996,1.647753922064527,False
2025-07-27,6,2193681000,0.0,0,0.0,0.0,0.0,0.0,False
2025-07-27,7,2193681000,0.001,0,0.001,0.0,0.0,0.0,False
2025-07-27,8,2193681000,0.0,0,0.0,0.0,0.0,0.0,False
2025-07-27,9,2193681000,0.001,0,0.001,0.0,0.0,0.0,False
2025-07-27,10,2193681000,0.0,0,0.0,0.0,0.0,0.0,False
2025-07-27,11,2193681000,0.001,0,0.001,0.0,0.0,0.0,False
2025-07-27,12,2193681000,0.0,0,0.0,0.0,0.0,0.0,False
2025-07-27,13,2193681000,0.001,0,0.001,0.0,0.0,0.0,False
2025-07-27,14,2193681000,0.0,0,0.0,0.0,0.0,0.0,False
2025-07-27,15,2193681000,0.001,0,0.001,0.0,0.0,0.0,False
2025-07-27,16,2193681000,0.0,0,0.0,0.0,0.0,0.0,False
2025-07-27,17,2193681000,0.001,0,0.001,0.0,0.0,0.0,False
2025-07-27,18,2193681000,0.0,0,0.0,0.0,0.0,0.0,False
2025-07-27,19,2193681000,0.001,0,0.001,0.0,0.0,0.0,False
2025-07-27,20,2193681000,6.394,0,4.7669999999999995,1.6270000000000007,1.6270000000000007,2.157570437487609,False
2025-07-27,21,2193681000,6.968,0,6.514,0.45399999999999974,0.45399999999999974,1.1904590255661516,False
2025-07-27,22,2193681000,7.027,0,6.5915,0.4355000000000002,0.4355000000000002,1.1438686546474641,False
2025-07-27,23,2193681000,7.084,0,6.6395,0.4444999999999997,0.4444999999999997,1.1237290306754517,False
2025-07-28,0,2193681000,7.03,0,6.694,0.3360000000000003,0.3360000000000003,0.7791356268297034,False
2025-07-28,1,2193681000,7.086,0,6.758,0.3280000000000003,0.3280000000000003,0.7883770910885606,False
2025-07-28,2,2193681000,7.14,0,6.808,0.33199999999999985,0.33199999999999985,0.848645398820563,False
2025-07-28,3,2193681000,7.204,0,6.829,0.375,0.375,0.9183970094951012,False
2025-07-28,4,2193681000,6.508,0,6.847,-0.3390000000000004,0.3390000000000004,-0.7756460476480388,False
2025-07-28,5,2193681000,3.513,0,2.711,0.802,0.802,0.8646629541849934,False
2025-07-28,6,2193681000,0.001,0,0.0,0.001,0.001,2.1255206273476754,False
2025-07-28,7,2193681000,0.0,0,0.001,-0.001,0.001,-2.1255206273476754,False
2025-07-28,8,2193681000,0.001,0,0.0,0.001,0.001,2.1255206273476754,False
2025-07-28,9,2193681000,0.0,0,0.001,-0.001,0.001,-2.1255206273476754,False
2025-07-28,10,2193681000,0.001,0,0.0,0.001,0.001,2.1255206273476754,False
2025-07-28,11,2193681000,0.0,0,0.001,-0.001,0.001,-2.1255206273476754,False
2025-07-28,12,2193681000,0.001,0,0.0,0.001,0.001,1.9728893365159033,False
2025-07-28,13,2193681000,0.0,0,0.001,-0.001,0.001,-1.9728893365159033,False
2025-07-28,14,2193681000,0.001,0,0.0,0.001,0.001,1.9578861874192934,False
2025-07-28,15,2193681000,0.0,0,0.001,-0.001,0.001,-1.9578861874192934,False
2025-07-28,16,2193681000,0.001,0,0.001,0.0,0.0,0.0,False
2025-07-28,17,2193681000,0.0,0,0.0,0.0,0.0,0.0,False
2025-07-28,18,2193681000,0.001,0,0.001,0.0,0.0,0.0,False
2025-07-28,19,2193681000,0.0,0,0.0,0.0,0.0,0.0,False
2025-07-28,20,2193681000,6.327,0,4.743,1.5839999999999996,1.5839999999999996,1.7841191936676322,False
2025-07-28,21,2193681000,6.831,0,6.601,0.23000000000000043,0.23000000000000043,0.5696082926189265,False
2025-07-28,22,2193681000,6.907,0,6.658,0.24899999999999967,0.24899999999999967,0.5395499136535853,False
2025-07-28,23,2193681000,6.95,0,6.741,0.20900000000000052,0.20900000000000052,0.461354150305201,False
2025-07-29,0,2193681000,6.956,0,6.694,0.26200000000000045,0.26200000000000045,0.6075402804445906,False
2025-07-29,1,2193681000,7.089,0,6.758,0.3310000000000004,0.3310000000000004,0.7955878571655903,False
2025-07-29,2,2193681000,7.168,0,6.808,0.3600000000000003,0.3600000000000003,0.9202179023355515,False
2025-07-29,3,2193681000,7.208,0,6.829,0.37900000000000045,0.37900000000000045,0.92819324426305,False
2025-07-29,4,2193681000,7.253,0,6.847,0.4059999999999997,0.4059999999999997,0.928944824026853,False
2025-07-29,5,2193681000,4.359,0,2.711,1.6480000000000001,1.6480000000000001,1.7767637761806347,False
2025-07-29,6,2193681000,0.0,0,0.0,0.0,0.0,0.0,False
2025-07-29,7,2193681000,0.001,0,0.001,0.0,0.0,0.0,False
2025-07-29,8,2193681000,0.0,0,0.0,0.0,0.0,0.0,False
2025-07-29,9,2193681000,0.001,0,0.001,0.0,0.0,0.0,False
2025-07-29,10,2193681000,0.0,0,0.0,0.0,0.0,0.0,False
2025-07-29,11,2193681000,0.001,0,0.001,0.0,0.0,0.0,False
2025-07-29,12,2193681000,0.0,0,0.0,0.0,0.0,0.0,False
2025-07-29,13,2193681000,0.001,0,0.001,0.0,0.0,0.0,False
2025-07-29,14,2193681000,0.0,0,0.0,0.0,0.0,0.0,False
2025-07-29,15,2193681000,0.001,0,0.001,0.0,0.0,0.0,False
2025-07-29,16,2193681000,0.0,0,0.001,-0.001,0.001,-2.003960309135109,False
2025-07-29,17,2193681000,0.001,0,0.0,0.001,0.001,2.0039603091351093,False
2025-07-29,18,2193681000,0.0,0,0.001,-0.001,0.001,-2.003960309135109,False
2025-07-29,19,2193681000,0.001,0,0.0,0.001,0.001,2.0039603091351093,False
2025-07-29,20,2193681000,6.557,0,4.743,1.814,1.814,2.043176904869372,False
2025-07-29,21,2193681000,6.915,0,6.601,0.31400000000000006,0.31400000000000006,0.7776391473145332,False
2025-07-29,22,2193681000,7.012,0,6.658,0.3539999999999992,0.3539999999999992,0.7670709615797953,False
2025-07-29,23,2193681000,6.978,0,6.741,0.2370000000000001,0.2370000000000001,0.5231623618293416,False
2025-07-30,0,2193681000,6.998,0,6.694,0.30400000000000027,0.30400000000000027,0.704932233798303,False
2025-07-30,1,2193681000,7.096,0,6.758,0.3380000000000001,0.3380000000000001,0.8124129780119917,False
2025-07-30,2,2193681000,7.184,0,6.808,0.37600000000000033,0.37600000000000033,0.9611164757726871,False
2025-07-30,3,2193681000,7.229,0,6.829,0.40000000000000036,0.40000000000000036,0.9796234767947755,False
2025-07-30,4,2193681000,7.282,0,6.847,0.4349999999999996,0.4349999999999996,0.9952980257430566,False
2025-07-30,5,2193681000,4.478,0,2.711,1.767,1.767,1.9050616459412508,False
2025-07-30,6,2193681000,0.001,0,0.0,0.001,0.001,2.1255206273476754,False
2025-07-30,7,2193681000,0.0,0,0.001,-0.001,0.001,-2.1255206273476754,False
2025-07-30,8,2193681000,0.001,0,0.0,0.001,0.001,2.1255206273476754,False
2025-07-30,9,2193681000,0.0,0,0.001,-0.001,0.001,-2.1255206273476754,False
2025-07-30,10,2193681000,0.001,0,0.0,0.001,0.001,2.1255206273476754,False
2025-07-30,11,2193681000,0.0,0,0.001,-0.001,0.001,-2.1255206273476754,False
2025-07-30,12,2193681000,0.001,0,0.0,0.001,0.001,1.9728893365159033,False
2025-07-30,13,2193681000,0.0,0,0.001,-0.001,0.001,-1.9728893365159033,False
2025-07-30,14,2193681000,0.001,0,0.0,0.001,0.001,1.9578861874192934,False
2025-07-30,15,2193681000,0.0,0,0.001,-0.001,0.001,-1.9578861874192934,False
2025-07-30,16,2193681000,0.001,0,0.001,0.0,0.0,0.0,False
2025-07-30,17,2193681000,0.0,0,0.0,0.0,0.0,0.0,False
2025-07-30,18,2193681000,0.001,0,0.001,0.0,0.0,0.0,False
2025-07-30,19,2193681000,0.0,0,0.0,0.0,0.0,0.0,False
2025-07-30,20,2193681000,6.605,0,4.743,1.862,1.862,2.0972411228593004,False
2025-07-30,21,2193681000,6.892,0,6.601,0.29100000000000037,0.29100000000000037,0.7206783180526414,False
2025-07-30,22,2193681000,6.963,0,6.658,0.3049999999999997,0.3049999999999997,0.6608944725475646,False
2025-07-30,23,2193681000,7.019,0,6.741,0.27800000000000047,0.27800000000000047,0.6136672429896927,False
2025-07-31,0,2193681000,7.046,0,6.694,0.3520000000000003,0.3520000000000003,0.8162373233454036,False
2025-07-31,1,2193681000,7.14,0,6.758,0.3819999999999997,0.3819999999999997,0.9181708804750902,False
2025-07-31,2,2193681000,7.197,0,6.808,0.38900000000000023,0.38900000000000023,0.9943465666903595,False
2025-07-31,3,2193681000,7.229,0,6.829,0.40000000000000036,0.40000000000000036,0.9796234767947755,False
2025-07-31,4,2193681000,7.275,0,6.847,0.42799999999999994,0.42799999999999994,0.9792817356736288,False
2025-07-31,5,2193681000,4.615,0,2.711,1.9040000000000004,1.9040000000000004,2.05276591616986,False
2025-07-31,6,2193681000,0.001,0,0.0,0.001,0.001,2.1255206273476754,False
2025-07-31,7,2193681000,0.0,0,0.001,-0.001,0.001,-2.1255206273476754,False
2025-07-31,8,2193681000,0.001,0,0.0,0.001,0.001,2.1255206273476754,False
2025-07-31,9,2193681000,0.0,0,0.001,-0.001,0.001,-2.1255206273476754,False
2025-07-31,10,2193681000,0.001,0,0.0,0.001,0.001,2.1255206273476754,False
2025-07-31,11,2193681000,0.0,0,0.001,-0.001,0.001,-2.1255206273476754,False
2025-07-31,12,2193681000,0.001,0,0.0,0.001,0.001,1.9728893365159033,False
2025-07-31,13,2193681000,0.0,0,0.001,-0.001,0.001,-1.9728893365159033,False
2025-07-31,14,2193681000,0.001,0,0.0,0.001,0.001,1.9578861874192934,False
2025-07-31,15,2193681000,0.0,0,0.001,-0.001,0.001,-1.9578861874192934,False
2025-07-31,16,2193681000,0.001,0,0.001,0.0,0.0,0.0,False
2025-07-31,17,2193681000,0.0,0,0.0,0.0,0.0,0.0,False
2025-07-31,18,2193681000,0.001,0,0.001,0.0,0.0,0.0,False
2025-07-31,19,2193681000,0.0,0,0.0,0.0,0.0,0.0,False
2025-07-31,20,2193681000,6.759,0,4.743,2.016,2.016,2.270697155576987,False
2025-07-31,21,2193681000,6.884,0,6.601,0.28300000000000036,0.28300000000000036,0.7008658557006787,False
2025-07-31,22,2193681000,6.947,0,6.658,0.2889999999999997,0.2889999999999997,0.6262245985778563,False
2025-07-31,23,2193681000,7.007,0,6.741,0.266,0.266,0.5871780094793453,False
2025-08-01,0,2193681000,7.039,0,6.514,0.5249999999999995,0.5249999999999995,1.277726684506823,False
2025-08-01,1,2193681000,7.112,0,6.567,0.5449999999999999,0.5449999999999999,1.2907944535016993,False
2025-08-01,2,2193681000,7.22,0,6.599,0.6209999999999996,0.6209999999999996,1.4596796403415329,False
2025-08-01,3,2193681000,7.257,0,6.581,0.6759999999999993,0.6759999999999993,1.436671451093409,False
2025-08-01,4,2193681000,7.332,0,6.584,0.7480000000000002,0.7480000000000002,1.6668239484654204,False
2025-08-01,5,2193681000,4.768,0,5.947,-1.1790000000000003,1.1790000000000003,-1.7025997855387291,False
2025-08-01,6,2193681000,0.0,0,0.001,-0.001,0.001,-0.0039690074480604465,False
2025-08-01,7,2193681000,0.001,0,0.001,0.0,0.0,0.0,False
2025-08-01,8,2193681000,0.0,0,0.001,-0.001,0.001,-0.02079100674469333,False
2025-08-01,9,2193681000,0.001,0,0.0,0.001,0.001,1.9720227054853185,False
2025-08-01,10,2193681000,0.0,0,0.001,-0.001,0.001,-1.9540130236624311,False
2025-08-01,11,2193681000,0.0,0,0.0,0.0,0.0,0.0,False
2025-08-01,12,2193681000,0.0,0,0.001,-0.001,0.001,-1.9540130236624311,False
2025-08-01,13,2193681000,0.001,0,0.001,0.0,0.0,0.0,False
2025-08-01,14,2193681000,0.0,0,0.0,0.0,0.0,0.0,False
2025-08-01,15,2193681000,0.001,0,0.001,0.0,0.0,0.0,False
2025-08-01,16,2193681000,0.0,0,0.0,0.0,0.0,0.0,False
2025-08-01,17,2193681000,0.001,0,0.001,0.0,0.0,0.0,False
2025-08-01,18,2193681000,0.0,0,0.0,0.0,0.0,0.0,False
2025-08-01,19,2193681000,0.072,0,1.881,-1.809,1.809,-1.3034700821888492,False
2025-08-01,20,2193681000,6.905,0,6.391,0.5140000000000002,0.5140000000000002,1.2455117467928325,False
2025-08-01,21,2193681000,6.972,0,6.406,0.5660000000000007,0.5660000000000007,1.385966109970727,False
2025-08-01,22,2193681000,7.044,0,6.424,0.6199999999999992,0.6199999999999992,1.5130236485176451,False
2025-08-01,23,2193681000,7.061,0,6.463,0.5979999999999999,0.5979999999999999,1.5051477899814902,False
2025-08-02,0,2193681000,7.045,0,6.6785,0.36650000000000027,0.36650000000000027,0.8186638547290847,False
2025-08-02,1,2193681000,7.078,0,6.7780000000000005,0.2999999999999998,0.2999999999999998,0.6669216811184914,False
2025-08-02,2,2193681000,7.171,0,6.8375,0.3334999999999999,0.3334999999999999,0.7431083820447156,False
2025-08-02,3,2193681000,7.249,0,6.8735,0.3754999999999997,0.3754999999999997,0.8885865442995472,False
2025-08-02,4,2193681000,7.273,0,6.96,0.3129999999999997,0.3129999999999997,0.7800369117645077,False
2025-08-02,5,2193681000,4.819,0,5.883,-1.064,1.064,-1.3119916705377783,False
2025-08-02,6,2193681000,0.0,0,0.001,-0.001,0.001,-0.0023053866363677102,False
2025-08-02,7,2193681000,0.001,0,0.0,0.001,0.001,2.070192392321649,False
2025-08-02,8,2193681000,0.0,0,0.001,-0.001,0.001,-1.93648792311097,False
2025-08-02,9,2193681000,0.001,0,0.0,0.001,0.001,2.070192392321649,False
2025-08-02,10,2193681000,0.0,0,0.001,-0.001,0.001,-0.009515283301469243,False
2025-08-02,11,2193681000,0.001,0,0.0,0.001,0.001,0.0017768926082620611,False
2025-08-02,12,2193681000,0.0,0,0.001,-0.001,0.001,-1.93648792311097,False
2025-08-02,13,2193681000,0.001,0,0.0005,0.0005,0.0005,0.9486814980539292,False
2025-08-02,14,2193681000,0.0,0,0.0005,-0.0005,0.0005,-0.9486814980539292,False
2025-08-02,15,2193681000,0.001,0,0.0005,0.0005,0.0005,0.9486814980539292,False
2025-08-02,16,2193681000,0.0,0,0.001,-0.001,0.001,-1.9364879231109704,False
2025-08-02,17,2193681000,0.001,0,0.0,0.001,0.001,1.9364879231109704,False
2025-08-02,18,2193681000,0.0,0,0.001,-0.001,0.001,-1.9364879231109704,False
2025-08-02,19,2193681000,0.163,0,2.081,-1.918,1.918,-1.1277532418618827,False
2025-08-02,20,2193681000,6.91,0,6.9245,-0.014499999999999957,0.014499999999999957,-0.035309207998113865,False
2025-08-02,21,2193681000,6.973,0,6.963,0.009999999999999787,0.009999999999999787,0.023697613915664887,False
2025-08-02,22,2193681000,7.023,0,7.0205,0.0024999999999995026,0.0024999999999995026,0.006016559359335622,False
2025-08-02,23,2193681000,7.088,0,7.058999999999999,0.029000000000000803,0.029000000000000803,0.06888287835359189,False
2025-08-03,0,2193681000,7.084,0,6.6785,0.40549999999999997,0.40549999999999997,0.9057795173059852,False
2025-08-03,1,2193681000,7.151,0,6.7780000000000005,0.37299999999999933,0.37299999999999933,0.8292059568573233,False
2025-08-03,2,2193681000,7.232,0,6.8375,0.39449999999999985,0.39449999999999985,0.8790292555221598,False
2025-08-03,3,2193681000,7.265,0,6.8735,0.39149999999999974,0.39149999999999974,0.9264490867996611,False
2025-08-03,4,2193681000,7.3,0,6.96,0.33999999999999986,0.33999999999999986,0.8473244408943539,False
2025-08-03,5,2193681000,5.003,0,5.883,-0.8799999999999999,0.8799999999999999,-1.0851058929259818,False
2025-08-03,6,2193681000,0.001,0,0.001,0.0,0.0,0.0,False
2025-08-03,7,2193681000,0.0,0,0.0,0.0,0.0,0.0,False
2025-08-03,8,2193681000,0.001,0,0.001,0.0,0.0,0.0,False
2025-08-03,9,2193681000,0.0,0,0.0,0.0,0.0,0.0,False
2025-08-03,10,2193681000,0.001,0,0.001,0.0,0.0,0.0,False
2025-08-03,11,2193681000,0.0,0,0.0,0.0,0.0,0.0,False
2025-08-03,12,2193681000,0.001,0,0.001,0.0,0.0,0.0,False
2025-08-03,13,2193681000,0.0,0,0.0005,-0.0005,0.0005,-0.9486814980539292,False
2025-08-03,14,2193681000,0.001,0,0.0005,0.0005,0.0005,0.9486814980539292,False
2025-08-03,15,2193681000,0.0,0,0.0005,-0.0005,0.0005,-0.9486814980539292,False
2025-08-03,16,2193681000,0.001,0,0.001,0.0,0.0,0.0,False
2025-08-03,17,2193681000,0.0,0,0.0,0.0,0.0,0.0,False
2025-08-03,18,2193681000,0.001,0,0.001,0.0,0.0,0.0,False
2025-08-03,19,2193681000,0.274,0,2.081,-1.807,1.807,-1.062487021920971,False
2025-08-03,20,2193681000,6.939,0,6.9245,0.014499999999999957,0.014499999999999957,0.035309207998113865,False
2025-08-03,21,2193681000,6.953,0,6.963,-0.009999999999999787,0.009999999999999787,-0.023697613915664887,False
2025-08-03,22,2193681000,7.018,0,7.0205,-0.002500000000000391,0.002500000000000391,-0.00601655935933776,False
2025-08-03,23,2193681000,7.047,0,7.058999999999999,-0.011999999999999567,0.011999999999999567,-0.028503260008381034,False
2025-08-04,0,2193681000,7.195,0,6.514,0.681,0.681,1.657394042188852,False
2025-08-04,1,2193681000,7.305,0,6.567,0.7379999999999995,0.7379999999999995,1.7479014801545938,False
2025-08-04,2,2193681000,7.357,0,6.599,0.758,0.758,1.7817023629289577,False
2025-08-04,3,2193681000,7.377,0,6.581,0.7959999999999994,0.7959999999999994,1.6917018861987485,False
2025-08-04,4,2193681000,7.408,0,6.584,0.8240000000000007,0.8240000000000007,1.8361803924271487,False
2025-08-04,5,2193681000,5.181,0,5.947,-0.766,0.766,-1.1061844238529823,False
2025-08-04,6,2193681000,0.0,0,0.001,-0.001,0.001,-0.0039690074480604465,False
2025-08-04,7,2193681000,0.001,0,0.001,0.0,0.0,0.0,False
2025-08-04,8,2193681000,0.0,0,0.001,-0.001,0.001,-0.02079100674469333,False
2025-08-04,9,2193681000,0.001,0,0.0,0.001,0.001,1.9720227054853185,False
2025-08-04,10,2193681000,0.0,0,0.001,-0.001,0.001,-1.9540130236624311,False
2025-08-04,11,2193681000,0.001,0,0.0,0.001,0.001,1.9540130236624311,False
2025-08-04,12,2193681000,0.0,0,0.001,-0.001,0.001,-1.9540130236624311,False
2025-08-04,13,2193681000,0.001,0,0.001,0.0,0.0,0.0,False
2025-08-04,14,2193681000,0.0,0,0.0,0.0,0.0,0.0,False
2025-08-04,15,2193681000,0.001,0,0.001,0.0,0.0,0.0,False
2025-08-04,16,2193681000,0.0,0,0.0,0.0,0.0,0.0,False
2025-08-04,17,2193681000,0.001,0,0.001,0.0,0.0,0.0,False
2025-08-04,18,2193681000,0.0,0,0.0,0.0,0.0,0.0,False
2025-08-04,19,2193681000,0.383,0,1.881,-1.498,1.498,-1.079379869054116,False
2025-08-04,20,2193681000,6.877,0,6.391,0.48599999999999977,0.48599999999999977,1.1776628578624826,False
2025-08-04,21,2193681000,6.906,0,6.406,0.5,0.5,1.224351687253291,False
2025-08-04,22,2193681000,6.964,0,6.424,0.54,0.54,1.3177947906444023,False
2025-08-04,23,2193681000,7.012,0,6.463,0.5489999999999995,0.5489999999999995,1.3818162821067517,False
2025-08-05,0,2193681000,7.009,0,6.514,0.4950000000000001,0.4950000000000001,1.2047137311064344,False
2025-08-05,1,2193681000,7.121,0,6.567,0.5540000000000003,0.5540000000000003,1.3121103252109025,False
2025-08-05,2,2193681000,7.155,0,6.599,0.556,0.556,1.3068951369241433,False
2025-08-05,3,2193681000,7.211,0,6.581,0.6299999999999999,0.6299999999999999,1.3389097843030304,False
2025-08-05,4,2193681000,7.241,0,6.584,0.657,0.657,1.4640418905638783,False
2025-08-05,5,2193681000,5.199,0,5.947,-0.7480000000000002,0.7480000000000002,-1.0801905339974296,False
2025-08-05,6,2193681000,0.001,0,0.001,0.0,0.0,0.0,False
2025-08-05,7,2193681000,0.0,0,0.001,-0.001,0.001,-1.9540130236624311,False
2025-08-05,8,2193681000,0.001,0,0.001,0.0,0.0,0.0,False
2025-08-05,9,2193681000,0.0,0,0.0,0.0,0.0,0.0,False
2025-08-05,10,2193681000,0.001,0,0.001,0.0,0.0,0.0,False
2025-08-05,11,2193681000,0.0,0,0.0,0.0,0.0,0.0,False
2025-08-05,12,2193681000,0.001,0,0.001,0.0,0.0,0.0,False
2025-08-05,13,2193681000,0.001,0,0.001,0.0,0.0,0.0,False
2025-08-05,14,2193681000,0.0,0,0.0,0.0,0.0,0.0,False
2025-08-05,15,2193681000,0.001,0,0.001,0.0,0.0,0.0,False
2025-08-05,16,2193681000,0.0,0,0.0,0.0,0.0,0.0,False
2025-08-05,17,2193681000,0.001,0,0.001,0.0,0.0,0.0,False
2025-08-05,18,2193681000,0.0,0,0.0,0.0,0.0,0.0,False
2025-08-05,19,2193681000,0.61,0,1.881,-1.271,1.271,-0.9158156298850344,False
2025-08-05,20,2193681000,6.879,0,6.391,0.48799999999999955,0.48799999999999955,1.1825092070717926,False
2025-08-05,21,2193681000,6.912,0,6.406,0.5060000000000002,0.5060000000000002,1.239043907500331,False
2025-08-05,22,2193681000,7.007,0,6.424,0.5829999999999993,0.5829999999999993,1.4227303017512696,False
2025-08-05,23,2193681000,7.038,0,6.463,0.5750000000000002,0.5750000000000002,1.4472574903668183,False
2025-08-06,0,2193681000,7.069,0,6.514,0.5549999999999997,0.5549999999999997,1.3507396379072134,False
2025-08-06,1,2193681000,7.155,0,6.567,0.5880000000000001,0.5880000000000001,1.392636951667889,False
2025-08-06,2,2193681000,7.227,0,6.599,0.6280000000000001,0.6280000000000001,1.4761333560941763,False
2025-08-06,3,2193681000,7.252,0,6.581,0.6709999999999994,0.6709999999999994,1.4260451829640202,False
2025-08-06,4,2193681000,7.324,0,6.584,0.7400000000000002,0.7400000000000002,1.648996954364186,False
2025-08-06,5,2193681000,5.338,0,5.947,-0.609,0.609,-0.8794599401128802,False
2025-08-06,6,2193681000,0.0,0,0.001,-0.001,0.001,-0.0039690074480604465,False
2025-08-06,7,2193681000,0.001,0,0.001,0.0,0.0,0.0,False
2025-08-06,8,2193681000,0.0,0,0.001,-0.001,0.001,-0.02079100674469333,False
2025-08-06,9,2193681000,0.001,0,0.0,0.001,0.001,1.9720227054853185,False
2025-08-06,10,2193681000,0.0,0,0.001,-0.001,0.001,-1.9540130236624311,False
2025-08-06,11,2193681000,0.001,0,0.0,0.001,0.001,1.9540130236624311,False
2025-08-06,12,2193681000,0.0,0,0.001,-0.001,0.001,-1.9540130236624311,False
2025-08-06,13,2193681000,0.001,0,0.001,0.0,0.0,0.0,False
2025-08-06,14,2193681000,0.0,0,0.0,0.0,0.0,0.0,False
2025-08-06,15,2193681000,0.001,0,0.001,0.0,0.0,0.0,False
2025-08-06,16,2193681000,0.0,0,0.0,0.0,0.0,0.0,False
2025-08-06,17,2193681000,0.001,0,0.001,0.0,0.0,0.0,False
2025-08-06,18,2193681000,0.001,0,0.0,0.001,0.001,2.160242232812701,False
2025-08-06,19,2193681000,0.724,0,1.881,-1.157,1.157,-0.8336732366459362,False
2025-08-06,20,2193681000,6.864,0,6.391,0.47299999999999986,0.47299999999999986,1.1461615880019638,False
2025-08-06,21,2193681000,6.869,0,6.406,0.4630000000000001,0.4630000000000001,1.1337496623965475,False
2025-08-06,22,2193681000,6.96,0,6.424,0.5359999999999996,0.5359999999999996,1.308033347750739,False
2025-08-06,23,2193681000,6.996,0,6.463,0.5330000000000004,0.5330000000000004,1.3415447693313294,False
2025-08-07,0,2193681000,7.075,0,6.514,0.5609999999999999,0.5609999999999999,1.365342228587292,False
2025-08-07,1,2193681000,7.16,0,6.567,0.593,0.593,1.4044791026174455,False
2025-08-07,2,2193681000,7.26,0,6.599,0.6609999999999996,0.6609999999999996,1.5537008732137734,False
2025-08-07,3,2193681000,7.214,0,6.581,0.633,0.633,1.345285545180664,False
2025-08-07,4,2193681000,7.314,0,6.584,0.7300000000000004,0.7300000000000004,1.6267132117376435,False
2025-08-07,5,2193681000,5.46,0,5.947,-0.4870000000000001,0.4870000000000001,-0.7032791310919093,False
2025-08-07,6,2193681000,0.0,0,0.001,-0.001,0.001,-0.0039690074480604465,False
2025-08-07,7,2193681000,0.001,0,0.001,0.0,0.0,0.0,False
2025-08-07,8,2193681000,0.0,0,0.001,-0.001,0.001,-0.02079100674469333,False
2025-08-07,9,2193681000,0.001,0,0.0,0.001,0.001,1.9720227054853185,False
2025-08-07,10,2193681000,0.0,0,0.001,-0.001,0.001,-1.9540130236624311,False
2025-08-07,11,2193681000,0.001,0,0.0,0.001,0.001,1.9540130236624311,False
2025-08-07,12,2193681000,0.0,0,0.001,-0.001,0.001,-1.9540130236624311,False
2025-08-07,13,2193681000,0.001,0,0.001,0.0,0.0,0.0,False
2025-08-07,14,2193681000,0.0,0,0.0,0.0,0.0,0.0,False
2025-08-07,15,2193681000,0.001,0,0.001,0.0,0.0,0.0,False
2025-08-07,16,2193681000,0.0,0,0.0,0.0,0.0,0.0,False
2025-08-07,17,2193681000,0.001,0,0.001,0.0,0.0,0.0,False
2025-08-07,18,2193681000,0.0,0,0.0,0.0,0.0,0.0,False
2025-08-07,19,2193681000,0.851,0,1.881,-1.03,1.03,-0.7421637283883442,False
2025-08-07,20,2193681000,6.979,0,6.391,0.5880000000000001,0.5880000000000001,1.4248266675373253,False
2025-08-07,21,2193681000,6.987,0,6.406,0.5810000000000004,0.5810000000000004,1.4226966605883251,False
2025-08-07,22,2193681000,7.084,0,6.424,0.6599999999999993,0.6599999999999993,1.6106380774542677,False
2025-08-07,23,2193681000,7.017,0,6.463,0.5540000000000003,0.5540000000000003,1.394401129849074,False
2025-08-08,0,2193681000,7.073,0,6.514,0.5590000000000002,0.5590000000000002,1.3604746983605998,False
2025-08-08,1,2193681000,7.164,0,6.567,0.5969999999999995,0.5969999999999995,1.41395282337709,False
2025-08-08,2,2193681000,7.246,0,6.599,0.6470000000000002,0.6470000000000002,1.5207934417084907,False
2025-08-08,3,2193681000,7.227,0,6.581,0.6459999999999999,0.6459999999999999,1.3729138423170757,False
2025-08-08,4,2193681000,7.289,0,6.584,0.7050000000000001,0.7050000000000001,1.571003855171285,False
2025-08-08,5,2193681000,5.566,0,5.947,-0.3810000000000002,0.3810000000000002,-0.5502040019425412,False
2025-08-08,6,2193681000,0.0,0,0.001,-0.001,0.001,-0.0039690074480604465,False
2025-08-08,7,2193681000,0.001,0,0.001,0.0,0.0,0.0,False
2025-08-08,8,2193681000,0.0,0,0.001,-0.001,0.001,-0.02079100674469333,False
2025-08-08,9,2193681000,0.001,0,0.0,0.001,0.001,1.9720227054853185,False
2025-08-08,10,2193681000,0.0,0,0.001,-0.001,0.001,-1.9540130236624311,False
2025-08-08,11,2193681000,0.001,0,0.0,0.001,0.001,1.9540130236624311,False
2025-08-08,12,2193681000,0.0,0,0.001,-0.001,0.001,-1.9540130236624311,False
2025-08-08,13,2193681000,0.001,0,0.001,0.0,0.0,0.0,False
2025-08-08,14,2193681000,0.0,0,0.0,0.0,0.0,0.0,False
2025-08-08,15,2193681000,0.001,0,0.001,0.0,0.0,0.0,False
2025-08-08,16,2193681000,0.0,0,0.0,0.0,0.0,0.0,False
2025-08-08,17,2193681000,0.001,0,0.001,0.0,0.0,0.0,False
2025-08-08,18,2193681000,0.0,0,0.0,0.0,0.0,0.0,False
2025-08-08,19,2193681000,0.965,0,1.881,-0.916,0.916,-0.6600213351492459,False
2025-08-08,20,2193681000,6.942,0,6.391,0.5510000000000002,0.5510000000000002,1.335169207165079,False
2025-08-08,21,2193681000,7.012,0,6.406,0.6059999999999999,0.6059999999999999,1.4839142449509883,False
2025-08-08,22,2193681000,7.01,0,6.424,0.5859999999999994,0.5859999999999994,1.4300513839215165,False
2025-08-08,23,2193681000,7.017,0,6.463,0.5540000000000003,0.5540000000000003,1.394401129849074,False
2025-08-09,0,2193681000,7.032,0,6.6785,0.35350000000000037,0.35350000000000037,0.7896253005367845,False
2025-08-09,1,2193681000,7.143,0,6.7780000000000005,0.3649999999999993,0.3649999999999993,0.8114213786941635,False
2025-08-09,2,2193681000,7.216,0,6.8375,0.37849999999999984,0.37849999999999984,0.8433778788723384,False
2025-08-09,3,2193681000,7.232,0,6.8735,0.35850000000000026,0.35850000000000026,0.8483575928931775,False
2025-08-09,4,2193681000,7.186,0,6.96,0.22599999999999998,0.22599999999999998,0.5632215401238942,False
2025-08-09,5,2193681000,5.691,0,5.883,-0.19200000000000017,0.19200000000000017,-0.2367503766383963,False
2025-08-09,6,2193681000,0.0,0,0.001,-0.001,0.001,-0.0023053866363677102,False
2025-08-09,7,2193681000,0.001,0,0.0,0.001,0.001,2.070192392321649,False
2025-08-09,8,2193681000,0.0,0,0.001,-0.001,0.001,-1.93648792311097,False
2025-08-09,9,2193681000,0.001,0,0.0,0.001,0.001,2.070192392321649,False
2025-08-09,10,2193681000,0.001,0,0.001,0.0,0.0,0.0,False
2025-08-09,11,2193681000,0.0,0,0.0,0.0,0.0,0.0,False
2025-08-09,12,2193681000,0.001,0,0.001,0.0,0.0,0.0,False
2025-08-09,13,2193681000,0.0,0,0.0005,-0.0005,0.0005,-0.9486814980539292,False
2025-08-09,14,2193681000,0.001,0,0.0005,0.0005,0.0005,0.9486814980539292,False
2025-08-09,15,2193681000,0.0,0,0.0005,-0.0005,0.0005,-0.9486814980539292,False
2025-08-09,16,2193681000,0.001,0,0.001,0.0,0.0,0.0,False
2025-08-09,17,2193681000,0.0,0,0.0,0.0,0.0,0.0,False
2025-08-09,18,2193681000,0.001,0,0.001,0.0,0.0,0.0,False
2025-08-09,19,2193681000,1.207,0,2.081,-0.8739999999999999,0.8739999999999999,-0.513897984039252,False
2025-08-09,20,2193681000,6.979,0,6.9245,0.05449999999999999,0.05449999999999999,0.13271391971704902,False
2025-08-09,21,2193681000,7.014,0,6.963,0.051000000000000156,0.051000000000000156,0.12085783096989386,False
2025-08-09,22,2193681000,7.077,0,7.0205,0.05649999999999977,0.05649999999999977,0.13597424152101156,False
2025-08-09,23,2193681000,7.071,0,7.058999999999999,0.012000000000000455,0.012000000000000455,0.028503260008383144,False
2025-08-10,0,2193681000,7.064,0,6.6785,0.3855000000000004,0.3855000000000004,0.8611048185486009,False
2025-08-10,1,2193681000,7.148,0,6.7780000000000005,0.3699999999999992,0.3699999999999992,0.8225367400461381,False
2025-08-10,2,2193681000,7.188,0,6.8375,0.35049999999999937,0.35049999999999937,0.7809879697351497,False
2025-08-10,3,2193681000,7.258,0,6.8735,0.38450000000000006,0.38450000000000006,0.909884224455862,False
2025-08-10,4,2193681000,7.353,0,6.96,0.3929999999999998,0.3929999999999998,0.9794073684455324,False
2025-08-10,5,2193681000,5.852,0,5.883,-0.030999999999999694,0.030999999999999694,-0.03822532122807399,False
2025-08-10,6,2193681000,0.0,0,0.001,-0.001,0.001,-0.0023053866363677102,False
2025-08-10,7,2193681000,0.001,0,0.0,0.001,0.001,2.070192392321649,False
2025-08-10,8,2193681000,0.0,0,0.001,-0.001,0.001,-1.93648792311097,False
2025-08-10,9,2193681000,0.001,0,0.0,0.001,0.001,2.070192392321649,False
2025-08-10,10,2193681000,0.0,0,0.001,-0.001,0.001,-0.009515283301469243,False
2025-08-10,11,2193681000,0.001,0,0.0,0.001,0.001,0.0017768926082620611,False
2025-08-10,12,2193681000,0.0,0,0.001,-0.001,0.001,-1.93648792311097,False
2025-08-10,13,2193681000,0.001,0,0.0005,0.0005,0.0005,0.9486814980539292,False
2025-08-10,14,2193681000,0.0,0,0.0005,-0.0005,0.0005,-0.9486814980539292,False
2025-08-10,15,2193681000,0.001,0,0.0005,0.0005,0.0005,0.9486814980539292,False
2025-08-10,16,2193681000,0.0,0,0.001,-0.001,0.001,-1.9364879231109704,False
2025-08-10,17,2193681000,0.001,0,0.0,0.001,0.001,1.9364879231109704,False
2025-08-10,18,2193681000,0.0,0,0.001,-0.001,0.001,-1.9364879231109704,False
2025-08-10,19,2193681000,1.325,0,2.081,-0.756,0.756,-0.4445158763543188,False
2025-08-10,20,2193681000,7.016,0,6.9245,0.09149999999999991,0.09149999999999991,0.22281327805706377,False
2025-08-10,21,2193681000,6.997,0,6.963,0.03399999999999981,0.03399999999999981,0.08057188731326187,False
2025-08-10,22,2193681000,7.043,0,7.0205,0.022499999999999964,0.022499999999999964,0.05414903423403129,False
2025-08-10,23,2193681000,7.102,0,7.058999999999999,0.04300000000000104,0.04300000000000104,0.10213668169670485,False
2025-08-11,0,2193681000,7.212,0,6.514,0.6979999999999995,0.6979999999999995,1.6987680491157384,False
2025-08-11,1,2193681000,7.252,0,6.567,0.6849999999999996,0.6849999999999996,1.622374680089291,False
2025-08-11,2,2193681000,7.264,0,6.599,0.665,0.665,1.5631029965009986,False
2025-08-11,3,2193681000,7.309,0,6.581,0.7279999999999998,0.7279999999999998,1.5471846396390572,False
2025-08-11,4,2193681000,7.344,0,6.584,0.7600000000000007,0.7600000000000007,1.693564439617273,False
2025-08-11,5,2193681000,5.947,0,5.947,0.0,0.0,0.0,False
2025-08-11,6,2193681000,0.001,0,0.001,0.0,0.0,0.0,False
2025-08-11,7,2193681000,0.0,0,0.001,-0.001,0.001,-1.9540130236624311,False
2025-08-11,8,2193681000,0.001,0,0.001,0.0,0.0,0.0,False
2025-08-11,9,2193681000,0.0,0,0.0,0.0,0.0,0.0,False
2025-08-11,10,2193681000,0.001,0,0.001,0.0,0.0,0.0,False
2025-08-11,11,2193681000,0.001,0,0.0,0.001,0.001,1.9540130236624311,False
2025-08-11,12,2193681000,0.0,0,0.001,-0.001,0.001,-1.9540130236624311,False
2025-08-11,13,2193681000,0.001,0,0.001,0.0,0.0,0.0,False
2025-08-11,14,2193681000,0.0,0,0.0,0.0,0.0,0.0,False
2025-08-11,15,2193681000,0.001,0,0.001,0.0,0.0,0.0,False
2025-08-11,16,2193681000,0.0,0,0.0,0.0,0.0,0.0,False
2025-08-11,17,2193681000,0.001,0,0.001,0.0,0.0,0.0,False
2025-08-11,18,2193681000,0.0,0,0.0,0.0,0.0,0.0,False
2025-08-11,19,2193681000,1.447,0,1.881,-0.43399999999999994,0.43399999999999994,-0.31271753215586534,False
2025-08-11,20,2193681000,6.925,0,6.391,0.5339999999999998,0.5339999999999998,1.2939752388859378,False
2025-08-11,21,2193681000,6.967,0,6.406,0.5609999999999999,0.5609999999999999,1.3737225930981922,False
2025-08-11,22,2193681000,7.044,0,6.424,0.6199999999999992,0.6199999999999992,1.5130236485176451,False
2025-08-11,23,2193681000,7.09,0,6.463,0.6269999999999998,0.6269999999999998,1.5781399068869468,False
2025-08-12,0,2193681000,7.154,0,6.514,0.6399999999999997,0.6399999999999997,1.5576096725416515,False
2025-08-12,1,2193681000,7.23,0,6.567,0.6630000000000003,0.6630000000000003,1.5702692159112424,False
2025-08-12,2,2193681000,7.293,0,6.599,0.694,0.694,1.6312683903333727,False
2025-08-12,3,2193681000,7.348,0,6.581,0.7669999999999995,0.7669999999999995,1.6300695310482916,False
2025-08-12,4,2193681000,7.419,0,6.584,0.835,0.835,1.8606925093163444,False
2025-08-12,5,2193681000,6.142,0,5.947,0.19500000000000028,0.19500000000000028,0.2816004734351591,False
2025-08-12,6,2193681000,0.0,0,0.001,-0.001,0.001,-0.0039690074480604465,False
2025-08-12,7,2193681000,0.001,0,0.001,0.0,0.0,0.0,False
2025-08-12,8,2193681000,0.001,0,0.001,0.0,0.0,0.0,False
2025-08-12,9,2193681000,0.0,0,0.0,0.0,0.0,0.0,False
2025-08-12,10,2193681000,0.001,0,0.001,0.0,0.0,0.0,False
2025-08-12,11,2193681000,0.0,0,0.0,0.0,0.0,0.0,False
2025-08-12,12,2193681000,0.001,0,0.001,0.0,0.0,0.0,False
2025-08-12,13,2193681000,0.0,0,0.001,-0.001,0.001,-1.9720227054853185,False
2025-08-12,14,2193681000,0.001,0,0.0,0.001,0.001,1.9720227054853185,False
2025-08-12,15,2193681000,0.0,0,0.001,-0.001,0.001,-1.9720227054853185,False
2025-08-12,16,2193681000,0.001,0,0.0,0.001,0.001,1.9720227054853185,False
2025-08-12,17,2193681000,0.0,0,0.001,-0.001,0.001,-2.2912825974899493,False
2025-08-12,18,2193681000,0.001,0,0.0,0.001,0.001,2.160242232812701,False
2025-08-12,19,2193681000,1.385,0,1.881,-0.496,0.496,-0.35739146532098903,False
2025-08-12,20,2193681000,6.146,0,6.391,-0.2450000000000001,0.2450000000000001,-0.5936777781405524,False
2025-08-12,21,2193681000,6.197,0,6.406,-0.20899999999999963,0.20899999999999963,-0.5117790052718747,False
2025-08-12,22,2193681000,6.179,0,6.424,-0.2450000000000001,0.2450000000000001,-0.5978883772368124,False
2025-08-12,23,2193681000,6.224,0,6.463,-0.23899999999999988,0.23899999999999988,-0.6015557220829031,False
2025-08-13,0,2193681000,6.247,0,6.514,-0.26700000000000035,0.26700000000000035,-0.6498152852634714,False
2025-08-13,1,2193681000,6.278,0,6.567,-0.2890000000000006,0.2890000000000006,-0.6844763248843888,False
2025-08-13,2,2193681000,6.369,0,6.599,-0.23000000000000043,0.23000000000000043,-0.5406220890153839,False
2025-08-13,3,2193681000,6.417,0,6.581,-0.1640000000000006,0.1640000000000006,-0.3485415946439648,False
2025-08-13,4,2193681000,6.439,0,6.584,-0.14499999999999957,0.14499999999999957,-0.32311426808487326,False
2025-08-13,5,2193681000,5.458,0,5.947,-0.4889999999999999,0.4889999999999999,-0.7061673410758593,False
2025-08-13,6,2193681000,0.0,0,0.001,-0.001,0.001,-0.0039690074480604465,False
2025-08-13,7,2193681000,0.001,0,0.001,0.0,0.0,0.0,False
2025-08-13,8,2193681000,0.0,0,0.001,-0.001,0.001,-0.02079100674469333,False
2025-08-13,9,2193681000,0.001,0,0.0,0.001,0.001,1.9720227054853185,False
2025-08-13,10,2193681000,0.0,0,0.001,-0.001,0.001,-1.9540130236624311,False
2025-08-13,11,2193681000,0.001,0,0.0,0.001,0.001,1.9540130236624311,False
2025-08-13,12,2193681000,0.001,0,0.001,0.0,0.0,0.0,False
2025-08-13,13,2193681000,0.0,0,0.001,-0.001,0.001,-1.9720227054853185,False
2025-08-13,14,2193681000,0.001,0,0.0,0.001,0.001,1.9720227054853185,False
2025-08-13,15,2193681000,0.0,0,0.001,-0.001,0.001,-1.9720227054853185,False
2025-08-13,16,2193681000,0.001,0,0.0,0.001,0.001,1.9720227054853185,False
2025-08-13,17,2193681000,0.0,0,0.001,-0.001,0.001,-2.2912825974899493,False
2025-08-13,18,2193681000,0.001,0,0.0,0.001,0.001,2.160242232812701,False
2025-08-13,19,2193681000,1.581,0,1.881,-0.30000000000000004,0.30000000000000004,-0.2161641927344692,False
2025-08-13,20,2193681000,6.148,0,6.391,-0.24300000000000033,0.24300000000000033,-0.5888314289312423,False
2025-08-13,21,2193681000,6.142,0,6.406,-0.26399999999999935,0.26399999999999935,-0.646457690869736,False
2025-08-13,22,2193681000,6.179,0,6.424,-0.2450000000000001,0.2450000000000001,-0.5978883772368124,False
2025-08-13,23,2193681000,6.227,0,6.463,-0.23599999999999977,0.23599999999999977,-0.5940048134375108,False
2025-08-14,0,2193681000,6.258,0,6.514,-0.2560000000000002,0.2560000000000002,-0.6230438690166614,False
2025-08-14,1,2193681000,6.331,0,6.567,-0.23599999999999977,0.23599999999999977,-0.558949524819084,False
2025-08-14,2,2193681000,6.407,0,6.599,-0.19200000000000017,0.19200000000000017,-0.4513019177867548,False
2025-08-14,3,2193681000,6.431,0,6.581,-0.15000000000000036,0.15000000000000036,-0.3187880438816747,False
2025-08-14,4,2193681000,6.488,0,6.584,-0.0959999999999992,0.0959999999999992,-0.21392392921481146,False
2025-08-14,5,2193681000,5.598,0,5.947,-0.3490000000000002,0.3490000000000002,-0.5039926421993356,False
2025-08-14,6,2193681000,0.0,0,0.001,-0.001,0.001,-0.0039690074480604465,False
2025-08-14,7,2193681000,0.001,0,0.001,0.0,0.0,0.0,False
2025-08-14,8,2193681000,0.0,0,0.001,-0.001,0.001,-0.02079100674469333,False
2025-08-14,9,2193681000,0.001,0,0.0,0.001,0.001,1.9720227054853185,False
2025-08-14,10,2193681000,0.0,0,0.001,-0.001,0.001,-1.9540130236624311,False
2025-08-14,11,2193681000,0.001,0,0.0,0.001,0.001,1.9540130236624311,False
2025-08-14,12,2193681000,0.0,0,0.001,-0.001,0.001,-1.9540130236624311,False
2025-08-14,13,2193681000,0.001,0,0.001,0.0,0.0,0.0,False
2025-08-14,14,2193681000,0.0,0,0.0,0.0,0.0,0.0,False
2025-08-14,15,2193681000,0.001,0,0.001,0.0,0.0,0.0,False
2025-08-14,16,2193681000,0.0,0,0.0,0.0,0.0,0.0,False
2025-08-14,17,2193681000,0.001,0,0.001,0.0,0.0,0.0,False
2025-08-14,18,2193681000,0.0,0,0.0,0.0,0.0,0.0,False
2025-08-14,19,2193681000,1.718,0,1.881,-0.16300000000000003,0.16300000000000003,-0.11744921138572828,False
2025-08-14,20,2193681000,6.136,0,6.391,-0.2549999999999999,0.2549999999999999,-0.6179095241871051,False
2025-08-14,21,2193681000,6.177,0,6.406,-0.2290000000000001,0.2290000000000001,-0.5607530727620075,False
2025-08-14,22,2193681000,6.229,0,6.424,-0.19500000000000028,0.19500000000000028,-0.4758703410660349,False
2025-08-14,23,2193681000,6.252,0,6.463,-0.2110000000000003,0.2110000000000003,-0.5310805747259113,False
2025-08-15,0,2193681000,6.297,0,6.514,-0.21700000000000053,0.21700000000000053,-0.5281270295961552,False
2025-08-15,1,2193681000,6.375,0,6.567,-0.19200000000000017,0.19200000000000017,-0.4547385964629844,False
2025-08-15,2,2193681000,6.418,0,6.599,-0.18100000000000005,0.18100000000000005,-0.4254460787468884,False
2025-08-15,3,2193681000,6.437,0,6.581,-0.14400000000000013,0.14400000000000013,-0.30603652212640725,False
2025-08-15,4,2193681000,6.466,0,6.584,-0.11799999999999944,0.11799999999999944,-0.2629481629932067,False
2025-08-15,5,2193681000,5.665,0,5.947,-0.28200000000000003,0.28200000000000003,-0.40723760773699874,False
2025-08-15,6,2193681000,0.0,0,0.001,-0.001,0.001,-0.0039690074480604465,False
2025-08-15,7,2193681000,0.001,0,0.001,0.0,0.0,0.0,False
2025-08-15,8,2193681000,0.0,0,0.001,-0.001,0.001,-0.02079100674469333,False
2025-08-15,9,2193681000,0.001,0,0.0,0.001,0.001,1.9720227054853185,False
2025-08-15,10,2193681000,0.0,0,0.001,-0.001,0.001,-1.9540130236624311,False
2025-08-15,11,2193681000,0.001,0,0.0,0.001,0.001,1.9540130236624311,False
2025-08-15,12,2193681000,0.0,0,0.001,-0.001,0.001,-1.9540130236624311,False
2025-08-15,13,2193681000,0.001,0,0.001,0.0,0.0,0.0,False
2025-08-15,14,2193681000,0.0,0,0.0,0.0,0.0,0.0,False
2025-08-15,15,2193681000,0.001,0,0.001,0.0,0.0,0.0,False
2025-08-15,16,2193681000,0.0,0,0.0,0.0,0.0,0.0,False
2025-08-15,17,2193681000,0.001,0,0.001,0.0,0.0,0.0,False
2025-08-15,18,2193681000,0.0,0,0.0,0.0,0.0,0.0,False
2025-08-15,19,2193681000,1.881,0,1.881,0.0,0.0,0.0,False
2025-08-15,20,2193681000,6.108,0,6.391,-0.28300000000000036,0.28300000000000036,-0.685758413117455,False
2025-08-15,21,2193681000,6.159,0,6.406,-0.2469999999999999,0.2469999999999999,-0.6048297335031254,False
2025-08-15,22,2193681000,6.241,0,6.424,-0.18300000000000072,0.18300000000000072,-0.4465860123850492,False
2025-08-15,23,2193681000,6.249,0,6.463,-0.2140000000000004,0.2140000000000004,-0.5386314833713037,False
2025-08-16,0,2193681000,6.281,0,6.6785,-0.39749999999999996,0.39749999999999996,-0.887909637803031,False
2025-08-16,1,2193681000,6.372,0,6.7780000000000005,-0.4060000000000006,0.4060000000000006,-0.9025673417803601,False
2025-08-16,2,2193681000,6.419,0,6.8375,-0.41850000000000076,0.41850000000000076,-0.932506320496894,False
2025-08-16,3,2193681000,6.465,0,6.8735,-0.4085000000000001,0.4085000000000001,-0.9666780382060329,False
2025-08-16,4,2193681000,6.489,0,6.96,-0.4710000000000001,0.4710000000000001,-1.173793563709532,False
2025-08-16,5,2193681000,5.788,0,5.883,-0.09499999999999975,0.09499999999999975,-0.11714211344087275,False
2025-08-16,6,2193681000,0.001,0,0.001,0.0,0.0,0.0,False
2025-08-16,7,2193681000,0.0,0,0.0,0.0,0.0,0.0,False
2025-08-16,8,2193681000,0.001,0,0.001,0.0,0.0,0.0,False
2025-08-16,9,2193681000,0.0,0,0.0,0.0,0.0,0.0,False
2025-08-16,10,2193681000,0.001,0,0.001,0.0,0.0,0.0,False
2025-08-16,11,2193681000,0.0,0,0.0,0.0,0.0,0.0,False
2025-08-16,12,2193681000,0.001,0,0.001,0.0,0.0,0.0,False
2025-08-16,13,2193681000,0.0,0,0.0005,-0.0005,0.0005,-0.9486814980539292,False
2025-08-16,14,2193681000,0.001,0,0.0005,0.0005,0.0005,0.9486814980539292,False
2025-08-16,15,2193681000,0.0,0,0.0005,-0.0005,0.0005,-0.9486814980539292,False
2025-08-16,16,2193681000,0.001,0,0.001,0.0,0.0,0.0,False
2025-08-16,17,2193681000,0.0,0,0.0,0.0,0.0,0.0,False
2025-08-16,18,2193681000,0.001,0,0.001,0.0,0.0,0.0,False
2025-08-16,19,2193681000,2.022,0,2.081,-0.05900000000000016,0.05900000000000016,-0.034691053842466776,False
2025-08-16,20,2193681000,6.212,0,6.9245,-0.7125000000000004,0.7125000000000004,-1.735021427493532,False
2025-08-16,21,2193681000,6.225,0,6.963,-0.7380000000000004,0.7380000000000004,-1.7488839069761069,False
2025-08-16,22,2193681000,6.324,0,7.0205,-0.6965000000000003,0.6965000000000003,-1.6762134375112387,False
2025-08-16,23,2193681000,6.345,0,7.058999999999999,-0.7139999999999995,0.7139999999999995,-1.6959439704987316,False
2025-08-17,0,2193681000,6.322,0,6.6785,-0.3564999999999996,0.3564999999999996,-0.7963265053503905,False
2025-08-17,1,2193681000,6.478,0,6.7780000000000005,-0.3000000000000007,0.3000000000000007,-0.6669216811184934,False
2025-08-17,2,2193681000,6.504,0,6.8375,-0.3335000000000008,0.3335000000000008,-0.7431083820447176,False
2025-08-17,3,2193681000,6.513,0,6.8735,-0.36050000000000004,0.36050000000000004,-0.8530904107056911,False
2025-08-17,4,2193681000,6.526,0,6.96,-0.43400000000000016,0.43400000000000016,-1.0815847274945585,False
2025-08-17,5,2193681000,5.914,0,5.883,0.030999999999999694,0.030999999999999694,0.03822532122807399,False
2025-08-17,6,2193681000,0.001,0,0.001,0.0,0.0,0.0,False
2025-08-17,7,2193681000,0.0,0,0.0,0.0,0.0,0.0,False
2025-08-17,8,2193681000,0.001,0,0.001,0.0,0.0,0.0,False
2025-08-17,9,2193681000,0.0,0,0.0,0.0,0.0,0.0,False
2025-08-17,10,2193681000,0.001,0,0.001,0.0,0.0,0.0,False
2025-08-17,11,2193681000,0.0,0,0.0,0.0,0.0,0.0,False
2025-08-17,12,2193681000,0.001,0,0.001,0.0,0.0,0.0,False
2025-08-17,13,2193681000,0.001,0,0.0005,0.0005,0.0005,0.9486814980539292,False
2025-08-17,14,2193681000,0.0,0,0.0005,-0.0005,0.0005,-0.9486814980539292,False
2025-08-17,15,2193681000,0.001,0,0.0005,0.0005,0.0005,0.9486814980539292,False
2025-08-17,16,2193681000,0.0,0,0.001,-0.001,0.001,-1.9364879231109704,False
2025-08-17,17,2193681000,0.001,0,0.0,0.001,0.001,1.9364879231109704,False
2025-08-17,18,2193681000,0.0,0,0.001,-0.001,0.001,-1.9364879231109704,False
2025-08-17,19,2193681000,2.14,0,2.081,0.05900000000000016,0.05900000000000016,0.034691053842466776,False
2025-08-17,20,2193681000,6.228,0,6.9245,-0.6965000000000003,0.6965000000000003,-1.696059542805958,False
2025-08-17,21,2193681000,6.212,0,6.963,-0.7510000000000003,0.7510000000000003,-1.7796908050664717,False
2025-08-17,22,2193681000,6.263,0,7.0205,-0.7575000000000003,0.7575000000000003,-1.823017485879057,False
2025-08-17,23,2193681000,6.253,0,7.058999999999999,-0.8059999999999992,0.8059999999999992,-1.9144689638963266,False
2025-08-18,0,2193681000,6.34,0,6.514,-0.17400000000000038,0.17400000000000038,-0.42347512972226264,False
2025-08-18,1,2193681000,6.416,0,6.567,-0.1509999999999998,0.1509999999999998,-0.3576329586766172,False
2025-08-18,2,2193681000,6.488,0,6.599,-0.11099999999999977,0.11099999999999977,-0.2609089212204669,False
2025-08-18,3,2193681000,6.532,0,6.581,-0.04900000000000038,0.04900000000000038,-0.10413742766801429,False
2025-08-18,4,2193681000,6.552,0,6.584,-0.03200000000000003,0.03200000000000003,-0.07130797640493781,False
2025-08-18,5,2193681000,6.076,0,5.947,0.12899999999999956,0.12899999999999956,0.18628954396479666,False
2025-08-18,6,2193681000,0.001,0,0.001,0.0,0.0,0.0,False
2025-08-18,7,2193681000,0.0,0,0.001,-0.001,0.001,-1.9540130236624311,False
2025-08-18,8,2193681000,0.001,0,0.001,0.0,0.0,0.0,False
2025-08-18,9,2193681000,0.0,0,0.0,0.0,0.0,0.0,False
2025-08-18,10,2193681000,0.001,0,0.001,0.0,0.0,0.0,False
2025-08-18,11,2193681000,0.0,0,0.0,0.0,0.0,0.0,False
2025-08-18,12,2193681000,0.001,0,0.001,0.0,0.0,0.0,False
2025-08-18,13,2193681000,0.0,0,0.001,-0.001,0.001,-1.9720227054853185,False
2025-08-18,14,2193681000,0.001,0,0.0,0.001,0.001,1.9720227054853185,False
2025-08-18,15,2193681000,0.0,0,0.001,-0.001,0.001,-1.9720227054853185,False
2025-08-18,16,2193681000,0.001,0,0.0,0.001,0.001,1.9720227054853185,False
2025-08-18,17,2193681000,0.0,0,0.001,-0.001,0.001,-2.2912825974899493,False
2025-08-18,18,2193681000,0.001,0,0.0,0.001,0.001,2.160242232812701,False
2025-08-18,19,2193681000,2.33,0,1.881,0.44900000000000007,0.44900000000000007,0.3235257417925889,False
2025-08-18,20,2193681000,6.178,0,6.391,-0.21300000000000008,0.21300000000000008,-0.5161361907915822,False
2025-08-18,21,2193681000,6.233,0,6.406,-0.17300000000000004,0.17300000000000004,-0.4236256837896388,False
2025-08-18,22,2193681000,6.27,0,6.424,-0.1540000000000008,0.1540000000000008,-0.37581555140599815,False
2025-08-18,23,2193681000,6.271,0,6.463,-0.19200000000000017,0.19200000000000017,-0.4832581533050944,False
2025-08-19,0,2193681000,6.31,0,6.514,-0.20400000000000063,0.20400000000000063,-0.4964880831226532,False
2025-08-19,1,2193681000,6.372,0,6.567,-0.19500000000000028,0.19500000000000028,-0.46184388703271884,False
2025-08-19,2,2193681000,6.454,0,6.599,-0.14500000000000046,0.14500000000000046,-0.34082696916187294,False
2025-08-19,3,2193681000,6.235,0,6.581,-0.3460000000000001,0.3460000000000001,-0.7353377545537281,False
2025-08-19,4,2193681000,6.239,0,6.584,-0.34499999999999975,0.34499999999999975,-0.7687891206157346,False
2025-08-19,5,2193681000,5.867,0,5.947,-0.08000000000000007,0.08000000000000007,-0.11552839935801393,False
2025-08-19,6,2193681000,0.001,0,0.001,0.0,0.0,0.0,False
2025-08-19,7,2193681000,0.0,0,0.001,-0.001,0.001,-1.9540130236624311,False
2025-08-19,8,2193681000,0.001,0,0.001,0.0,0.0,0.0,False
2025-08-19,9,2193681000,0.0,0,0.0,0.0,0.0,0.0,False
2025-08-19,10,2193681000,0.001,0,0.001,0.0,0.0,0.0,False
2025-08-19,11,2193681000,0.0,0,0.0,0.0,0.0,0.0,False
2025-08-19,12,2193681000,0.001,0,0.001,0.0,0.0,0.0,False
2025-08-19,13,2193681000,0.0,0,0.001,-0.001,0.001,-1.9720227054853185,False
2025-08-19,14,2193681000,0.001,0,0.0,0.001,0.001,1.9720227054853185,False
2025-08-19,15,2193681000,0.0,0,0.001,-0.001,0.001,-1.9720227054853185,False
2025-08-19,16,2193681000,0.001,0,0.0,0.001,0.001,1.9720227054853185,False
2025-08-19,17,2193681000,0.0,0,0.001,-0.001,0.001,-2.2912825974899493,False
2025-08-19,18,2193681000,0.001,0,0.0,0.001,0.001,2.160242232812701,False
2025-08-19,19,2193681000,2.475,0,1.881,0.5940000000000001,0.5940000000000001,0.42800510161424904,False
2025-08-19,20,2193681000,6.202,0,6.391,-0.18900000000000006,0.18900000000000006,-0.4579800002798547,False
2025-08-19,21,2193681000,6.277,0,6.406,-0.12899999999999956,0.12899999999999956,-0.315882735311348,False
2025-08-19,22,2193681000,6.353,0,6.424,-0.07100000000000062,0.07100000000000062,-0.17326561136250626,False
2025-08-19,23,2193681000,6.34,0,6.463,-0.12300000000000022,0.12300000000000022,-0.3095872544610764,False
2025-08-20,0,2193681000,6.339,0,6.514,-0.17499999999999982,0.17499999999999982,-0.4259088948356076,False
2025-08-20,1,2193681000,6.414,0,6.567,-0.15300000000000047,0.15300000000000047,-0.3623698190564415,False
2025-08-20,2,2193681000,6.462,0,6.599,-0.13700000000000045,0.13700000000000045,-0.3220227225874248,False
2025-08-20,3,2193681000,6.489,0,6.581,-0.09200000000000053,0.09200000000000053,-0.19552333358076115,False
2025-08-20,4,2193681000,6.523,0,6.584,-0.06099999999999994,0.06099999999999994,-0.13593083002191247,False
2025-08-20,5,2193681000,6.253,0,5.947,0.30600000000000005,0.30600000000000005,0.44189612754440294,False
2025-08-20,6,2193681000,0.0,0,0.001,-0.001,0.001,-0.0039690074480604465,False
2025-08-20,7,2193681000,0.001,0,0.001,0.0,0.0,0.0,False
2025-08-20,8,2193681000,0.001,0,0.001,0.0,0.0,0.0,False
2025-08-20,9,2193681000,0.0,0,0.0,0.0,0.0,0.0,False
2025-08-20,10,2193681000,0.001,0,0.001,0.0,0.0,0.0,False
2025-08-20,11,2193681000,0.0,0,0.0,0.0,0.0,0.0,False
2025-08-20,12,2193681000,0.001,0,0.001,0.0,0.0,0.0,False
2025-08-20,13,2193681000,0.0,0,0.001,-0.001,0.001,-1.9720227054853185,False
2025-08-20,14,2193681000,0.001,0,0.0,0.001,0.001,1.9720227054853185,False
2025-08-20,15,2193681000,0.0,0,0.001,-0.001,0.001,-1.9720227054853185,False
2025-08-20,16,2193681000,0.001,0,0.0,0.001,0.001,1.9720227054853185,False
2025-08-20,17,2193681000,0.0,0,0.001,-0.001,0.001,-2.2912825974899493,False
2025-08-20,18,2193681000,0.001,0,0.0,0.001,0.001,2.160242232812701,False
2025-08-20,19,2193681000,2.631,0,1.881,0.7499999999999998,0.7499999999999998,0.5404104818361728,False
2025-08-20,20,2193681000,6.165,0,6.391,-0.22599999999999998,0.22599999999999998,-0.5476374606521012,False
2025-08-20,21,2193681000,6.217,0,6.406,-0.18900000000000006,0.18900000000000006,-0.4628049377817441,False
2025-08-20,22,2193681000,6.287,0,6.424,-0.13700000000000045,0.13700000000000045,-0.3343294191079328,False
2025-08-20,23,2193681000,6.328,0,6.463,-0.1349999999999998,0.1349999999999998,-0.33979088904264365,False
2025-08-21,0,2193681000,6.387,0,6.514,-0.12700000000000067,0.12700000000000067,-0.30908816939498573,False
2025-08-21,1,2193681000,6.452,0,6.567,-0.11500000000000021,0.11500000000000021,-0.27236947183980864,False
2025-08-21,2,2193681000,6.453,0,6.599,-0.1459999999999999,0.1459999999999999,-0.34317749998367764,False
2025-08-21,3,2193681000,6.403,0,6.581,-0.17800000000000082,0.17800000000000082,-0.37829514540625486,False
2025-08-21,4,2193681000,6.439,0,6.584,-0.14499999999999957,0.14499999999999957,-0.32311426808487326,False
2025-08-21,5,2193681000,6.197,0,5.947,0.25,0.25,0.3610262479937932,False
2025-08-21,6,2193681000,0.001,0,0.001,0.0,0.0,0.0,False
2025-08-21,7,2193681000,0.0,0,0.001,-0.001,0.001,-1.9540130236624311,False
2025-08-21,8,2193681000,0.001,0,0.001,0.0,0.0,0.0,False
2025-08-21,9,2193681000,0.0,0,0.0,0.0,0.0,0.0,False
2025-08-21,10,2193681000,0.001,0,0.001,0.0,0.0,0.0,False
2025-08-21,11,2193681000,0.0,0,0.0,0.0,0.0,0.0,False
2025-08-21,12,2193681000,0.001,0,0.001,0.0,0.0,0.0,False
2025-08-21,13,2193681000,0.0,0,0.001,-0.001,0.001,-1.9720227054853185,False
2025-08-21,14,2193681000,0.001,0,0.0,0.001,0.001,1.9720227054853185,False
2025-08-21,15,2193681000,0.0,0,0.001,-0.001,0.001,-1.9720227054853185,False
2025-08-21,16,2193681000,0.001,0,0.0,0.001,0.001,1.9720227054853185,False
2025-08-21,17,2193681000,0.001,0,0.001,0.0,0.0,0.0,False
2025-08-21,18,2193681000,0.0,0,0.0,0.0,0.0,0.0,False
2025-08-21,19,2193681000,2.776,0,1.881,0.8949999999999998,0.8949999999999998,0.6448898416578329,False
2025-08-21,20,2193681000,6.279,0,6.391,-0.1120000000000001,0.1120000000000001,-0.2713955557213955,False
2025-08-21,21,2193681000,6.322,0,6.406,-0.08399999999999963,0.08399999999999963,-0.20569108345855197,False
2025-08-21,22,2193681000,6.388,0,6.424,-0.036000000000000476,0.036000000000000476,-0.08785298604296131,False
2025-08-21,23,2193681000,6.436,0,6.463,-0.027000000000000135,0.027000000000000135,-0.06795817780852918,False
2025-08-22,0,2193681000,6.458,0,6.514,-0.05600000000000005,0.05600000000000005,-0.1362908463473947,False
2025-08-22,1,2193681000,6.482,0,6.567,-0.08499999999999996,0.08499999999999996,-0.20131656614246682,False
2025-08-22,2,2193681000,6.467,0,6.599,-0.13200000000000056,0.13200000000000056,-0.310270068478395,False
2025-08-22,3,2193681000,6.534,0,6.581,-0.0470000000000006,0.0470000000000006,-0.0998869204162591,False
2025-08-22,4,2193681000,6.563,0,6.584,-0.020999999999999908,0.020999999999999908,-0.046795859515740196,False
2025-08-22,5,2193681000,6.512,0,5.947,0.5649999999999995,0.5649999999999995,0.8159193204659719,False
2025-08-22,6,2193681000,0.001,0,0.001,0.0,0.0,0.0,False
2025-08-22,7,2193681000,0.0,0,0.001,-0.001,0.001,-1.9540130236624311,False
2025-08-22,8,2193681000,0.001,0,0.001,0.0,0.0,0.0,False
2025-08-22,9,2193681000,0.0,0,0.0,0.0,0.0,0.0,False
2025-08-22,10,2193681000,0.001,0,0.001,0.0,0.0,0.0,False
2025-08-22,11,2193681000,0.0,0,0.0,0.0,0.0,0.0,False
2025-08-22,12,2193681000,0.001,0,0.001,0.0,0.0,0.0,False
2025-08-22,13,2193681000,0.001,0,0.001,0.0,0.0,0.0,False
2025-08-22,14,2193681000,0.0,0,0.0,0.0,0.0,0.0,False
2025-08-22,15,2193681000,0.001,0,0.001,0.0,0.0,0.0,False
2025-08-22,16,2193681000,0.0,0,0.0,0.0,0.0,0.0,False
2025-08-22,17,2193681000,0.001,0,0.001,0.0,0.0,0.0,False
2025-08-22,18,2193681000,0.0,0,0.0,0.0,0.0,0.0,False
2025-08-22,19,2193681000,2.976,0,1.881,1.095,1.095,0.7889993034808125,False
2025-08-22,20,2193681000,6.234,0,6.391,-0.15700000000000003,0.15700000000000003,-0.38043841293088454,False
2025-08-22,21,2193681000,6.276,0,6.406,-0.1299999999999999,0.1299999999999999,-0.3183314386858554,False
2025-08-22,22,2193681000,6.3,0,6.424,-0.12400000000000055,0.12400000000000055,-0.30260472970353075,False
2025-08-22,23,2193681000,6.301,0,6.463,-0.16199999999999992,0.16199999999999992,-0.40774906685117285,False
2025-08-23,0,2193681000,6.311,0,6.6785,-0.3674999999999997,0.3674999999999997,-0.8208975896669527,False
2025-08-23,1,2193681000,6.377,0,6.7780000000000005,-0.4010000000000007,0.4010000000000007,-0.8914519804283856,False
2025-08-23,2,2193681000,6.419,0,6.8375,-0.41850000000000076,0.41850000000000076,-0.932506320496894,False
2025-08-23,3,2193681000,6.483,0,6.8735,-0.3905000000000003,0.3905000000000003,-0.9240826778934054,False
2025-08-23,4,2193681000,6.505,0,6.96,-0.45500000000000007,0.45500000000000007,-1.1339194723733272,False
2025-08-23,5,2193681000,6.494,0,5.883,0.6109999999999998,0.6109999999999998,0.7534087506565622,False
2025-08-23,6,2193681000,0.074,0,0.001,0.073,0.073,0.16829322445484285,False
2025-08-23,7,2193681000,0.0,0,0.0,0.0,0.0,0.0,False
2025-08-23,8,2193681000,0.001,0,0.001,0.0,0.0,0.0,False
2025-08-23,9,2193681000,0.0,0,0.0,0.0,0.0,0.0,False
2025-08-23,10,2193681000,0.333,0,0.001,0.332,0.332,3.1590740560877886,True
2025-08-23,11,2193681000,1.78,0,0.0,1.78,1.78,3.1628688427064686,True
2025-08-23,12,2193681000,0.001,0,0.001,0.0,0.0,0.0,False
2025-08-23,13,2193681000,0.0,0,0.0005,-0.0005,0.0005,-0.9486814980539292,False
2025-08-23,14,2193681000,0.001,0,0.0005,0.0005,0.0005,0.9486814980539292,False
2025-08-23,15,2193681000,0.0,0,0.0005,-0.0005,0.0005,-0.9486814980539292,False
2025-08-23,16,2193681000,0.001,0,0.001,0.0,0.0,0.0,False
2025-08-23,17,2193681000,0.0,0,0.0,0.0,0.0,0.0,False
2025-08-23,18,2193681000,0.001,0,0.001,0.0,0.0,0.0,False
2025-08-23,19,2193681000,3.085,0,2.081,1.004,1.004,0.5903358992853651,False
2025-08-23,20,2193681000,6.274,0,6.9245,-0.6505000000000001,0.6505000000000001,-1.5840441243291818,False
2025-08-23,21,2193681000,6.252,0,6.963,-0.7110000000000003,0.7110000000000003,-1.68490034940381,False
2025-08-23,22,2193681000,6.317,0,7.0205,-0.7035,0.7035,-1.693059803717381,False
2025-08-23,23,2193681000,6.345,0,7.058999999999999,-0.7139999999999995,0.7139999999999995,-1.6959439704987316,False
2025-08-24,0,2193681000,6.325,0,6.6785,-0.3534999999999995,0.3534999999999995,-0.7896253005367825,False
2025-08-24,1,2193681000,6.4,0,6.7780000000000005,-0.3780000000000001,0.3780000000000001,-0.8403213182092999,False
2025-08-24,2,2193681000,6.464,0,6.8375,-0.37349999999999994,0.37349999999999994,-0.8322368236692693,False
2025-08-24,3,2193681000,6.515,0,6.8735,-0.35850000000000026,0.35850000000000026,-0.8483575928931775,False
2025-08-24,4,2193681000,6.578,0,6.96,-0.3819999999999997,0.3819999999999997,-0.9519939306518913,False
2025-08-24,5,2193681000,6.581,0,5.883,0.6980000000000004,0.6980000000000004,0.8606862650708362,False
2025-08-24,6,2193681000,0.182,0,0.001,0.181,0.181,0.41727498118255557,False
2025-08-24,7,2193681000,0.0,0,0.0,0.0,0.0,0.0,False
2025-08-24,8,2193681000,0.0,0,0.001,-0.001,0.001,-1.93648792311097,False
2025-08-24,9,2193681000,0.0,0,0.0,0.0,0.0,0.0,False
2025-08-24,10,2193681000,0.0,0,0.001,-0.001,0.001,-0.009515283301469243,False
2025-08-24,11,2193681000,0.001,0,0.0,0.001,0.001,0.0017768926082620611,False
2025-08-24,12,2193681000,0.0,0,0.001,-0.001,0.001,-1.93648792311097,False
2025-08-24,13,2193681000,0.001,0,0.0005,0.0005,0.0005,0.9486814980539292,False
2025-08-24,14,2193681000,0.0,0,0.0005,-0.0005,0.0005,-0.9486814980539292,False
2025-08-24,15,2193681000,0.001,0,0.0005,0.0005,0.0005,0.9486814980539292,False
2025-08-24,16,2193681000,0.001,0,0.001,0.0,0.0,0.0,False
2025-08-24,17,2193681000,0.0,0,0.0,0.0,0.0,0.0,False
2025-08-24,18,2193681000,0.001,0,0.001,0.0,0.0,0.0,False
2025-08-24,19,2193681000,3.315,0,2.081,1.234,1.234,0.7255722108746421,False
2025-08-24,20,2193681000,6.283,0,6.9245,-0.6414999999999997,0.6414999999999997,-1.5621280641924207,False
2025-08-24,21,2193681000,6.289,0,6.963,-0.6740000000000004,0.6740000000000004,-1.5972191779158482,False
2025-08-24,22,2193681000,6.369,0,7.0205,-0.6515000000000004,0.6515000000000004,-1.5679153690431762,False
2025-08-24,23,2193681000,6.425,0,7.058999999999999,-0.6339999999999995,0.6339999999999995,-1.5059222371095178,False
2025-08-25,0,2193681000,6.514,0,6.514,0.0,0.0,0.0,False
2025-08-25,1,2193681000,6.442,0,6.567,-0.125,0.125,-0.2960537737389219,False
2025-08-25,2,2193681000,6.45,0,6.599,-0.14900000000000002,0.14900000000000002,-0.35022909244909595,False
2025-08-25,3,2193681000,6.022,0,6.581,-0.5590000000000002,0.5590000000000002,-1.1880167768657053,False
2025-08-25,4,2193681000,6.533,0,6.584,-0.05099999999999927,0.05099999999999927,-0.11364708739536791,False
2025-08-25,5,2193681000,6.541,0,5.947,0.5940000000000003,0.5940000000000003,0.857798365233253,False
2025-08-25,6,2193681000,0.288,0,0.001,0.287,0.287,1.139105137593348,False
2025-08-25,7,2193681000,0.0,0,0.001,-0.001,0.001,-1.9540130236624311,False
2025-08-25,8,2193681000,0.001,0,0.001,0.0,0.0,0.0,False
2025-08-25,9,2193681000,0.0,0,0.0,0.0,0.0,0.0,False
2025-08-25,10,2193681000,0.001,0,0.001,0.0,0.0,0.0,False
2025-08-25,11,2193681000,0.0,0,0.0,0.0,0.0,0.0,False
2025-08-25,12,2193681000,0.001,0,0.001,0.0,0.0,0.0,False
2025-08-25,13,2193681000,0.0,0,0.001,-0.001,0.001,-1.9720227054853185,False
2025-08-25,14,2193681000,0.001,0,0.0,0.001,0.001,1.9720227054853185,False
2025-08-25,15,2193681000,0.0,0,0.001,-0.001,0.001,-1.9720227054853185,False
2025-08-25,16,2193681000,0.001,0,0.0,0.001,0.001,1.9720227054853185,False
2025-08-25,17,2193681000,0.001,0,0.001,0.0,0.0,0.0,False
2025-08-25,18,2193681000,0.0,0,0.0,0.0,0.0,0.0,False
2025-08-25,19,2193681000,3.452,0,1.881,1.571,1.571,1.1319798226195035,False
2025-08-25,20,2193681000,6.334,0,6.391,-0.057000000000000384,0.057000000000000384,-0.13812095246535389,False
2025-08-25,21,2193681000,6.384,0,6.406,-0.021999999999999353,0.021999999999999353,-0.053871474239143215,False
2025-08-25,22,2193681000,6.424,0,6.424,0.0,0.0,0.0,False
2025-08-25,23,2193681000,6.463,0,6.463,0.0,0.0,0.0,False
2025-08-26,0,2193681000,6.476,0,6.514,-0.038000000000000256,0.038000000000000256,-0.09248307430716123,False
2025-08-26,1,2193681000,6.53,0,6.567,-0.03699999999999992,0.03699999999999992,-0.0876319170267207,False
2025-08-26,2,2193681000,6.542,0,6.599,-0.057000000000000384,0.057000000000000384,-0.13398025684294362,False
2025-08-26,3,2193681000,6.568,0,6.581,-0.013000000000000789,0.013000000000000789,-0.02762829713641342,False
2025-08-26,4,2193681000,6.584,0,6.584,0.0,0.0,0.0,False
2025-08-26,5,2193681000,6.6,0,5.947,0.6529999999999996,0.6529999999999996,0.9430005597597872,False
2025-08-26,6,2193681000,0.393,0,0.001,0.392,0.392,1.5558509196396952,False
2025-08-26,7,2193681000,0.0,0,0.001,-0.001,0.001,-1.9540130236624311,False
2025-08-26,8,2193681000,0.001,0,0.001,0.0,0.0,0.0,False
2025-08-26,9,2193681000,0.0,0,0.0,0.0,0.0,0.0,False
2025-08-26,10,2193681000,0.001,0,0.001,0.0,0.0,0.0,False
2025-08-26,11,2193681000,0.0,0,0.0,0.0,0.0,0.0,False
2025-08-26,12,2193681000,0.001,0,0.001,0.0,0.0,0.0,False
2025-08-26,13,2193681000,0.0,0,0.001,-0.001,0.001,-1.9720227054853185,False
2025-08-26,14,2193681000,0.001,0,0.0,0.001,0.001,1.9720227054853185,False
2025-08-26,15,2193681000,0.0,0,0.001,-0.001,0.001,-1.9720227054853185,False
2025-08-26,16,2193681000,0.001,0,0.0,0.001,0.001,1.9720227054853185,False
2025-08-26,17,2193681000,0.001,0,0.001,0.0,0.0,0.0,False
2025-08-26,18,2193681000,0.0,0,0.0,0.0,0.0,0.0,False
2025-08-26,19,2193681000,3.695,0,1.881,1.8139999999999998,1.8139999999999998,1.3070728187344236,False
2025-08-26,20,2193681000,6.391,0,6.391,0.0,0.0,0.0,False
2025-08-26,21,2193681000,6.406,0,6.406,0.0,0.0,0.0,False
2025-08-26,22,2193681000,6.409,0,6.424,-0.015000000000000568,0.015000000000000568,-0.03660541085123478,False
2025-08-26,23,2193681000,6.473,0,6.463,0.009999999999999787,0.009999999999999787,0.025169695484639775,False
2025-08-27,0,2193681000,6.508,0,6.514,-0.006000000000000227,0.006000000000000227,-0.014602590680078544,False
2025-08-27,1,2193681000,6.567,0,6.567,0.0,0.0,0.0,False
2025-08-27,2,2193681000,6.599,0,6.599,0.0,0.0,0.0,False
2025-08-27,3,2193681000,6.581,0,6.581,0.0,0.0,0.0,False
2025-08-27,4,2193681000,6.58,0,6.584,-0.0039999999999995595,0.0039999999999995595,-0.008913497050616238,False
2025-08-27,5,2193681000,6.562,0,5.947,0.6150000000000002,0.6150000000000002,0.8881245700647316,False
2025-08-27,6,2193681000,0.502,0,0.001,0.501,0.501,1.9884727314782837,False
2025-08-27,7,2193681000,0.001,0,0.001,0.0,0.0,0.0,False
2025-08-27,8,2193681000,0.221,0,0.001,0.22,0.22,4.574021483832532,True
2025-08-27,9,2193681000,0.001,0,0.0,0.001,0.001,1.9720227054853185,False
2025-08-27,10,2193681000,0.0,0,0.001,-0.001,0.001,-1.9540130236624311,False
2025-08-27,11,2193681000,0.001,0,0.0,0.001,0.001,1.9540130236624311,False
2025-08-27,12,2193681000,0.0,0,0.001,-0.001,0.001,-1.9540130236624311,False
2025-08-27,13,2193681000,0.001,0,0.001,0.0,0.0,0.0,False
2025-08-27,14,2193681000,0.0,0,0.0,0.0,0.0,0.0,False
2025-08-27,15,2193681000,0.001,0,0.001,0.0,0.0,0.0,False
2025-08-27,16,2193681000,0.0,0,0.0,0.0,0.0,0.0,False
2025-08-27,17,2193681000,0.001,0,0.001,0.0,0.0,0.0,False
2025-08-27,18,2193681000,0.0,0,0.0,0.0,0.0,0.0,False
2025-08-27,19,2193681000,4.284,0,1.881,2.4029999999999996,2.4029999999999996,1.7314751838030977,False
2025-08-27,20,2193681000,7.211,0,6.391,0.8200000000000003,0.8200000000000003,1.987003175817359,False
2025-08-27,21,2193681000,7.183,0,6.406,0.7770000000000001,0.7770000000000001,1.9026425219916143,False
2025-08-27,22,2193681000,7.215,0,6.424,0.7909999999999995,0.7909999999999995,1.9303253322217064,False
2025-08-27,23,2193681000,7.303,0,6.463,0.8399999999999999,0.8399999999999999,2.1142544207097855,False
2025-08-28,0,2193681000,7.324,0,6.514,0.8099999999999996,0.8099999999999996,1.9713497418105277,False
2025-08-28,1,2193681000,7.387,0,6.567,0.8199999999999994,0.8199999999999994,1.9421127557273263,False
2025-08-28,2,2193681000,7.414,0,6.599,0.8149999999999995,0.8149999999999995,1.9156826197718992,False
2025-08-28,3,2193681000,7.441,0,6.581,0.8599999999999994,0.8599999999999994,1.8277181182549294,False
2025-08-28,4,2193681000,7.426,0,6.584,0.8420000000000005,0.8420000000000005,1.8762911291549258,False
2025-08-28,5,2193681000,7.411,0,5.947,1.4639999999999995,1.4639999999999995,2.1141697082516524,False
2025-08-28,6,2193681000,0.688,0,0.001,0.6869999999999999,0.6869999999999999,2.7267081168175267,True
2025-08-28,7,2193681000,0.0,0,0.001,-0.001,0.001,-1.9540130236624311,False
2025-08-28,8,2193681000,0.001,0,0.001,0.0,0.0,0.0,False
2025-08-28,9,2193681000,0.0,0,0.0,0.0,0.0,0.0,False
2025-08-28,10,2193681000,0.001,0,0.001,0.0,0.0,0.0,False
2025-08-28,11,2193681000,0.0,0,0.0,0.0,0.0,0.0,False
2025-08-28,12,2193681000,0.001,0,0.001,0.0,0.0,0.0,False
2025-08-28,13,2193681000,0.0,0,0.001,-0.001,0.001,-1.9720227054853185,False
2025-08-28,14,2193681000,0.001,0,0.0,0.001,0.001,1.9720227054853185,False
2025-08-28,15,2193681000,0.0,0,0.001,-0.001,0.001,-1.9720227054853185,False
2025-08-28,16,2193681000,0.001,0,0.0,0.001,0.001,1.9720227054853185,False
2025-08-28,17,2193681000,0.001,0,0.001,0.0,0.0,0.0,False
2025-08-28,18,2193681000,0.0,0,0.0,0.0,0.0,0.0,False
2025-08-28,19,2193681000,4.525,0,1.881,2.644,2.644,1.9051270852997884,False
2025-08-28,20,2193681000,7.15,0,6.391,0.7590000000000003,0.7590000000000003,1.839189524933385,False
2025-08-28,21,2193681000,7.216,0,6.406,0.8100000000000005,0.8100000000000005,1.9834497333503325,False
2025-08-28,22,2193681000,7.204,0,6.424,0.7799999999999994,0.7799999999999994,1.903481364264135,False
2025-08-28,23,2193681000,7.261,0,6.463,0.798,0.798,2.008541699674297,False
2025-08-29,0,2193681000,7.361,0,6.514,0.8469999999999995,0.8469999999999995,2.061399051004342,False
2025-08-29,1,2193681000,7.399,0,6.567,0.8319999999999999,0.8319999999999999,1.9705339180062638,False
2025-08-29,2,2193681000,7.403,0,6.599,0.8039999999999994,0.8039999999999994,1.8898267807320328,False
2025-08-29,3,2193681000,7.425,0,6.581,0.8439999999999994,0.8439999999999994,1.793714060240884,False
2025-08-29,4,2193681000,7.436,0,6.584,0.8520000000000003,0.8520000000000003,1.8985748717814683,False
2025-08-29,5,2193681000,7.381,0,5.947,1.4340000000000002,1.4340000000000002,2.070846558492398,False
2025-08-29,6,2193681000,0.806,0,0.001,0.805,0.805,3.1950509956886597,True
2025-08-29,7,2193681000,0.0,0,0.001,-0.001,0.001,-1.9540130236624311,False
2025-08-29,8,2193681000,0.001,0,0.001,0.0,0.0,0.0,False
2025-08-29,9,2193681000,0.0,0,0.0,0.0,0.0,0.0,False
2025-08-29,10,2193681000,0.0,0,0.001,-0.001,0.001,-1.9540130236624311,False
2025-08-29,11,2193681000,0.001,0,0.0,0.001,0.001,1.9540130236624311,False
2025-08-29,12,2193681000,0.0,0,0.001,-0.001,0.001,-1.9540130236624311,False
2025-08-29,13,2193681000,0.001,0,0.001,0.0,0.0,0.0,False
2025-08-29,14,2193681000,0.0,0,0.0,0.0,0.0,0.0,False
2025-08-29,15,2193681000,0.001,0,0.001,0.0,0.0,0.0,False
2025-08-29,16,2193681000,0.0,0,0.0,0.0,0.0,0.0,False
2025-08-29,17,2193681000,0.001,0,0.001,0.0,0.0,0.0,False
2025-08-29,18,2193681000,0.0,0,0.0,0.0,0.0,0.0,False
2025-08-29,19,2193681000,4.641,0,1.881,2.76,2.76,1.9887105731571162,False
2025-08-29,20,2193681000,7.156,0,6.391,0.7649999999999997,0.7649999999999997,1.8537285725613153,False
2025-08-29,21,2193681000,7.209,0,6.406,0.8029999999999999,0.8029999999999999,1.966308809728785,False
2025-08-29,22,2193681000,7.229,0,6.424,0.8049999999999997,0.8049999999999997,1.964490382349525,False
2025-08-29,23,2193681000,6.39,0,6.463,-0.0730000000000004,0.0730000000000004,-0.18373877703787528,False
2025-08-30,0,2193681000,6.004,0,6.6785,-0.6745000000000001,0.6745000000000001,-1.5066542155928164,False
2025-08-30,1,2193681000,6.053,0,6.7780000000000005,-0.7250000000000005,0.7250000000000005,-1.6117273960363563,False
2025-08-30,2,2193681000,6.199,0,6.8375,-0.6385000000000005,0.6385000000000005,-1.4227127494319385,False
2025-08-30,3,2193681000,6.436,0,6.8735,-0.4375,0.4375,-1.0353038964874892,False
2025-08-30,4,2193681000,6.734,0,6.96,-0.22599999999999998,0.22599999999999998,-0.5632215401238942,False
2025-08-30,5,2193681000,6.994,0,5.883,1.1109999999999998,1.1109999999999998,1.3699461898190521,False
2025-08-30,6,2193681000,0.98,0,0.001,0.979,0.979,2.2569735170039884,False
2025-08-30,7,2193681000,0.0,0,0.0,0.0,0.0,0.0,False
2025-08-30,8,2193681000,0.001,0,0.001,0.0,0.0,0.0,False
2025-08-30,9,2193681000,0.0,0,0.0,0.0,0.0,0.0,False
2025-08-30,10,2193681000,0.001,0,0.001,0.0,0.0,0.0,False
2025-08-30,11,2193681000,0.0,0,0.0,0.0,0.0,0.0,False
2025-08-30,12,2193681000,0.0,0,0.001,-0.001,0.001,-1.93648792311097,False
2025-08-30,13,2193681000,0.001,0,0.0005,0.0005,0.0005,0.9486814980539292,False
2025-08-30,14,2193681000,0.0,0,0.0005,-0.0005,0.0005,-0.9486814980539292,False
2025-08-30,15,2193681000,0.001,0,0.0005,0.0005,0.0005,0.9486814980539292,False
2025-08-30,16,2193681000,0.0,0,0.001,-0.001,0.001,-1.9364879231109704,False
2025-08-30,17,2193681000,0.001,0,0.0,0.001,0.001,1.9364879231109704,False
2025-08-30,18,2193681000,0.0,0,0.001,-0.001,0.001,-1.9364879231109704,False
2025-08-30,19,2193681000,4.762,0,2.081,2.6809999999999996,2.6809999999999996,1.576385005960223,False
2025-08-30,20,2193681000,7.17,0,6.9245,0.24549999999999983,0.24549999999999983,0.5978214181749636,False
2025-08-30,21,2193681000,7.218,0,6.963,0.2549999999999999,0.2549999999999999,0.6042891548494672,False
2025-08-30,22,2193681000,7.287,0,7.0205,0.26649999999999974,0.26649999999999974,0.6413652277053044,False
2025-08-30,23,2193681000,7.273,0,7.058999999999999,0.2140000000000004,0.2140000000000004,0.5083081368161477,False
2025-08-31,0,2193681000,7.162,0,6.6785,0.48350000000000026,0.48350000000000026,1.080010842459788,False
2025-08-31,1,2193681000,7.275,0,6.7780000000000005,0.4969999999999999,0.4969999999999999,1.1048669183863011,False
2025-08-31,2,2193681000,7.362,0,6.8375,0.5244999999999997,0.5244999999999997,1.168696690801959,False
2025-08-31,3,2193681000,7.391,0,6.8735,0.5175000000000001,0.5175000000000001,1.2246166089880588,False
2025-08-31,4,2193681000,7.43,0,6.96,0.46999999999999975,0.46999999999999975,1.1713014330010185,False
2025-08-31,5,2193681000,7.347,0,5.883,1.4640000000000004,1.4640000000000004,1.8052216218677706,False
2025-08-31,6,2193681000,1.118,0,0.001,1.1170000000000002,1.1170000000000002,2.5751168728227327,True
2025-08-31,7,2193681000,0.0,0,0.0,0.0,0.0,0.0,False
2025-08-31,8,2193681000,0.001,0,0.001,0.0,0.0,0.0,False
2025-08-31,9,2193681000,0.0,0,0.0,0.0,0.0,0.0,False
2025-08-31,10,2193681000,0.001,0,0.001,0.0,0.0,0.0,False
2025-08-31,11,2193681000,0.0,0,0.0,0.0,0.0,0.0,False
2025-08-31,12,2193681000,0.001,0,0.001,0.0,0.0,0.0,False
2025-08-31,13,2193681000,0.0,0,0.0005,-0.0005,0.0005,-0.9486814980539292,False
2025-08-31,14,2193681000,0.001,0,0.0005,0.0005,0.0005,0.9486814980539292,False
2025-08-31,15,2193681000,0.0,0,0.0005,-0.0005,0.0005,-0.9486814980539292,False
2025-08-31,16,2193681000,0.001,0,0.001,0.0,0.0,0.0,False
2025-08-31,17,2193681000,0.0,0,0.0,0.0,0.0,0.0,False
2025-08-31,18,2193681000,0.001,0,0.001,0.0,0.0,0.0,False
2025-08-31,19,2193681000,5.023,0,2.081,2.9419999999999997,2.9419999999999997,1.7298488204158806,False
2025-08-31,20,2193681000,7.152,0,6.9245,0.22750000000000004,0.22750000000000004,0.5539892979014434,False
2025-08-31,21,2193681000,7.127,0,6.963,0.1639999999999997,0.1639999999999997,0.3886408682169117,False
2025-08-31,22,2193681000,7.188,0,7.0205,0.16749999999999954,0.16749999999999954,0.4031094770755658,False
2025-08-31,23,2193681000,7.262,0,7.058999999999999,0.2030000000000003,0.2030000000000003,0.4821801484751306,False
2025-09-01,0,2193681000,7.291,0,7.3985,-0.10749999999999993,0.10749999999999993,-1.5011956293172328,False
2025-09-01,1,2193681000,7.374,0,7.457,-0.08300000000000018,0.08300000000000018,-1.2711587836334757,False
2025-09-01,2,2193681000,7.453,0,7.453,0.0,0.0,0.0,False
2025-09-01,3,2193681000,7.321,0,7.468,-0.14700000000000024,0.14700000000000024,-0.9567251181697343,False
2025-09-01,4,2193681000,7.168,0,7.473000000000001,-0.3050000000000006,0.3050000000000006,-1.292128850441255,False
2025-09-01,5,2193681000,7.342,0,7.4375,-0.09550000000000036,0.09550000000000036,-0.4225392962042555,False
2025-09-01,6,2193681000,1.261,0,2.919,-1.6580000000000001,1.6580000000000001,-1.5880112263042134,False
2025-09-01,7,2193681000,0.001,0,0.0005,0.0005,0.0005,0.9770065118312158,False
2025-09-01,8,2193681000,0.0,0,0.0,0.0,0.0,0.0,False
2025-09-01,9,2193681000,0.001,0,0.0005,0.0005,0.0005,0.9770065118312158,False
2025-09-01,10,2193681000,0.0,0,0.0,0.0,0.0,0.0,False
2025-09-01,11,2193681000,0.001,0,0.0005,0.0005,0.0005,0.9770065118312158,False
2025-09-01,12,2193681000,0.0,0,0.0,0.0,0.0,0.0,False
2025-09-01,13,2193681000,0.001,0,0.001,0.0,0.0,0.0,False
2025-09-01,14,2193681000,0.0,0,0.0,0.0,0.0,0.0,False
2025-09-01,15,2193681000,0.001,0,0.001,0.0,0.0,0.0,False
2025-09-01,16,2193681000,0.0,0,0.0,0.0,0.0,0.0,False
2025-09-01,17,2193681000,0.001,0,0.0005,0.0005,0.0005,0.9770065118312156,False
2025-09-01,18,2193681000,0.0,0,0.9525,-0.9525,0.9525,-0.6913426401614641,False
2025-09-01,19,2193681000,5.103,0,7.1835,-2.0805000000000007,2.0805000000000007,-2.8602367569929217,True
2025-09-01,20,2193681000,7.137,0,7.208500000000001,-0.07150000000000123,0.07150000000000123,-0.8570660961212951,False
2025-09-01,21,2193681000,7.196,0,7.2475000000000005,-0.05150000000000077,0.05150000000000077,-0.6092742408845008,False
2025-09-01,22,2193681000,7.242,0,7.293,-0.051000000000000156,0.051000000000000156,-0.7152864080739929,False
2025-09-01,23,2193681000,7.224,0,7.3335,-0.10949999999999971,0.10949999999999971,-1.6068303696899648,False
2025-09-02,0,2193681000,7.27,0,7.3985,-0.12850000000000072,0.12850000000000072,-1.7944524499280523,False
2025-09-02,1,2193681000,7.397,0,7.457,-0.05999999999999961,0.05999999999999961,-0.9189099640723839,False
2025-09-02,2,2193681000,7.481,0,7.453,0.02799999999999958,0.02799999999999958,0.30023767291584263,False
2025-09-02,3,2193681000,7.539,0,7.468,0.07099999999999973,0.07099999999999973,0.46209172374184193,False
2025-09-02,4,2193681000,7.55,0,7.473000000000001,0.07699999999999907,0.07699999999999907,0.3262095786359843,False
2025-09-02,5,2193681000,7.51,0,7.4375,0.07249999999999979,0.07249999999999979,0.3207759054953751,False
2025-09-02,6,2193681000,1.416,0,2.919,-1.5030000000000001,1.5030000000000001,-1.439554205751045,False
2025-09-02,7,2193681000,0.001,0,0.0005,0.0005,0.0005,0.9770065118312158,False
2025-09-02,8,2193681000,0.0,0,0.0,0.0,0.0,0.0,False
2025-09-02,9,2193681000,0.001,0,0.0005,0.0005,0.0005,0.9770065118312158,False
2025-09-02,10,2193681000,0.0,0,0.0,0.0,0.0,0.0,False
2025-09-02,11,2193681000,0.001,0,0.0005,0.0005,0.0005,0.9770065118312158,False
2025-09-02,12,2193681000,0.0,0,0.0,0.0,0.0,0.0,False
2025-09-02,13,2193681000,0.001,0,0.001,0.0,0.0,0.0,False
2025-09-02,14,2193681000,0.0,0,0.0,0.0,0.0,0.0,False
2025-09-02,15,2193681000,0.001,0,0.001,0.0,0.0,0.0,False
2025-09-02,16,2193681000,0.0,0,0.0,0.0,0.0,0.0,False
2025-09-02,17,2193681000,0.001,0,0.0005,0.0005,0.0005,0.9770065118312156,False
2025-09-02,18,2193681000,0.0,0,0.9525,-0.9525,0.9525,-0.6913426401614641,False
2025-09-02,19,2193681000,5.358,0,7.1835,-1.8255000000000008,1.8255000000000008,-2.5096670030716557,True
2025-09-02,20,2193681000,7.197,0,7.208500000000001,-0.011500000000000732,0.011500000000000732,-0.1378497916838511,False
2025-09-02,21,2193681000,7.233,0,7.2475000000000005,-0.014500000000000846,0.014500000000000846,-0.17154323287040088,False
2025-09-02,22,2193681000,7.282,0,7.293,-0.01100000000000012,0.01100000000000012,-0.15427746056498007,False
2025-09-02,23,2193681000,7.313,0,7.3335,-0.020500000000000185,0.020500000000000185,-0.30082212400588737,False
2025-09-03,0,2193681000,7.26,0,7.3985,-0.1385000000000005,0.1385000000000005,-1.9340985549808154,False
2025-09-03,1,2193681000,7.333,0,7.457,-0.12399999999999967,0.12399999999999967,-1.8990805924162675,False
2025-09-03,2,2193681000,7.234,0,7.453,-0.2190000000000003,0.2190000000000003,-2.3482875131632364,False
2025-09-03,3,2193681000,7.094,0,7.468,-0.37399999999999967,0.37399999999999967,-2.4341169673161884,False
2025-09-03,4,2193681000,7.134,0,7.473000000000001,-0.3390000000000004,0.3390000000000004,-1.4361694436051968,False
2025-09-03,5,2193681000,7.108,0,7.4375,-0.32950000000000035,0.32950000000000035,-1.457871184285883,False
2025-09-03,6,2193681000,1.326,0,2.919,-1.593,1.593,-1.52575505639482,False
2025-09-03,7,2193681000,0.001,0,0.0005,0.0005,0.0005,0.9770065118312158,False
2025-09-03,8,2193681000,0.0,0,0.0,0.0,0.0,0.0,False
2025-09-03,9,2193681000,0.001,0,0.0005,0.0005,0.0005,0.9770065118312158,False
2025-09-03,10,2193681000,0.0,0,0.0,0.0,0.0,0.0,False
2025-09-03,11,2193681000,0.001,0,0.0005,0.0005,0.0005,0.9770065118312158,False
2025-09-03,12,2193681000,0.0,0,0.0,0.0,0.0,0.0,False
2025-09-03,13,2193681000,0.001,0,0.001,0.0,0.0,0.0,False
2025-09-03,14,2193681000,0.0,0,0.0,0.0,0.0,0.0,False
2025-09-03,15,2193681000,0.001,0,0.001,0.0,0.0,0.0,False
2025-09-03,16,2193681000,0.0,0,0.0,0.0,0.0,0.0,False
2025-09-03,17,2193681000,0.001,0,0.0005,0.0005,0.0005,0.9770065118312156,False
2025-09-03,18,2193681000,0.0,0,0.9525,-0.9525,0.9525,-0.6913426401614641,False
2025-09-03,19,2193681000,5.626,0,7.1835,-1.5575,1.5575,-2.141225065617147,False
2025-09-03,20,2193681000,7.155,0,7.208500000000001,-0.05350000000000055,0.05350000000000055,-0.6413012047900556,False
2025-09-03,21,2193681000,7.167,0,7.2475000000000005,-0.08050000000000068,0.08050000000000068,-0.9523607066252816,False
2025-09-03,22,2193681000,7.218,0,7.293,-0.07500000000000018,0.07500000000000018,-1.0518917765794005,False
2025-09-03,23,2193681000,7.275,0,7.3335,-0.05849999999999955,0.05849999999999955,-0.8584436221631276,False
2025-09-04,0,2193681000,7.32,0,7.3985,-0.07850000000000001,0.07850000000000001,-1.0962219246642129,False
2025-09-04,1,2193681000,7.371,0,7.457,-0.08599999999999941,0.08599999999999941,-1.3171042818370833,False
2025-09-04,2,2193681000,7.191,0,7.453,-0.26200000000000045,0.26200000000000045,-2.809366796569717,True
2025-09-04,3,2193681000,6.941,0,7.468,-0.5270000000000001,0.5270000000000001,-3.429892090309179,True
2025-09-04,4,2193681000,7.023,0,7.473000000000001,-0.45000000000000107,0.45000000000000107,-1.906419615405131,False
2025-09-04,5,2193681000,7.01,0,7.4375,-0.4275000000000002,0.4275000000000002,-1.8914717186106664,False
2025-09-04,6,2193681000,1.548,0,2.919,-1.371,1.371,-1.313126291473508,False
2025-09-04,7,2193681000,0.001,0,0.0005,0.0005,0.0005,0.9770065118312158,False
2025-09-04,8,2193681000,0.0,0,0.0,0.0,0.0,0.0,False
2025-09-04,9,2193681000,0.001,0,0.0005,0.0005,0.0005,0.9770065118312158,False
2025-09-04,10,2193681000,0.0,0,0.0,0.0,0.0,0.0,False
2025-09-04,11,2193681000,0.001,0,0.0005,0.0005,0.0005,0.9770065118312158,False
2025-09-04,12,2193681000,0.0,0,0.0,0.0,0.0,0.0,False
2025-09-04,13,2193681000,0.001,0,0.001,0.0,0.0,0.0,False
2025-09-04,14,2193681000,0.0,0,0.0,0.0,0.0,0.0,False
2025-09-04,15,2193681000,0.001,0,0.001,0.0,0.0,0.0,False
2025-09-04,16,2193681000,0.0,0,0.0,0.0,0.0,0.0,False
2025-09-04,17,2193681000,0.001,0,0.0005,0.0005,0.0005,0.9770065118312156,False
2025-09-04,18,2193681000,0.0,0,0.9525,-0.9525,0.9525,-0.6913426401614641,False
2025-09-04,19,2193681000,5.632,0,7.1835,-1.5515000000000008,1.5515000000000008,-2.132976365524883,False
2025-09-04,20,2193681000,7.081,0,7.208500000000001,-0.1275000000000004,0.1275000000000004,-1.5283346469295607,False
2025-09-04,21,2193681000,7.124,0,7.2475000000000005,-0.12350000000000083,0.12350000000000083,-1.4610751213443736,False
2025-09-04,22,2193681000,7.192,0,7.293,-0.10099999999999998,0.10099999999999998,-1.4165475924602557,False
2025-09-04,23,2193681000,7.218,0,7.3335,-0.11549999999999994,0.11549999999999994,-1.6948758693990076,False
2025-09-05,0,2193681000,7.301,0,7.3985,-0.09750000000000014,0.09750000000000014,-1.3615495242644697,False
2025-09-05,1,2193681000,7.354,0,7.457,-0.10299999999999976,0.10299999999999976,-1.5774621049909323,False
2025-09-05,2,2193681000,7.37,0,7.453,-0.08300000000000018,0.08300000000000018,-0.8899902447148346,False
2025-09-05,3,2193681000,7.373,0,7.468,-0.09499999999999975,0.09499999999999975,-0.6182917430348597,False
2025-09-05,4,2193681000,7.398,0,7.473000000000001,-0.07500000000000107,0.07500000000000107,-0.31773660256752556,False
2025-09-05,5,2193681000,7.382,0,7.4375,-0.05550000000000033,0.05550000000000033,-0.24555948627577207,False
2025-09-05,6,2193681000,1.75,0,2.919,-1.169,1.169,-1.1196532711397016,False
2025-09-05,7,2193681000,0.0,0,0.0005,-0.0005,0.0005,-0.9770065118312158,False
2025-09-05,8,2193681000,0.001,0,0.0,0.001,0.001,1.9621378370424123,False
2025-09-05,9,2193681000,0.0,0,0.0005,-0.0005,0.0005,-0.9770065118312158,False
2025-09-05,10,2193681000,0.001,0,0.0,0.001,0.001,1.9621378370424123,False
2025-09-05,11,2193681000,0.0,0,0.0005,-0.0005,0.0005,-0.9770065118312158,False
2025-09-05,12,2193681000,0.001,0,0.0,0.001,0.001,1.9621378370424127,False
2025-09-05,13,2193681000,0.0,0,0.001,-0.001,0.001,-0.006705574098209147,False
2025-09-05,14,2193681000,0.0,0,0.0,0.0,0.0,0.0,False
2025-09-05,15,2193681000,0.001,0,0.001,0.0,0.0,0.0,False
2025-09-05,16,2193681000,0.0,0,0.0,0.0,0.0,0.0,False
2025-09-05,17,2193681000,0.001,0,0.0005,0.0005,0.0005,0.9770065118312156,False
2025-09-05,18,2193681000,0.0,0,0.9525,-0.9525,0.9525,-0.6913426401614641,False
2025-09-05,19,2193681000,5.985,0,7.1835,-1.1985000000000001,1.1985000000000001,-1.6476778434299524,False
2025-09-05,20,2193681000,7.194,0,7.208500000000001,-0.014500000000000846,0.014500000000000846,-0.17381060690572434,False
2025-09-05,21,2193681000,7.233,0,7.2475000000000005,-0.014500000000000846,0.014500000000000846,-0.17154323287040088,False
2025-09-05,22,2193681000,7.238,0,7.293,-0.054999999999999716,0.054999999999999716,-0.771387302824888,False
2025-09-05,23,2193681000,7.276,0,7.3335,-0.05750000000000011,0.05750000000000011,-0.8437693722116292,False
2025-09-06,0,2193681000,7.314,0,7.3309999999999995,-0.01699999999999946,0.01699999999999946,-0.31347486180478895,False
2025-09-06,1,2193681000,7.366,0,7.4015,-0.03550000000000075,0.03550000000000075,-1.065121703197714,False
2025-09-06,2,2193681000,7.35,0,7.4445,-0.09450000000000003,0.09450000000000003,-1.3825485310274102,False
2025-09-06,3,2193681000,7.385,0,7.503,-0.11800000000000033,0.11800000000000033,-1.5301304867955399,False
2025-09-06,4,2193681000,7.451,0,7.507,-0.05600000000000005,0.05600000000000005,-0.9137650011296563,False
2025-09-06,5,2193681000,7.429,0,7.459,-0.02999999999999936,0.02999999999999936,-0.5154060907032467,False
2025-09-06,6,2193681000,1.885,0,3.1365,-1.2514999999999998,1.2514999999999998,-1.225980137013346,False
2025-09-06,7,2193681000,0.0,0,0.0005,-0.0005,0.0005,-0.9354125966967591,False
2025-09-06,8,2193681000,0.001,0,0.0,0.001,0.001,1.932179832832472,False
2025-09-06,9,2193681000,0.0,0,0.0005,-0.0005,0.0005,-0.9354125966967591,False
2025-09-06,10,2193681000,0.001,0,0.0005,0.0005,0.0005,0.9354125966967591,False
2025-09-06,11,2193681000,0.0,0,0.0,0.0,0.0,0.0,False
2025-09-06,12,2193681000,0.001,0,0.001,0.0,0.0,0.0,False
2025-09-06,13,2193681000,0.0,0,0.0,0.0,0.0,0.0,False
2025-09-06,14,2193681000,0.001,0,0.0005,0.0005,0.0005,0.9354125966967591,False
2025-09-06,15,2193681000,0.0,0,0.0005,-0.0005,0.0005,-0.9354125966967591,False
2025-09-06,16,2193681000,0.001,0,0.0005,0.0005,0.0005,0.9354125966967591,False
2025-09-06,17,2193681000,0.0,0,0.0,0.0,0.0,0.0,False
2025-09-06,18,2193681000,0.001,0,1.254,-1.2530000000000001,1.2530000000000001,-0.8730661094379062,False
2025-09-06,19,2193681000,6.213,0,7.1795,-0.9664999999999999,0.9664999999999999,-2.2653513556859592,False
2025-09-06,20,2193681000,7.197,0,7.2195,-0.022499999999999964,0.022499999999999964,-0.4152097159621565,False
2025-09-06,21,2193681000,7.248,0,7.27,-0.021999999999999353,0.021999999999999353,-0.3527214934545799,False
2025-09-06,22,2193681000,7.321,0,7.3345,-0.013500000000000512,0.013500000000000512,-0.29599818098345565,False
2025-09-06,23,2193681000,7.35,0,7.383,-0.03300000000000036,0.03300000000000036,-0.5484257979962733,False
2025-09-07,0,2193681000,7.343,0,7.3309999999999995,0.012000000000000455,0.012000000000000455,0.22127637303868997,False
2025-09-07,1,2193681000,7.419,0,7.4015,0.017499999999999183,0.017499999999999183,0.5250599945340487,False
2025-09-07,2,2193681000,7.372,0,7.4445,-0.07249999999999979,0.07249999999999979,-1.0606853809469514,False
2025-09-07,3,2193681000,7.391,0,7.503,-0.1120000000000001,0.1120000000000001,-1.4523272417042385,False
2025-09-07,4,2193681000,7.412,0,7.507,-0.09499999999999975,0.09499999999999975,-1.5501370554878044,False
2025-09-07,5,2193681000,7.379,0,7.459,-0.08000000000000007,0.08000000000000007,-1.374416241875355,False
2025-09-07,6,2193681000,1.878,0,3.1365,-1.2585,1.2585,-1.2328373970685547,False
2025-09-07,7,2193681000,0.0,0,0.0005,-0.0005,0.0005,-0.9354125966967591,False
2025-09-07,8,2193681000,0.001,0,0.0,0.001,0.001,1.932179832832472,False
2025-09-07,9,2193681000,0.0,0,0.0005,-0.0005,0.0005,-0.9354125966967591,False
2025-09-07,10,2193681000,0.001,0,0.0005,0.0005,0.0005,0.9354125966967591,False
2025-09-07,11,2193681000,0.0,0,0.0,0.0,0.0,0.0,False
2025-09-07,12,2193681000,0.001,0,0.001,0.0,0.0,0.0,False
2025-09-07,13,2193681000,0.0,0,0.0,0.0,0.0,0.0,False
2025-09-07,14,2193681000,0.0,0,0.0005,-0.0005,0.0005,-0.9354125966967591,False
2025-09-07,15,2193681000,0.001,0,0.0005,0.0005,0.0005,0.9354125966967591,False
2025-09-07,16,2193681000,0.0,0,0.0005,-0.0005,0.0005,-0.9354125966967591,False
2025-09-07,17,2193681000,0.001,0,0.0,0.001,0.001,1.932179832832472,False
2025-09-07,18,2193681000,0.0,0,1.254,-1.254,1.254,-0.8737628900519826,False
2025-09-07,19,2193681000,6.326,0,7.1795,-0.8535000000000004,0.8535000000000004,-2.0004939286890506,False
2025-09-07,20,2193681000,7.22,0,7.2195,0.0004999999999997229,0.0004999999999997229,0.009226882576931711,False
2025-09-07,21,2193681000,7.243,0,7.27,-0.026999999999999247,0.026999999999999247,-0.4328854692397124,False
2025-09-07,22,2193681000,7.317,0,7.3345,-0.01750000000000007,0.01750000000000007,-0.3837013457192814,False
2025-09-07,23,2193681000,7.395,0,7.383,0.011999999999999567,0.011999999999999567,0.19942756290772637,False
2025-09-08,0,2193681000,7.393,0,7.3985,-0.0055000000000005045,0.0055000000000005045,-0.0768053577790283,False
2025-09-08,1,2193681000,7.398,0,7.457,-0.05900000000000016,0.05900000000000016,-0.9035947980045193,False
2025-09-08,2,2193681000,7.446,0,7.453,-0.007000000000000561,0.007000000000000561,-0.0750594182289678,False
2025-09-08,3,2193681000,7.467,0,7.468,-0.001000000000000334,0.001000000000000334,-0.00650833413721124,False
2025-09-08,4,2193681000,7.477,0,7.473000000000001,0.0039999999999995595,0.0039999999999995595,0.01694595213693259,False
2025-09-08,5,2193681000,7.439,0,7.4375,0.0015000000000000568,0.0015000000000000568,0.006636742872318376,False
2025-09-08,6,2193681000,2.0,0,2.919,-0.919,0.919,-0.8802064637958817,False
2025-09-08,7,2193681000,0.0,0,0.0005,-0.0005,0.0005,-0.9770065118312158,False
2025-09-08,8,2193681000,0.001,0,0.0,0.001,0.001,1.9621378370424123,False
2025-09-08,9,2193681000,0.0,0,0.0005,-0.0005,0.0005,-0.9770065118312158,False
2025-09-08,10,2193681000,0.001,0,0.0,0.001,0.001,1.9621378370424123,False
2025-09-08,11,2193681000,0.0,0,0.0005,-0.0005,0.0005,-0.9770065118312158,False
2025-09-08,12,2193681000,0.001,0,0.0,0.001,0.001,1.9621378370424127,False
2025-09-08,13,2193681000,0.0,0,0.001,-0.001,0.001,-0.006705574098209147,False
2025-09-08,14,2193681000,0.001,0,0.0,0.001,0.001,1.9871341815460584,False
2025-09-08,15,2193681000,0.0,0,0.001,-0.001,0.001,-1.9621378370424123,False
2025-09-08,16,2193681000,0.001,0,0.0,0.001,0.001,1.9621378370424127,False
2025-09-08,17,2193681000,0.0,0,0.0005,-0.0005,0.0005,-0.9770065118312156,False
2025-09-08,18,2193681000,0.001,0,0.9525,-0.9515,0.9515,-0.6906168211166751,False
2025-09-08,19,2193681000,6.572,0,7.1835,-0.6115000000000004,0.6115000000000004,-0.8406800177366845,False
2025-09-08,20,2193681000,7.224,0,7.208500000000001,0.015499999999999403,0.015499999999999403,0.1857975453129977,False
2025-09-08,21,2193681000,7.272,0,7.2475000000000005,0.024499999999999744,0.024499999999999744,0.2898489107120367,False
2025-09-08,22,2193681000,7.307,0,7.293,0.014000000000000234,0.014000000000000234,0.1963531316281576,False
2025-09-08,23,2193681000,7.313,0,7.3335,-0.020500000000000185,0.020500000000000185,-0.30082212400588737,False
2025-09-09,0,2193681000,7.359,0,7.3985,-0.03950000000000031,0.03950000000000031,-0.5516021149584298,False
2025-09-09,1,2193681000,7.395,0,7.457,-0.06200000000000028,0.06200000000000028,-0.9495402962081405,False
2025-09-09,2,2193681000,7.407,0,7.453,-0.04600000000000026,0.04600000000000026,-0.49324760550460883,False
2025-09-09,3,2193681000,7.441,0,7.468,-0.027000000000000135,0.027000000000000135,-0.17572502170464566,False
2025-09-09,4,2193681000,7.469,0,7.473000000000001,-0.004000000000000448,0.004000000000000448,-0.01694595213693635,False
2025-09-09,5,2193681000,7.45,0,7.4375,0.012500000000000178,0.012500000000000178,0.05530619060265182,False
2025-09-09,6,2193681000,2.123,0,2.919,-0.7959999999999998,0.7959999999999998,-0.7623986345827222,False
2025-09-09,7,2193681000,0.001,0,0.0005,0.0005,0.0005,0.9770065118312158,False
2025-09-09,8,2193681000,0.0,0,0.0,0.0,0.0,0.0,False
2025-09-09,9,2193681000,0.001,0,0.0005,0.0005,0.0005,0.9770065118312158,False
2025-09-09,10,2193681000,0.0,0,0.0,0.0,0.0,0.0,False
2025-09-09,11,2193681000,0.001,0,0.0005,0.0005,0.0005,0.9770065118312158,False
2025-09-09,12,2193681000,0.0,0,0.0,0.0,0.0,0.0,False
2025-09-09,13,2193681000,0.001,0,0.001,0.0,0.0,0.0,False
2025-09-09,14,2193681000,0.0,0,0.0,0.0,0.0,0.0,False
2025-09-09,15,2193681000,0.001,0,0.001,0.0,0.0,0.0,False
2025-09-09,16,2193681000,0.0,0,0.0,0.0,0.0,0.0,False
2025-09-09,17,2193681000,0.001,0,0.0005,0.0005,0.0005,0.9770065118312156,False
2025-09-09,18,2193681000,0.0,0,0.9525,-0.9525,0.9525,-0.6913426401614641,False
2025-09-09,19,2193681000,6.834,0,7.1835,-0.3495000000000008,0.3495000000000008,-0.48048678037444276,False
2025-09-09,20,2193681000,7.222,0,7.208500000000001,0.013499999999999623,0.013499999999999623,0.16182366849841906,False
2025-09-09,21,2193681000,7.18,0,7.2475000000000005,-0.06750000000000078,0.06750000000000078,-0.7985633254311392,False
2025-09-09,22,2193681000,7.246,0,7.293,-0.04699999999999971,0.04699999999999971,-0.6591855133230854,False
2025-09-09,23,2193681000,7.319,0,7.3335,-0.014499999999999957,0.014499999999999957,-0.2127766242968446,False
2025-09-10,0,2193681000,7.428,0,7.3985,0.029499999999999638,0.029499999999999638,0.41195600990565445,False
2025-09-10,1,2193681000,7.452,0,7.457,-0.004999999999999893,0.004999999999999893,-0.0765758303393642,False
2025-09-10,2,2193681000,7.447,0,7.453,-0.006000000000000227,0.006000000000000227,-0.0643366441962554,False
2025-09-10,3,2193681000,7.426,0,7.468,-0.041999999999999815,0.041999999999999815,-0.27335003376277955,False
2025-09-10,4,2193681000,7.453,0,7.473000000000001,-0.020000000000000462,0.020000000000000462,-0.08472976068467424,False
2025-09-10,5,2193681000,7.203,0,7.4375,-0.2344999999999997,0.2344999999999997,-1.0375441357057322,False
2025-09-10,6,2193681000,2.152,0,2.919,-0.7669999999999999,0.7669999999999999,-0.7346228049308392,False
2025-09-10,7,2193681000,0.0,0,0.0005,-0.0005,0.0005,-0.9770065118312158,False
2025-09-10,8,2193681000,0.001,0,0.0,0.001,0.001,1.9621378370424123,False
2025-09-10,9,2193681000,0.0,0,0.0005,-0.0005,0.0005,-0.9770065118312158,False
2025-09-10,10,2193681000,0.001,0,0.0,0.001,0.001,1.9621378370424123,False
2025-09-10,11,2193681000,0.0,0,0.0005,-0.0005,0.0005,-0.9770065118312158,False
2025-09-10,12,2193681000,0.001,0,0.0,0.001,0.001,1.9621378370424127,False
2025-09-10,13,2193681000,0.0,0,0.001,-0.001,0.001,-0.006705574098209147,False
2025-09-10,14,2193681000,0.001,0,0.0,0.001,0.001,1.9871341815460584,False
2025-09-10,15,2193681000,0.0,0,0.001,-0.001,0.001,-1.9621378370424123,False
2025-09-10,16,2193681000,0.001,0,0.0,0.001,0.001,1.9621378370424127,False
2025-09-10,17,2193681000,0.0,0,0.0005,-0.0005,0.0005,-0.9770065118312156,False
2025-09-10,18,2193681000,0.001,0,0.9525,-0.9515,0.9515,-0.6906168211166751,False
2025-09-10,19,2193681000,6.927,0,7.1835,-0.25650000000000084,0.25650000000000084,-0.3526319289443339,False
2025-09-10,20,2193681000,7.181,0,7.208500000000001,-0.027500000000000746,0.027500000000000746,-0.3296408062005014,False
2025-09-10,21,2193681000,7.059,0,7.2475000000000005,-0.18850000000000033,0.18850000000000033,-2.2300620273150855,False
2025-09-10,22,2193681000,7.208,0,7.293,-0.08499999999999996,0.08499999999999996,-1.1921440134566506,False
2025-09-10,23,2193681000,7.271,0,7.3335,-0.0625,0.0625,-0.9171406219691605,False
2025-09-11,0,2193681000,7.291,0,7.3985,-0.10749999999999993,0.10749999999999993,-1.5011956293172328,False
2025-09-11,1,2193681000,7.382,0,7.457,-0.07500000000000018,0.07500000000000018,-1.14863745509049,False
2025-09-11,2,2193681000,7.453,0,7.453,0.0,0.0,0.0,False
2025-09-11,3,2193681000,7.499,0,7.468,0.030999999999999694,0.030999999999999694,0.20175835825347907,False
2025-09-11,4,2193681000,7.542,0,7.473000000000001,0.06899999999999906,0.06899999999999906,0.2923176743621154,False
2025-09-11,5,2193681000,7.478,0,7.4375,0.04049999999999976,0.04049999999999976,0.1791920575525883,False
2025-09-11,6,2193681000,2.379,0,2.919,-0.54,0.54,-0.5172051038626508,False
2025-09-11,7,2193681000,0.001,0,0.0005,0.0005,0.0005,0.9770065118312158,False
2025-09-11,8,2193681000,0.0,0,0.0,0.0,0.0,0.0,False
2025-09-11,9,2193681000,0.001,0,0.0005,0.0005,0.0005,0.9770065118312158,False
2025-09-11,10,2193681000,0.0,0,0.0,0.0,0.0,0.0,False
2025-09-11,11,2193681000,0.001,0,0.0005,0.0005,0.0005,0.9770065118312158,False
2025-09-11,12,2193681000,0.0,0,0.0,0.0,0.0,0.0,False
2025-09-11,13,2193681000,0.001,0,0.001,0.0,0.0,0.0,False
2025-09-11,14,2193681000,0.0,0,0.0,0.0,0.0,0.0,False
2025-09-11,15,2193681000,0.001,0,0.001,0.0,0.0,0.0,False
2025-09-11,16,2193681000,0.0,0,0.0,0.0,0.0,0.0,False
2025-09-11,17,2193681000,0.0,0,0.0005,-0.0005,0.0005,-0.9770065118312156,False
2025-09-11,18,2193681000,0.078,0,0.9525,-0.8745,0.8745,-0.6347287546679269,False
2025-09-11,19,2193681000,7.049,0,7.1835,-0.13450000000000006,0.13450000000000006,-0.18490836040160927,False
2025-09-11,20,2193681000,7.164,0,7.208500000000001,-0.044500000000001094,0.044500000000001094,-0.5334187591244464,False
2025-09-11,21,2193681000,7.249,0,7.2475000000000005,0.0014999999999991687,0.0014999999999991687,0.017745851676237497,False
2025-09-11,22,2193681000,7.269,0,7.293,-0.02400000000000002,0.02400000000000002,-0.3366053685054077,False
2025-09-11,23,2193681000,7.319,0,7.3335,-0.014499999999999957,0.014499999999999957,-0.2127766242968446,False
2025-09-12,0,2193681000,7.374,0,7.3985,-0.024500000000000632,0.024500000000000632,-0.34213295737928534,False
2025-09-12,1,2193681000,7.397,0,7.457,-0.05999999999999961,0.05999999999999961,-0.9189099640723839,False
2025-09-12,2,2193681000,7.363,0,7.453,-0.08999999999999986,0.08999999999999986,-0.9650496629437928,False
2025-09-12,3,2193681000,7.44,0,7.468,-0.02799999999999958,0.02799999999999958,-0.18223335584185113,False
2025-09-12,4,2193681000,7.42,0,7.473000000000001,-0.053000000000000824,0.053000000000000824,-0.22453386581438503,False
2025-09-12,5,2193681000,7.399,0,7.4375,-0.03849999999999998,0.03849999999999998,-0.17034306705616512,False
2025-09-12,6,2193681000,2.437,0,2.919,-0.4820000000000002,0.4820000000000002,-0.46165344455888485,False
2025-09-12,7,2193681000,0.0,0,0.0005,-0.0005,0.0005,-0.9770065118312158,False
2025-09-12,8,2193681000,0.001,0,0.0,0.001,0.001,1.9621378370424123,False
2025-09-12,9,2193681000,0.0,0,0.0005,-0.0005,0.0005,-0.9770065118312158,False
2025-09-12,10,2193681000,0.001,0,0.0,0.001,0.001,1.9621378370424123,False
2025-09-12,11,2193681000,0.0,0,0.0005,-0.0005,0.0005,-0.9770065118312158,False
2025-09-12,12,2193681000,0.001,0,0.0,0.001,0.001,1.9621378370424127,False
2025-09-12,13,2193681000,0.0,0,0.001,-0.001,0.001,-0.006705574098209147,False
2025-09-12,14,2193681000,0.001,0,0.0,0.001,0.001,1.9871341815460584,False
2025-09-12,15,2193681000,0.0,0,0.001,-0.001,0.001,-1.9621378370424123,False
2025-09-12,16,2193681000,0.001,0,0.0,0.001,0.001,1.9621378370424127,False
2025-09-12,17,2193681000,0.0,0,0.0005,-0.0005,0.0005,-0.9770065118312156,False
2025-09-12,18,2193681000,0.285,0,0.9525,-0.6675,0.6675,-0.48448421239661654,False
2025-09-12,19,2193681000,7.194,0,7.1835,0.01049999999999951,0.01049999999999951,0.014435225161463238,False
2025-09-12,20,2193681000,7.211,0,7.208500000000001,0.0024999999999995026,0.0024999999999995026,0.029967346018220625,False
2025-09-12,21,2193681000,7.244,0,7.2475000000000005,-0.0035000000000007248,0.0035000000000007248,-0.041406987244585684,False
2025-09-12,22,2193681000,7.295,0,7.293,0.0019999999999997797,0.0019999999999997797,0.028050447375447526,False
2025-09-12,23,2193681000,7.3,0,7.3335,-0.033500000000000085,0.033500000000000085,-0.49158737337547126,False
2025-09-13,0,2193681000,7.257,0,7.3309999999999995,-0.07399999999999984,0.07399999999999984,-1.3645376337385335,False
2025-09-13,1,2193681000,7.384,0,7.4015,-0.01750000000000007,0.01750000000000007,-0.5250599945340754,False
2025-09-13,2,2193681000,7.499,0,7.4445,0.05449999999999999,0.05449999999999999,0.7973428036084003,False
2025-09-13,3,2193681000,7.54,0,7.503,0.03699999999999992,0.03699999999999992,0.47978667806300596,False
2025-09-13,4,2193681000,7.507,0,7.507,0.0,0.0,0.0,False
2025-09-13,5,2193681000,7.446,0,7.459,-0.0129999999999999,0.0129999999999999,-0.22334263930474327,False
2025-09-13,6,2193681000,2.612,0,3.1365,-0.5244999999999997,0.5244999999999997,-0.5138046998509787,False
2025-09-13,7,2193681000,0.001,0,0.0005,0.0005,0.0005,0.9354125966967591,False
2025-09-13,8,2193681000,0.0,0,0.0,0.0,0.0,0.0,False
2025-09-13,9,2193681000,0.001,0,0.0005,0.0005,0.0005,0.9354125966967591,False
2025-09-13,10,2193681000,0.0,0,0.0005,-0.0005,0.0005,-0.9354125966967591,False
2025-09-13,11,2193681000,0.0,0,0.0,0.0,0.0,0.0,False
2025-09-13,12,2193681000,0.001,0,0.001,0.0,0.0,0.0,False
2025-09-13,13,2193681000,0.0,0,0.0,0.0,0.0,0.0,False
2025-09-13,14,2193681000,0.001,0,0.0005,0.0005,0.0005,0.9354125966967591,False
2025-09-13,15,2193681000,0.0,0,0.0005,-0.0005,0.0005,-0.9354125966967591,False
2025-09-13,16,2193681000,0.001,0,0.0005,0.0005,0.0005,0.9354125966967591,False
2025-09-13,17,2193681000,0.0,0,0.0,0.0,0.0,0.0,False
2025-09-13,18,2193681000,0.403,0,1.254,-0.851,0.851,-0.5929603025791365,False
2025-09-13,19,2193681000,7.157,0,7.1795,-0.022499999999999964,0.022499999999999964,-0.05273709829584481,False
2025-09-13,20,2193681000,7.219,0,7.2195,-0.0004999999999997229,0.0004999999999997229,-0.009226882576931711,False
2025-09-13,21,2193681000,7.274,0,7.27,0.004000000000000448,0.004000000000000448,0.0641311806281145,False
2025-09-13,22,2193681000,7.315,0,7.3345,-0.01949999999999985,0.01949999999999985,-0.42755292808719425,False
2025-09-13,23,2193681000,7.371,0,7.383,-0.011999999999999567,0.011999999999999567,-0.19942756290772637,False
2025-09-14,0,2193681000,7.382,0,7.3309999999999995,0.051000000000000156,0.051000000000000156,0.9404245854143997,False
2025-09-14,1,2193681000,7.44,0,7.4015,0.03849999999999998,0.03849999999999998,1.1551319879749604,False
2025-09-14,2,2193681000,7.443,0,7.4445,-0.0015000000000000568,0.0015000000000000568,-0.021945214778213686,False
2025-09-14,3,2193681000,7.443,0,7.503,-0.0600000000000005,0.0600000000000005,-0.7780324509129907,False
2025-09-14,4,2193681000,7.442,0,7.507,-0.0649999999999995,0.0649999999999995,-1.0606200905969134,False
2025-09-14,5,2193681000,7.435,0,7.459,-0.02400000000000002,0.02400000000000002,-0.4123248725626065,False
2025-09-14,6,2193681000,2.77,0,3.1365,-0.3664999999999998,0.3664999999999998,-0.35902654431913,False
2025-09-14,7,2193681000,0.001,0,0.0005,0.0005,0.0005,0.9354125966967591,False
2025-09-14,8,2193681000,0.0,0,0.0,0.0,0.0,0.0,False
2025-09-14,9,2193681000,0.0,0,0.0005,-0.0005,0.0005,-0.9354125966967591,False
2025-09-14,10,2193681000,0.001,0,0.0005,0.0005,0.0005,0.9354125966967591,False
2025-09-14,11,2193681000,0.0,0,0.0,0.0,0.0,0.0,False
2025-09-14,12,2193681000,0.001,0,0.001,0.0,0.0,0.0,False
2025-09-14,13,2193681000,0.0,0,0.0,0.0,0.0,0.0,False
2025-09-14,14,2193681000,0.001,0,0.0005,0.0005,0.0005,0.9354125966967591,False
2025-09-14,15,2193681000,0.0,0,0.0005,-0.0005,0.0005,-0.9354125966967591,False
2025-09-14,16,2193681000,0.001,0,0.0005,0.0005,0.0005,0.9354125966967591,False
2025-09-14,17,2193681000,0.0,0,0.0,0.0,0.0,0.0,False
2025-09-14,18,2193681000,0.643,0,1.254,-0.611,0.611,-0.42573295520076665,False
2025-09-14,19,2193681000,7.191,0,7.1795,0.011499999999999844,0.011499999999999844,0.026954516906764803,False
2025-09-14,20,2193681000,7.142,0,7.2195,-0.07749999999999968,0.07749999999999968,-1.430166799425202,False
2025-09-14,21,2193681000,7.16,0,7.27,-0.10999999999999943,0.10999999999999943,-1.7636074672729425,False
2025-09-14,22,2193681000,7.254,0,7.3345,-0.08050000000000068,0.08050000000000068,-1.7650261903087021,False
2025-09-14,23,2193681000,7.267,0,7.383,-0.11599999999999966,0.11599999999999966,-1.9277997747747524,False
2025-09-15,0,2193681000,7.429,0,7.3985,0.03049999999999997,0.03049999999999997,0.4259206204109357,False
2025-09-15,1,2193681000,7.492,0,7.457,0.03500000000000014,0.03500000000000014,0.5360308123755629,False
2025-09-15,2,2193681000,7.565,0,7.453,0.1120000000000001,0.1120000000000001,1.2009506916633896,False
2025-09-15,3,2193681000,7.553,0,7.468,0.08499999999999996,0.08499999999999996,0.5532084016627704,False
2025-09-15,4,2193681000,7.551,0,7.473000000000001,0.0779999999999994,0.0779999999999994,0.33044606667021936,False
2025-09-15,5,2193681000,7.467,0,7.4375,0.029499999999999638,0.029499999999999638,0.13052260982225486,False
2025-09-15,6,2193681000,2.862,0,2.919,-0.05699999999999994,0.05699999999999994,-0.05459387207439086,False
2025-09-15,7,2193681000,0.001,0,0.0005,0.0005,0.0005,0.9770065118312158,False
2025-09-15,8,2193681000,0.0,0,0.0,0.0,0.0,0.0,False
2025-09-15,9,2193681000,0.0,0,0.0005,-0.0005,0.0005,-0.9770065118312158,False
2025-09-15,10,2193681000,0.001,0,0.0,0.001,0.001,1.9621378370424123,False
2025-09-15,11,2193681000,0.0,0,0.0005,-0.0005,0.0005,-0.9770065118312158,False
2025-09-15,12,2193681000,0.001,0,0.0,0.001,0.001,1.9621378370424127,False
2025-09-15,13,2193681000,0.0,0,0.001,-0.001,0.001,-0.006705574098209147,False
2025-09-15,14,2193681000,0.001,0,0.0,0.001,0.001,1.9871341815460584,False
2025-09-15,15,2193681000,0.0,0,0.001,-0.001,0.001,-1.9621378370424123,False
2025-09-15,16,2193681000,0.001,0,0.0,0.001,0.001,1.9621378370424127,False
2025-09-15,17,2193681000,0.0,0,0.0005,-0.0005,0.0005,-0.9770065118312156,False
2025-09-15,18,2193681000,0.887,0,0.9525,-0.0655,0.0655,-0.04754114743367548,False
2025-09-15,19,2193681000,7.221,0,7.1835,0.037499999999999645,0.037499999999999645,0.05155437557665634,False
2025-09-15,20,2193681000,7.206,0,7.208500000000001,-0.002500000000000391,0.002500000000000391,-0.029967346018231273,False
2025-09-15,21,2193681000,7.257,0,7.2475000000000005,0.009499999999999176,0.009499999999999176,0.11239039394955669,False
2025-09-15,22,2193681000,7.291,0,7.293,-0.0019999999999997797,0.0019999999999997797,-0.028050447375447526,False
2025-09-15,23,2193681000,7.378,0,7.3335,0.044500000000000206,0.044500000000000206,0.6530041228420452,False
2025-09-16,0,2193681000,7.434,0,7.3985,0.035499999999999865,0.035499999999999865,0.4957436729373172,False
2025-09-16,1,2193681000,7.462,0,7.457,0.004999999999999893,0.004999999999999893,0.0765758303393642,False
2025-09-16,2,2193681000,7.434,0,7.453,-0.019000000000000128,0.019000000000000128,-0.20373270662146906,False
2025-09-16,3,2193681000,7.502,0,7.468,0.03399999999999981,0.03399999999999981,0.221283360665107,False
2025-09-16,4,2193681000,7.508,0,7.473000000000001,0.034999999999999254,0.034999999999999254,0.14827708119817334,False
2025-09-16,5,2193681000,7.47,0,7.4375,0.03249999999999975,0.03249999999999975,0.1437960955668916,False
2025-09-16,6,2193681000,2.976,0,2.919,0.05699999999999994,0.05699999999999994,0.05459387207439086,False
2025-09-16,7,2193681000,0.001,0,0.0005,0.0005,0.0005,0.9770065118312158,False
2025-09-16,8,2193681000,0.0,0,0.0,0.0,0.0,0.0,False
2025-09-16,9,2193681000,0.001,0,0.0005,0.0005,0.0005,0.9770065118312158,False
2025-09-16,10,2193681000,0.0,0,0.0,0.0,0.0,0.0,False
2025-09-16,11,2193681000,0.001,0,0.0005,0.0005,0.0005,0.9770065118312158,False
2025-09-16,12,2193681000,0.0,0,0.0,0.0,0.0,0.0,False
2025-09-16,13,2193681000,0.001,0,0.001,0.0,0.0,0.0,False
2025-09-16,14,2193681000,0.0,0,0.0,0.0,0.0,0.0,False
2025-09-16,15,2193681000,0.0,0,0.001,-0.001,0.001,-1.9621378370424123,False
2025-09-16,16,2193681000,0.001,0,0.0,0.001,0.001,1.9621378370424127,False
2025-09-16,17,2193681000,0.0,0,0.0005,-0.0005,0.0005,-0.9770065118312156,False
2025-09-16,18,2193681000,1.018,0,0.9525,0.0655,0.0655,0.04754114743367548,False
2025-09-16,19,2193681000,7.253,0,7.1835,0.06949999999999967,0.06949999999999967,0.09554744273540354,False
2025-09-16,20,2193681000,7.111,0,7.208500000000001,-0.09750000000000103,0.09750000000000103,-1.1687264947108493,False
2025-09-16,21,2193681000,7.159,0,7.2475000000000005,-0.08850000000000069,0.08850000000000069,-1.0470052488986008,False
2025-09-16,22,2193681000,7.284,0,7.293,-0.009000000000000341,0.009000000000000341,-0.12622701318953256,False
2025-09-16,23,2193681000,7.348,0,7.3335,0.014499999999999957,0.014499999999999957,0.2127766242968446,False
2025-09-17,0,2193681000,7.306,0,7.3985,-0.09250000000000025,0.09250000000000025,-1.2917264717380883,False
2025-09-17,1,2193681000,7.441,0,7.457,-0.016000000000000014,0.016000000000000014,-0.24504265708597087,False
2025-09-17,2,2193681000,7.527,0,7.453,0.07399999999999984,0.07399999999999984,0.7934852784204515,False
2025-09-17,3,2193681000,7.537,0,7.468,0.06899999999999995,0.06899999999999995,0.44907505546742527,False
2025-09-17,4,2193681000,7.566,0,7.473000000000001,0.09299999999999908,0.09299999999999908,0.39399338718372223,False
2025-09-17,5,2193681000,7.523,0,7.4375,0.08549999999999969,0.08549999999999969,0.3782943437221317,False
2025-09-17,6,2193681000,3.118,0,2.919,0.19899999999999984,0.19899999999999984,0.19059965864568043,False
2025-09-17,7,2193681000,0.001,0,0.0005,0.0005,0.0005,0.9770065118312158,False
2025-09-17,8,2193681000,0.0,0,0.0,0.0,0.0,0.0,False
2025-09-17,9,2193681000,0.001,0,0.0005,0.0005,0.0005,0.9770065118312158,False
2025-09-17,10,2193681000,0.0,0,0.0,0.0,0.0,0.0,False
2025-09-17,11,2193681000,0.0,0,0.0005,-0.0005,0.0005,-0.9770065118312158,False
2025-09-17,12,2193681000,0.001,0,0.0,0.001,0.001,1.9621378370424127,False
2025-09-17,13,2193681000,0.0,0,0.001,-0.001,0.001,-0.006705574098209147,False
2025-09-17,14,2193681000,0.001,0,0.0,0.001,0.001,1.9871341815460584,False
2025-09-17,15,2193681000,0.0,0,0.001,-0.001,0.001,-1.9621378370424123,False
2025-09-17,16,2193681000,0.001,0,0.0,0.001,0.001,1.9621378370424127,False
2025-09-17,17,2193681000,0.0,0,0.0005,-0.0005,0.0005,-0.9770065118312156,False
2025-09-17,18,2193681000,1.279,0,0.9525,0.3264999999999999,0.3264999999999999,0.2369799181235884,False
2025-09-17,19,2193681000,7.358,0,7.1835,0.1744999999999992,0.1744999999999992,0.23989969435004205,False
2025-09-17,20,2193681000,7.39,0,7.208500000000001,0.18149999999999888,0.18149999999999888,2.175629320923237,False
2025-09-17,21,2193681000,7.251,0,7.2475000000000005,0.0034999999999998366,0.0034999999999998366,0.04140698724457518,False
2025-09-17,22,2193681000,7.345,0,7.293,0.0519999999999996,0.0519999999999996,0.7293116317617104,False
2025-09-17,23,2193681000,7.45,0,7.3335,0.11650000000000027,0.11650000000000027,1.7095501193505191,False
2025-09-18,0,2193681000,7.431,0,7.3985,0.03249999999999975,0.03249999999999975,0.4538498414214858,False
2025-09-18,1,2193681000,7.482,0,7.457,0.025000000000000355,0.025000000000000355,0.38287915169683456,False
2025-09-18,2,2193681000,7.529,0,7.453,0.07599999999999962,0.07599999999999962,0.8149308264858667,False
2025-09-18,3,2193681000,7.545,0,7.468,0.07699999999999996,0.07699999999999996,0.5011417285650979,False
2025-09-18,4,2193681000,7.495,0,7.473000000000001,0.021999999999999353,0.021999999999999353,0.09320273675313677,False
2025-09-18,5,2193681000,7.448,0,7.4375,0.010500000000000398,0.010500000000000398,0.046457200106228634,False
2025-09-18,6,2193681000,3.211,0,2.919,0.2919999999999998,0.2919999999999998,0.2796738709775814,False
2025-09-18,7,2193681000,0.0,0,0.0005,-0.0005,0.0005,-0.9770065118312158,False
2025-09-18,8,2193681000,0.001,0,0.0,0.001,0.001,1.9621378370424123,False
2025-09-18,9,2193681000,0.0,0,0.0005,-0.0005,0.0005,-0.9770065118312158,False
2025-09-18,10,2193681000,0.0,0,0.0,0.0,0.0,0.0,False
2025-09-18,11,2193681000,0.001,0,0.0005,0.0005,0.0005,0.9770065118312158,False
2025-09-18,12,2193681000,0.0,0,0.0,0.0,0.0,0.0,False
2025-09-18,13,2193681000,0.001,0,0.001,0.0,0.0,0.0,False
2025-09-18,14,2193681000,0.0,0,0.0,0.0,0.0,0.0,False
2025-09-18,15,2193681000,0.001,0,0.001,0.0,0.0,0.0,False
2025-09-18,16,2193681000,0.0,0,0.0,0.0,0.0,0.0,False
2025-09-18,17,2193681000,0.001,0,0.0005,0.0005,0.0005,0.9770065118312156,False
2025-09-18,18,2193681000,1.521,0,0.9525,0.5684999999999999,0.5684999999999999,0.41262812696251155,False
2025-09-18,19,2193681000,7.302,0,7.1835,0.11849999999999916,0.11849999999999916,0.16291182682223443,False
2025-09-18,20,2193681000,7.358,0,7.208500000000001,0.14949999999999886,0.14949999999999886,1.7920472918899362,False
2025-09-18,21,2193681000,7.373,0,7.2475000000000005,0.12549999999999972,0.12549999999999972,1.4847362569126903,False
2025-09-18,22,2193681000,7.445,0,7.293,0.15200000000000014,0.15200000000000014,2.1318340005342487,False
2025-09-18,23,2193681000,7.44,0,7.3335,0.10650000000000048,0.10650000000000048,1.5628076198354566,False
2025-09-19,0,2193681000,7.468,0,7.3985,0.06949999999999967,0.06949999999999967,0.9705404301167186,False
2025-09-19,1,2193681000,7.495,0,7.457,0.038000000000000256,0.038000000000000256,0.5819763105791842,False
2025-09-19,2,2193681000,7.472,0,7.453,0.019000000000000128,0.019000000000000128,0.20373270662146906,False
2025-09-19,3,2193681000,7.512,0,7.468,0.043999999999999595,0.043999999999999595,0.2863667020371963,False
2025-09-19,4,2193681000,7.566,0,7.473000000000001,0.09299999999999908,0.09299999999999908,0.39399338718372223,False
2025-09-19,5,2193681000,7.542,0,7.4375,0.10449999999999982,0.10449999999999982,0.4623597534381619,False
2025-09-19,6,2193681000,3.356,0,2.919,0.43699999999999983,0.43699999999999983,0.41855301923699695,False
2025-09-19,7,2193681000,0.0,0,0.0005,-0.0005,0.0005,-0.9770065118312158,False
2025-09-19,8,2193681000,0.001,0,0.0,0.001,0.001,1.9621378370424123,False
2025-09-19,9,2193681000,0.0,0,0.0005,-0.0005,0.0005,-0.9770065118312158,False
2025-09-19,10,2193681000,0.001,0,0.0,0.001,0.001,1.9621378370424123,False
2025-09-19,11,2193681000,0.0,0,0.0005,-0.0005,0.0005,-0.9770065118312158,False
2025-09-19,12,2193681000,0.001,0,0.0,0.001,0.001,1.9621378370424127,False
2025-09-19,13,2193681000,0.7,0,0.001,0.699,0.699,4.687196294648193,True
2025-09-19,14,2193681000,0.0,0,0.0,0.0,0.0,0.0,False
2025-09-19,15,2193681000,0.001,0,0.001,0.0,0.0,0.0,False
2025-09-19,16,2193681000,0.0,0,0.0,0.0,0.0,0.0,False
2025-09-19,17,2193681000,0.001,0,0.0005,0.0005,0.0005,0.9770065118312156,False
2025-09-19,18,2193681000,1.753,0,0.9525,0.8004999999999999,0.8004999999999999,0.5810181453535453,False
2025-09-19,19,2193681000,7.278,0,7.1835,0.09449999999999914,0.09449999999999914,0.12991702645317404,False
2025-09-19,20,2193681000,7.323,0,7.208500000000001,0.1144999999999996,0.1144999999999996,1.372504447634773,False
2025-09-19,21,2193681000,7.374,0,7.2475000000000005,0.12649999999999917,0.12649999999999917,1.4965668246968484,False
2025-09-19,22,2193681000,7.408,0,7.293,0.11500000000000021,0.11500000000000021,1.6129007240884135,False
2025-09-19,23,2193681000,7.363,0,7.3335,0.029500000000000526,0.029500000000000526,0.4328903735694515,False
2025-09-20,0,2193681000,7.319,0,7.3309999999999995,-0.011999999999999567,0.011999999999999567,-0.2212763730386736,False
2025-09-20,1,2193681000,7.427,0,7.4015,0.02549999999999919,0.02549999999999919,0.7650874206067682,False
2025-09-20,2,2193681000,7.533,0,7.4445,0.08850000000000069,0.08850000000000069,1.2947676719145684,False
2025-09-20,3,2193681000,7.569,0,7.503,0.06599999999999984,0.06599999999999984,0.8558356960042806,False
2025-09-20,4,2193681000,7.578,0,7.507,0.07100000000000062,0.07100000000000062,1.158523483575109,False
2025-09-20,5,2193681000,7.532,0,7.459,0.0730000000000004,0.0730000000000004,1.2541548207112672,False
2025-09-20,6,2193681000,3.503,0,3.1365,0.36650000000000027,0.36650000000000027,0.3590265443191304,False
2025-09-20,7,2193681000,0.001,0,0.0005,0.0005,0.0005,0.9354125966967591,False
2025-09-20,8,2193681000,0.0,0,0.0,0.0,0.0,0.0,False
2025-09-20,9,2193681000,0.001,0,0.0005,0.0005,0.0005,0.9354125966967591,False
2025-09-20,10,2193681000,0.0,0,0.0005,-0.0005,0.0005,-0.9354125966967591,False
2025-09-20,11,2193681000,0.001,0,0.0,0.001,0.001,1.932179832832472,False
2025-09-20,12,2193681000,0.0,0,0.001,-0.001,0.001,-1.932179832832472,False
2025-09-20,13,2193681000,0.001,0,0.0,0.001,0.001,1.932179832832472,False
2025-09-20,14,2193681000,0.0,0,0.0005,-0.0005,0.0005,-0.9354125966967591,False
2025-09-20,15,2193681000,0.001,0,0.0005,0.0005,0.0005,0.9354125966967591,False
2025-09-20,16,2193681000,0.0,0,0.0005,-0.0005,0.0005,-0.9354125966967591,False
2025-09-20,17,2193681000,0.0,0,0.0,0.0,0.0,0.0,False
2025-09-20,18,2193681000,1.865,0,1.254,0.611,0.611,0.42573295520076665,False
2025-09-20,19,2193681000,7.192,0,7.1795,0.012500000000000178,0.012500000000000178,0.029298387942136468,False
2025-09-20,20,2193681000,7.279,0,7.2195,0.059499999999999886,0.059499999999999886,1.09799902665548,False
2025-09-20,21,2193681000,7.349,0,7.27,0.07900000000000063,0.07900000000000063,1.26659081740513,False
2025-09-20,22,2193681000,7.402,0,7.3345,0.0674999999999999,0.0674999999999999,1.4799909049172197,False
2025-09-20,23,2193681000,7.468,0,7.383,0.08499999999999996,0.08499999999999996,1.4126119039297789,False
2025-09-21,0,2193681000,7.394,0,7.3309999999999995,0.06300000000000061,0.06300000000000061,1.1617009584530895,False
2025-09-21,1,2193681000,7.444,0,7.4015,0.04249999999999954,0.04249999999999954,1.275145701011307,False
2025-09-21,2,2193681000,7.403,0,7.4445,-0.04150000000000009,0.04150000000000009,-0.6071509421972237,False
2025-09-21,3,2193681000,7.466,0,7.503,-0.03699999999999992,0.03699999999999992,-0.47978667806300596,False
2025-09-21,4,2193681000,7.507,0,7.507,0.0,0.0,0.0,False
2025-09-21,5,2193681000,7.472,0,7.459,0.013000000000000789,0.013000000000000789,0.22334263930475853,False
2025-09-21,6,2193681000,3.599,0,3.1365,0.46250000000000036,0.46250000000000036,0.45306896793341833,False
2025-09-21,7,2193681000,0.0,0,0.0005,-0.0005,0.0005,-0.9354125966967591,False
2025-09-21,8,2193681000,0.0,0,0.0,0.0,0.0,0.0,False
2025-09-21,9,2193681000,0.001,0,0.0005,0.0005,0.0005,0.9354125966967591,False
2025-09-21,10,2193681000,0.0,0,0.0005,-0.0005,0.0005,-0.9354125966967591,False
2025-09-21,11,2193681000,0.001,0,0.0,0.001,0.001,1.932179832832472,False
2025-09-21,12,2193681000,0.0,0,0.001,-0.001,0.001,-1.932179832832472,False
2025-09-21,13,2193681000,0.001,0,0.0,0.001,0.001,1.932179832832472,False
2025-09-21,14,2193681000,0.0,0,0.0005,-0.0005,0.0005,-0.9354125966967591,False
2025-09-21,15,2193681000,0.001,0,0.0005,0.0005,0.0005,0.9354125966967591,False
2025-09-21,16,2193681000,0.0,0,0.0005,-0.0005,0.0005,-0.9354125966967591,False
2025-09-21,17,2193681000,0.001,0,0.0,0.001,0.001,1.932179832832472,False
2025-09-21,18,2193681000,2.089,0,1.254,0.835,0.835,0.5818118127539118,False
2025-09-21,19,2193681000,7.228,0,7.1795,0.048499999999999766,0.048499999999999766,0.11367774521548733,False
2025-09-21,20,2193681000,7.305,0,7.2195,0.08549999999999969,0.08549999999999969,1.5777969206561913,False
2025-09-21,21,2193681000,7.322,0,7.27,0.05200000000000049,0.05200000000000049,0.8337053481654032,False
2025-09-21,22,2193681000,7.372,0,7.3345,0.037499999999999645,0.037499999999999645,0.8222171693984489,False
2025-09-21,23,2193681000,7.422,0,7.383,0.0389999999999997,0.0389999999999997,0.6481395794501292,False
2025-09-22,0,2193681000,7.447,0,7.3985,0.048499999999999766,0.048499999999999766,0.6772836095059115,False
2025-09-22,1,2193681000,7.47,0,7.457,0.0129999999999999,0.0129999999999999,0.19909715888234963,False
2025-09-22,2,2193681000,7.567,0,7.453,0.11399999999999988,0.11399999999999988,1.2223962397288048,False
2025-09-22,3,2193681000,7.569,0,7.468,0.10099999999999998,0.10099999999999998,0.6573417478581155,False
2025-09-22,4,2193681000,7.572,0,7.473000000000001,0.09899999999999931,0.09899999999999931,0.4194123153891249,False
2025-09-22,5,2193681000,7.521,0,7.4375,0.08349999999999991,0.08349999999999991,0.36944535322570854,False
2025-09-22,6,2193681000,3.721,0,2.919,0.802,0.802,0.7681453579589741,False
2025-09-22,7,2193681000,0.001,0,0.0005,0.0005,0.0005,0.9770065118312158,False
2025-09-22,8,2193681000,0.0,0,0.0,0.0,0.0,0.0,False
2025-09-22,9,2193681000,0.001,0,0.0005,0.0005,0.0005,0.9770065118312158,False
2025-09-22,10,2193681000,0.0,0,0.0,0.0,0.0,0.0,False
2025-09-22,11,2193681000,0.001,0,0.0005,0.0005,0.0005,0.9770065118312158,False
2025-09-22,12,2193681000,0.0,0,0.0,0.0,0.0,0.0,False
2025-09-22,13,2193681000,0.0,0,0.001,-0.001,0.001,-0.006705574098209147,False
2025-09-22,14,2193681000,0.001,0,0.0,0.001,0.001,1.9871341815460584,False
2025-09-22,15,2193681000,0.0,0,0.001,-0.001,0.001,-1.9621378370424123,False
2025-09-22,16,2193681000,0.001,0,0.0,0.001,0.001,1.9621378370424127,False
2025-09-22,17,2193681000,0.0,0,0.0005,-0.0005,0.0005,-0.9770065118312156,False
2025-09-22,18,2193681000,2.372,0,0.9525,1.4194999999999998,1.4194999999999998,1.0303001340778983,False
2025-09-22,19,2193681000,7.299,0,7.1835,0.11549999999999994,0.11549999999999994,0.15878747677610294,False
2025-09-22,20,2193681000,7.307,0,7.208500000000001,0.09849999999999959,0.09849999999999959,1.1807134331181226,False
2025-09-22,21,2193681000,7.301,0,7.2475000000000005,0.05349999999999966,0.05349999999999966,0.6329353764528175,False
2025-09-22,22,2193681000,7.317,0,7.293,0.02400000000000002,0.02400000000000002,0.3366053685054077,False
2025-09-22,23,2193681000,7.412,0,7.3335,0.07850000000000001,0.07850000000000001,1.1519286211932658,False
2025-09-23,0,2193681000,7.462,0,7.3985,0.06349999999999945,0.06349999999999945,0.8867527670850559,False
2025-09-23,1,2193681000,7.534,0,7.457,0.07699999999999996,0.07699999999999996,1.1792677872262332,False
2025-09-23,2,2193681000,7.404,0,7.453,-0.04900000000000038,0.04900000000000038,-0.5254159276027365,False
2025-09-23,3,2193681000,7.437,0,7.468,-0.030999999999999694,0.030999999999999694,-0.20175835825347907,False
2025-09-23,4,2193681000,7.447,0,7.473000000000001,-0.02600000000000069,0.02600000000000069,-0.11014868889007688,False
2025-09-23,5,2193681000,7.379,0,7.4375,-0.05850000000000044,0.05850000000000044,-0.2588329720204088,False
2025-09-23,6,2193681000,3.783,0,2.919,0.8639999999999999,0.8639999999999999,0.8275281661802413,False
2025-09-23,7,2193681000,0.0,0,0.0005,-0.0005,0.0005,-0.9770065118312158,False
2025-09-23,8,2193681000,0.001,0,0.0,0.001,0.001,1.9621378370424123,False
2025-09-23,9,2193681000,0.0,0,0.0005,-0.0005,0.0005,-0.9770065118312158,False
2025-09-23,10,2193681000,0.001,0,0.0,0.001,0.001,1.9621378370424123,False
2025-09-23,11,2193681000,0.0,0,0.0005,-0.0005,0.0005,-0.9770065118312158,False
2025-09-23,12,2193681000,0.001,0,0.0,0.001,0.001,1.9621378370424127,False
2025-09-23,13,2193681000,0.0,0,0.001,-0.001,0.001,-0.006705574098209147,False
2025-09-23,14,2193681000,0.001,0,0.0,0.001,0.001,1.9871341815460584,False
2025-09-23,15,2193681000,0.0,0,0.001,-0.001,0.001,-1.9621378370424123,False
2025-09-23,16,2193681000,0.001,0,0.0,0.001,0.001,1.9621378370424127,False
2025-09-23,17,2193681000,0.0,0,0.0005,-0.0005,0.0005,-0.9770065118312156,False
2025-09-23,18,2193681000,2.492,0,0.9525,1.5394999999999999,1.5394999999999999,1.117398419452571,False
2025-09-23,19,2193681000,7.227,0,7.1835,0.04349999999999987,0.04349999999999987,0.05980307566892175,False
2025-09-23,20,2193681000,7.298,0,7.208500000000001,0.08949999999999925,0.08949999999999925,1.0728309874525028,False
2025-09-23,21,2193681000,7.364,0,7.2475000000000005,0.11649999999999938,0.11649999999999938,1.3782611468552022,False
2025-09-23,22,2193681000,7.402,0,7.293,0.10899999999999999,0.10899999999999999,1.5287493819620583,False
2025-09-23,23,2193681000,7.438,0,7.3335,0.10449999999999982,0.10449999999999982,1.5334591199324337,False
2025-09-24,0,2193681000,7.43,0,7.3985,0.03149999999999942,0.03149999999999942,0.4398852309162046,False
2025-09-24,1,2193681000,7.504,0,7.457,0.04699999999999971,0.04699999999999971,0.7198128051900343,False
2025-09-24,2,2193681000,7.492,0,7.453,0.0389999999999997,0.0389999999999997,0.418188187275641,False
2025-09-24,3,2193681000,7.508,0,7.468,0.040000000000000036,0.040000000000000036,0.2603333654883629,False
2025-09-24,4,2193681000,7.487,0,7.473000000000001,0.013999999999999346,0.013999999999999346,0.05931083247926783,False
2025-09-24,5,2193681000,7.436,0,7.4375,-0.0015000000000000568,0.0015000000000000568,-0.006636742872318376,False
2025-09-24,6,2193681000,3.926,0,2.919,1.0070000000000001,1.0070000000000001,0.9644917399809064,False
2025-09-24,7,2193681000,0.0,0,0.0005,-0.0005,0.0005,-0.9770065118312158,False
2025-09-24,8,2193681000,0.001,0,0.0,0.001,0.001,1.9621378370424123,False
2025-09-24,9,2193681000,0.0,0,0.0005,-0.0005,0.0005,-0.9770065118312158,False
2025-09-24,10,2193681000,0.001,0,0.0,0.001,0.001,1.9621378370424123,False
2025-09-24,11,2193681000,0.0,0,0.0005,-0.0005,0.0005,-0.9770065118312158,False
2025-09-24,12,2193681000,0.001,0,0.0,0.001,0.001,1.9621378370424127,False
2025-09-24,13,2193681000,0.0,0,0.001,-0.001,0.001,-0.006705574098209147,False
2025-09-24,14,2193681000,0.001,0,0.0,0.001,0.001,1.9871341815460584,False
2025-09-24,15,2193681000,0.0,0,0.001,-0.001,0.001,-1.9621378370424123,False
2025-09-24,16,2193681000,0.001,0,0.0,0.001,0.001,1.9621378370424127,False
2025-09-24,17,2193681000,0.0,0,0.0005,-0.0005,0.0005,-0.9770065118312156,False
2025-09-24,18,2193681000,2.704,0,0.9525,1.7515,1.7515,1.271272056947826,False
2025-09-24,19,2193681000,7.235,0,7.1835,0.05149999999999988,0.05149999999999988,0.07080134245860854,False
2025-09-24,20,2193681000,7.192,0,7.208500000000001,-0.016500000000000625,0.016500000000000625,-0.19778448372030297,False
2025-09-24,21,2193681000,7.246,0,7.2475000000000005,-0.0015000000000000568,0.0015000000000000568,-0.017745851676248005,False
2025-09-24,22,2193681000,7.319,0,7.293,0.0259999999999998,0.0259999999999998,0.3646558158808552,False
2025-09-24,23,2193681000,7.386,0,7.3335,0.05250000000000021,0.05250000000000021,0.7703981224540979,False
2025-09-25,0,2193681000,7.443,0,7.3985,0.04449999999999932,0.04449999999999932,0.6214251674847989,False
2025-09-25,1,2193681000,7.502,0,7.457,0.04499999999999993,0.04499999999999993,0.6891824730542914,False
2025-09-25,2,2193681000,7.486,0,7.453,0.032999999999999474,0.032999999999999474,0.3538515430793856,False
2025-09-25,3,2193681000,7.46,0,7.468,-0.008000000000000007,0.008000000000000007,-0.05206667309767258,False
2025-09-25,4,2193681000,7.454,0,7.473000000000001,-0.019000000000001016,0.019000000000001016,-0.08049327265044297,False
2025-09-25,5,2193681000,7.412,0,7.4375,-0.025500000000000078,0.025500000000000078,-0.11282462882940847,False
2025-09-25,6,2193681000,4.03,0,2.919,1.1110000000000002,1.1110000000000002,1.0641016118359357,False
2025-09-25,7,2193681000,0.0,0,0.0005,-0.0005,0.0005,-0.9770065118312158,False
2025-09-25,8,2193681000,0.0,0,0.0,0.0,0.0,0.0,False
2025-09-25,9,2193681000,0.001,0,0.0005,0.0005,0.0005,0.9770065118312158,False
2025-09-25,10,2193681000,0.0,0,0.0,0.0,0.0,0.0,False
2025-09-25,11,2193681000,0.001,0,0.0005,0.0005,0.0005,0.9770065118312158,False
2025-09-25,12,2193681000,0.0,0,0.0,0.0,0.0,0.0,False
2025-09-25,13,2193681000,0.001,0,0.001,0.0,0.0,0.0,False
2025-09-25,14,2193681000,0.0,0,0.0,0.0,0.0,0.0,False
2025-09-25,15,2193681000,0.001,0,0.001,0.0,0.0,0.0,False
2025-09-25,16,2193681000,0.0,0,0.0,0.0,0.0,0.0,False
2025-09-25,17,2193681000,0.001,0,0.0005,0.0005,0.0005,0.9770065118312156,False
2025-09-25,18,2193681000,2.936,0,0.9525,1.9834999999999998,1.9834999999999998,1.4396620753388596,False
2025-09-25,19,2193681000,7.157,0,7.1835,-0.026500000000000412,0.026500000000000412,-0.03643175874083806,False
2025-09-25,20,2193681000,7.191,0,7.208500000000001,-0.01750000000000096,0.01750000000000096,-0.2097714221275976,False
2025-09-25,21,2193681000,7.219,0,7.2475000000000005,-0.028500000000000192,0.028500000000000192,-0.3371711818487016,False
2025-09-25,22,2193681000,7.223,0,7.293,-0.07000000000000028,0.07000000000000028,-0.9817656581407755,False
2025-09-25,23,2193681000,7.349,0,7.3335,0.015500000000000291,0.015500000000000291,0.22745087424835608,False
2025-09-26,0,2193681000,7.403,0,7.3985,0.004499999999999282,0.004499999999999282,0.06284074727373465,False
2025-09-26,1,2193681000,7.485,0,7.457,0.02800000000000047,0.02800000000000047,0.4288246499004558,False
2025-09-26,2,2193681000,7.432,0,7.453,-0.020999999999999908,0.020999999999999908,-0.22517825468688435,False
2025-09-26,3,2193681000,7.469,0,7.468,0.001000000000000334,0.001000000000000334,0.00650833413721124,False
2025-09-26,4,2193681000,7.455,0,7.473000000000001,-0.018000000000000682,0.018000000000000682,-0.07625678461620794,False
2025-09-26,5,2193681000,7.385,0,7.4375,-0.05250000000000021,0.05250000000000021,-0.2322860005311353,False
2025-09-26,6,2193681000,4.141,0,2.919,1.222,1.222,1.1704159942965913,False
2025-09-26,7,2193681000,0.0,0,0.0005,-0.0005,0.0005,-0.9770065118312158,False
2025-09-26,8,2193681000,0.001,0,0.0,0.001,0.001,1.9621378370424123,False
2025-09-26,9,2193681000,0.0,0,0.0005,-0.0005,0.0005,-0.9770065118312158,False
2025-09-26,10,2193681000,0.001,0,0.0,0.001,0.001,1.9621378370424123,False
2025-09-26,11,2193681000,0.0,0,0.0005,-0.0005,0.0005,-0.9770065118312158,False
2025-09-26,12,2193681000,0.0,0,0.0,0.0,0.0,0.0,False
2025-09-26,13,2193681000,0.001,0,0.001,0.0,0.0,0.0,False
2025-09-26,14,2193681000,0.0,0,0.0,0.0,0.0,0.0,False
2025-09-26,15,2193681000,0.001,0,0.001,0.0,0.0,0.0,False
2025-09-26,16,2193681000,0.0,0,0.0,0.0,0.0,0.0,False
2025-09-26,17,2193681000,0.001,0,0.0005,0.0005,0.0005,0.9770065118312156,False
2025-09-26,18,2193681000,3.066,0,0.9525,2.1134999999999997,2.1134999999999997,1.5340185511614217,False
2025-09-26,19,2193681000,7.222,0,7.1835,0.03849999999999998,0.03849999999999998,0.05292915892536765,False
2025-09-26,20,2193681000,7.245,0,7.208500000000001,0.03649999999999931,0.03649999999999931,0.4375232518660999,False
2025-09-26,21,2193681000,7.258,0,7.2475000000000005,0.01049999999999951,0.01049999999999951,0.12422096173372553,False
2025-09-26,22,2193681000,7.338,0,7.293,0.04499999999999993,0.04499999999999993,0.6311350659476378,False
2025-09-26,23,2193681000,7.315,0,7.3335,-0.018499999999999517,0.018499999999999517,-0.2714736241028644,False
2025-09-27,0,2193681000,7.294,0,7.3309999999999995,-0.03699999999999992,0.03699999999999992,-0.6822688168692668,False
2025-09-27,1,2193681000,7.383,0,7.4015,-0.018500000000000405,0.018500000000000405,-0.5550634227931753,False
2025-09-27,2,2193681000,7.522,0,7.4445,0.07750000000000057,0.07750000000000057,1.133836096874339,False
2025-09-27,3,2193681000,7.567,0,7.503,0.06400000000000006,0.06400000000000006,0.8299012809738506,False
2025-09-27,4,2193681000,7.569,0,7.507,0.06200000000000028,0.06200000000000028,1.0116683941078375,False
2025-09-27,5,2193681000,7.538,0,7.459,0.07900000000000063,0.07900000000000063,1.3572360388519227,False
2025-09-27,6,2193681000,4.358,0,3.1365,1.2214999999999998,1.2214999999999998,1.196591879633881,False
2025-09-27,7,2193681000,0.001,0,0.0005,0.0005,0.0005,0.9354125966967591,False
2025-09-27,8,2193681000,0.0,0,0.0,0.0,0.0,0.0,False
2025-09-27,9,2193681000,0.001,0,0.0005,0.0005,0.0005,0.9354125966967591,False
2025-09-27,10,2193681000,0.0,0,0.0005,-0.0005,0.0005,-0.9354125966967591,False
2025-09-27,11,2193681000,0.001,0,0.0,0.001,0.001,1.932179832832472,False
2025-09-27,12,2193681000,0.0,0,0.001,-0.001,0.001,-1.932179832832472,False
2025-09-27,13,2193681000,0.001,0,0.0,0.001,0.001,1.932179832832472,False
2025-09-27,14,2193681000,0.0,0,0.0005,-0.0005,0.0005,-0.9354125966967591,False
2025-09-27,15,2193681000,0.001,0,0.0005,0.0005,0.0005,0.9354125966967591,False
2025-09-27,16,2193681000,0.0,0,0.0005,-0.0005,0.0005,-0.9354125966967591,False
2025-09-27,17,2193681000,0.001,0,0.0,0.001,0.001,1.932179832832472,False
2025-09-27,18,2193681000,3.306,0,1.254,2.052,2.052,1.4297938200850624,False
2025-09-27,19,2193681000,7.174,0,7.1795,-0.005499999999999616,0.005499999999999616,-0.012891290694538964,False
2025-09-27,20,2193681000,7.288,0,7.2195,0.06850000000000023,0.06850000000000023,1.2640829130403493,False
2025-09-27,21,2193681000,7.342,0,7.27,0.07200000000000006,0.07200000000000006,1.154361251305933,False
2025-09-27,22,2193681000,7.368,0,7.3345,0.033500000000000085,0.033500000000000085,0.7345140046626232,False
2025-09-27,23,2193681000,7.342,0,7.383,-0.04100000000000037,0.04100000000000037,-0.6813775066014293,False
2025-09-28,0,2193681000,7.416,0,7.3309999999999995,0.08500000000000085,0.08500000000000085,1.5673743090240102,False
2025-09-28,1,2193681000,7.361,0,7.4015,-0.04050000000000065,0.04050000000000065,-1.2151388444931603,False
2025-09-28,2,2193681000,7.446,0,7.4445,0.0015000000000000568,0.0015000000000000568,0.021945214778213686,False
2025-09-28,3,2193681000,7.548,0,7.503,0.04499999999999993,0.04499999999999993,0.5835243381847373,False
2025-09-28,4,2193681000,7.543,0,7.507,0.036000000000000476,0.036000000000000476,0.587420357869072,False
2025-09-28,5,2193681000,7.529,0,7.459,0.07000000000000028,0.07000000000000028,1.2026142116409395,False
2025-09-28,6,2193681000,4.513,0,3.1365,1.3765,1.3765,1.3484312094277835,False
2025-09-28,7,2193681000,0.0,0,0.0005,-0.0005,0.0005,-0.9354125966967591,False
2025-09-28,8,2193681000,0.001,0,0.0,0.001,0.001,1.932179832832472,False
2025-09-28,9,2193681000,0.0,0,0.0005,-0.0005,0.0005,-0.9354125966967591,False
2025-09-28,10,2193681000,0.001,0,0.0005,0.0005,0.0005,0.9354125966967591,False
2025-09-28,11,2193681000,0.0,0,0.0,0.0,0.0,0.0,False
2025-09-28,12,2193681000,0.001,0,0.001,0.0,0.0,0.0,False
2025-09-28,13,2193681000,0.0,0,0.0,0.0,0.0,0.0,False
2025-09-28,14,2193681000,0.001,0,0.0005,0.0005,0.0005,0.9354125966967591,False
2025-09-28,15,2193681000,0.0,0,0.0005,-0.0005,0.0005,-0.9354125966967591,False
2025-09-28,16,2193681000,0.001,0,0.0005,0.0005,0.0005,0.9354125966967591,False
2025-09-28,17,2193681000,0.0,0,0.0,0.0,0.0,0.0,False
2025-09-28,18,2193681000,3.56,0,1.254,2.306,2.306,1.606776096060504,False
2025-09-28,19,2193681000,7.185,0,7.1795,0.005499999999999616,0.005499999999999616,0.012891290694538964,False
2025-09-28,20,2193681000,7.216,0,7.2195,-0.0034999999999998366,0.0034999999999998366,-0.06458817803855477,False
2025-09-28,21,2193681000,7.266,0,7.27,-0.0039999999999995595,0.0039999999999995595,-0.06413118062810026,False
2025-09-28,22,2193681000,7.348,0,7.3345,0.013499999999999623,0.013499999999999623,0.29599818098343617,False
2025-09-28,23,2193681000,7.402,0,7.383,0.019000000000000128,0.019000000000000128,0.31576030793724696,False
2025-09-29,0,2193681000,7.495,0,7.3985,0.09649999999999981,0.09649999999999981,1.3475849137591887,False
2025-09-29,1,2193681000,7.59,0,7.457,0.133,0.133,2.036917087027131,False
2025-09-29,2,2193681000,7.527,0,7.453,0.07399999999999984,0.07399999999999984,0.7934852784204515,False
2025-09-29,3,2193681000,7.272,0,7.468,-0.19599999999999973,0.19599999999999973,-1.2756334908929752,False
2025-09-29,4,2193681000,6.573,0,7.473000000000001,-0.9000000000000004,0.9000000000000004,-3.8128392308102543,True
2025-09-29,5,2193681000,6.543,0,7.4375,-0.8944999999999999,0.8944999999999999,-3.9577109995257076,True
2025-09-29,6,2193681000,3.996,0,2.919,1.077,1.077,1.0315368460371759,False
2025-09-29,7,2193681000,0.0,0,0.0005,-0.0005,0.0005,-0.9770065118312158,False
2025-09-29,8,2193681000,0.001,0,0.0,0.001,0.001,1.9621378370424123,False
2025-09-29,9,2193681000,0.0,0,0.0005,-0.0005,0.0005,-0.9770065118312158,False
2025-09-29,10,2193681000,0.001,0,0.0,0.001,0.001,1.9621378370424123,False
2025-09-29,11,2193681000,0.0,0,0.0005,-0.0005,0.0005,-0.9770065118312158,False
2025-09-29,12,2193681000,0.001,0,0.0,0.001,0.001,1.9621378370424127,False
2025-09-29,13,2193681000,0.0,0,0.001,-0.001,0.001,-0.006705574098209147,False
2025-09-29,14,2193681000,0.001,0,0.0,0.001,0.001,1.9871341815460584,False
2025-09-29,15,2193681000,0.0,0,0.001,-0.001,0.001,-1.9621378370424123,False
2025-09-29,16,2193681000,0.001,0,0.0,0.001,0.001,1.9621378370424127,False
2025-09-29,17,2193681000,0.0,0,0.0005,-0.0005,0.0005,-0.9770065118312156,False
2025-09-29,18,2193681000,3.76,0,0.9525,2.8074999999999997,2.8074999999999997,2.037736968244945,False
2025-09-29,19,2193681000,7.173,0,7.1835,-0.010500000000000398,0.010500000000000398,-0.01443522516146446,False
2025-09-29,20,2193681000,7.308,0,7.208500000000001,0.09949999999999903,0.09949999999999903,1.1927003715254065,False
2025-09-29,21,2193681000,7.339,0,7.2475000000000005,0.09149999999999991,0.09149999999999991,1.0824969522510863,False
2025-09-29,22,2193681000,7.392,0,7.293,0.0990000000000002,0.0990000000000002,1.3884971450848083,False
2025-09-29,23,2193681000,7.409,0,7.3335,0.0754999999999999,0.0754999999999999,1.1079058713387444,False
2025-09-30,0,2193681000,7.394,0,7.3985,-0.0045000000000001705,0.0045000000000001705,-0.06284074727374706,False
2025-09-30,1,2193681000,7.469,0,7.457,0.012000000000000455,0.012000000000000455,0.18378199281448496,False
2025-09-30,2,2193681000,7.49,0,7.453,0.03699999999999992,0.03699999999999992,0.39674263921022573,False
2025-09-30,3,2193681000,7.507,0,7.468,0.0389999999999997,0.0389999999999997,0.25382503135115164,False
2025-09-30,4,2193681000,7.538,0,7.473000000000001,0.0649999999999995,0.0649999999999995,0.2753717222251828,False
2025-09-30,5,2193681000,7.483,0,7.4375,0.04549999999999965,0.04549999999999965,0.20131453379364825,False
2025-09-30,6,2193681000,4.675,0,2.919,1.7559999999999998,1.7559999999999998,1.6818743747829903,False
2025-09-30,7,2193681000,0.001,0,0.0005,0.0005,0.0005,0.9770065118312158,False
2025-09-30,8,2193681000,0.0,0,0.0,0.0,0.0,0.0,False
2025-09-30,9,2193681000,0.001,0,0.0005,0.0005,0.0005,0.9770065118312158,False
2025-09-30,10,2193681000,0.0,0,0.0,0.0,0.0,0.0,False
2025-09-30,11,2193681000,0.001,0,0.0005,0.0005,0.0005,0.9770065118312158,False
2025-09-30,12,2193681000,0.0,0,0.0,0.0,0.0,0.0,False
2025-09-30,13,2193681000,0.001,0,0.001,0.0,0.0,0.0,False
2025-09-30,14,2193681000,0.0,0,0.0,0.0,0.0,0.0,False
2025-09-30,15,2193681000,0.001,0,0.001,0.0,0.0,0.0,False
2025-09-30,16,2193681000,0.0,0,0.0,0.0,0.0,0.0,False
2025-09-30,17,2193681000,0.001,0,0.0005,0.0005,0.0005,0.9770065118312156,False
2025-09-30,18,2193681000,3.935,0,0.9525,2.9825,2.9825,2.1647553010830096,False
2025-09-30,19,2193681000,7.273,0,7.1835,0.08949999999999925,0.08949999999999925,0.12304310970961993,False
2025-09-30,20,2193681000,7.352,0,7.208500000000001,0.14349999999999952,0.14349999999999952,1.7201256614462004,False
2025-09-30,21,2193681000,7.386,0,7.2475000000000005,0.13849999999999962,0.13849999999999962,1.6385336381068325,False
2025-09-30,22,2193681000,7.381,0,7.293,0.08800000000000008,0.08800000000000008,1.234219684519828,False
2025-09-30,23,2193681000,7.416,0,7.3335,0.08250000000000046,0.08250000000000046,1.2106256209992987,False
2025-10-01,0,2193681000,7.347,0,6.655,0.6920000000000002,0.6920000000000002,2.6325003368511375,True
2025-10-01,1,2193681000,7.42,0,6.714,0.7059999999999995,0.7059999999999995,2.623015365265267,True
2025-10-01,2,2193681000,7.502,0,6.744,0.758,0.758,1.8847093289298564,False
2025-10-01,3,2193681000,7.541,0,6.772,0.7690000000000001,0.7690000000000001,1.9510166234111834,False
2025-10-01,4,2193681000,7.542,0,6.791,0.7509999999999994,0.7509999999999994,2.0053650683963413,False
2025-10-01,5,2193681000,7.49,0,6.753,0.7370000000000001,0.7370000000000001,1.7495734089865131,False
2025-10-01,6,2193681000,4.777,0,5.815,-1.0380000000000003,1.0380000000000003,-0.7491431362432929,False
2025-10-01,7,2193681000,0.0,0,0.001,-0.001,0.001,-0.0024644530227902446,False
2025-10-01,8,2193681000,0.001,0,0.0,0.001,0.001,1.9578861874192934,False
2025-10-01,9,2193681000,0.0,0,0.0,0.0,0.0,0.0,False
2025-10-01,10,2193681000,0.001,0,0.001,0.0,0.0,0.0,False
2025-10-01,11,2193681000,0.0,0,0.0,0.0,0.0,0.0,False
2025-10-01,12,2193681000,0.001,0,0.0,0.001,0.001,1.9578861874192934,False
2025-10-01,13,2193681000,0.0,0,0.0,0.0,0.0,0.0,False
2025-10-01,14,2193681000,0.001,0,0.001,0.0,0.0,0.0,False
2025-10-01,15,2193681000,0.0,0,0.0,0.0,0.0,0.0,False
2025-10-01,16,2193681000,0.001,0,0.001,0.0,0.0,0.0,False
2025-10-01,17,2193681000,0.0,0,0.001,-0.001,0.001,-0.001254823683129939,False
2025-10-01,18,2193681000,3.761,0,6.303,-2.542,2.542,-2.654287370034664,True
2025-10-01,19,2193681000,6.514,0,6.505,0.009000000000000341,0.009000000000000341,0.09905366608238975,False
2025-10-01,20,2193681000,6.585,0,6.52,0.06500000000000039,0.06500000000000039,0.4985022622833366,False
2025-10-01,21,2193681000,6.623,0,6.537,0.0860000000000003,0.0860000000000003,0.4193403875806893,False
2025-10-01,22,2193681000,6.651,0,6.586,0.0649999999999995,0.0649999999999995,0.32221131124758,False
2025-10-01,23,2193681000,6.669,0,6.626,0.04299999999999926,0.04299999999999926,0.22553808154703872,False
2025-10-02,0,2193681000,6.68,0,6.655,0.024999999999999467,0.024999999999999467,0.09510478095560262,False
2025-10-02,1,2193681000,6.728,0,6.714,0.013999999999999346,0.013999999999999346,0.05201446899959213,False
2025-10-02,2,2193681000,6.776,0,6.744,0.03200000000000003,0.03200000000000003,0.07956556533740826,False
2025-10-02,3,2193681000,6.835,0,6.772,0.06299999999999972,0.06299999999999972,0.15983621232107154,False
2025-10-02,4,2193681000,6.833,0,6.791,0.041999999999999815,0.041999999999999815,0.11215090928448206,False
2025-10-02,5,2193681000,6.789,0,6.753,0.03599999999999959,0.03599999999999959,0.08546084494370929,False
2025-10-02,6,2193681000,0.565,0,5.815,-5.25,5.25,-3.789018752675613,True
2025-10-02,7,2193681000,0.001,0,0.001,0.0,0.0,0.0,False
2025-10-02,8,2193681000,0.0,0,0.0,0.0,0.0,0.0,False
2025-10-02,9,2193681000,0.001,0,0.0,0.001,0.001,1.9728893365159037,False
2025-10-02,10,2193681000,0.0,0,0.001,-0.001,0.001,-1.9578861874192934,False
2025-10-02,11,2193681000,0.001,0,0.0,0.001,0.001,2.0039603091351093,False
2025-10-02,12,2193681000,0.0,0,0.0,0.0,0.0,0.0,False
2025-10-02,13,2193681000,0.0,0,0.0,0.0,0.0,0.0,False
2025-10-02,14,2193681000,0.001,0,0.001,0.0,0.0,0.0,False
2025-10-02,15,2193681000,0.0,0,0.0,0.0,0.0,0.0,False
2025-10-02,16,2193681000,0.001,0,0.001,0.0,0.0,0.0,False
2025-10-02,17,2193681000,0.0,0,0.001,-0.001,0.001,-0.001254823683129939,False
2025-10-02,18,2193681000,3.784,0,6.303,-2.519,2.519,-2.630271394617356,True
2025-10-02,19,2193681000,6.2,0,6.505,-0.3049999999999997,0.3049999999999997,-3.356818683903078,True
2025-10-02,20,2193681000,6.247,0,6.52,-0.2729999999999997,0.2729999999999997,-2.093709501589999,False
2025-10-02,21,2193681000,6.295,0,6.537,-0.242,0.242,-1.1800043464479821,False
2025-10-02,22,2193681000,6.35,0,6.586,-0.23600000000000065,0.23600000000000065,-1.1698749146835334,False
2025-10-02,23,2193681000,6.436,0,6.626,-0.1900000000000004,0.1900000000000004,-0.9965636161380973,False
2025-10-03,0,2193681000,6.471,0,6.655,-0.18400000000000016,0.18400000000000016,-0.6999711878332509,False
2025-10-03,1,2193681000,6.537,0,6.714,-0.1770000000000005,0.1770000000000005,-0.6576115009234473,False
2025-10-03,2,2193681000,5.311,0,6.744,-1.4329999999999998,1.4329999999999998,-3.56304547276581,True
2025-10-03,3,2193681000,5.401,0,6.772,-1.3710000000000004,1.3710000000000004,-3.4783404300347636,True
2025-10-03,4,2193681000,5.528,0,6.791,-1.2630000000000008,1.2630000000000008,-3.3725380577690847,True
2025-10-03,5,2193681000,5.475,0,6.753,-1.2780000000000005,1.2780000000000005,-3.0338599955017154,True
2025-10-03,6,2193681000,3.692,0,5.815,-2.123,2.123,-1.532207011796253,False
2025-10-03,7,2193681000,0.0,0,0.001,-0.001,0.001,-0.0024644530227902446,False
2025-10-03,8,2193681000,0.001,0,0.0,0.001,0.001,1.9578861874192934,False
2025-10-03,9,2193681000,0.0,0,0.0,0.0,0.0,0.0,False
2025-10-03,10,2193681000,0.001,0,0.001,0.0,0.0,0.0,False
2025-10-03,11,2193681000,0.0,0,0.0,0.0,0.0,0.0,False
2025-10-03,12,2193681000,0.001,0,0.0,0.001,0.001,1.9578861874192934,False
2025-10-03,13,2193681000,0.0,0,0.0,0.0,0.0,0.0,False
2025-10-03,14,2193681000,0.001,0,0.001,0.0,0.0,0.0,False
2025-10-03,15,2193681000,0.0,0,0.0,0.0,0.0,0.0,False
2025-10-03,16,2193681000,0.001,0,0.001,0.0,0.0,0.0,False
2025-10-03,17,2193681000,0.0,0,0.001,-0.001,0.001,-0.001254823683129939,False
2025-10-03,18,2193681000,3.914,0,6.303,-2.389,2.389,-2.4945289248673532,False
2025-10-03,19,2193681000,6.259,0,6.505,-0.24599999999999955,0.24599999999999955,-2.7074668729185456,True
2025-10-03,20,2193681000,6.22,0,6.52,-0.2999999999999998,0.2999999999999998,-2.300779672076923,False
2025-10-03,21,2193681000,6.304,0,6.537,-0.23299999999999965,0.23299999999999965,-1.1361198872825595,False
2025-10-03,22,2193681000,6.346,0,6.586,-0.2400000000000002,0.2400000000000002,-1.189703303067998,False
2025-10-03,23,2193681000,6.424,0,6.626,-0.20199999999999996,0.20199999999999996,-1.0595044761047114,False
2025-10-04,0,2193681000,6.411,0,6.6274999999999995,-0.21649999999999991,0.21649999999999991,-2.0016898388566013,False
2025-10-04,1,2193681000,6.513,0,6.7364999999999995,-0.2234999999999996,0.2234999999999996,-2.3258210081046244,False
2025-10-04,2,2193681000,6.468,0,6.7785,-0.3105000000000002,0.3105000000000002,-2.5120503978235518,True
2025-10-04,3,2193681000,6.496,0,6.7775,-0.2814999999999994,0.2814999999999994,-2.244226619244103,False
2025-10-04,4,2193681000,6.512,0,6.781499999999999,-0.26949999999999985,0.26949999999999985,-1.274889133551453,False
2025-10-04,5,2193681000,6.472,0,6.7535,-0.2814999999999994,0.2814999999999994,-2.192529504136872,False
2025-10-04,6,2193681000,4.475,0,6.046,-1.5710000000000006,1.5710000000000006,-1.877096674922373,False
2025-10-04,7,2193681000,0.001,0,0.001,0.0,0.0,0.0,False
2025-10-04,8,2193681000,0.0,0,0.0,0.0,0.0,0.0,False
2025-10-04,9,2193681000,0.0,0,0.001,-0.001,0.001,-1.932179832832472,False
2025-10-04,10,2193681000,0.0,0,0.0,0.0,0.0,0.0,False
2025-10-04,11,2193681000,0.0,0,0.0005,-0.0005,0.0005,-0.9354125966967594,False
2025-10-04,12,2193681000,0.001,0,0.0005,0.0005,0.0005,0.9354125966967594,False
2025-10-04,13,2193681000,0.0,0,0.0,0.0,0.0,0.0,False
2025-10-04,14,2193681000,0.001,0,0.001,0.0,0.0,0.0,False
2025-10-04,15,2193681000,0.0,0,0.0,0.0,0.0,0.0,False
2025-10-04,16,2193681000,0.001,0,0.001,0.0,0.0,0.0,False
2025-10-04,17,2193681000,0.0,0,0.12,-0.12,0.12,-0.19895527175153252,False
2025-10-04,18,2193681000,4.082,0,6.061999999999999,-1.9799999999999995,1.9799999999999995,-2.096949832687189,False
2025-10-04,19,2193681000,6.197,0,6.42,-0.22299999999999986,0.22299999999999986,-1.3769798824058106,False
2025-10-04,20,2193681000,6.302,0,6.495,-0.1930000000000005,0.1930000000000005,-1.2236359396480319,False
2025-10-04,21,2193681000,6.35,0,6.526999999999999,-0.1769999999999996,0.1769999999999996,-1.0563124257381273,False
2025-10-04,22,2193681000,6.373,0,6.5969999999999995,-0.2239999999999993,0.2239999999999993,-1.3525747195153994,False
2025-10-04,23,2193681000,6.414,0,6.618,-0.20400000000000063,0.20400000000000063,-1.145674888606177,False
2025-10-05,0,2193681000,6.457,0,6.6274999999999995,-0.17049999999999965,0.17049999999999965,-1.5763885336030024,False
2025-10-05,1,2193681000,6.753,0,6.7364999999999995,0.016500000000000625,0.016500000000000625,0.17170490663860327,False
2025-10-05,2,2193681000,6.804,0,6.7785,0.025500000000000078,0.025500000000000078,0.2063036558599057,False
2025-10-05,3,2193681000,6.718,0,6.7775,-0.059499999999999886,0.059499999999999886,-0.4743569585968886,False
2025-10-05,4,2193681000,6.759,0,6.781499999999999,-0.022499999999999076,0.022499999999999076,-0.1064378682927886,False
2025-10-05,5,2193681000,6.772,0,6.7535,0.018500000000000405,0.018500000000000405,0.14409163703919398,False
2025-10-05,6,2193681000,4.824,0,6.046,-1.2220000000000004,1.2220000000000004,-1.460096840709828,False
2025-10-05,7,2193681000,0.001,0,0.001,0.0,0.0,0.0,False
2025-10-05,8,2193681000,0.0,0,0.0,0.0,0.0,0.0,False
2025-10-05,9,2193681000,0.001,0,0.001,0.0,0.0,0.0,False
2025-10-05,10,2193681000,0.0,0,0.0,0.0,0.0,0.0,False
2025-10-05,11,2193681000,0.001,0,0.0005,0.0005,0.0005,0.9354125966967594,False
2025-10-05,12,2193681000,0.0,0,0.0005,-0.0005,0.0005,-0.9354125966967594,False
2025-10-05,13,2193681000,0.001,0,0.0,0.001,0.001,2.160242232812701,False
2025-10-05,14,2193681000,0.0,0,0.001,-0.001,0.001,-2.160242232812701,False
2025-10-05,15,2193681000,0.0,0,0.0,0.0,0.0,0.0,False
2025-10-05,16,2193681000,0.001,0,0.001,0.0,0.0,0.0,False
2025-10-05,17,2193681000,0.0,0,0.12,-0.12,0.12,-0.19895527175153252,False
2025-10-05,18,2193681000,4.35,0,6.061999999999999,-1.7119999999999997,1.7119999999999997,-1.8131202593739737,False
2025-10-05,19,2193681000,6.085,0,6.42,-0.33499999999999996,0.33499999999999996,-2.068557222448192,False
2025-10-05,20,2193681000,6.141,0,6.495,-0.3540000000000001,0.3540000000000001,-2.2443892364528617,False
2025-10-05,21,2193681000,6.156,0,6.526999999999999,-0.37099999999999955,0.37099999999999955,-2.214078587281614,False
2025-10-05,22,2193681000,6.221,0,6.5969999999999995,-0.37599999999999945,0.37599999999999945,-2.2703932791865666,False
2025-10-05,23,2193681000,6.213,0,6.618,-0.40500000000000025,0.40500000000000025,-2.274501617085787,False
2025-10-06,0,2193681000,6.197,0,6.655,-0.4580000000000002,0.4580000000000002,-1.742319587106678,False
2025-10-06,1,2193681000,6.279,0,6.714,-0.4350000000000005,0.4350000000000005,-1.61616385820169,False
2025-10-06,2,2193681000,6.338,0,6.744,-0.4059999999999997,0.4059999999999997,-1.0094881102183655,False
2025-10-06,3,2193681000,6.369,0,6.772,-0.40300000000000047,0.40300000000000047,-1.0224443423078124,False
2025-10-06,4,2193681000,6.372,0,6.791,-0.4190000000000005,0.4190000000000005,-1.1188388330999581,False
2025-10-06,5,2193681000,6.293,0,6.753,-0.45999999999999996,0.45999999999999996,-1.0919996853918532,False
2025-10-06,6,2193681000,4.697,0,5.815,-1.1180000000000003,1.1180000000000003,-0.8068805648554928,False
2025-10-06,7,2193681000,0.001,0,0.001,0.0,0.0,0.0,False
2025-10-06,8,2193681000,0.0,0,0.0,0.0,0.0,0.0,False
2025-10-06,9,2193681000,0.001,0,0.0,0.001,0.001,1.9728893365159037,False
2025-10-06,10,2193681000,0.0,0,0.001,-0.001,0.001,-1.9578861874192934,False
2025-10-06,11,2193681000,0.001,0,0.0,0.001,0.001,2.0039603091351093,False
2025-10-06,12,2193681000,0.0,0,0.0,0.0,0.0,0.0,False
2025-10-06,13,2193681000,0.0,0,0.0,0.0,0.0,0.0,False
2025-10-06,14,2193681000,0.001,0,0.001,0.0,0.0,0.0,False
2025-10-06,15,2193681000,0.0,0,0.0,0.0,0.0,0.0,False
2025-10-06,16,2193681000,0.001,0,0.001,0.0,0.0,0.0,False
2025-10-06,17,2193681000,0.0,0,0.001,-0.001,0.001,-0.001254823683129939,False
2025-10-06,18,2193681000,4.621,0,6.303,-1.6819999999999995,1.6819999999999995,-1.7562987239961856,False
2025-10-06,19,2193681000,6.529,0,6.505,0.02400000000000002,0.02400000000000002,0.26414310955302955,False
2025-10-06,20,2193681000,6.539,0,6.52,0.019000000000000128,0.019000000000000128,0.1457160458982062,False
2025-10-06,21,2193681000,6.557,0,6.537,0.020000000000000462,0.020000000000000462,0.09752102036760409,False
2025-10-06,22,2193681000,6.621,0,6.586,0.03500000000000014,0.03500000000000014,0.17349839836408357,False
2025-10-06,23,2193681000,6.655,0,6.626,0.028999999999999915,0.028999999999999915,0.15210707825265618,False
2025-10-07,0,2193681000,6.724,0,6.655,0.06899999999999995,0.06899999999999995,0.2624891954374686,False
2025-10-07,1,2193681000,6.816,0,6.714,0.10199999999999942,0.10199999999999942,0.3789625598541868,False
2025-10-07,2,2193681000,6.747,0,6.744,0.0030000000000001137,0.0030000000000001137,0.0074592717503823,False
2025-10-07,3,2193681000,6.763,0,6.772,-0.009000000000000341,0.009000000000000341,-0.022833744617296897,False
2025-10-07,4,2193681000,6.813,0,6.791,0.021999999999999353,0.021999999999999353,0.05874571438710818,False
2025-10-07,5,2193681000,6.786,0,6.753,0.032999999999999474,0.032999999999999474,0.0783391078650665,False
2025-10-07,6,2193681000,5.111,0,5.815,-0.7040000000000006,0.7040000000000006,-0.5080893717873589,False
2025-10-07,7,2193681000,0.0,0,0.001,-0.001,0.001,-0.0024644530227902446,False
2025-10-07,8,2193681000,0.001,0,0.0,0.001,0.001,1.9578861874192934,False
2025-10-07,9,2193681000,0.0,0,0.0,0.0,0.0,0.0,False
2025-10-07,10,2193681000,0.001,0,0.001,0.0,0.0,0.0,False
2025-10-07,11,2193681000,0.0,0,0.0,0.0,0.0,0.0,False
2025-10-07,12,2193681000,0.001,0,0.0,0.001,0.001,1.9578861874192934,False
2025-10-07,13,2193681000,0.0,0,0.0,0.0,0.0,0.0,False
2025-10-07,14,2193681000,0.0,0,0.001,-0.001,0.001,-1.9728893365159028,False
2025-10-07,15,2193681000,0.001,0,0.0,0.001,0.001,2.053448160843517,False
2025-10-07,16,2193681000,0.0,0,0.001,-0.001,0.001,-1.9578861874192934,False
2025-10-07,17,2193681000,0.001,0,0.001,0.0,0.0,0.0,False
2025-10-07,18,2193681000,4.877,0,6.303,-1.4260000000000002,1.4260000000000002,-1.4889904758731045,False
2025-10-07,19,2193681000,6.559,0,6.505,0.05400000000000027,0.05400000000000027,0.5943219964943189,False
2025-10-07,20,2193681000,6.519,0,6.52,-0.0009999999999994458,0.0009999999999994458,-0.0076692655735854974,False
2025-10-07,21,2193681000,6.547,0,6.537,0.009999999999999787,0.009999999999999787,0.04876051018379987,False
2025-10-07,22,2193681000,6.586,0,6.586,0.0,0.0,0.0,False
2025-10-07,23,2193681000,6.7,0,6.626,0.07399999999999984,0.07399999999999984,0.38813530312746786,False
2025-10-08,0,2193681000,6.616,0,6.655,-0.03900000000000059,0.03900000000000059,-0.1483634582907455,False
2025-10-08,1,2193681000,6.708,0,6.714,-0.006000000000000227,0.006000000000000227,-0.02229191528554137,False
2025-10-08,2,2193681000,6.781,0,6.744,0.03699999999999992,0.03699999999999992,0.09199768492137801,False
2025-10-08,3,2193681000,6.795,0,6.772,0.022999999999999687,0.022999999999999687,0.058352902910866845,False
2025-10-08,4,2193681000,6.804,0,6.791,0.0129999999999999,0.0129999999999999,0.034713376683291955,False
2025-10-08,5,2193681000,6.766,0,6.753,0.0129999999999999,0.0129999999999999,0.030860860674117356,False
2025-10-08,6,2193681000,5.216,0,5.815,-0.5990000000000002,0.5990000000000002,-0.4323089967338463,False
2025-10-08,7,2193681000,0.001,0,0.001,0.0,0.0,0.0,False
2025-10-08,8,2193681000,0.0,0,0.0,0.0,0.0,0.0,False
2025-10-08,9,2193681000,0.001,0,0.0,0.001,0.001,1.9728893365159037,False
2025-10-08,10,2193681000,0.0,0,0.001,-0.001,0.001,-1.9578861874192934,False
2025-10-08,11,2193681000,0.001,0,0.0,0.001,0.001,2.0039603091351093,False
2025-10-08,12,2193681000,0.0,0,0.0,0.0,0.0,0.0,False
2025-10-08,13,2193681000,0.001,0,0.0,0.001,0.001,2.053448160843517,False
2025-10-08,14,2193681000,0.0,0,0.001,-0.001,0.001,-1.9728893365159028,False
2025-10-08,15,2193681000,0.0,0,0.0,0.0,0.0,0.0,False
2025-10-08,16,2193681000,0.001,0,0.001,0.0,0.0,0.0,False
2025-10-08,17,2193681000,0.0,0,0.001,-0.001,0.001,-0.001254823683129939,False
2025-10-08,18,2193681000,4.984,0,6.303,-1.319,1.319,-1.37726398154041,False
2025-10-08,19,2193681000,6.513,0,6.505,0.008000000000000007,0.008000000000000007,0.08804770318434318,False
2025-10-08,20,2193681000,6.527,0,6.52,0.007000000000000561,0.007000000000000561,0.05368485901513254,False
2025-10-08,21,2193681000,6.558,0,6.537,0.020999999999999908,0.020999999999999908,0.10239707138598146,False
2025-10-08,22,2193681000,6.593,0,6.586,0.006999999999999673,0.006999999999999673,0.034699679672814954,False
2025-10-08,23,2193681000,6.557,0,6.626,-0.06899999999999995,0.06899999999999995,-0.36190994480804484,False
2025-10-09,0,2193681000,6.608,0,6.655,-0.0470000000000006,0.0470000000000006,-0.178796988196539,False
2025-10-09,1,2193681000,6.687,0,6.714,-0.027000000000000135,0.027000000000000135,-0.10031361878493288,False
2025-10-09,2,2193681000,6.734,0,6.744,-0.009999999999999787,0.009999999999999787,-0.024864239167939527,False
2025-10-09,3,2193681000,6.759,0,6.772,-0.0129999999999999,0.0129999999999999,-0.03298207555831624,False
2025-10-09,4,2193681000,6.785,0,6.791,-0.006000000000000227,0.006000000000000227,-0.0160215584692124,False
2025-10-09,5,2193681000,6.753,0,6.753,0.0,0.0,0.0,False
2025-10-09,6,2193681000,5.31,0,5.815,-0.5050000000000008,0.5050000000000008,-0.36446751811451195,False
2025-10-09,7,2193681000,0.0,0,0.001,-0.001,0.001,-0.0024644530227902446,False
2025-10-09,8,2193681000,0.0,0,0.0,0.0,0.0,0.0,False
2025-10-09,9,2193681000,0.001,0,0.0,0.001,0.001,1.9728893365159037,False
2025-10-09,10,2193681000,0.0,0,0.001,-0.001,0.001,-1.9578861874192934,False
2025-10-09,11,2193681000,0.001,0,0.0,0.001,0.001,2.0039603091351093,False
2025-10-09,12,2193681000,0.0,0,0.0,0.0,0.0,0.0,False
2025-10-09,13,2193681000,0.001,0,0.0,0.001,0.001,2.053448160843517,False
2025-10-09,14,2193681000,0.0,0,0.001,-0.001,0.001,-1.9728893365159028,False
2025-10-09,15,2193681000,0.001,0,0.0,0.001,0.001,2.053448160843517,False
2025-10-09,16,2193681000,0.0,0,0.001,-0.001,0.001,-1.9578861874192934,False
2025-10-09,17,2193681000,0.001,0,0.001,0.0,0.0,0.0,False
2025-10-09,18,2193681000,5.12,0,6.303,-1.1829999999999998,1.1829999999999998,-1.2352564747250225,False
2025-10-09,19,2193681000,6.472,0,6.505,-0.032999999999999474,0.032999999999999474,-0.36319677563540953,False
2025-10-09,20,2193681000,6.531,0,6.52,0.01100000000000012,0.01100000000000012,0.08436192130948815,False
2025-10-09,21,2193681000,6.551,0,6.537,0.014000000000000234,0.014000000000000234,0.06826471425732242,False
2025-10-09,22,2193681000,6.594,0,6.586,0.008000000000000007,0.008000000000000007,0.03965677676893326,False
2025-10-09,23,2193681000,6.626,0,6.626,0.0,0.0,0.0,False
2025-10-10,0,2193681000,6.631,0,6.655,-0.02400000000000002,0.02400000000000002,-0.09130058971738055,False
2025-10-10,1,2193681000,6.682,0,6.714,-0.03200000000000003,0.03200000000000003,-0.11889021485621624,False
2025-10-10,2,2193681000,6.744,0,6.744,0.0,0.0,0.0,False
2025-10-10,3,2193681000,6.775,0,6.772,0.0030000000000001137,0.0030000000000001137,0.007611248205765632,False
2025-10-10,4,2193681000,6.792,0,6.791,0.0009999999999994458,0.0009999999999994458,0.0026702597448671522,False
2025-10-10,5,2193681000,6.796,0,6.753,0.04300000000000015,0.04300000000000015,0.10207823146054316,False
2025-10-10,6,2193681000,5.461,0,5.815,-0.3540000000000001,0.3540000000000001,-0.25548812160898426,False
2025-10-10,7,2193681000,0.0,0,0.001,-0.001,0.001,-0.0024644530227902446,False
2025-10-10,8,2193681000,0.001,0,0.0,0.001,0.001,1.9578861874192934,False
2025-10-10,9,2193681000,0.0,0,0.0,0.0,0.0,0.0,False
2025-10-10,10,2193681000,0.001,0,0.001,0.0,0.0,0.0,False
2025-10-10,11,2193681000,0.0,0,0.0,0.0,0.0,0.0,False
2025-10-10,12,2193681000,0.001,0,0.0,0.001,0.001,1.9578861874192934,False
2025-10-10,13,2193681000,0.0,0,0.0,0.0,0.0,0.0,False
2025-10-10,14,2193681000,0.001,0,0.001,0.0,0.0,0.0,False
2025-10-10,15,2193681000,0.0,0,0.0,0.0,0.0,0.0,False
2025-10-10,16,2193681000,0.001,0,0.001,0.0,0.0,0.0,False
2025-10-10,17,2193681000,0.0,0,0.001,-0.001,0.001,-0.001254823683129939,False
2025-10-10,18,2193681000,5.474,0,6.303,-0.8289999999999997,0.8289999999999997,-0.8656192878673233,False
2025-10-10,19,2193681000,6.584,0,6.505,0.07899999999999974,0.07899999999999974,0.8694710689453853,False
2025-10-10,20,2193681000,6.53,0,6.52,0.010000000000000675,0.010000000000000675,0.07669265573590266,False
2025-10-10,21,2193681000,6.536,0,6.537,-0.001000000000000334,0.001000000000000334,-0.00487605101838172,False
2025-10-10,22,2193681000,6.613,0,6.586,0.027000000000000135,0.027000000000000135,0.1338416215951503,False
2025-10-10,23,2193681000,6.661,0,6.626,0.034999999999999254,0.034999999999999254,0.183577508235961,False
2025-10-11,0,2193681000,6.665,0,6.6274999999999995,0.03750000000000053,0.03750000000000053,0.34671302058717623,False
2025-10-11,1,2193681000,6.797,0,6.7364999999999995,0.06050000000000022,0.06050000000000022,0.629584657674857,False
2025-10-11,2,2193681000,6.826,0,6.7785,0.04749999999999943,0.04749999999999943,0.38429112366060286,False
2025-10-11,3,2193681000,6.847,0,6.7775,0.06950000000000056,0.06950000000000056,0.5540808171846066,False
2025-10-11,4,2193681000,6.863,0,6.781499999999999,0.08150000000000102,0.08150000000000102,0.38554161181612157,False
2025-10-11,5,2193681000,6.844,0,6.7535,0.09050000000000047,0.09050000000000047,0.7048807109214507,False
2025-10-11,6,2193681000,5.66,0,6.046,-0.3860000000000001,0.3860000000000001,-0.46120898569066576,False
2025-10-11,7,2193681000,0.001,0,0.001,0.0,0.0,0.0,False
2025-10-11,8,2193681000,0.0,0,0.0,0.0,0.0,0.0,False
2025-10-11,9,2193681000,0.001,0,0.001,0.0,0.0,0.0,False
2025-10-11,10,2193681000,0.0,0,0.0,0.0,0.0,0.0,False
2025-10-11,11,2193681000,0.001,0,0.0005,0.0005,0.0005,0.9354125966967594,False
2025-10-11,12,2193681000,0.0,0,0.0005,-0.0005,0.0005,-0.9354125966967594,False
2025-10-11,13,2193681000,0.0,0,0.0,0.0,0.0,0.0,False
2025-10-11,14,2193681000,0.001,0,0.001,0.0,0.0,0.0,False
2025-10-11,15,2193681000,0.0,0,0.0,0.0,0.0,0.0,False
2025-10-11,16,2193681000,0.001,0,0.001,0.0,0.0,0.0,False
2025-10-11,17,2193681000,0.0,0,0.12,-0.12,0.12,-0.19895527175153252,False
2025-10-11,18,2193681000,5.494,0,6.061999999999999,-0.5679999999999996,0.5679999999999996,-0.6015492449324863,False
2025-10-11,19,2193681000,6.491,0,6.42,0.07099999999999973,0.07099999999999973,0.4384106352054361,False
2025-10-11,20,2193681000,6.551,0,6.495,0.05600000000000005,0.05600000000000005,0.35504462497559414,False
2025-10-11,21,2193681000,6.61,0,6.526999999999999,0.08300000000000107,0.08300000000000107,0.49533294540263223,False
2025-10-11,22,2193681000,6.671,0,6.5969999999999995,0.07400000000000073,0.07400000000000073,0.4468327198399145,False
2025-10-11,23,2193681000,6.71,0,6.618,0.09199999999999964,0.09199999999999964,0.5166769105478801,False
2025-10-12,0,2193681000,6.714,0,6.6274999999999995,0.08650000000000091,0.08650000000000091,0.7997513674877502,False
2025-10-12,1,2193681000,6.794,0,6.7364999999999995,0.05750000000000011,0.05750000000000011,0.5983655837405656,False
2025-10-12,2,2193681000,6.845,0,6.7785,0.06649999999999956,0.06649999999999956,0.5380075731248469,False
2025-10-12,3,2193681000,6.895,0,6.7775,0.11749999999999972,0.11749999999999972,0.9367553384056199,False
2025-10-12,4,2193681000,6.932,0,6.781499999999999,0.15050000000000097,0.15050000000000097,0.7119510745806864,False
2025-10-12,5,2193681000,6.902,0,6.7535,0.1485000000000003,0.1485000000000003,1.1566274648821557,False
2025-10-12,6,2193681000,5.791,0,6.046,-0.2549999999999999,0.2549999999999999,-0.30468469261948106,False
2025-10-12,7,2193681000,0.0,0,0.001,-0.001,0.001,-0.004242586197692842,False
2025-10-12,8,2193681000,0.001,0,0.0,0.001,0.001,2.160242232812701,False
2025-10-12,9,2193681000,0.0,0,0.001,-0.001,0.001,-1.932179832832472,False
2025-10-12,10,2193681000,0.001,0,0.0,0.001,0.001,2.160242232812701,False
2025-10-12,11,2193681000,0.0,0,0.0005,-0.0005,0.0005,-0.9354125966967594,False
2025-10-12,12,2193681000,0.001,0,0.0005,0.0005,0.0005,0.9354125966967594,False
2025-10-12,13,2193681000,0.0,0,0.0,0.0,0.0,0.0,False
2025-10-12,14,2193681000,0.001,0,0.001,0.0,0.0,0.0,False
2025-10-12,15,2193681000,0.0,0,0.0,0.0,0.0,0.0,False
2025-10-12,16,2193681000,0.001,0,0.001,0.0,0.0,0.0,False
2025-10-12,17,2193681000,0.0,0,0.12,-0.12,0.12,-0.19895527175153252,False
2025-10-12,18,2193681000,5.798,0,6.061999999999999,-0.26399999999999935,0.26399999999999935,-0.2795933110249579,False
2025-10-12,19,2193681000,6.571,0,6.42,0.1509999999999998,0.1509999999999998,0.9323944495214227,False
2025-10-12,20,2193681000,6.626,0,6.495,0.13100000000000023,0.13100000000000023,0.830550819139337,False
2025-10-12,21,2193681000,6.682,0,6.526999999999999,0.15500000000000114,0.15500000000000114,0.9250193558723804,False
2025-10-12,22,2193681000,6.712,0,6.5969999999999995,0.11500000000000021,0.11500000000000021,0.6944021997512129,False
2025-10-12,23,2193681000,6.755,0,6.618,0.13699999999999957,0.13699999999999957,0.7693993124463003,False
2025-10-13,0,2193681000,6.732,0,6.655,0.07699999999999996,0.07699999999999996,0.29292272534326214,False
2025-10-13,1,2193681000,6.824,0,6.714,0.10999999999999943,0.10999999999999943,0.4086851135682409,False
2025-10-13,2,2193681000,6.907,0,6.744,0.16300000000000026,0.16300000000000026,0.40528709843742355,False
2025-10-13,3,2193681000,6.882,0,6.772,0.10999999999999943,0.10999999999999943,0.27907910087806115,False
2025-10-13,4,2193681000,6.887,0,6.791,0.0959999999999992,0.0959999999999992,0.2563449355073865,False
2025-10-13,5,2193681000,6.815,0,6.753,0.06200000000000028,0.06200000000000028,0.1471825662919461,False
2025-10-13,6,2193681000,5.781,0,5.815,-0.034000000000000696,0.034000000000000696,-0.024538407160185426,False
2025-10-13,7,2193681000,0.001,0,0.001,0.0,0.0,0.0,False
2025-10-13,8,2193681000,0.0,0,0.0,0.0,0.0,0.0,False
2025-10-13,9,2193681000,0.0,0,0.0,0.0,0.0,0.0,False
2025-10-13,10,2193681000,0.001,0,0.001,0.0,0.0,0.0,False
2025-10-13,11,2193681000,0.0,0,0.0,0.0,0.0,0.0,False
2025-10-13,12,2193681000,0.001,0,0.0,0.001,0.001,1.9578861874192934,False
2025-10-13,13,2193681000,0.0,0,0.0,0.0,0.0,0.0,False
2025-10-13,14,2193681000,0.001,0,0.001,0.0,0.0,0.0,False
2025-10-13,15,2193681000,0.0,0,0.0,0.0,0.0,0.0,False
2025-10-13,16,2193681000,0.001,0,0.001,0.0,0.0,0.0,False
2025-10-13,17,2193681000,0.0,0,0.001,-0.001,0.001,-0.001254823683129939,False
2025-10-13,18,2193681000,5.837,0,6.303,-0.4660000000000002,0.4660000000000002,-0.4865845454115476,False
2025-10-13,19,2193681000,6.553,0,6.505,0.04800000000000004,0.04800000000000004,0.5282862191060591,False
2025-10-13,20,2193681000,6.495,0,6.52,-0.024999999999999467,0.024999999999999467,-0.1917316393397396,False
2025-10-13,21,2193681000,6.531,0,6.537,-0.006000000000000227,0.006000000000000227,-0.029256306110281658,False
2025-10-13,22,2193681000,6.6,0,6.586,0.013999999999999346,0.013999999999999346,0.06939935934562991,False
2025-10-13,23,2193681000,6.655,0,6.626,0.028999999999999915,0.028999999999999915,0.15210707825265618,False
2025-10-14,0,2193681000,6.621,0,6.655,-0.03399999999999981,0.03399999999999981,-0.1293425020996216,False
2025-10-14,1,2193681000,6.662,0,6.714,-0.05200000000000049,0.05200000000000049,-0.19319659914135306,False
2025-10-14,2,2193681000,6.713,0,6.744,-0.030999999999999694,0.030999999999999694,-0.07707914142061342,False
2025-10-14,3,2193681000,6.734,0,6.772,-0.038000000000000256,0.038000000000000256,-0.096409143939695,False
2025-10-14,4,2193681000,6.761,0,6.791,-0.03000000000000025,0.03000000000000025,-0.08010779234605962,False
2025-10-14,5,2193681000,6.711,0,6.753,-0.041999999999999815,0.041999999999999815,-0.09970431910099486,False
2025-10-14,6,2193681000,5.815,0,5.815,0.0,0.0,0.0,False
2025-10-14,7,2193681000,0.0,0,0.001,-0.001,0.001,-0.0024644530227902446,False
2025-10-14,8,2193681000,0.001,0,0.0,0.001,0.001,1.9578861874192934,False
2025-10-14,9,2193681000,0.0,0,0.0,0.0,0.0,0.0,False
2025-10-14,10,2193681000,0.0,0,0.001,-0.001,0.001,-1.9578861874192934,False
2025-10-14,11,2193681000,0.001,0,0.0,0.001,0.001,2.0039603091351093,False
2025-10-14,12,2193681000,0.0,0,0.0,0.0,0.0,0.0,False
2025-10-14,13,2193681000,0.001,0,0.0,0.001,0.001,2.053448160843517,False
2025-10-14,14,2193681000,0.0,0,0.001,-0.001,0.001,-1.9728893365159028,False
2025-10-14,15,2193681000,0.001,0,0.0,0.001,0.001,2.053448160843517,False
2025-10-14,16,2193681000,0.0,0,0.001,-0.001,0.001,-1.9578861874192934,False
2025-10-14,17,2193681000,0.001,0,0.001,0.0,0.0,0.0,False
2025-10-14,18,2193681000,6.029,0,6.303,-0.274,0.274,-0.2861033593192361,False
2025-10-14,19,2193681000,6.49,0,6.505,-0.01499999999999968,0.01499999999999968,-0.1650894434706398,False
2025-10-14,20,2193681000,6.411,0,6.52,-0.10899999999999999,0.10899999999999999,-0.8359499475212825,False
2025-10-14,21,2193681000,6.462,0,6.537,-0.07500000000000018,0.07500000000000018,-0.36570382637850773,False
2025-10-14,22,2193681000,6.525,0,6.586,-0.06099999999999994,0.06099999999999994,-0.3023829228631156,False
2025-10-14,23,2193681000,6.574,0,6.626,-0.05200000000000049,0.05200000000000049,-0.27274372652200757,False
2025-10-15,0,2193681000,6.655,0,6.655,0.0,0.0,0.0,False
2025-10-15,1,2193681000,6.708,0,6.714,-0.006000000000000227,0.006000000000000227,-0.02229191528554137,False
2025-10-15,2,2193681000,6.743,0,6.744,-0.0009999999999994458,0.0009999999999994458,-0.0024864239167926277,False
2025-10-15,3,2193681000,6.704,0,6.772,-0.0680000000000005,0.0680000000000005,-0.17252162599734908,False
2025-10-15,4,2193681000,6.686,0,6.791,-0.10500000000000043,0.10500000000000043,-0.28037727321120753,False
2025-10-15,5,2193681000,6.643,0,6.753,-0.11000000000000032,0.11000000000000032,-0.26113035955022657,False
2025-10-15,6,2193681000,5.881,0,5.815,0.06599999999999984,0.06599999999999984,0.04763337860506473,False
2025-10-15,7,2193681000,0.0,0,0.001,-0.001,0.001,-0.0024644530227902446,False
2025-10-15,8,2193681000,0.001,0,0.0,0.001,0.001,1.9578861874192934,False
2025-10-15,9,2193681000,0.0,0,0.0,0.0,0.0,0.0,False
2025-10-15,10,2193681000,0.001,0,0.001,0.0,0.0,0.0,False
2025-10-15,11,2193681000,0.0,0,0.0,0.0,0.0,0.0,False
2025-10-15,12,2193681000,0.0,0,0.0,0.0,0.0,0.0,False
2025-10-15,13,2193681000,0.001,0,0.0,0.001,0.001,2.053448160843517,False
2025-10-15,14,2193681000,0.0,0,0.001,-0.001,0.001,-1.9728893365159028,False
2025-10-15,15,2193681000,0.001,0,0.0,0.001,0.001,2.053448160843517,False
2025-10-15,16,2193681000,0.0,0,0.001,-0.001,0.001,-1.9578861874192934,False
2025-10-15,17,2193681000,0.001,0,0.001,0.0,0.0,0.0,False
2025-10-15,18,2193681000,6.172,0,6.303,-0.13100000000000023,0.13100000000000023,-0.13678664259423354,False
2025-10-15,19,2193681000,6.521,0,6.505,0.016000000000000014,0.016000000000000014,0.17609540636868637,False
2025-10-15,20,2193681000,6.466,0,6.52,-0.05399999999999938,0.05399999999999938,-0.41414034097384167,False
2025-10-15,21,2193681000,6.503,0,6.537,-0.03399999999999981,0.03399999999999981,-0.16578573462492216,False
2025-10-15,22,2193681000,6.566,0,6.586,-0.020000000000000462,0.020000000000000462,-0.09914194192233536,False
2025-10-15,23,2193681000,6.615,0,6.626,-0.01100000000000012,0.01100000000000012,-0.05769578830273246,False
2025-10-16,0,2193681000,6.656,0,6.655,0.0009999999999994458,0.0009999999999994458,0.0038041912382220777,False
2025-10-16,1,2193681000,6.762,0,6.714,0.047999999999999154,0.047999999999999154,0.17833532228432109,False
2025-10-16,2,2193681000,6.729,0,6.744,-0.01499999999999968,0.01499999999999968,-0.03729635875190929,False
2025-10-16,3,2193681000,6.734,0,6.772,-0.038000000000000256,0.038000000000000256,-0.096409143939695,False
2025-10-16,4,2193681000,6.741,0,6.791,-0.05000000000000071,0.05000000000000071,-0.1335129872434335,False
2025-10-16,5,2193681000,6.7,0,6.753,-0.052999999999999936,0.052999999999999936,-0.12581735505601774,False
2025-10-16,6,2193681000,6.023,0,5.815,0.2079999999999993,0.2079999999999993,0.15011731439171902,False
2025-10-16,7,2193681000,0.001,0,0.001,0.0,0.0,0.0,False
2025-10-16,8,2193681000,0.0,0,0.0,0.0,0.0,0.0,False
2025-10-16,9,2193681000,0.001,0,0.0,0.001,0.001,1.9728893365159037,False
2025-10-16,10,2193681000,0.0,0,0.001,-0.001,0.001,-1.9578861874192934,False
2025-10-16,11,2193681000,0.001,0,0.0,0.001,0.001,2.0039603091351093,False
2025-10-16,12,2193681000,0.0,0,0.0,0.0,0.0,0.0,False
2025-10-16,13,2193681000,0.001,0,0.0,0.001,0.001,2.053448160843517,False
2025-10-16,14,2193681000,0.0,0,0.001,-0.001,0.001,-1.9728893365159028,False
2025-10-16,15,2193681000,0.001,0,0.0,0.001,0.001,2.053448160843517,False
2025-10-16,16,2193681000,0.0,0,0.001,-0.001,0.001,-1.9578861874192934,False
2025-10-16,17,2193681000,0.0,0,0.001,-0.001,0.001,-0.001254823683129939,False
2025-10-16,18,2193681000,6.303,0,6.303,0.0,0.0,0.0,False
2025-10-16,19,2193681000,6.47,0,6.505,-0.03500000000000014,0.03500000000000014,-0.38520870143150265,False
2025-10-16,20,2193681000,6.053,0,6.52,-0.46699999999999964,0.46699999999999964,-3.5815470228664097,True
2025-10-16,21,2193681000,5.622,0,6.537,-0.915,0.915,-4.461586681817784,True
2025-10-16,22,2193681000,5.667,0,6.586,-0.9190000000000005,0.9190000000000005,-4.555572231331207,True
2025-10-16,23,2193681000,5.756,0,6.626,-0.8700000000000001,0.8700000000000001,-4.563212347579699,True
2025-10-17,0,2193681000,5.776,0,6.655,-0.8790000000000004,0.8790000000000004,-3.343884098399061,True
2025-10-17,1,2193681000,5.803,0,6.714,-0.9110000000000005,0.9110000000000005,-3.384655804187905,True
2025-10-17,2,2193681000,5.842,0,6.744,-0.9020000000000001,0.9020000000000001,-2.2427543729481934,False
2025-10-17,3,2193681000,5.819,0,6.772,-0.9530000000000003,0.9530000000000003,-2.4178398466981252,False
2025-10-17,4,2193681000,5.858,0,6.791,-0.9330000000000007,0.9330000000000007,-2.4913523419624357,False
2025-10-17,5,2193681000,5.827,0,6.753,-0.9260000000000002,0.9260000000000002,-2.198242844940992,False
2025-10-17,6,2193681000,5.339,0,5.815,-0.476,0.476,-0.3435377002425889,False
2025-10-17,7,2193681000,0.001,0,0.001,0.0,0.0,0.0,False
2025-10-17,8,2193681000,0.0,0,0.0,0.0,0.0,0.0,False
2025-10-17,9,2193681000,0.001,0,0.0,0.001,0.001,1.9728893365159037,False
2025-10-17,10,2193681000,0.0,0,0.001,-0.001,0.001,-1.9578861874192934,False
2025-10-17,11,2193681000,0.001,0,0.0,0.001,0.001,2.0039603091351093,False
2025-10-17,12,2193681000,0.0,0,0.0,0.0,0.0,0.0,False
2025-10-17,13,2193681000,0.0,0,0.0,0.0,0.0,0.0,False
2025-10-17,14,2193681000,0.001,0,0.001,0.0,0.0,0.0,False
2025-10-17,15,2193681000,0.0,0,0.0,0.0,0.0,0.0,False
2025-10-17,16,2193681000,0.001,0,0.001,0.0,0.0,0.0,False
2025-10-17,17,2193681000,0.06,0,0.001,0.059,0.059,0.0740345973046664,False
2025-10-17,18,2193681000,6.42,0,6.303,0.11699999999999999,0.11699999999999999,0.12216822277500224,False
2025-10-17,19,2193681000,6.505,0,6.505,0.0,0.0,0.0,False
2025-10-17,20,2193681000,6.468,0,6.52,-0.0519999999999996,0.0519999999999996,-0.39880180982666386,False
2025-10-17,21,2193681000,6.499,0,6.537,-0.038000000000000256,0.038000000000000256,-0.1852899386984447,False
2025-10-17,22,2193681000,6.552,0,6.586,-0.034000000000000696,0.034000000000000696,-0.16854130126796968,False
2025-10-17,23,2193681000,6.598,0,6.626,-0.02800000000000047,0.02800000000000047,-0.14686200658877438,False
2025-10-18,0,2193681000,6.671,0,6.6274999999999995,0.04350000000000076,0.04350000000000076,0.4021871038811257,False
2025-10-18,1,2193681000,6.673,0,6.7364999999999995,-0.06349999999999945,0.06349999999999945,-0.6608037316091393,False
2025-10-18,2,2193681000,6.753,0,6.7785,-0.025500000000000078,0.025500000000000078,-0.2063036558599057,False
2025-10-18,3,2193681000,6.809,0,6.7775,0.031500000000000306,0.031500000000000306,0.2511301545512969,False
2025-10-18,4,2193681000,6.85,0,6.781499999999999,0.06850000000000023,0.06850000000000023,0.32404417680250414,False
2025-10-18,5,2193681000,6.742,0,6.7535,-0.011499999999999844,0.011499999999999844,-0.0895704770784147,False
2025-10-18,6,2193681000,6.301,0,6.046,0.2549999999999999,0.2549999999999999,0.30468469261948106,False
2025-10-18,7,2193681000,0.0,0,0.001,-0.001,0.001,-0.004242586197692842,False
2025-10-18,8,2193681000,0.001,0,0.0,0.001,0.001,2.160242232812701,False
2025-10-18,9,2193681000,0.0,0,0.001,-0.001,0.001,-1.932179832832472,False
2025-10-18,10,2193681000,0.001,0,0.0,0.001,0.001,2.160242232812701,False
2025-10-18,11,2193681000,0.0,0,0.0005,-0.0005,0.0005,-0.9354125966967594,False
2025-10-18,12,2193681000,0.001,0,0.0005,0.0005,0.0005,0.9354125966967594,False
2025-10-18,13,2193681000,0.0,0,0.0,0.0,0.0,0.0,False
2025-10-18,14,2193681000,0.001,0,0.001,0.0,0.0,0.0,False
2025-10-18,15,2193681000,0.0,0,0.0,0.0,0.0,0.0,False
2025-10-18,16,2193681000,0.001,0,0.001,0.0,0.0,0.0,False
2025-10-18,17,2193681000,0.24,0,0.12,0.12,0.12,0.19895527175153252,False
2025-10-18,18,2193681000,6.36,0,6.061999999999999,0.29800000000000093,0.29800000000000093,0.31560154047514366,False
2025-10-18,19,2193681000,6.425,0,6.42,0.004999999999999893,0.004999999999999893,0.03087398839474848,False
2025-10-18,20,2193681000,6.476,0,6.495,-0.019000000000000128,0.019000000000000128,-0.12046156918814871,False
2025-10-18,21,2193681000,6.51,0,6.526999999999999,-0.01699999999999946,0.01699999999999946,-0.10145373580535388,False
2025-10-18,22,2193681000,6.582,0,6.5969999999999995,-0.01499999999999968,0.01499999999999968,-0.09057419996754741,False
2025-10-18,23,2193681000,6.6,0,6.618,-0.018000000000000682,0.018000000000000682,-0.10108896075937207,False
2025-10-19,0,2193681000,6.616,0,6.6274999999999995,-0.011499999999999844,0.011499999999999844,-0.10632532631339775,False
2025-10-19,1,2193681000,6.72,0,6.7364999999999995,-0.016499999999999737,0.016499999999999737,-0.17170490663859403,False
2025-10-19,2,2193681000,6.725,0,6.7785,-0.05350000000000055,0.05350000000000055,-0.43283316033353075,False
2025-10-19,3,2193681000,6.746,0,6.7775,-0.03149999999999942,0.03149999999999942,-0.2511301545512898,False
2025-10-19,4,2193681000,6.789,0,6.781499999999999,0.007500000000000284,0.007500000000000284,0.035479289430932336,False
2025-10-19,5,2193681000,6.765,0,6.7535,0.011499999999999844,0.011499999999999844,0.0895704770784147,False
2025-10-19,6,2193681000,6.449,0,6.046,0.4029999999999996,0.4029999999999996,0.48152129853196385,False
2025-10-19,7,2193681000,0.001,0,0.001,0.0,0.0,0.0,False
2025-10-19,8,2193681000,0.0,0,0.0,0.0,0.0,0.0,False
2025-10-19,9,2193681000,0.001,0,0.001,0.0,0.0,0.0,False
2025-10-19,10,2193681000,0.0,0,0.0,0.0,0.0,0.0,False
2025-10-19,11,2193681000,0.001,0,0.0005,0.0005,0.0005,0.9354125966967594,False
2025-10-19,12,2193681000,0.0,0,0.0005,-0.0005,0.0005,-0.9354125966967594,False
2025-10-19,13,2193681000,0.001,0,0.0,0.001,0.001,2.160242232812701,False
2025-10-19,14,2193681000,0.0,0,0.001,-0.001,0.001,-2.160242232812701,False
2025-10-19,15,2193681000,0.0,0,0.0,0.0,0.0,0.0,False
2025-10-19,16,2193681000,0.001,0,0.001,0.0,0.0,0.0,False
2025-10-19,17,2193681000,0.343,0,0.12,0.22300000000000003,0.22300000000000003,0.36972521333826464,False
2025-10-19,18,2193681000,6.357,0,6.061999999999999,0.2950000000000008,0.2950000000000008,0.3124243437589508,False
2025-10-19,19,2193681000,6.415,0,6.42,-0.004999999999999893,0.004999999999999893,-0.03087398839474848,False
2025-10-19,20,2193681000,6.514,0,6.495,0.019000000000000128,0.019000000000000128,0.12046156918814871,False
2025-10-19,21,2193681000,6.544,0,6.526999999999999,0.017000000000000348,0.017000000000000348,0.10145373580535919,False
2025-10-19,22,2193681000,6.629,0,6.5969999999999995,0.03200000000000003,0.03200000000000003,0.1932249599307721,False
2025-10-19,23,2193681000,6.675,0,6.618,0.056999999999999496,0.056999999999999496,0.32011504240466326,False
2025-10-20,0,2193681000,6.777,0,6.655,0.12199999999999989,0.12199999999999989,0.46411133106335023,False
2025-10-20,1,2193681000,6.814,0,6.714,0.09999999999999964,0.09999999999999964,0.37153192142567415,False
2025-10-20,2,2193681000,6.773,0,6.744,0.028999999999999915,0.028999999999999915,0.07210629358702596,False
2025-10-20,3,2193681000,6.758,0,6.772,-0.014000000000000234,0.014000000000000234,-0.0355191582935722,False
2025-10-20,4,2193681000,6.779,0,6.791,-0.012000000000000455,0.012000000000000455,-0.0320431169384248,False
2025-10-20,5,2193681000,6.737,0,6.753,-0.016000000000000014,0.016000000000000014,-0.037982597752760146,False
2025-10-20,6,2193681000,6.601,0,5.815,0.7859999999999996,0.7859999999999996,0.5672702361148629,False
2025-10-20,7,2193681000,0.001,0,0.001,0.0,0.0,0.0,False
2025-10-20,8,2193681000,0.0,0,0.0,0.0,0.0,0.0,False
2025-10-20,9,2193681000,0.001,0,0.0,0.001,0.001,1.9728893365159037,False
2025-10-20,10,2193681000,0.0,0,0.001,-0.001,0.001,-1.9578861874192934,False
2025-10-20,11,2193681000,0.0,0,0.0,0.0,0.0,0.0,False
2025-10-20,12,2193681000,0.001,0,0.0,0.001,0.001,1.9578861874192934,False
2025-10-20,13,2193681000,0.0,0,0.0,0.0,0.0,0.0,False
2025-10-20,14,2193681000,0.001,0,0.001,0.0,0.0,0.0,False
2025-10-20,15,2193681000,0.0,0,0.0,0.0,0.0,0.0,False
2025-10-20,16,2193681000,0.001,0,0.001,0.0,0.0,0.0,False
2025-10-20,17,2193681000,0.564,0,0.001,0.563,0.563,0.7064657336021556,False
2025-10-20,18,2193681000,6.499,0,6.303,0.19599999999999973,0.19599999999999973,0.20465787746923425,False
2025-10-20,19,2193681000,6.539,0,6.505,0.03399999999999981,0.03399999999999981,0.3742027385334561,False
2025-10-20,20,2193681000,6.543,0,6.52,0.023000000000000576,0.023000000000000576,0.17639310819256862,False
2025-10-20,21,2193681000,6.572,0,6.537,0.03500000000000014,0.03500000000000014,0.1706617856433039,False
2025-10-20,22,2193681000,6.561,0,6.586,-0.025000000000000355,0.025000000000000355,-0.1239274274029181,False
2025-10-20,23,2193681000,6.602,0,6.626,-0.02400000000000002,0.02400000000000002,-0.1258817199332332,False
2025-10-21,0,2193681000,6.653,0,6.655,-0.002000000000000668,0.002000000000000668,-0.007608382476450913,False
2025-10-21,1,2193681000,6.752,0,6.714,0.03799999999999937,0.03799999999999937,0.14118213014175432,False
2025-10-21,2,2193681000,6.787,0,6.744,0.04300000000000015,0.04300000000000015,0.10691622842214261,False
2025-10-21,3,2193681000,6.792,0,6.772,0.019999999999999574,0.019999999999999574,0.05074165470510121,False
2025-10-21,4,2193681000,6.738,0,6.791,-0.052999999999999936,0.052999999999999936,-0.14152376647803733,False
2025-10-21,5,2193681000,6.695,0,6.753,-0.05799999999999983,0.05799999999999983,-0.137686916853755,False
2025-10-21,6,2193681000,6.656,0,5.815,0.8409999999999993,0.8409999999999993,0.60696471828575,False
2025-10-21,7,2193681000,0.014,0,0.001,0.013000000000000001,0.013000000000000001,0.03203788929627318,False
2025-10-21,8,2193681000,0.001,0,0.0,0.001,0.001,1.9578861874192934,False
2025-10-21,9,2193681000,0.0,0,0.0,0.0,0.0,0.0,False
2025-10-21,10,2193681000,0.001,0,0.001,0.0,0.0,0.0,False
2025-10-21,11,2193681000,0.0,0,0.0,0.0,0.0,0.0,False
2025-10-21,12,2193681000,0.001,0,0.0,0.001,0.001,1.9578861874192934,False
2025-10-21,13,2193681000,0.0,0,0.0,0.0,0.0,0.0,False
2025-10-21,14,2193681000,0.001,0,0.001,0.0,0.0,0.0,False
2025-10-21,15,2193681000,0.0,0,0.0,0.0,0.0,0.0,False
2025-10-21,16,2193681000,0.001,0,0.001,0.0,0.0,0.0,False
2025-10-21,17,2193681000,0.683,0,0.001,0.682,0.682,0.8557897518946185,False
2025-10-21,18,2193681000,6.535,0,6.303,0.2320000000000002,0.2320000000000002,0.24224809986154314,False
2025-10-21,19,2193681000,6.576,0,6.505,0.07099999999999973,0.07099999999999973,0.7814233657610421,False
2025-10-21,20,2193681000,6.554,0,6.52,0.034000000000000696,0.034000000000000696,0.26075502950205676,False
2025-10-21,21,2193681000,6.534,0,6.537,-0.0030000000000001137,0.0030000000000001137,-0.014628153055140829,False
2025-10-21,22,2193681000,6.577,0,6.586,-0.009000000000000341,0.009000000000000341,-0.04461387386505157,False
2025-10-21,23,2193681000,6.653,0,6.626,0.026999999999999247,0.026999999999999247,0.14161693492488325,False
2025-10-22,0,2193681000,6.692,0,6.655,0.03699999999999992,0.03699999999999992,0.14075507581429458,False
2025-10-22,1,2193681000,6.767,0,6.714,0.052999999999999936,0.052999999999999936,0.19691191835560776,False
2025-10-22,2,2193681000,6.79,0,6.744,0.04600000000000026,0.04600000000000026,0.11437550017252492,False
2025-10-22,3,2193681000,6.777,0,6.772,0.004999999999999893,0.004999999999999893,0.012685413676275303,False
2025-10-22,4,2193681000,6.826,0,6.791,0.034999999999999254,0.034999999999999254,0.09345909107040014,False
2025-10-22,5,2193681000,6.791,0,6.753,0.038000000000000256,0.038000000000000256,0.09020866966280588,False
2025-10-22,6,2193681000,6.75,0,5.815,0.9349999999999996,0.9349999999999996,0.6748061969050851,False
2025-10-22,7,2193681000,0.125,0,0.001,0.124,0.124,0.3055921748259903,False
2025-10-22,8,2193681000,0.0,0,0.0,0.0,0.0,0.0,False
2025-10-22,9,2193681000,0.001,0,0.0,0.001,0.001,1.9728893365159037,False
2025-10-22,10,2193681000,0.0,0,0.001,-0.001,0.001,-1.9578861874192934,False
2025-10-22,11,2193681000,0.001,0,0.0,0.001,0.001,2.0039603091351093,False
2025-10-22,12,2193681000,0.0,0,0.0,0.0,0.0,0.0,False
2025-10-22,13,2193681000,0.0,0,0.0,0.0,0.0,0.0,False
2025-10-22,14,2193681000,0.001,0,0.001,0.0,0.0,0.0,False
2025-10-22,15,2193681000,0.0,0,0.0,0.0,0.0,0.0,False
2025-10-22,16,2193681000,0.0,0,0.001,-0.001,0.001,-1.9578861874192934,False
2025-10-22,17,2193681000,0.895,0,0.001,0.894,0.894,1.1218123727181655,False
2025-10-22,18,2193681000,6.496,0,6.303,0.1930000000000005,0.1930000000000005,0.2015253589365427,False
2025-10-22,19,2193681000,6.552,0,6.505,0.04699999999999971,0.04699999999999971,0.5172802562080125,False
2025-10-22,20,2193681000,6.589,0,6.52,0.06900000000000084,0.06900000000000084,0.529179324577699,False
2025-10-22,21,2193681000,6.619,0,6.537,0.08199999999999985,0.08199999999999985,0.39983618350716676,False
2025-10-22,22,2193681000,6.607,0,6.586,0.020999999999999908,0.020999999999999908,0.10409903901844926,False
2025-10-22,23,2193681000,6.678,0,6.626,0.0519999999999996,0.0519999999999996,0.2727437265220029,False
2025-10-23,0,2193681000,6.7,0,6.655,0.04499999999999993,0.04499999999999993,0.1711886057200881,False
2025-10-23,1,2193681000,6.747,0,6.714,0.032999999999999474,0.032999999999999474,0.12260553407047095,False
2025-10-23,2,2193681000,6.802,0,6.744,0.05799999999999983,0.05799999999999983,0.14421258717405191,False
2025-10-23,3,2193681000,6.706,0,6.772,-0.06599999999999984,0.06599999999999984,-0.16744746052683715,False
2025-10-23,4,2193681000,6.694,0,6.791,-0.09700000000000042,0.09700000000000042,-0.2590151952522584,False
2025-10-23,5,2193681000,6.655,0,6.753,-0.09799999999999986,0.09799999999999986,-0.23264341123565538,False
2025-10-23,6,2193681000,6.677,0,5.815,0.8619999999999992,0.8619999999999992,0.6221207932964525,False
2025-10-23,7,2193681000,0.231,0,0.001,0.23,0.23,0.5668241952417563,False
2025-10-23,8,2193681000,0.001,0,0.0,0.001,0.001,1.9578861874192934,False
2025-10-23,9,2193681000,0.0,0,0.0,0.0,0.0,0.0,False
2025-10-23,10,2193681000,0.001,0,0.001,0.0,0.0,0.0,False
2025-10-23,11,2193681000,0.0,0,0.0,0.0,0.0,0.0,False
2025-10-23,12,2193681000,0.001,0,0.0,0.001,0.001,1.9578861874192934,False
2025-10-23,13,2193681000,0.0,0,0.0,0.0,0.0,0.0,False
2025-10-23,14,2193681000,0.001,0,0.001,0.0,0.0,0.0,False
2025-10-23,15,2193681000,0.0,0,0.0,0.0,0.0,0.0,False
2025-10-23,16,2193681000,0.0,0,0.001,-0.001,0.001,-1.9578861874192934,False
2025-10-23,17,2193681000,1.006,0,0.001,1.0050000000000001,1.0050000000000001,1.261097801545589,False
2025-10-23,18,2193681000,6.448,0,6.303,0.14500000000000046,0.14500000000000046,0.1514050624134648,False
2025-10-23,19,2193681000,6.493,0,6.505,-0.011999999999999567,0.011999999999999567,-0.1320715547765099,False
2025-10-23,20,2193681000,6.52,0,6.52,0.0,0.0,0.0,False
2025-10-23,21,2193681000,6.547,0,6.537,0.009999999999999787,0.009999999999999787,0.04876051018379987,False
2025-10-23,22,2193681000,6.59,0,6.586,0.0039999999999995595,0.0039999999999995595,0.01982838838446443,False
2025-10-23,23,2193681000,6.59,0,6.626,-0.036000000000000476,0.036000000000000476,-0.18882257989985213,False
2025-10-24,0,2193681000,6.602,0,6.655,-0.052999999999999936,0.052999999999999936,-0.2016221356258816,False
2025-10-24,1,2193681000,6.674,0,6.714,-0.040000000000000036,0.040000000000000036,-0.1486127685702703,False
2025-10-24,2,2193681000,6.74,0,6.744,-0.0039999999999995595,0.0039999999999995595,-0.009945695667174927,False
2025-10-24,3,2193681000,6.781,0,6.772,0.008999999999999453,0.008999999999999453,0.022833744617294646,False
2025-10-24,4,2193681000,6.795,0,6.791,0.0039999999999995595,0.0039999999999995595,0.010681038979473352,False
2025-10-24,5,2193681000,6.764,0,6.753,0.01100000000000012,0.01100000000000012,0.026113035955022866,False
2025-10-24,6,2193681000,6.701,0,5.815,0.8859999999999992,0.8859999999999992,0.6394420218801125,False
2025-10-24,7,2193681000,0.342,0,0.001,0.341,0.341,0.8403784807714735,False
2025-10-24,8,2193681000,0.0,0,0.0,0.0,0.0,0.0,False
2025-10-24,9,2193681000,0.001,0,0.0,0.001,0.001,1.9728893365159037,False
2025-10-24,10,2193681000,0.0,0,0.001,-0.001,0.001,-1.9578861874192934,False
2025-10-24,11,2193681000,0.001,0,0.0,0.001,0.001,2.0039603091351093,False
2025-10-24,12,2193681000,0.0,0,0.0,0.0,0.0,0.0,False
2025-10-24,13,2193681000,0.001,0,0.0,0.001,0.001,2.053448160843517,False
2025-10-24,14,2193681000,0.0,0,0.001,-0.001,0.001,-1.9728893365159028,False
2025-10-24,15,2193681000,0.0,0,0.0,0.0,0.0,0.0,False
2025-10-24,16,2193681000,0.001,0,0.001,0.0,0.0,0.0,False
2025-10-24,17,2193681000,1.212,0,0.001,1.211,1.211,1.5195914802703563,False
2025-10-24,18,2193681000,6.464,0,6.303,0.16100000000000048,0.16100000000000048,0.16811182792115745,False
2025-10-24,19,2193681000,6.487,0,6.505,-0.017999999999999794,0.017999999999999794,-0.19810733216476972,False
2025-10-24,20,2193681000,6.464,0,6.52,-0.05599999999999916,0.05599999999999916,-0.4294788721210195,False
2025-10-24,21,2193681000,6.517,0,6.537,-0.019999999999999574,0.019999999999999574,-0.09752102036759974,False
2025-10-24,22,2193681000,6.566,0,6.586,-0.020000000000000462,0.020000000000000462,-0.09914194192233536,False
2025-10-24,23,2193681000,6.644,0,6.626,0.017999999999999794,0.017999999999999794,0.09441128994992373,False
2025-10-25,0,2193681000,6.551,0,6.6274999999999995,-0.07649999999999935,0.07649999999999935,-0.7072945619978234,False
2025-10-25,1,2193681000,6.638,0,6.7364999999999995,-0.09849999999999959,0.09849999999999959,-1.0250262608425278,False
2025-10-25,2,2193681000,6.725,0,6.7785,-0.05350000000000055,0.05350000000000055,-0.43283316033353075,False
2025-10-25,3,2193681000,6.69,0,6.7775,-0.08749999999999947,0.08749999999999947,-0.6975837626424803,False
2025-10-25,4,2193681000,6.298,0,6.781499999999999,-0.4834999999999994,0.4834999999999994,-2.2872315253140147,False
2025-10-25,5,2193681000,6.671,0,6.7535,-0.08249999999999957,0.08249999999999957,-0.6425708138234153,False
2025-10-25,6,2193681000,6.613,0,6.046,0.5670000000000002,0.5670000000000002,0.6774753753539055,False
2025-10-25,7,2193681000,0.448,0,0.001,0.447,0.447,1.8964360303687002,False
2025-10-25,8,2193681000,0.0,0,0.0,0.0,0.0,0.0,False
2025-10-25,9,2193681000,0.001,0,0.001,0.0,0.0,0.0,False
2025-10-25,10,2193681000,0.0,0,0.0,0.0,0.0,0.0,False
2025-10-25,11,2193681000,0.001,0,0.0005,0.0005,0.0005,0.9354125966967594,False
2025-10-25,12,2193681000,0.0,0,0.0005,-0.0005,0.0005,-0.9354125966967594,False
2025-10-25,13,2193681000,0.0,0,0.0,0.0,0.0,0.0,False
2025-10-25,14,2193681000,0.001,0,0.001,0.0,0.0,0.0,False
2025-10-25,15,2193681000,0.0,0,0.0,0.0,0.0,0.0,False
2025-10-25,16,2193681000,0.001,0,0.001,0.0,0.0,0.0,False
2025-10-25,17,2193681000,1.316,0,0.12,1.1960000000000002,1.1960000000000002,1.9829208751236078,False
2025-10-25,18,2193681000,6.326,0,6.061999999999999,0.26400000000000023,0.26400000000000023,0.2795933110249588,False
2025-10-25,19,2193681000,6.385,0,6.42,-0.03500000000000014,0.03500000000000014,-0.21611791876324485,False
2025-10-25,20,2193681000,6.447,0,6.495,-0.04800000000000004,0.04800000000000004,-0.30432396426479497,False
2025-10-25,21,2193681000,6.441,0,6.526999999999999,-0.08599999999999941,0.08599999999999941,-0.5132365458388618,False
2025-10-25,22,2193681000,6.513,0,6.5969999999999995,-0.08399999999999963,0.08399999999999963,-0.5072155198182741,False
2025-10-25,23,2193681000,6.581,0,6.618,-0.03699999999999992,0.03699999999999992,-0.20779397489425652,False
2025-10-26,0,2193681000,6.639,0,6.6274999999999995,0.011500000000000732,0.011500000000000732,0.10632532631340597,False
2025-10-26,1,2193681000,6.763,0,6.7364999999999995,0.026500000000000412,0.026500000000000412,0.2757684864195688,False
2025-10-26,2,2193681000,6.842,0,6.7785,0.06349999999999945,0.06349999999999945,0.5137365547883865,False
2025-10-26,3,2193681000,6.835,0,6.7775,0.05750000000000011,0.05750000000000011,0.45841218687934787,False
2025-10-26,4,2193681000,6.774,0,6.781499999999999,-0.007499999999999396,0.007499999999999396,-0.03547928943092813,False
2025-10-26,5,2193681000,6.727,0,6.7535,-0.026499999999999524,0.026499999999999524,-0.2064015341372156,False
2025-10-26,6,2193681000,6.731,0,6.046,0.6849999999999996,0.6849999999999996,0.8184667233111549,False
2025-10-26,7,2193681000,0.563,0,0.001,0.5619999999999999,0.5619999999999999,2.384333443103377,False
2025-10-26,8,2193681000,0.0,0,0.0,0.0,0.0,0.0,False
2025-10-26,9,2193681000,0.001,0,0.001,0.0,0.0,0.0,False
2025-10-26,10,2193681000,0.0,0,0.0,0.0,0.0,0.0,False
2025-10-26,11,2193681000,0.0,0,0.0005,-0.0005,0.0005,-0.9354125966967594,False
2025-10-26,12,2193681000,0.001,0,0.0005,0.0005,0.0005,0.9354125966967594,False
2025-10-26,13,2193681000,0.0,0,0.0,0.0,0.0,0.0,False
2025-10-26,14,2193681000,0.001,0,0.001,0.0,0.0,0.0,False
2025-10-26,15,2193681000,0.0,0,0.0,0.0,0.0,0.0,False
2025-10-26,16,2193681000,0.001,0,0.001,0.0,0.0,0.0,False
2025-10-26,17,2193681000,1.42,0,0.12,1.2999999999999998,1.2999999999999998,2.1553487773082685,False
2025-10-26,18,2193681000,6.415,0,6.061999999999999,0.35300000000000065,0.35300000000000065,0.3738501469386764,False
2025-10-26,19,2193681000,6.485,0,6.42,0.06500000000000039,0.06500000000000039,0.4013618491317412,False
2025-10-26,20,2193681000,6.554,0,6.495,0.05900000000000016,0.05900000000000016,0.3740648727421445,False
2025-10-26,21,2193681000,6.583,0,6.526999999999999,0.05600000000000094,0.05600000000000094,0.33420054147647604,False
2025-10-26,22,2193681000,6.612,0,6.5969999999999995,0.015000000000000568,0.015000000000000568,0.09057419996755277,False
2025-10-26,23,2193681000,6.636,0,6.618,0.017999999999999794,0.017999999999999794,0.10108896075936709,False
2025-10-27,0,2193681000,6.665,0,6.655,0.009999999999999787,0.009999999999999787,0.03804191238224105,False
2025-10-27,1,2193681000,6.676,0,6.714,-0.038000000000000256,0.038000000000000256,-0.14118213014175762,False
2025-10-27,2,2193681000,6.739,0,6.744,-0.004999999999999893,0.004999999999999893,-0.012432119583969763,False
2025-10-27,3,2193681000,6.797,0,6.772,0.024999999999999467,0.024999999999999467,0.06342706838137652,False
2025-10-27,4,2193681000,6.82,0,6.791,0.028999999999999915,0.028999999999999915,0.0774375326011901,False
2025-10-27,5,2193681000,6.76,0,6.753,0.006999999999999673,0.006999999999999673,0.016617386516831773,False
2025-10-27,6,2193681000,6.683,0,5.815,0.8679999999999994,0.8679999999999994,0.6264511004423676,False
2025-10-27,7,2193681000,0.777,0,0.001,0.776,0.776,1.9124155456852299,False
2025-10-27,8,2193681000,0.001,0,0.0,0.001,0.001,1.9578861874192934,False
2025-10-27,9,2193681000,0.0,0,0.0,0.0,0.0,0.0,False
2025-10-27,10,2193681000,0.001,0,0.001,0.0,0.0,0.0,False
2025-10-27,11,2193681000,0.0,0,0.0,0.0,0.0,0.0,False
2025-10-27,12,2193681000,0.0,0,0.0,0.0,0.0,0.0,False
2025-10-27,13,2193681000,0.001,0,0.0,0.001,0.001,2.053448160843517,False
2025-10-27,14,2193681000,0.0,0,0.001,-0.001,0.001,-1.9728893365159028,False
2025-10-27,15,2193681000,0.001,0,0.0,0.001,0.001,2.053448160843517,False
2025-10-27,16,2193681000,0.0,0,0.001,-0.001,0.001,-1.9578861874192934,False
2025-10-27,17,2193681000,1.664,0,0.001,1.663,1.663,2.0867717850450886,False
2025-10-27,18,2193681000,6.48,0,6.303,0.1770000000000005,0.1770000000000005,0.18481859342885007,False
2025-10-27,19,2193681000,6.446,0,6.505,-0.05900000000000016,0.05900000000000016,-0.6493518109845322,False
2025-10-27,20,2193681000,6.515,0,6.52,-0.004999999999999893,0.004999999999999893,-0.03834632786794792,False
2025-10-27,21,2193681000,6.565,0,6.537,0.02800000000000047,0.02800000000000047,0.13652942851464483,False
2025-10-27,22,2193681000,6.597,0,6.586,0.01100000000000012,0.01100000000000012,0.05452806805728379,False
2025-10-27,23,2193681000,6.594,0,6.626,-0.03200000000000003,0.03200000000000003,-0.1678422932443109,False
2025-10-28,0,2193681000,6.648,0,6.655,-0.007000000000000561,0.007000000000000561,-0.026629338667571438,False
2025-10-28,1,2193681000,6.714,0,6.714,0.0,0.0,0.0,False
2025-10-28,2,2193681000,6.807,0,6.744,0.06300000000000061,0.06300000000000061,0.1566447067580239,False
2025-10-28,3,2193681000,6.824,0,6.772,0.0519999999999996,0.0519999999999996,0.13192830223326496,False
2025-10-28,4,2193681000,6.841,0,6.791,0.04999999999999982,0.04999999999999982,0.13351298724343114,False
2025-10-28,5,2193681000,6.817,0,6.753,0.06400000000000006,0.06400000000000006,0.15193039101104058,False
2025-10-28,6,2193681000,6.783,0,5.815,0.968,0.968,0.6986228862076178,False
2025-10-28,7,2193681000,0.897,0,0.001,0.896,0.896,2.2081499084200593,False
2025-10-28,8,2193681000,0.0,0,0.0,0.0,0.0,0.0,False
2025-10-28,9,2193681000,0.0,0,0.0,0.0,0.0,0.0,False
2025-10-28,10,2193681000,0.001,0,0.001,0.0,0.0,0.0,False
2025-10-28,11,2193681000,0.0,0,0.0,0.0,0.0,0.0,False
2025-10-28,12,2193681000,0.001,0,0.0,0.001,0.001,1.9578861874192934,False
2025-10-28,13,2193681000,0.0,0,0.0,0.0,0.0,0.0,False
2025-10-28,14,2193681000,0.0,0,0.001,-0.001,0.001,-1.9728893365159028,False
2025-10-28,15,2193681000,0.001,0,0.0,0.001,0.001,2.053448160843517,False
2025-10-28,16,2193681000,0.0,0,0.001,-0.001,0.001,-1.9578861874192934,False
2025-10-28,17,2193681000,1.77,0,0.001,1.7690000000000001,1.7690000000000001,2.219783095456862,False
2025-10-28,18,2193681000,6.425,0,6.303,0.12199999999999989,0.12199999999999989,0.12738908699615606,False
2025-10-28,19,2193681000,6.518,0,6.505,0.0129999999999999,0.0129999999999999,0.14307751767455645,False
2025-10-28,20,2193681000,6.583,0,6.52,0.06300000000000061,0.06300000000000061,0.48316373113615885,False
2025-10-28,21,2193681000,6.612,0,6.537,0.07500000000000018,0.07500000000000018,0.36570382637850773,False
2025-10-28,22,2193681000,6.623,0,6.586,0.03699999999999992,0.03699999999999992,0.18341259255631578,False
2025-10-28,23,2193681000,6.635,0,6.626,0.008999999999999453,0.008999999999999453,0.047205644974959535,False
2025-10-29,0,2193681000,6.633,0,6.655,-0.02200000000000024,0.02200000000000024,-0.08369220724093301,False
2025-10-29,1,2193681000,6.686,0,6.714,-0.02800000000000047,0.02800000000000047,-0.10402893799919087,False
2025-10-29,2,2193681000,6.726,0,6.744,-0.017999999999999794,0.017999999999999794,-0.04475563050229159,False
2025-10-29,3,2193681000,6.742,0,6.772,-0.03000000000000025,0.03000000000000025,-0.07611248205765407,False
2025-10-29,4,2193681000,6.756,0,6.791,-0.03500000000000014,0.03500000000000014,-0.0934590910704025,False
2025-10-29,5,2193681000,5.75,0,6.753,-1.0030000000000001,1.0030000000000001,-2.38103409662615,False
2025-10-29,6,2193681000,5.473,0,5.815,-0.3420000000000005,0.3420000000000005,-0.2468275073171546,False
2025-10-29,7,2193681000,0.817,0,0.001,0.816,0.816,2.0109936665968395,False
2025-10-29,8,2193681000,0.001,0,0.0,0.001,0.001,1.9578861874192934,False
2025-10-29,9,2193681000,0.0,0,0.0,0.0,0.0,0.0,False
2025-10-29,10,2193681000,0.001,0,0.001,0.0,0.0,0.0,False
2025-10-29,11,2193681000,0.0,0,0.0,0.0,0.0,0.0,False
2025-10-29,12,2193681000,0.0,0,0.0,0.0,0.0,0.0,False
2025-10-29,13,2193681000,0.001,0,0.0,0.001,0.001,2.053448160843517,False
2025-10-29,14,2193681000,0.0,0,0.001,-0.001,0.001,-1.9728893365159028,False
2025-10-29,15,2193681000,0.001,0,0.0,0.001,0.001,2.053448160843517,False
2025-10-29,16,2193681000,0.0,0,0.001,-0.001,0.001,-1.9578861874192934,False
2025-10-29,17,2193681000,1.853,0,0.001,1.852,1.852,2.3239334611566473,False
2025-10-29,18,2193681000,6.337,0,6.303,0.03399999999999981,0.03399999999999981,0.03550187670384661,False
2025-10-29,19,2193681000,6.419,0,6.505,-0.0860000000000003,0.0860000000000003,-0.9465128092316917,False
2025-10-29,20,2193681000,6.52,0,6.52,0.0,0.0,0.0,False
2025-10-29,21,2193681000,6.537,0,6.537,0.0,0.0,0.0,False
2025-10-29,22,2193681000,6.566,0,6.586,-0.020000000000000462,0.020000000000000462,-0.09914194192233536,False
2025-10-29,23,2193681000,6.632,0,6.626,0.005999999999999339,0.005999999999999339,0.03147042998330481,False
2025-10-30,0,2193681000,6.679,0,6.655,0.02400000000000002,0.02400000000000002,0.09130058971738055,False
2025-10-30,1,2193681000,6.75,0,6.714,0.03599999999999959,0.03599999999999959,0.13375149171324163,False
2025-10-30,2,2193681000,6.837,0,6.744,0.09299999999999997,0.09299999999999997,0.23123742426184246,False
2025-10-30,3,2193681000,6.791,0,6.772,0.019000000000000128,0.019000000000000128,0.0482045719698475,False
2025-10-30,4,2193681000,6.791,0,6.791,0.0,0.0,0.0,False
2025-10-30,5,2193681000,6.749,0,6.753,-0.004000000000000448,0.004000000000000448,-0.009495649438191091,False
2025-10-30,6,2193681000,6.702,0,5.815,0.8869999999999996,0.8869999999999996,0.6401637397377652,False
2025-10-30,7,2193681000,1.103,0,0.001,1.102,1.102,2.7158272311148495,True
2025-10-30,8,2193681000,0.0,0,0.0,0.0,0.0,0.0,False
2025-10-30,9,2193681000,0.001,0,0.0,0.001,0.001,1.9728893365159037,False
2025-10-30,10,2193681000,0.0,0,0.001,-0.001,0.001,-1.9578861874192934,False
2025-10-30,11,2193681000,0.0,0,0.0,0.0,0.0,0.0,False
2025-10-30,12,2193681000,0.001,0,0.0,0.001,0.001,1.9578861874192934,False
2025-10-30,13,2193681000,0.0,0,0.0,0.0,0.0,0.0,False
2025-10-30,14,2193681000,0.001,0,0.001,0.0,0.0,0.0,False
2025-10-30,15,2193681000,0.0,0,0.0,0.0,0.0,0.0,False
2025-10-30,16,2193681000,0.001,0,0.001,0.0,0.0,0.0,False
2025-10-30,17,2193681000,2.085,0,0.001,2.084,2.084,2.615052555642793,True
2025-10-30,18,2193681000,6.412,0,6.303,0.10899999999999999,0.10899999999999999,0.11381484002115592,False
2025-10-30,19,2193681000,6.488,0,6.505,-0.01699999999999946,0.01699999999999946,-0.18710136926672316,False
2025-10-30,20,2193681000,6.485,0,6.52,-0.034999999999999254,0.034999999999999254,-0.2684242950756355,False
2025-10-30,21,2193681000,6.519,0,6.537,-0.017999999999999794,0.017999999999999794,-0.08776891833084063,False
2025-10-30,22,2193681000,6.584,0,6.586,-0.002000000000000668,0.002000000000000668,-0.009914194192236618,False
2025-10-30,23,2193681000,6.65,0,6.626,0.02400000000000002,0.02400000000000002,0.1258817199332332,False
2025-10-31,0,2193681000,6.698,0,6.655,0.04300000000000015,0.04300000000000015,0.16358022324364055,False
2025-10-31,1,2193681000,6.775,0,6.714,0.06099999999999994,0.06099999999999994,0.2266344720696618,False
2025-10-31,2,2193681000,6.731,0,6.744,-0.0129999999999999,0.0129999999999999,-0.03232351091832183,False
2025-10-31,3,2193681000,6.772,0,6.772,0.0,0.0,0.0,False
2025-10-31,4,2193681000,6.807,0,6.791,0.016000000000000014,0.016000000000000014,0.04272415591789815,False
2025-10-31,5,2193681000,6.756,0,6.753,0.0030000000000001137,0.0030000000000001137,0.0071217370786427914,False
2025-10-31,6,2193681000,6.722,0,5.815,0.907,0.907,0.6545980968908155,False
2025-10-31,7,2193681000,1.213,0,0.001,1.2120000000000002,1.2120000000000002,2.986917063621777,True
2025-10-31,8,2193681000,0.001,0,0.0,0.001,0.001,1.9578861874192934,False
2025-10-31,9,2193681000,0.0,0,0.0,0.0,0.0,0.0,False
2025-10-31,10,2193681000,0.001,0,0.001,0.0,0.0,0.0,False
2025-10-31,11,2193681000,0.0,0,0.0,0.0,0.0,0.0,False
2025-10-31,12,2193681000,0.001,0,0.0,0.001,0.001,1.9578861874192934,False
2025-10-31,13,2193681000,0.0,0,0.0,0.0,0.0,0.0,False
2025-10-31,14,2193681000,0.001,0,0.001,0.0,0.0,0.0,False
2025-10-31,15,2193681000,0.0,0,0.0,0.0,0.0,0.0,False
2025-10-31,16,2193681000,0.0,0,0.001,-0.001,0.001,-1.9578861874192934,False
2025-10-31,17,2193681000,2.167,0,0.001,2.166,2.166,2.717948097659448,True
2025-10-31,18,2193681000,6.366,0,6.303,0.06299999999999972,0.06299999999999972,0.06578288918653938,False
2025-10-31,19,2193681000,6.453,0,6.505,-0.0519999999999996,0.0519999999999996,-0.5723100706982258,False
2025-10-31,20,2193681000,6.552,0,6.52,0.03200000000000003,0.03200000000000003,0.24541649835487217,False
2025-10-31,21,2193681000,6.58,0,6.537,0.04300000000000015,0.04300000000000015,0.20967019379034466,False
2025-10-31,22,2193681000,6.603,0,6.586,0.01699999999999946,0.01699999999999946,0.08427065063398044,False
2025-10-31,23,2193681000,6.618,0,6.626,-0.008000000000000007,0.008000000000000007,-0.04196057331107773,False
2025-11-01,0,2193681000,6.613,0,6.6425,-0.029499999999999638,0.029499999999999638,-0.0818547891974441,False
2025-11-01,1,2193681000,6.68,0,6.7445,-0.06450000000000067,0.06450000000000067,-0.17086600590249632,False
2025-11-01,2,2193681000,6.739,0,6.8095,-0.07050000000000001,0.07050000000000001,-0.1866072987022181,False
2025-11-01,3,2193681000,6.757,0,6.7795,-0.022499999999999964,0.022499999999999964,-0.06096367371950725,False
2025-11-01,4,2193681000,6.792,0,6.8065,-0.014499999999999957,0.014499999999999957,-0.03880962509261905,False
2025-11-01,5,2193681000,6.76,0,6.797499999999999,-0.037499999999999645,0.037499999999999645,-0.09958269952385344,False
2025-11-01,6,2193681000,6.767,0,6.8565000000000005,-0.08950000000000014,0.08950000000000014,-0.23722375739296944,False
2025-11-01,7,2193681000,1.327,0,3.2185,-1.8915000000000002,1.8915000000000002,-1.2051570692303593,False
2025-11-01,8,2193681000,0.001,0,0.0005,0.0005,0.0005,0.948681498053929,False
2025-11-01,9,2193681000,0.0,0,0.0,0.0,0.0,0.0,False
2025-11-01,10,2193681000,0.001,0,0.0005,0.0005,0.0005,0.9486814980539292,False
2025-11-01,11,2193681000,0.0,0,0.0,0.0,0.0,0.0,False
2025-11-01,12,2193681000,0.001,0,0.001,0.0,0.0,0.0,False
2025-11-01,13,2193681000,0.0,0,0.0,0.0,0.0,0.0,False
2025-11-01,14,2193681000,0.0,0,0.0005,-0.0005,0.0005,-0.948681498053929,False
2025-11-01,15,2193681000,0.001,0,0.0005,0.0005,0.0005,0.948681498053929,False
2025-11-01,16,2193681000,0.0,0,0.0005,-0.0005,0.0005,-0.948681498053929,False
2025-11-01,17,2193681000,2.319,0,3.8015,-1.4825,1.4825,-1.340933518210879,False
2025-11-01,18,2193681000,6.379,0,6.408,-0.029000000000000803,0.029000000000000803,-0.08465967152393572,False
2025-11-01,19,2193681000,6.453,0,6.458500000000001,-0.0055000000000005045,0.0055000000000005045,-0.015895779624119363,False
2025-11-01,20,2193681000,6.529,0,6.513,0.016000000000000014,0.016000000000000014,0.04560491529588115,False
2025-11-01,21,2193681000,6.561,0,6.516,0.04499999999999993,0.04499999999999993,0.12324293628548415,False
2025-11-01,22,2193681000,6.618,0,6.605,0.0129999999999999,0.0129999999999999,0.03580305179114969,False
2025-11-01,23,2193681000,6.69,0,6.6785,0.011500000000000732,0.011500000000000732,0.033258508339701204,False
2025-11-02,0,2193681000,6.672,0,6.6425,0.029499999999999638,0.029499999999999638,0.0818547891974441,False
2025-11-02,1,2193681000,6.784,0,6.7445,0.039499999999999424,0.039499999999999424,0.10463887183175871,False
2025-11-02,2,2193681000,6.88,0,6.8095,0.07050000000000001,0.07050000000000001,0.1866072987022181,False
2025-11-02,3,2193681000,6.789,0,6.7795,0.009500000000000064,0.009500000000000064,0.025740217792681052,False
2025-11-02,4,2193681000,6.819,0,6.8065,0.012500000000000178,0.012500000000000178,0.033456573355706655,False
2025-11-02,5,2193681000,6.803,0,6.797499999999999,0.0055000000000005045,0.0055000000000005045,0.014605462596833317,False
2025-11-02,6,2193681000,6.913,0,6.8565000000000005,0.05649999999999977,0.05649999999999977,0.14975577980673407,False
2025-11-02,7,2193681000,1.476,0,3.2185,-1.7425000000000002,1.7425000000000002,-1.1102226767823953,False
2025-11-02,8,2193681000,0.0,0,0.0005,-0.0005,0.0005,-0.948681498053929,False
2025-11-02,9,2193681000,0.001,0,0.0,0.001,0.001,1.9364879231109704,False
2025-11-02,10,2193681000,0.0,0,0.0005,-0.0005,0.0005,-0.9486814980539292,False
2025-11-02,11,2193681000,0.001,0,0.0,0.001,0.001,1.9364879231109704,False
2025-11-02,12,2193681000,0.0,0,0.001,-0.001,0.001,-1.93648792311097,False
2025-11-02,13,2193681000,0.0,0,0.0,0.0,0.0,0.0,False
2025-11-02,14,2193681000,0.001,0,0.0005,0.0005,0.0005,0.948681498053929,False
2025-11-02,15,2193681000,0.0,0,0.0005,-0.0005,0.0005,-0.948681498053929,False
2025-11-02,16,2193681000,0.001,0,0.0005,0.0005,0.0005,0.948681498053929,False
2025-11-02,17,2193681000,2.417,0,3.8015,-1.3845,1.3845,-1.2522917072262816,False
2025-11-02,18,2193681000,6.408,0,6.408,0.0,0.0,0.0,False
2025-11-02,19,2193681000,6.452,0,6.458500000000001,-0.0065000000000008384,0.0065000000000008384,-0.018785921373959947,False
2025-11-02,20,2193681000,6.428,0,6.513,-0.08499999999999996,0.08499999999999996,-0.24227611250936829,False
2025-11-02,21,2193681000,6.433,0,6.516,-0.08300000000000018,0.08300000000000018,-0.22731474914878275,False
2025-11-02,22,2193681000,6.507,0,6.605,-0.09800000000000075,0.09800000000000075,-0.26989992888713255,False
2025-11-02,23,2193681000,6.564,0,6.6785,-0.1144999999999996,0.1144999999999996,-0.3311390612952637,False
2025-11-03,0,2193681000,6.645,0,6.7285,-0.0835000000000008,0.0835000000000008,-0.27550368697466193,False
2025-11-03,1,2193681000,6.642,0,6.7425,-0.10049999999999937,0.10049999999999937,-0.31236201258740814,False
2025-11-03,2,2193681000,6.729,0,6.7669999999999995,-0.03799999999999937,0.03799999999999937,-0.11451949681830408,False
2025-11-03,3,2193681000,6.763,0,6.8255,-0.0625,0.0625,-0.18930173032000436,False
2025-11-03,4,2193681000,6.77,0,6.8445,-0.07450000000000045,0.07450000000000045,-0.21465866029609051,False
2025-11-03,5,2193681000,6.685,0,6.804,-0.11900000000000066,0.11900000000000066,-0.3550828960145591,False
2025-11-03,6,2193681000,6.637,0,6.727,-0.09000000000000075,0.09000000000000075,-0.2930481896661709,False
2025-11-03,7,2193681000,1.638,0,3.2065,-1.5685000000000002,1.5685000000000002,-1.2984443442842282,False
2025-11-03,8,2193681000,0.0,0,0.001,-0.001,0.001,-1.9591755404412103,False
2025-11-03,9,2193681000,0.0,0,0.0,0.0,0.0,0.0,False
2025-11-03,10,2193681000,0.001,0,0.001,0.0,0.0,0.0,False
2025-11-03,11,2193681000,0.0,0,0.0,0.0,0.0,0.0,False
2025-11-03,12,2193681000,0.001,0,0.001,0.0,0.0,0.0,False
2025-11-03,13,2193681000,0.0,0,0.0,0.0,0.0,0.0,False
2025-11-03,14,2193681000,0.001,0,0.001,0.0,0.0,0.0,False
2025-11-03,15,2193681000,0.0,0,0.0,0.0,0.0,0.0,False
2025-11-03,16,2193681000,2.348,0,0.001,2.347,2.347,4.471331809595635,True
2025-11-03,17,2193681000,2.535,0,3.8035,-1.2685,1.2685,-1.43221385086171,False
2025-11-03,18,2193681000,6.432,0,6.4350000000000005,-0.0030000000000001137,0.0030000000000001137,-0.010078769521175085,False
2025-11-03,19,2193681000,6.407,0,6.481,-0.07399999999999984,0.07399999999999984,-0.24814857605341137,False
2025-11-03,20,2193681000,6.382,0,6.539,-0.15700000000000003,0.15700000000000003,-0.543692034836719,False
2025-11-03,21,2193681000,6.423,0,6.582,-0.1589999999999998,0.1589999999999998,-0.5450793651295438,False
2025-11-03,22,2193681000,6.47,0,6.6205,-0.15050000000000008,0.15050000000000008,-0.5092168820596774,False
2025-11-03,23,2193681000,6.532,0,6.663,-0.13100000000000023,0.13100000000000023,-0.42900804523375435,False
2025-11-04,0,2193681000,6.555,0,6.7285,-0.17350000000000065,0.17350000000000065,-0.5724537687437554,False
2025-11-04,1,2193681000,6.629,0,6.7425,-0.11350000000000016,0.11350000000000016,-0.3527670490415034,False
2025-11-04,2,2193681000,6.665,0,6.7669999999999995,-0.10199999999999942,0.10199999999999942,-0.3073944388280827,False
2025-11-04,3,2193681000,6.63,0,6.8255,-0.1955,0.1955,-0.5921358124409737,False
2025-11-04,4,2193681000,6.643,0,6.8445,-0.20150000000000023,0.20150000000000023,-0.5805868463041882,False
2025-11-04,5,2193681000,6.623,0,6.804,-0.18100000000000005,0.18100000000000005,-0.5400840687280241,False
2025-11-04,6,2193681000,6.635,0,6.727,-0.09200000000000053,0.09200000000000053,-0.2995603716587517,False
2025-11-04,7,2193681000,1.766,0,3.2065,-1.4405000000000001,1.4405000000000001,-1.19248267640512,False
2025-11-04,8,2193681000,0.0,0,0.001,-0.001,0.001,-1.9591755404412103,False
2025-11-04,9,2193681000,0.0,0,0.0,0.0,0.0,0.0,False
2025-11-04,10,2193681000,0.001,0,0.001,0.0,0.0,0.0,False
2025-11-04,11,2193681000,0.0,0,0.0,0.0,0.0,0.0,False
2025-11-04,12,2193681000,0.001,0,0.001,0.0,0.0,0.0,False
2025-11-04,13,2193681000,0.0,0,0.0,0.0,0.0,0.0,False
2025-11-04,14,2193681000,0.001,0,0.001,0.0,0.0,0.0,False
2025-11-04,15,2193681000,0.0,0,0.0,0.0,0.0,0.0,False
2025-11-04,16,2193681000,0.0,0,0.001,-0.001,0.001,-0.0019051264633982254,False
2025-11-04,17,2193681000,2.641,0,3.8035,-1.1625,1.1625,-1.3125333871712557,False
2025-11-04,18,2193681000,6.387,0,6.4350000000000005,-0.04800000000000093,0.04800000000000093,-0.16126031233879837,False
2025-11-04,19,2193681000,6.446,0,6.481,-0.03500000000000014,0.03500000000000014,-0.11736756975499259,False
2025-11-04,20,2193681000,6.431,0,6.539,-0.10799999999999965,0.10799999999999965,-0.37400471186220036,False
2025-11-04,21,2193681000,6.462,0,6.582,-0.1200000000000001,0.1200000000000001,-0.4113806529279584,False
2025-11-04,22,2193681000,6.51,0,6.6205,-0.11050000000000004,0.11050000000000004,-0.37387684696075973,False
2025-11-04,23,2193681000,6.544,0,6.663,-0.11900000000000066,0.11900000000000066,-0.3897095983421142,False
2025-11-05,0,2193681000,6.604,0,6.7285,-0.12450000000000028,0.12450000000000028,-0.41078094644724744,False
2025-11-05,1,2193681000,6.666,0,6.7425,-0.07649999999999935,0.07649999999999935,-0.2377680991336982,False
2025-11-05,2,2193681000,6.732,0,6.7669999999999995,-0.034999999999999254,0.034999999999999254,-0.10547848391159537,False
2025-11-05,3,2193681000,6.746,0,6.8255,-0.07949999999999946,0.07949999999999946,-0.24079180096704392,False
2025-11-05,4,2193681000,6.74,0,6.8445,-0.10449999999999982,0.10449999999999982,-0.3010983892743796,False
2025-11-05,5,2193681000,6.672,0,6.804,-0.13200000000000056,0.13200000000000056,-0.3938734644867373,False
2025-11-05,6,2193681000,6.642,0,6.727,-0.08499999999999996,0.08499999999999996,-0.27676773468471455,False
2025-11-05,7,2193681000,1.866,0,3.2065,-1.3405,1.3405,-1.1097001233745665,False
2025-11-05,8,2193681000,0.001,0,0.001,0.0,0.0,0.0,False
2025-11-05,9,2193681000,0.0,0,0.0,0.0,0.0,0.0,False
2025-11-05,10,2193681000,0.001,0,0.001,0.0,0.0,0.0,False
2025-11-05,11,2193681000,0.0,0,0.0,0.0,0.0,0.0,False
2025-11-05,12,2193681000,0.001,0,0.001,0.0,0.0,0.0,False
2025-11-05,13,2193681000,0.0,0,0.0,0.0,0.0,0.0,False
2025-11-05,14,2193681000,0.0,0,0.001,-0.001,0.001,-1.9591755404412108,False
2025-11-05,15,2193681000,0.001,0,0.0,0.001,0.001,2.126920374688412,False
2025-11-05,16,2193681000,0.0,0,0.001,-0.001,0.001,-0.0019051264633982254,False
2025-11-05,17,2193681000,2.733,0,3.8035,-1.0705,1.0705,-1.208659777175767,False
2025-11-05,18,2193681000,6.405,0,6.4350000000000005,-0.03000000000000025,0.03000000000000025,-0.10078769521174787,False
2025-11-05,19,2193681000,6.455,0,6.481,-0.0259999999999998,0.0259999999999998,-0.08718733753227918,False
2025-11-05,20,2193681000,6.479,0,6.539,-0.05999999999999961,0.05999999999999961,-0.2077803954789995,False
2025-11-05,21,2193681000,6.524,0,6.582,-0.05799999999999983,0.05799999999999983,-0.19883398224851248,False
2025-11-05,22,2193681000,6.531,0,6.6205,-0.08950000000000014,0.08950000000000014,-0.3028233285338284,False
2025-11-05,23,2193681000,6.602,0,6.663,-0.06099999999999994,0.06099999999999994,-0.19976710503251105,False
2025-11-06,0,2193681000,6.718,0,6.7285,-0.010500000000000398,0.010500000000000398,-0.0346441762063956,False
2025-11-06,1,2193681000,6.709,0,6.7425,-0.033500000000000085,0.033500000000000085,-0.1041206708624703,False
2025-11-06,2,2193681000,6.732,0,6.7669999999999995,-0.034999999999999254,0.034999999999999254,-0.10547848391159537,False
2025-11-06,3,2193681000,6.738,0,6.8255,-0.08749999999999947,0.08749999999999947,-0.2650224224480045,False
2025-11-06,4,2193681000,6.784,0,6.8445,-0.06050000000000022,0.06050000000000022,-0.17432012010622072,False
2025-11-06,5,2193681000,6.761,0,6.804,-0.04300000000000015,0.04300000000000015,-0.12830726494643707,False
2025-11-06,6,2193681000,6.693,0,6.727,-0.034000000000000696,0.034000000000000696,-0.11070709387388813,False
2025-11-06,7,2193681000,1.983,0,3.2065,-1.2235,1.2235,-1.0128445363288192,False
2025-11-06,8,2193681000,0.001,0,0.001,0.0,0.0,0.0,False
2025-11-06,9,2193681000,0.0,0,0.0,0.0,0.0,0.0,False
2025-11-06,10,2193681000,0.0,0,0.001,-0.001,0.001,-1.9591755404412108,False
2025-11-06,11,2193681000,0.001,0,0.0,0.001,0.001,1.9591755404412103,False
2025-11-06,12,2193681000,0.0,0,0.001,-0.001,0.001,-0.005904400082965252,False
2025-11-06,13,2193681000,0.001,0,0.0,0.001,0.001,0.002935077852014361,False
2025-11-06,14,2193681000,0.0,0,0.001,-0.001,0.001,-1.9591755404412108,False
2025-11-06,15,2193681000,0.0,0,0.0,0.0,0.0,0.0,False
2025-11-06,16,2193681000,0.001,0,0.001,0.0,0.0,0.0,False
2025-11-06,17,2193681000,2.951,0,3.8035,-0.8525,0.8525,-0.9625244839255875,False
2025-11-06,18,2193681000,6.387,0,6.4350000000000005,-0.04800000000000093,0.04800000000000093,-0.16126031233879837,False
2025-11-06,19,2193681000,6.459,0,6.481,-0.02200000000000024,0.02200000000000024,-0.073773900988853,False
2025-11-06,20,2193681000,6.479,0,6.539,-0.05999999999999961,0.05999999999999961,-0.2077803954789995,False
2025-11-06,21,2193681000,6.523,0,6.582,-0.05900000000000016,0.05900000000000016,-0.2022621543562466,False
2025-11-06,22,2193681000,6.6,0,6.6205,-0.020500000000000185,0.020500000000000185,-0.06936176798819585,False
2025-11-06,23,2193681000,6.698,0,6.663,0.03500000000000014,0.03500000000000014,0.11462047010062167,False
2025-11-07,0,2193681000,6.695,0,6.7285,-0.033500000000000085,0.033500000000000085,-0.11053141932516301,False
2025-11-07,1,2193681000,6.734,0,6.7425,-0.00849999999999973,0.00849999999999973,-0.026418677681521407,False
2025-11-07,2,2193681000,6.77,0,6.7669999999999995,0.0030000000000001137,0.0030000000000001137,0.00904101290670871,False
2025-11-07,3,2193681000,6.788,0,6.8255,-0.037499999999999645,0.037499999999999645,-0.11358103819200155,False
2025-11-07,4,2193681000,6.808,0,6.8445,-0.0365000000000002,0.0365000000000002,-0.1051683369235879,False
2025-11-07,5,2193681000,6.785,0,6.804,-0.019000000000000128,0.019000000000000128,-0.05669390776703052,False
2025-11-07,6,2193681000,6.731,0,6.727,0.0039999999999995595,0.0039999999999995595,0.01302436398516161,False
2025-11-07,7,2193681000,2.085,0,3.2065,-1.1215000000000002,1.1215000000000002,-0.928406332237655,False
2025-11-07,8,2193681000,0.0,0,0.001,-0.001,0.001,-1.9591755404412103,False
2025-11-07,9,2193681000,0.001,0,0.0,0.001,0.001,2.126920374688412,False
2025-11-07,10,2193681000,0.0,0,0.001,-0.001,0.001,-1.9591755404412108,False
2025-11-07,11,2193681000,0.001,0,0.0,0.001,0.001,1.9591755404412103,False
2025-11-07,12,2193681000,0.0,0,0.001,-0.001,0.001,-0.005904400082965252,False
2025-11-07,13,2193681000,0.001,0,0.0,0.001,0.001,0.002935077852014361,False
2025-11-07,14,2193681000,0.0,0,0.001,-0.001,0.001,-1.9591755404412108,False
2025-11-07,15,2193681000,0.0,0,0.0,0.0,0.0,0.0,False
2025-11-07,16,2193681000,0.001,0,0.001,0.0,0.0,0.0,False
2025-11-07,17,2193681000,3.068,0,3.8035,-0.7355,0.7355,-0.830424349474803,False
2025-11-07,18,2193681000,6.417,0,6.4350000000000005,-0.018000000000000682,0.018000000000000682,-0.06047261712705051,False
2025-11-07,19,2193681000,6.485,0,6.481,0.004000000000000448,0.004000000000000448,0.01341343654342917,False
2025-11-07,20,2193681000,6.45,0,6.539,-0.08899999999999952,0.08899999999999952,-0.30820758662718295,False
2025-11-07,21,2193681000,6.502,0,6.582,-0.08000000000000007,0.08000000000000007,-0.2742537686186389,False
2025-11-07,22,2193681000,6.542,0,6.6205,-0.07850000000000001,0.07850000000000001,-0.2656048188816256,False
2025-11-07,23,2193681000,6.581,0,6.663,-0.08199999999999985,0.08199999999999985,-0.26853938709288344,False
2025-11-08,0,2193681000,6.589,0,6.6425,-0.05349999999999966,0.05349999999999966,-0.14844851600214526,False
2025-11-08,1,2193681000,6.649,0,6.7445,-0.09550000000000036,0.09550000000000036,-0.2529876521502061,False
2025-11-08,2,2193681000,6.696,0,6.8095,-0.11350000000000016,0.11350000000000016,-0.30042451635037987,False
2025-11-08,3,2193681000,6.77,0,6.7795,-0.009500000000000064,0.009500000000000064,-0.025740217792681052,False
2025-11-08,4,2193681000,6.753,0,6.8065,-0.05349999999999966,0.05349999999999966,-0.14319413396242153,False
2025-11-08,5,2193681000,6.705,0,6.797499999999999,-0.09249999999999936,0.09249999999999936,-0.24563732549217246,False
2025-11-08,6,2193681000,6.697,0,6.8565000000000005,-0.15950000000000042,0.15950000000000042,-0.4227618916668008,False
2025-11-08,7,2193681000,2.315,0,3.2185,-0.9035000000000002,0.9035000000000002,-0.5756592186358074,False
2025-11-08,8,2193681000,0.0,0,0.0005,-0.0005,0.0005,-0.948681498053929,False
2025-11-08,9,2193681000,0.0,0,0.0,0.0,0.0,0.0,False
2025-11-08,10,2193681000,0.001,0,0.0005,0.0005,0.0005,0.9486814980539292,False
2025-11-08,11,2193681000,0.0,0,0.0,0.0,0.0,0.0,False
2025-11-08,12,2193681000,0.001,0,0.001,0.0,0.0,0.0,False
2025-11-08,13,2193681000,0.0,0,0.0,0.0,0.0,0.0,False
2025-11-08,14,2193681000,0.001,0,0.0005,0.0005,0.0005,0.948681498053929,False
2025-11-08,15,2193681000,0.0,0,0.0005,-0.0005,0.0005,-0.948681498053929,False
2025-11-08,16,2193681000,0.001,0,0.0005,0.0005,0.0005,0.948681498053929,False
2025-11-08,17,2193681000,3.155,0,3.8015,-0.6465000000000001,0.6465000000000001,-0.5847646000157393,False
2025-11-08,18,2193681000,6.382,0,6.408,-0.02600000000000069,0.02600000000000069,-0.07590177446973538,False
2025-11-08,19,2193681000,6.439,0,6.458500000000001,-0.01950000000000074,0.01950000000000074,-0.05635776412187471,False
2025-11-08,20,2193681000,6.479,0,6.513,-0.03399999999999981,0.03399999999999981,-0.0969104450037468,False
2025-11-08,21,2193681000,6.471,0,6.516,-0.04499999999999993,0.04499999999999993,-0.12324293628548415,False
2025-11-08,22,2193681000,6.571,0,6.605,-0.034000000000000696,0.034000000000000696,-0.09363875083839412,False
2025-11-08,23,2193681000,6.633,0,6.6785,-0.04549999999999965,0.04549999999999965,-0.13158801125706932,False
2025-11-09,0,2193681000,6.612,0,6.6425,-0.03049999999999997,0.03049999999999997,-0.08462952781430758,False
2025-11-09,1,2193681000,6.705,0,6.7445,-0.03950000000000031,0.03950000000000031,-0.10463887183176106,False
2025-11-09,2,2193681000,6.722,0,6.8095,-0.08749999999999947,0.08749999999999947,-0.23160480335381536,False
2025-11-09,3,2193681000,6.748,0,6.7795,-0.03149999999999942,0.03149999999999942,-0.0853491432073087,False
2025-11-09,4,2193681000,6.794,0,6.8065,-0.012500000000000178,0.012500000000000178,-0.033456573355706655,False
2025-11-09,5,2193681000,6.792,0,6.797499999999999,-0.005499999999999616,0.005499999999999616,-0.01460546259683096,False
2025-11-09,6,2193681000,6.8,0,6.8565000000000005,-0.05650000000000066,0.05650000000000066,-0.14975577980673643,False
2025-11-09,7,2193681000,2.441,0,3.2185,-0.7775000000000003,0.7775000000000003,-0.4953791283777978,False
2025-11-09,8,2193681000,0.0,0,0.0005,-0.0005,0.0005,-0.948681498053929,False
2025-11-09,9,2193681000,0.001,0,0.0,0.001,0.001,1.9364879231109704,False
2025-11-09,10,2193681000,0.0,0,0.0005,-0.0005,0.0005,-0.9486814980539292,False
2025-11-09,11,2193681000,0.0,0,0.0,0.0,0.0,0.0,False
2025-11-09,12,2193681000,0.001,0,0.001,0.0,0.0,0.0,False
2025-11-09,13,2193681000,0.0,0,0.0,0.0,0.0,0.0,False
2025-11-09,14,2193681000,0.001,0,0.0005,0.0005,0.0005,0.948681498053929,False
2025-11-09,15,2193681000,0.0,0,0.0005,-0.0005,0.0005,-0.948681498053929,False
2025-11-09,16,2193681000,0.001,0,0.0005,0.0005,0.0005,0.948681498053929,False
2025-11-09,17,2193681000,3.276,0,3.8015,-0.5255000000000001,0.5255000000000001,-0.47531909869802164,False
2025-11-09,18,2193681000,6.379,0,6.408,-0.029000000000000803,0.029000000000000803,-0.08465967152393572,False
2025-11-09,19,2193681000,6.425,0,6.458500000000001,-0.03350000000000097,0.03350000000000097,-0.09681974861963007,False
2025-11-09,20,2193681000,6.434,0,6.513,-0.07899999999999974,0.07899999999999974,-0.22517426927341222,False
2025-11-09,21,2193681000,6.441,0,6.516,-0.07500000000000018,0.07500000000000018,-0.20540489380914106,False
2025-11-09,22,2193681000,6.559,0,6.605,-0.04600000000000026,0.04600000000000026,-0.12668772172253134,False
2025-11-09,23,2193681000,6.667,0,6.6785,-0.011499999999999844,0.011499999999999844,-0.033258508339698636,False
2025-11-10,0,2193681000,6.653,0,6.7285,-0.07550000000000079,0.07550000000000079,-0.2491081241507425,False
2025-11-10,1,2193681000,6.694,0,6.7425,-0.048499999999999766,0.048499999999999766,-0.15074186677103799,False
2025-11-10,2,2193681000,6.741,0,6.7669999999999995,-0.0259999999999998,0.0259999999999998,-0.0783554451914719,False
2025-11-10,3,2193681000,6.762,0,6.8255,-0.06350000000000033,0.06350000000000033,-0.19233055800512544,False
2025-11-10,4,2193681000,6.776,0,6.8445,-0.06850000000000023,0.06850000000000023,-0.19737071450043167,False
2025-11-10,5,2193681000,6.748,0,6.804,-0.05600000000000005,0.05600000000000005,-0.16709783341861528,False
2025-11-10,6,2193681000,6.723,0,6.727,-0.004000000000000448,0.004000000000000448,-0.013024363985164501,False
2025-11-10,7,2193681000,2.518,0,3.2065,-0.6885000000000003,0.6885000000000003,-0.5699578776153595,False
2025-11-10,8,2193681000,0.001,0,0.001,0.0,0.0,0.0,False
2025-11-10,9,2193681000,0.0,0,0.0,0.0,0.0,0.0,False
2025-11-10,10,2193681000,0.001,0,0.001,0.0,0.0,0.0,False
2025-11-10,11,2193681000,0.0,0,0.0,0.0,0.0,0.0,False
2025-11-10,12,2193681000,0.001,0,0.001,0.0,0.0,0.0,False
2025-11-10,13,2193681000,0.0,0,0.0,0.0,0.0,0.0,False
2025-11-10,14,2193681000,0.0,0,0.001,-0.001,0.001,-1.9591755404412108,False
2025-11-10,15,2193681000,0.001,0,0.0,0.001,0.001,2.126920374688412,False
2025-11-10,16,2193681000,0.0,0,0.001,-0.001,0.001,-0.0019051264633982254,False
2025-11-10,17,2193681000,3.432,0,3.8035,-0.37150000000000016,0.37150000000000016,-0.4194461534056961,False
2025-11-10,18,2193681000,6.468,0,6.4350000000000005,0.032999999999999474,0.032999999999999474,0.11086646473291997,False
2025-11-10,19,2193681000,6.532,0,6.481,0.051000000000000156,0.051000000000000156,0.17102131592870332,False
2025-11-10,20,2193681000,6.559,0,6.539,0.020000000000000462,0.020000000000000462,0.06926013182633521,False
2025-11-10,21,2193681000,6.602,0,6.582,0.020000000000000462,0.020000000000000462,0.06856344215466126,False
2025-11-10,22,2193681000,6.618,0,6.6205,-0.0024999999999995026,0.0024999999999995026,-0.008458752193680662,False
2025-11-10,23,2193681000,6.649,0,6.663,-0.014000000000000234,0.014000000000000234,-0.045848188040249246,False
2025-11-11,0,2193681000,6.717,0,6.7285,-0.011500000000000732,0.011500000000000732,-0.03794362155938663,False
2025-11-11,1,2193681000,6.788,0,6.7425,0.04550000000000054,0.04550000000000054,0.14141762758932666,False
2025-11-11,2,2193681000,6.859,0,6.7669999999999995,0.09200000000000053,0.09200000000000053,0.27725772913905816,False
2025-11-11,3,2193681000,6.863,0,6.8255,0.03750000000000053,0.03750000000000053,0.11358103819200423,False
2025-11-11,4,2193681000,6.881,0,6.8445,0.0365000000000002,0.0365000000000002,0.1051683369235879,False
2025-11-11,5,2193681000,6.841,0,6.804,0.03699999999999992,0.03699999999999992,0.11040392565158476,False
2025-11-11,6,2193681000,6.805,0,6.727,0.0779999999999994,0.0779999999999994,0.2539750977106774,False
2025-11-11,7,2193681000,2.664,0,3.2065,-0.5425,0.5425,-0.4490953501907515,False
2025-11-11,8,2193681000,0.0,0,0.001,-0.001,0.001,-1.9591755404412103,False
2025-11-11,9,2193681000,0.001,0,0.0,0.001,0.001,2.126920374688412,False
2025-11-11,10,2193681000,0.0,0,0.001,-0.001,0.001,-1.9591755404412108,False
2025-11-11,11,2193681000,0.001,0,0.0,0.001,0.001,1.9591755404412103,False
2025-11-11,12,2193681000,0.0,0,0.001,-0.001,0.001,-0.005904400082965252,False
2025-11-11,13,2193681000,0.001,0,0.0,0.001,0.001,0.002935077852014361,False
2025-11-11,14,2193681000,0.0,0,0.001,-0.001,0.001,-1.9591755404412108,False
2025-11-11,15,2193681000,0.0,0,0.0,0.0,0.0,0.0,False
2025-11-11,16,2193681000,0.001,0,0.001,0.0,0.0,0.0,False
2025-11-11,17,2193681000,3.486,0,3.8035,-0.3174999999999999,0.3174999999999999,-0.3584768605822568,False
2025-11-11,18,2193681000,6.409,0,6.4350000000000005,-0.02600000000000069,0.02600000000000069,-0.08734933585018308,False
2025-11-11,19,2193681000,6.432,0,6.481,-0.04899999999999949,0.04899999999999949,-0.16431459765698725,False
2025-11-11,20,2193681000,6.445,0,6.539,-0.09399999999999942,0.09399999999999942,-0.325522619583766,False
2025-11-11,21,2193681000,6.519,0,6.582,-0.06299999999999972,0.06299999999999972,-0.21597484278717702,False
2025-11-11,22,2193681000,6.588,0,6.6205,-0.03249999999999975,0.03249999999999975,-0.10996377851786963,False
2025-11-11,23,2193681000,6.633,0,6.663,-0.03000000000000025,0.03000000000000025,-0.0982461172291047,False
2025-11-12,0,2193681000,6.675,0,6.7285,-0.05350000000000055,0.05350000000000055,-0.17652032638496318,False
2025-11-12,1,2193681000,6.668,0,6.7425,-0.07449999999999957,0.07449999999999957,-0.23155193967922305,False
2025-11-12,2,2193681000,6.711,0,6.7669999999999995,-0.05599999999999916,0.05599999999999916,-0.16876557425855365,False
2025-11-12,3,2193681000,6.706,0,6.8255,-0.1194999999999995,0.1194999999999995,-0.36194490837184684,False
2025-11-12,4,2193681000,6.717,0,6.8445,-0.1275000000000004,0.1275000000000004,-0.3673688481577377,False
2025-11-12,5,2193681000,6.689,0,6.804,-0.11500000000000021,0.11500000000000021,-0.3431473364846567,False
2025-11-12,6,2193681000,6.677,0,6.727,-0.05000000000000071,0.05000000000000071,-0.16280454981454037,False
2025-11-12,7,2193681000,2.734,0,3.2065,-0.47250000000000014,0.47250000000000014,-0.39114756306936427,False
2025-11-12,8,2193681000,0.001,0,0.001,0.0,0.0,0.0,False
2025-11-12,9,2193681000,0.0,0,0.0,0.0,0.0,0.0,False
2025-11-12,10,2193681000,0.001,0,0.001,0.0,0.0,0.0,False
2025-11-12,11,2193681000,0.0,0,0.0,0.0,0.0,0.0,False
2025-11-12,12,2193681000,0.001,0,0.001,0.0,0.0,0.0,False
2025-11-12,13,2193681000,0.0,0,0.0,0.0,0.0,0.0,False
2025-11-12,14,2193681000,0.0,0,0.001,-0.001,0.001,-1.9591755404412108,False
2025-11-12,15,2193681000,0.001,0,0.0,0.001,0.001,2.126920374688412,False
2025-11-12,16,2193681000,0.0,0,0.001,-0.001,0.001,-0.0019051264633982254,False
2025-11-12,17,2193681000,3.63,0,3.8035,-0.1735000000000002,0.1735000000000002,-0.19589207971975323,False
2025-11-12,18,2193681000,6.411,0,6.4350000000000005,-0.02400000000000091,0.02400000000000091,-0.08063015616940068,False
2025-11-12,19,2193681000,6.474,0,6.481,-0.006999999999999673,0.006999999999999673,-0.023473513950997327,False
2025-11-12,20,2193681000,6.499,0,6.539,-0.040000000000000036,0.040000000000000036,-0.13852026365266737,False
2025-11-12,21,2193681000,6.529,0,6.582,-0.052999999999999936,0.052999999999999936,-0.18169312170984792,False
2025-11-12,22,2193681000,6.581,0,6.6205,-0.039499999999999424,0.039499999999999424,-0.13364828466017908,False
2025-11-12,23,2193681000,6.564,0,6.663,-0.0990000000000002,0.0990000000000002,-0.32421218685604347,False
2025-11-13,0,2193681000,6.65,0,6.7285,-0.07850000000000001,0.07850000000000001,-0.25900646020970974,False
2025-11-13,1,2193681000,6.71,0,6.7425,-0.03249999999999975,0.03249999999999975,-0.10101259113523135,False
2025-11-13,2,2193681000,6.708,0,6.7669999999999995,-0.058999999999999275,0.058999999999999275,-0.17780658716526235,False
2025-11-13,3,2193681000,6.742,0,6.8255,-0.08349999999999991,0.08349999999999991,-0.25290711170752556,False
2025-11-13,4,2193681000,6.751,0,6.8445,-0.0934999999999997,0.0934999999999997,-0.26940382198233925,False
2025-11-13,5,2193681000,6.737,0,6.804,-0.06700000000000017,0.06700000000000017,-0.1999206221258436,False
2025-11-13,6,2193681000,6.688,0,6.727,-0.03900000000000059,0.03900000000000059,-0.1269875488553416,False
2025-11-13,7,2193681000,2.963,0,3.2065,-0.24350000000000005,0.24350000000000005,-0.20157551662939724,False
2025-11-13,8,2193681000,0.0,0,0.001,-0.001,0.001,-1.9591755404412103,False
2025-11-13,9,2193681000,0.001,0,0.0,0.001,0.001,2.126920374688412,False
2025-11-13,10,2193681000,0.0,0,0.001,-0.001,0.001,-1.9591755404412108,False
2025-11-13,11,2193681000,0.001,0,0.0,0.001,0.001,1.9591755404412103,False
2025-11-13,12,2193681000,0.758,0,0.001,0.757,0.757,4.469630862804695,True
2025-11-13,13,2193681000,1.524,0,0.0,1.524,1.524,4.473058646469886,True
2025-11-13,14,2193681000,0.001,0,0.001,0.0,0.0,0.0,False
2025-11-13,15,2193681000,0.0,0,0.0,0.0,0.0,0.0,False
2025-11-13,16,2193681000,0.001,0,0.001,0.0,0.0,0.0,False
2025-11-13,17,2193681000,3.637,0,3.8035,-0.1665000000000001,0.1665000000000001,-0.18798865287227026,False
2025-11-13,18,2193681000,6.243,0,6.4350000000000005,-0.19200000000000017,0.19200000000000017,-0.6450412493551816,False
2025-11-13,19,2193681000,6.287,0,6.481,-0.19399999999999995,0.19399999999999995,-0.6505516723562418,False
2025-11-13,20,2193681000,6.26,0,6.539,-0.2789999999999999,0.2789999999999999,-0.9661788389773537,False
2025-11-13,21,2193681000,6.287,0,6.582,-0.29499999999999993,0.29499999999999993,-1.01131077178123,False
2025-11-13,22,2193681000,6.351,0,6.6205,-0.26949999999999985,0.26949999999999985,-0.9118534864789561,False
2025-11-13,23,2193681000,6.414,0,6.663,-0.24900000000000055,0.24900000000000055,-0.815442773001564,False
2025-11-14,0,2193681000,6.415,0,6.7285,-0.31350000000000033,0.31350000000000033,-1.0343761181623448,False
2025-11-14,1,2193681000,6.469,0,6.7425,-0.2734999999999994,0.2734999999999994,-0.8500598053995669,False
2025-11-14,2,2193681000,6.532,0,6.7669999999999995,-0.23499999999999943,0.23499999999999943,-0.7082126776921537,False
2025-11-14,3,2193681000,6.594,0,6.8255,-0.2314999999999996,0.2314999999999996,-0.7011736091052949,False
2025-11-14,4,2193681000,6.614,0,6.8445,-0.23050000000000015,0.23050000000000015,-0.6641452509832025,False
2025-11-14,5,2193681000,6.581,0,6.804,-0.22299999999999986,0.22299999999999986,-0.6654074437919848,False
2025-11-14,6,2193681000,6.54,0,6.727,-0.18700000000000028,0.18700000000000028,-0.6088890163063732,False
2025-11-14,7,2193681000,2.993,0,3.2065,-0.21350000000000025,0.21350000000000025,-0.17674075072023143,False
2025-11-14,8,2193681000,0.0,0,0.001,-0.001,0.001,-1.9591755404412103,False
2025-11-14,9,2193681000,0.001,0,0.0,0.001,0.001,2.126920374688412,False
2025-11-14,10,2193681000,0.0,0,0.001,-0.001,0.001,-1.9591755404412108,False
2025-11-14,11,2193681000,0.001,0,0.0,0.001,0.001,1.9591755404412103,False
2025-11-14,12,2193681000,0.0,0,0.001,-0.001,0.001,-0.005904400082965252,False
2025-11-14,13,2193681000,0.0,0,0.0,0.0,0.0,0.0,False
2025-11-14,14,2193681000,0.001,0,0.001,0.0,0.0,0.0,False
2025-11-14,15,2193681000,0.0,0,0.0,0.0,0.0,0.0,False
2025-11-14,16,2193681000,0.001,0,0.001,0.0,0.0,0.0,False
2025-11-14,17,2193681000,3.586,0,3.8035,-0.21750000000000025,0.21750000000000025,-0.24557076276107392,False
2025-11-14,18,2193681000,6.226,0,6.4350000000000005,-0.20900000000000052,0.20900000000000052,-0.7021542766418394,False
2025-11-14,19,2193681000,6.335,0,6.481,-0.1459999999999999,0.1459999999999999,-0.48959043383510964,False
2025-11-14,20,2193681000,6.345,0,6.539,-0.19399999999999995,0.19399999999999995,-0.6718232787154359,False
2025-11-14,21,2193681000,6.379,0,6.582,-0.2030000000000003,0.2030000000000003,-0.6959189378697966,False
2025-11-14,22,2193681000,6.418,0,6.6205,-0.20249999999999968,0.20249999999999968,-0.6851589276882688,False
2025-11-14,23,2193681000,6.51,0,6.663,-0.15300000000000047,0.15300000000000047,-0.5010551978684313,False
2025-11-15,0,2193681000,6.473,0,6.6425,-0.1695000000000002,0.1695000000000002,-0.4703181955582021,False
2025-11-15,1,2193681000,6.52,0,6.7445,-0.2245000000000008,0.2245000000000008,-0.5947196639551964,False
2025-11-15,2,2193681000,6.554,0,6.8095,-0.2554999999999996,0.2554999999999996,-0.6762860257931439,False
2025-11-15,3,2193681000,6.622,0,6.7795,-0.15749999999999975,0.15749999999999975,-0.42674571603655076,False
2025-11-15,4,2193681000,6.614,0,6.8065,-0.1924999999999999,0.1924999999999999,-0.5152312296778748,False
2025-11-15,5,2193681000,6.571,0,6.797499999999999,-0.2264999999999997,0.2264999999999997,-0.6014795051240798,False
2025-11-15,6,2193681000,6.56,0,6.8565000000000005,-0.2965000000000009,0.2965000000000009,-0.7858865258884418,False
2025-11-15,7,2193681000,3.099,0,3.2185,-0.11949999999999994,0.11949999999999994,-0.07613865703041386,False
2025-11-15,8,2193681000,0.001,0,0.0005,0.0005,0.0005,0.948681498053929,False
2025-11-15,9,2193681000,0.0,0,0.0,0.0,0.0,0.0,False
2025-11-15,10,2193681000,0.0,0,0.0005,-0.0005,0.0005,-0.9486814980539292,False
2025-11-15,11,2193681000,0.001,0,0.0,0.001,0.001,1.9364879231109704,False
2025-11-15,12,2193681000,0.0,0,0.001,-0.001,0.001,-1.93648792311097,False
2025-11-15,13,2193681000,0.001,0,0.0,0.001,0.001,2.0701923923216494,False
2025-11-15,14,2193681000,0.0,0,0.0005,-0.0005,0.0005,-0.948681498053929,False
2025-11-15,15,2193681000,0.001,0,0.0005,0.0005,0.0005,0.948681498053929,False
2025-11-15,16,2193681000,0.0,0,0.0005,-0.0005,0.0005,-0.948681498053929,False
2025-11-15,17,2193681000,3.683,0,3.8015,-0.11850000000000005,0.11850000000000005,-0.10718423062933508,False
2025-11-15,18,2193681000,6.131,0,6.408,-0.27700000000000014,0.27700000000000014,-0.8086458280044674,False
2025-11-15,19,2193681000,6.188,0,6.458500000000001,-0.2705000000000011,0.2705000000000011,-0.7817833433316201,False
2025-11-15,20,2193681000,6.221,0,6.513,-0.2919999999999998,0.2919999999999998,-0.8322897041498297,False
2025-11-15,21,2193681000,6.237,0,6.516,-0.2789999999999999,0.2789999999999999,-0.7641062049700027,False
2025-11-15,22,2193681000,6.298,0,6.605,-0.3070000000000004,0.3070000000000004,-0.8455028384525425,False
2025-11-15,23,2193681000,6.373,0,6.6785,-0.30549999999999944,0.30549999999999944,-0.8835195041546133,False
2025-11-16,0,2193681000,6.366,0,6.6425,-0.2765000000000004,0.2765000000000004,-0.767215227562495,False
2025-11-16,1,2193681000,6.427,0,6.7445,-0.3175000000000008,0.3175000000000008,-0.841084602698328,False
2025-11-16,2,2193681000,6.499,0,6.8095,-0.3105000000000002,0.3105000000000002,-0.821866187901259,False
2025-11-16,3,2193681000,6.663,0,6.7795,-0.11649999999999938,0.11649999999999938,-0.3156563550365586,False
2025-11-16,4,2193681000,6.74,0,6.8065,-0.06649999999999956,0.06649999999999956,-0.1779889702523557,False
2025-11-16,5,2193681000,6.735,0,6.797499999999999,-0.06249999999999911,0.06249999999999911,-0.1659711658730883,False
2025-11-16,6,2193681000,6.742,0,6.8565000000000005,-0.11450000000000049,0.11450000000000049,-0.3034873767764813,False
2025-11-16,7,2193681000,3.338,0,3.2185,0.11949999999999994,0.11949999999999994,0.07613865703041386,False
2025-11-16,8,2193681000,0.001,0,0.0005,0.0005,0.0005,0.948681498053929,False
2025-11-16,9,2193681000,0.0,0,0.0,0.0,0.0,0.0,False
2025-11-16,10,2193681000,0.001,0,0.0005,0.0005,0.0005,0.9486814980539292,False
2025-11-16,11,2193681000,0.0,0,0.0,0.0,0.0,0.0,False
2025-11-16,12,2193681000,0.001,0,0.001,0.0,0.0,0.0,False
2025-11-16,13,2193681000,0.0,0,0.0,0.0,0.0,0.0,False
2025-11-16,14,2193681000,0.0,0,0.0005,-0.0005,0.0005,-0.948681498053929,False
2025-11-16,15,2193681000,0.001,0,0.0005,0.0005,0.0005,0.948681498053929,False
2025-11-16,16,2193681000,0.0,0,0.0005,-0.0005,0.0005,-0.948681498053929,False
2025-11-16,17,2193681000,3.92,0,3.8015,0.11850000000000005,0.11850000000000005,0.10718423062933508,False
2025-11-16,18,2193681000,6.408,0,6.408,0.0,0.0,0.0,False
2025-11-16,19,2193681000,6.464,0,6.458500000000001,0.005499999999999616,0.005499999999999616,0.0158957796241168,False
2025-11-16,20,2193681000,6.497,0,6.513,-0.016000000000000014,0.016000000000000014,-0.04560491529588115,False
2025-11-16,21,2193681000,6.463,0,6.516,-0.052999999999999936,0.052999999999999936,-0.14515279162512582,False
2025-11-16,22,2193681000,6.592,0,6.605,-0.013000000000000789,0.013000000000000789,-0.03580305179115213,False
2025-11-16,23,2193681000,6.665,0,6.6785,-0.013499999999999623,0.013499999999999623,-0.03904259674660219,False
2025-11-17,0,2193681000,6.805,0,6.7285,0.07649999999999935,0.07649999999999935,0.25240756950372767,False
2025-11-17,1,2193681000,6.867,0,6.7425,0.12450000000000028,0.12450000000000028,0.38695592604112083,False
2025-11-17,2,2193681000,6.879,0,6.7669999999999995,0.1120000000000001,0.1120000000000001,0.33753114851711263,False
2025-11-17,3,2193681000,6.912,0,6.8255,0.08650000000000002,0.08650000000000002,0.2619935947628861,False
2025-11-17,4,2193681000,6.913,0,6.8445,0.06850000000000023,0.06850000000000023,0.19737071450043167,False
2025-11-17,5,2193681000,6.823,0,6.804,0.019000000000000128,0.019000000000000128,0.05669390776703052,False
2025-11-17,6,2193681000,6.713,0,6.727,-0.014000000000000234,0.014000000000000234,-0.045585273948071416,False
2025-11-17,7,2193681000,3.42,0,3.2065,0.2134999999999998,0.2134999999999998,0.17674075072023104,False
2025-11-17,8,2193681000,0.001,0,0.001,0.0,0.0,0.0,False
2025-11-17,9,2193681000,0.0,0,0.0,0.0,0.0,0.0,False
2025-11-17,10,2193681000,0.0,0,0.001,-0.001,0.001,-1.9591755404412108,False
2025-11-17,11,2193681000,0.001,0,0.0,0.001,0.001,1.9591755404412103,False
2025-11-17,12,2193681000,0.0,0,0.001,-0.001,0.001,-0.005904400082965252,False
2025-11-17,13,2193681000,0.001,0,0.0,0.001,0.001,0.002935077852014361,False
2025-11-17,14,2193681000,0.0,0,0.001,-0.001,0.001,-1.9591755404412108,False
2025-11-17,15,2193681000,0.001,0,0.0,0.001,0.001,2.126920374688412,False
2025-11-17,16,2193681000,0.0,0,0.001,-0.001,0.001,-0.0019051264633982254,False
2025-11-17,17,2193681000,3.97,0,3.8035,0.1665000000000001,0.1665000000000001,0.18798865287227026,False
2025-11-17,18,2193681000,6.351,0,6.4350000000000005,-0.08400000000000052,0.08400000000000052,-0.28220554659289343,False
2025-11-17,19,2193681000,6.458,0,6.481,-0.022999999999999687,0.022999999999999687,-0.07712726012470805,False
2025-11-17,20,2193681000,6.545,0,6.539,0.006000000000000227,0.006000000000000227,0.020778039547900872,False
2025-11-17,21,2193681000,6.585,0,6.582,0.0030000000000001137,0.0030000000000001137,0.010284516323199341,False
2025-11-17,22,2193681000,6.623,0,6.6205,0.002500000000000391,0.002500000000000391,0.008458752193683666,False
2025-11-17,23,2193681000,6.66,0,6.663,-0.0030000000000001137,0.0030000000000001137,-0.009824611722910761,False
2025-11-18,0,2193681000,6.739,0,6.7285,0.01049999999999951,0.01049999999999951,0.03464417620639267,False
2025-11-18,1,2193681000,6.665,0,6.7425,-0.07749999999999968,0.07749999999999968,-0.24087617886093715,False
2025-11-18,2,2193681000,6.719,0,6.7669999999999995,-0.047999999999999154,0.047999999999999154,-0.14465620650733133,False
2025-11-18,3,2193681000,6.744,0,6.8255,-0.08150000000000013,0.08150000000000013,-0.24684945633728608,False
2025-11-18,4,2193681000,6.745,0,6.8445,-0.09949999999999992,0.09949999999999992,-0.2866917677779981,False
2025-11-18,5,2193681000,6.712,0,6.804,-0.09200000000000053,0.09200000000000053,-0.2745178691877264,False
2025-11-18,6,2193681000,6.665,0,6.727,-0.06200000000000028,0.06200000000000028,-0.2018776417700281,False
2025-11-18,7,2193681000,3.484,0,3.2065,0.27749999999999986,0.27749999999999986,0.2297215846597852,False
2025-11-18,8,2193681000,0.001,0,0.001,0.0,0.0,0.0,False
2025-11-18,9,2193681000,0.0,0,0.0,0.0,0.0,0.0,False
2025-11-18,10,2193681000,0.0,0,0.001,-0.001,0.001,-1.9591755404412108,False
2025-11-18,11,2193681000,0.001,0,0.0,0.001,0.001,1.9591755404412103,False
2025-11-18,12,2193681000,0.0,0,0.001,-0.001,0.001,-0.005904400082965252,False
2025-11-18,13,2193681000,0.001,0,0.0,0.001,0.001,0.002935077852014361,False
2025-11-18,14,2193681000,0.0,0,0.001,-0.001,0.001,-1.9591755404412108,False
2025-11-18,15,2193681000,0.001,0,0.0,0.001,0.001,2.126920374688412,False
2025-11-18,16,2193681000,0.0,0,0.001,-0.001,0.001,-0.0019051264633982254,False
2025-11-18,17,2193681000,4.169,0,3.8035,0.3654999999999995,0.3654999999999995,0.4126717875364243,False
2025-11-18,18,2193681000,6.438,0,6.4350000000000005,0.0029999999999992255,0.0029999999999992255,0.010078769521172102,False
2025-11-18,19,2193681000,6.477,0,6.481,-0.0039999999999995595,0.0039999999999995595,-0.013413436543426194,False
2025-11-18,20,2193681000,6.533,0,6.539,-0.005999999999999339,0.005999999999999339,-0.020778039547897798,False
2025-11-18,21,2193681000,6.579,0,6.582,-0.0030000000000001137,0.0030000000000001137,-0.010284516323199341,False
2025-11-18,22,2193681000,6.689,0,6.6205,0.06850000000000023,0.06850000000000023,0.23176981010689698,False
2025-11-18,23,2193681000,6.666,0,6.663,0.0030000000000001137,0.0030000000000001137,0.009824611722910761,False
2025-11-19,0,2193681000,6.787,0,6.7285,0.05849999999999955,0.05849999999999955,0.19301755314990954,False
2025-11-19,1,2193681000,6.751,0,6.7425,0.008500000000000618,0.008500000000000618,0.02641867768152417,False
2025-11-19,2,2193681000,6.764,0,6.7669999999999995,-0.0029999999999992255,0.0029999999999992255,-0.009041012906706032,False
2025-11-19,3,2193681000,7.232,0,6.8255,0.4065000000000003,0.4065000000000003,1.2312184540013094,False
2025-11-19,4,2193681000,7.531,0,6.8445,0.6864999999999997,0.6864999999999997,1.9780291314532237,False
2025-11-19,5,2193681000,7.428,0,6.804,0.6239999999999997,0.6239999999999997,1.8619472866645677,False
2025-11-19,6,2193681000,7.262,0,6.727,0.5349999999999993,0.5349999999999993,1.7420086830155548,False
2025-11-19,7,2193681000,4.039,0,3.2065,0.8324999999999996,0.8324999999999996,0.6891647539793556,False
2025-11-19,8,2193681000,0.0,0,0.001,-0.001,0.001,-1.9591755404412103,False
2025-11-19,9,2193681000,0.0,0,0.0,0.0,0.0,0.0,False
2025-11-19,10,2193681000,0.001,0,0.001,0.0,0.0,0.0,False
2025-11-19,11,2193681000,0.0,0,0.0,0.0,0.0,0.0,False
2025-11-19,12,2193681000,0.001,0,0.001,0.0,0.0,0.0,False
2025-11-19,13,2193681000,0.0,0,0.0,0.0,0.0,0.0,False
2025-11-19,14,2193681000,0.001,0,0.001,0.0,0.0,0.0,False
2025-11-19,15,2193681000,0.0,0,0.0,0.0,0.0,0.0,False
2025-11-19,16,2193681000,0.001,0,0.001,0.0,0.0,0.0,False
2025-11-19,17,2193681000,4.504,0,3.8035,0.7004999999999995,0.7004999999999995,0.7909072152373883,False
2025-11-19,18,2193681000,6.939,0,6.4350000000000005,0.5039999999999996,0.5039999999999996,1.6932332795573486,False
2025-11-19,19,2193681000,7.002,0,6.481,0.5209999999999999,0.5209999999999999,1.7471001097814538,False
2025-11-19,20,2193681000,6.993,0,6.539,0.4540000000000006,0.4540000000000006,1.5722049924577752,False
2025-11-19,21,2193681000,7.093,0,6.582,0.5110000000000001,0.5110000000000001,1.7517959470515552,False
2025-11-19,22,2193681000,6.926,0,6.6205,0.3055000000000003,0.3055000000000003,1.0336595180679835,False
2025-11-19,23,2193681000,7.149,0,6.663,0.48599999999999977,0.48599999999999977,1.5915870991114822,False
2025-11-20,0,2193681000,7.224,0,6.7285,0.49549999999999983,0.49549999999999983,1.6348751724065107,False
2025-11-20,1,2193681000,7.272,0,6.7425,0.5295000000000005,0.5295000000000005,1.6457282155724757,False
2025-11-20,2,2193681000,7.358,0,6.7669999999999995,0.5910000000000002,0.5910000000000002,1.7810795426215487,False
2025-11-20,3,2193681000,7.381,0,6.8255,0.5555000000000003,0.5555000000000003,1.6825137790841997,False
2025-11-20,4,2193681000,7.406,0,6.8445,0.5614999999999997,0.5614999999999997,1.617863594043678,False
2025-11-20,5,2193681000,7.335,0,6.804,0.5309999999999997,0.5309999999999997,1.5844455275943676,False
2025-11-20,6,2193681000,7.245,0,6.727,0.5179999999999998,0.5179999999999998,1.6866551360786135,False
2025-11-20,7,2193681000,4.107,0,3.2065,0.9005000000000001,0.9005000000000001,0.7454568900401323,False
2025-11-20,8,2193681000,0.001,0,0.001,0.0,0.0,0.0,False
2025-11-20,9,2193681000,0.0,0,0.0,0.0,0.0,0.0,False
2025-11-20,10,2193681000,0.001,0,0.001,0.0,0.0,0.0,False
2025-11-20,11,2193681000,0.0,0,0.0,0.0,0.0,0.0,False
2025-11-20,12,2193681000,0.001,0,0.001,0.0,0.0,0.0,False
2025-11-20,13,2193681000,0.0,0,0.0,0.0,0.0,0.0,False
2025-11-20,14,2193681000,0.001,0,0.001,0.0,0.0,0.0,False
2025-11-20,15,2193681000,0.0,0,0.0,0.0,0.0,0.0,False
2025-11-20,16,2193681000,0.001,0,0.001,0.0,0.0,0.0,False
2025-11-20,17,2193681000,4.625,0,3.8035,0.8214999999999999,0.8214999999999999,0.9275235936010205,False
2025-11-20,18,2193681000,6.947,0,6.4350000000000005,0.5119999999999996,0.5119999999999996,1.7201099982804813,False
2025-11-20,19,2193681000,7.051,0,6.481,0.5700000000000003,0.5700000000000003,1.911414707438444,False
2025-11-20,20,2193681000,7.05,0,6.539,0.5110000000000001,0.5110000000000001,1.7695963681628244,False
2025-11-20,21,2193681000,7.081,0,6.582,0.49900000000000055,0.49900000000000055,1.7106578817587608,False
2025-11-20,22,2193681000,7.206,0,6.6205,0.5855000000000006,0.5855000000000006,1.981039763760407,False
2025-11-20,23,2193681000,7.201,0,6.663,0.5379999999999994,0.5379999999999994,1.761880368975261,False
2025-11-21,0,2193681000,7.325,0,6.7285,0.5964999999999998,0.5964999999999998,1.9681191530584938,False
2025-11-21,1,2193681000,7.403,0,6.7425,0.6604999999999999,0.6604999999999999,2.05288665984064,False
2025-11-21,2,2193681000,7.478,0,6.7669999999999995,0.7110000000000003,0.7110000000000003,2.142720058889884,False
2025-11-21,3,2193681000,7.495,0,6.8255,0.6695000000000002,0.6695000000000002,2.0278001351878876,False
2025-11-21,4,2193681000,7.513,0,6.8445,0.6684999999999999,0.6684999999999999,1.9261652940662497,False
2025-11-21,5,2193681000,7.458,0,6.804,0.6539999999999999,0.6539999999999999,1.9514639831388263,False
2025-11-21,6,2193681000,7.351,0,6.727,0.6239999999999997,0.6239999999999997,2.0318007816854338,False
2025-11-21,7,2193681000,4.323,0,3.2065,1.1165000000000003,1.1165000000000003,0.9242672045861274,False
2025-11-21,8,2193681000,0.0,0,0.001,-0.001,0.001,-1.9591755404412103,False
2025-11-21,9,2193681000,0.001,0,0.0,0.001,0.001,2.126920374688412,False
2025-11-21,10,2193681000,0.0,0,0.001,-0.001,0.001,-1.9591755404412108,False
2025-11-21,11,2193681000,0.001,0,0.0,0.001,0.001,1.9591755404412103,False
2025-11-21,12,2193681000,0.0,0,0.001,-0.001,0.001,-0.005904400082965252,False
2025-11-21,13,2193681000,0.001,0,0.0,0.001,0.001,0.002935077852014361,False
2025-11-21,14,2193681000,0.0,0,0.001,-0.001,0.001,-1.9591755404412108,False
2025-11-21,15,2193681000,0.001,0,0.0,0.001,0.001,2.126920374688412,False
2025-11-21,16,2193681000,0.0,0,0.001,-0.001,0.001,-0.0019051264633982254,False
2025-11-21,17,2193681000,4.726,0,3.8035,0.9224999999999999,0.9224999999999999,1.0415587524004155,False
2025-11-21,18,2193681000,6.976,0,6.4350000000000005,0.5409999999999995,0.5409999999999995,1.8175381036518363,False
2025-11-21,19,2193681000,7.076,0,6.481,0.5949999999999998,0.5949999999999998,1.995248685834865,False
2025-11-21,20,2193681000,7.073,0,6.539,0.5340000000000007,0.5340000000000007,1.84924551976311,False
2025-11-21,21,2193681000,7.13,0,6.582,0.548,0.548,1.8786383150376753,False
2025-11-21,22,2193681000,7.245,0,6.6205,0.6245000000000003,0.6245000000000003,2.1129962979818506,False
2025-11-21,23,2193681000,7.285,0,6.663,0.6219999999999999,0.6219999999999999,2.0369694972167536,False
2025-11-22,0,2193681000,7.185,0,6.6425,0.5424999999999995,0.5424999999999995,1.5052956996479299,False
2025-11-22,1,2193681000,7.306,0,6.7445,0.5614999999999997,0.5614999999999997,1.487461431228692,False
2025-11-22,2,2193681000,7.408,0,6.8095,0.5985000000000005,0.5985000000000005,1.5841768549401078,False
2025-11-22,3,2193681000,7.465,0,6.7795,0.6855000000000002,0.6855000000000002,1.8573599259876576,False
2025-11-22,4,2193681000,7.516,0,6.8065,0.7095000000000002,0.7095000000000002,1.8989951036698833,False
2025-11-22,5,2193681000,7.472,0,6.797499999999999,0.674500000000001,0.674500000000001,1.791160822102397,False
2025-11-22,6,2193681000,7.478,0,6.8565000000000005,0.6214999999999993,0.6214999999999993,1.6473135778740795,False
2025-11-22,7,2193681000,4.514,0,3.2185,1.2955,1.2955,0.825419499438504,False
2025-11-22,8,2193681000,0.001,0,0.0005,0.0005,0.0005,0.948681498053929,False
2025-11-22,9,2193681000,0.0,0,0.0,0.0,0.0,0.0,False
2025-11-22,10,2193681000,0.001,0,0.0005,0.0005,0.0005,0.9486814980539292,False
2025-11-22,11,2193681000,0.0,0,0.0,0.0,0.0,0.0,False
2025-11-22,12,2193681000,0.001,0,0.001,0.0,0.0,0.0,False
2025-11-22,13,2193681000,0.0,0,0.0,0.0,0.0,0.0,False
2025-11-22,14,2193681000,0.001,0,0.0005,0.0005,0.0005,0.948681498053929,False
2025-11-22,15,2193681000,0.0,0,0.0005,-0.0005,0.0005,-0.948681498053929,False
2025-11-22,16,2193681000,0.001,0,0.0005,0.0005,0.0005,0.948681498053929,False
2025-11-22,17,2193681000,4.856,0,3.8015,1.0545,1.0545,0.9538039763597788,False
2025-11-22,18,2193681000,7.058,0,6.408,0.6499999999999995,0.6499999999999995,1.8975443617433325,False
2025-11-22,19,2193681000,7.124,0,6.458500000000001,0.6654999999999989,0.6654999999999989,1.9233893345182633,False
2025-11-22,20,2193681000,7.162,0,6.513,0.649,0.649,1.8498493766891775,False
2025-11-22,21,2193681000,7.203,0,6.516,0.6870000000000003,0.6870000000000003,1.8815088272917284,False
2025-11-22,22,2193681000,7.238,0,6.605,0.633,0.633,1.743333214138302,False
2025-11-22,23,2193681000,7.204,0,6.6785,0.5255000000000001,0.5255000000000001,1.519769228914076,False
2025-11-23,0,2193681000,7.301,0,6.6425,0.6585000000000001,0.6585000000000001,1.8271653792039868,False
2025-11-23,1,2193681000,7.359,0,6.7445,0.6144999999999996,0.6144999999999996,1.6278629554586486,False
2025-11-23,2,2193681000,7.434,0,6.8095,0.6245000000000003,0.6245000000000003,1.65299656793667,False
2025-11-23,3,2193681000,7.471,0,6.7795,0.6915000000000004,0.6915000000000004,1.8736169056461938,False
2025-11-23,4,2193681000,7.468,0,6.8065,0.6615000000000002,0.6615000000000002,1.7705218619839715,False
2025-11-23,5,2193681000,7.464,0,6.797499999999999,0.666500000000001,0.666500000000001,1.7699165128706413,False
2025-11-23,6,2193681000,7.478,0,6.8565000000000005,0.6214999999999993,0.6214999999999993,1.6473135778740795,False
2025-11-23,7,2193681000,4.71,0,3.2185,1.4914999999999998,1.4914999999999998,0.9502996398398521,False
2025-11-23,8,2193681000,0.0,0,0.0005,-0.0005,0.0005,-0.948681498053929,False
2025-11-23,9,2193681000,0.001,0,0.0,0.001,0.001,1.9364879231109704,False
2025-11-23,10,2193681000,0.0,0,0.0005,-0.0005,0.0005,-0.9486814980539292,False
2025-11-23,11,2193681000,0.001,0,0.0,0.001,0.001,1.9364879231109704,False
2025-11-23,12,2193681000,0.0,0,0.001,-0.001,0.001,-1.93648792311097,False
2025-11-23,13,2193681000,0.001,0,0.0,0.001,0.001,2.0701923923216494,False
2025-11-23,14,2193681000,0.0,0,0.0005,-0.0005,0.0005,-0.948681498053929,False
2025-11-23,15,2193681000,0.001,0,0.0005,0.0005,0.0005,0.948681498053929,False
2025-11-23,16,2193681000,0.0,0,0.0005,-0.0005,0.0005,-0.948681498053929,False
2025-11-23,17,2193681000,4.964,0,3.8015,1.1625000000000005,1.1625000000000005,1.0514908700979073,False
2025-11-23,18,2193681000,7.067,0,6.408,0.6589999999999998,0.6589999999999998,1.9238180529059337,False
2025-11-23,19,2193681000,7.116,0,6.458500000000001,0.6574999999999989,0.6574999999999989,1.9002682005195464,False
2025-11-23,20,2193681000,7.067,0,6.513,0.5540000000000003,0.5540000000000003,1.5790701921198842,False
2025-11-23,21,2193681000,7.165,0,6.516,0.649,0.649,1.7774370144284297,False
2025-11-23,22,2193681000,7.239,0,6.605,0.6339999999999995,0.6339999999999995,1.746087295045312,False
2025-11-23,23,2193681000,7.284,0,6.6785,0.6055000000000001,0.6055000000000001,1.7511327651902437,False
2025-11-24,0,2193681000,7.386,0,6.7285,0.6574999999999998,0.6574999999999998,2.1693853195908797,False
2025-11-24,1,2193681000,7.376,0,6.7425,0.6335000000000006,0.6335000000000006,1.9689685072052188,False
2025-11-24,2,2193681000,7.428,0,6.7669999999999995,0.6610000000000005,0.6610000000000005,1.9920365104447448,False
2025-11-24,3,2193681000,7.394,0,6.8255,0.5685000000000002,0.5685000000000002,1.7218885389907603,False
2025-11-24,4,2193681000,7.415,0,6.8445,0.5705,0.5705,1.6437955127371662,False
2025-11-24,5,2193681000,7.357,0,6.804,0.5529999999999999,0.5529999999999999,1.6500911050088243,False
2025-11-24,6,2193681000,7.284,0,6.727,0.5569999999999995,0.5569999999999995,1.8136426849339522,False
2025-11-24,7,2193681000,4.641,0,3.2065,1.4344999999999999,1.4344999999999999,1.1875157232232865,False
2025-11-24,8,2193681000,0.001,0,0.001,0.0,0.0,0.0,False
2025-11-24,9,2193681000,0.0,0,0.0,0.0,0.0,0.0,False
2025-11-24,10,2193681000,0.001,0,0.001,0.0,0.0,0.0,False
2025-11-24,11,2193681000,0.0,0,0.0,0.0,0.0,0.0,False
2025-11-24,12,2193681000,0.001,0,0.001,0.0,0.0,0.0,False
2025-11-24,13,2193681000,0.0,0,0.0,0.0,0.0,0.0,False
2025-11-24,14,2193681000,0.001,0,0.001,0.0,0.0,0.0,False
2025-11-24,15,2193681000,0.0,0,0.0,0.0,0.0,0.0,False
2025-11-24,16,2193681000,0.001,0,0.001,0.0,0.0,0.0,False
2025-11-24,17,2193681000,4.837,0,3.8035,1.0334999999999996,1.0334999999999996,1.1668845209819287,False
2025-11-24,18,2193681000,6.979,0,6.4350000000000005,0.5439999999999996,0.5439999999999996,1.8276168731730116,False
2025-11-24,19,2193681000,7.018,0,6.481,0.5369999999999999,0.5369999999999999,1.8007538559551646,False
2025-11-24,20,2193681000,7.08,0,6.539,0.5410000000000004,0.5410000000000004,1.8734865659023257,False
2025-11-24,21,2193681000,7.111,0,6.582,0.5289999999999999,0.5289999999999999,1.813503044990748,False
2025-11-24,22,2193681000,7.151,0,6.6205,0.5305,0.5305,1.7949472154993933,False
2025-11-24,23,2193681000,7.215,0,6.663,0.5519999999999996,0.5519999999999996,1.8077285570155102,False
2025-11-25,0,2193681000,7.229,0,6.7285,0.5004999999999997,0.5004999999999997,1.6513723991714602,False
2025-11-25,1,2193681000,7.313,0,6.7425,0.5705,0.5705,1.7731594843892284,False
2025-11-25,2,2193681000,7.363,0,6.7669999999999995,0.596000000000001,0.596000000000001,1.796147897466065,False
2025-11-25,3,2193681000,7.387,0,6.8255,0.5614999999999997,0.5614999999999997,1.7006867451949181,False
2025-11-25,4,2193681000,7.418,0,6.8445,0.5735000000000001,0.5735000000000001,1.6524394856349958,False
2025-11-25,5,2193681000,7.384,0,6.804,0.5800000000000001,0.5800000000000001,1.7306561318356568,False
2025-11-25,6,2193681000,7.31,0,6.727,0.5829999999999993,0.5829999999999993,1.8983010508375113,False
2025-11-25,7,2193681000,4.757,0,3.2065,1.5504999999999995,1.5504999999999995,1.283543484738728,False
2025-11-25,8,2193681000,0.001,0,0.001,0.0,0.0,0.0,False
2025-11-25,9,2193681000,0.0,0,0.0,0.0,0.0,0.0,False
2025-11-25,10,2193681000,0.001,0,0.001,0.0,0.0,0.0,False
2025-11-25,11,2193681000,0.0,0,0.0,0.0,0.0,0.0,False
2025-11-25,12,2193681000,0.001,0,0.001,0.0,0.0,0.0,False
2025-11-25,13,2193681000,0.0,0,0.0,0.0,0.0,0.0,False
2025-11-25,14,2193681000,0.001,0,0.001,0.0,0.0,0.0,False
2025-11-25,15,2193681000,0.0,0,0.0,0.0,0.0,0.0,False
2025-11-25,16,2193681000,0.001,0,0.001,0.0,0.0,0.0,False
2025-11-25,17,2193681000,4.964,0,3.8035,1.1605000000000003,1.1605000000000003,1.3102752652148324,False
2025-11-25,18,2193681000,6.922,0,6.4350000000000005,0.4869999999999992,0.4869999999999992,1.6361202522706908,False
2025-11-25,19,2193681000,7.005,0,6.481,0.524,0.524,1.7571601871890248,False
2025-11-25,20,2193681000,6.929,0,6.539,0.39000000000000057,0.39000000000000057,1.3505725706135074,False
2025-11-25,21,2193681000,6.974,0,6.582,0.39200000000000035,0.39200000000000035,1.3438434662313308,False
2025-11-25,22,2193681000,7.025,0,6.6205,0.4045000000000005,0.4045000000000005,1.368626104937805,False
2025-11-25,23,2193681000,7.131,0,6.663,0.46799999999999997,0.46799999999999997,1.5326394287740204,False
2025-11-26,0,2193681000,7.122,0,6.7285,0.3934999999999995,0.3934999999999995,1.2983317464015367,False
2025-11-26,1,2193681000,7.217,0,6.7425,0.4744999999999999,0.4744999999999999,1.4747838305743888,False
2025-11-26,2,2193681000,7.249,0,6.7669999999999995,0.4820000000000002,0.4820000000000002,1.452589407011145,False
2025-11-26,3,2193681000,7.252,0,6.8255,0.4264999999999999,0.4264999999999999,1.2917950077037095,False
2025-11-26,4,2193681000,7.253,0,6.8445,0.4085000000000001,0.4085000000000001,1.1770209762543953,False
2025-11-26,5,2193681000,7.198,0,6.804,0.39400000000000013,0.39400000000000013,1.1756526136952568,False
2025-11-26,6,2193681000,7.13,0,6.727,0.4029999999999996,0.4029999999999996,1.3122046715051754,False
2025-11-26,7,2193681000,4.893,0,3.2065,1.6864999999999997,1.6864999999999997,1.3961277568602806,False
2025-11-26,8,2193681000,0.001,0,0.001,0.0,0.0,0.0,False
2025-11-26,9,2193681000,0.0,0,0.0,0.0,0.0,0.0,False
2025-11-26,10,2193681000,0.001,0,0.001,0.0,0.0,0.0,False
2025-11-26,11,2193681000,0.0,0,0.0,0.0,0.0,0.0,False
2025-11-26,12,2193681000,0.001,0,0.001,0.0,0.0,0.0,False
2025-11-26,13,2193681000,0.0,0,0.0,0.0,0.0,0.0,False
2025-11-26,14,2193681000,0.001,0,0.001,0.0,0.0,0.0,False
2025-11-26,15,2193681000,0.0,0,0.0,0.0,0.0,0.0,False
2025-11-26,16,2193681000,0.001,0,0.001,0.0,0.0,0.0,False
2025-11-26,17,2193681000,5.046,0,3.8035,1.2425000000000002,1.2425000000000002,1.4028582654282025,False
2025-11-26,18,2193681000,7.0,0,6.4350000000000005,0.5649999999999995,0.5649999999999995,1.8981682598212342,False
2025-11-26,19,2193681000,7.041,0,6.481,0.5600000000000005,0.5600000000000005,1.8778811160798754,False
2025-11-26,20,2193681000,6.991,0,6.539,0.45199999999999996,0.45199999999999996,1.5652789792751396,False
2025-11-26,21,2193681000,7.04,0,6.582,0.4580000000000002,0.4580000000000002,1.570102825341707,False
2025-11-26,22,2193681000,7.152,0,6.6205,0.5315000000000003,0.5315000000000003,1.7983307163768674,False
2025-11-26,23,2193681000,7.097,0,6.663,0.43400000000000016,0.43400000000000016,1.4212938292477033,False
2025-11-27,0,2193681000,7.184,0,6.7285,0.4554999999999998,0.4554999999999998,1.5028973582869134,False
2025-11-27,1,2193681000,7.297,0,6.7425,0.5545,0.5545,1.723430208753422,False
2025-11-27,2,2193681000,7.361,0,6.7669999999999995,0.5940000000000003,0.5940000000000003,1.7901205555282576,False
2025-11-27,3,2193681000,7.352,0,6.8255,0.5265000000000004,0.5265000000000004,1.594677776215718,False
2025-11-27,4,2193681000,7.333,0,6.8445,0.48850000000000016,0.48850000000000016,1.4075269201965048,False
2025-11-27,5,2193681000,7.276,0,6.804,0.47199999999999953,0.47199999999999953,1.408396024528326,False
2025-11-27,6,2193681000,7.247,0,6.727,0.5199999999999996,0.5199999999999996,1.6931673180711944,False
2025-11-27,7,2193681000,5.099,0,3.2065,1.8925,1.8925,1.5666598161032206,False
2025-11-27,8,2193681000,0.001,0,0.001,0.0,0.0,0.0,False
2025-11-27,9,2193681000,0.0,0,0.0,0.0,0.0,0.0,False
2025-11-27,10,2193681000,0.001,0,0.001,0.0,0.0,0.0,False
2025-11-27,11,2193681000,0.0,0,0.0,0.0,0.0,0.0,False
2025-11-27,12,2193681000,0.001,0,0.001,0.0,0.0,0.0,False
2025-11-27,13,2193681000,0.0,0,0.0,0.0,0.0,0.0,False
2025-11-27,14,2193681000,0.001,0,0.001,0.0,0.0,0.0,False
2025-11-27,15,2193681000,0.0,0,0.0,0.0,0.0,0.0,False
2025-11-27,16,2193681000,0.0,0,0.001,-0.001,0.001,-0.0019051264633982254,False
2025-11-27,17,2193681000,5.144,0,3.8035,1.3405,1.3405,1.5135062412929619,False
2025-11-27,18,2193681000,7.02,0,6.4350000000000005,0.5849999999999991,0.5849999999999991,1.965360056629064,False
2025-11-27,19,2193681000,7.028,0,6.481,0.5469999999999997,0.5469999999999997,1.834287447313733,False
2025-11-27,20,2193681000,6.996,0,6.539,0.45700000000000074,0.45700000000000074,1.5825940122317257,False
2025-11-27,21,2193681000,7.029,0,6.582,0.44700000000000006,0.44700000000000006,1.5323929321566438,False
2025-11-27,22,2193681000,7.084,0,6.6205,0.4634999999999998,0.4634999999999998,1.5682526567087058,False
2025-11-27,23,2193681000,7.195,0,6.663,0.532,0.532,1.7422311455294424,False
2025-11-28,0,2193681000,7.305,0,6.7285,0.5764999999999993,0.5764999999999993,1.9021302459986937,False
2025-11-28,1,2193681000,7.406,0,6.7425,0.6635,0.6635,2.062210899022354,False
2025-11-28,2,2193681000,7.498,0,6.7669999999999995,0.7310000000000008,0.7310000000000008,2.202993478267941,False
2025-11-28,3,2193681000,7.545,0,6.8255,0.7195,0.7195,2.1792415194438903,False
2025-11-28,4,2193681000,7.56,0,6.8445,0.7154999999999996,0.7154999999999996,2.061587536132238,False
2025-11-28,5,2193681000,7.5,0,6.804,0.6959999999999997,0.6959999999999997,2.0767873582027874,False
2025-11-28,6,2193681000,7.373,0,6.727,0.6459999999999999,0.6459999999999999,2.103434783603831,False
2025-11-28,7,2193681000,5.272,0,3.2065,2.0655,2.0655,1.7098736328460777,False
2025-11-28,8,2193681000,0.0,0,0.001,-0.001,0.001,-1.9591755404412103,False
2025-11-28,9,2193681000,0.001,0,0.0,0.001,0.001,2.126920374688412,False
2025-11-28,10,2193681000,0.0,0,0.001,-0.001,0.001,-1.9591755404412108,False
2025-11-28,11,2193681000,0.001,0,0.0,0.001,0.001,1.9591755404412103,False
2025-11-28,12,2193681000,0.0,0,0.001,-0.001,0.001,-0.005904400082965252,False
2025-11-28,13,2193681000,0.0,0,0.0,0.0,0.0,0.0,False
2025-11-28,14,2193681000,0.001,0,0.001,0.0,0.0,0.0,False
2025-11-28,15,2193681000,0.0,0,0.0,0.0,0.0,0.0,False
2025-11-28,16,2193681000,0.001,0,0.001,0.0,0.0,0.0,False
2025-11-28,17,2193681000,5.074,0,3.8035,1.2704999999999997,1.2704999999999997,1.4344719728181332,False
2025-11-28,18,2193681000,6.901,0,6.4350000000000005,0.4659999999999993,0.4659999999999993,1.5655688656224682,False
2025-11-28,19,2193681000,6.936,0,6.481,0.45500000000000007,0.45500000000000007,1.5257784068148976,False
2025-11-28,20,2193681000,6.929,0,6.539,0.39000000000000057,0.39000000000000057,1.3505725706135074,False
2025-11-28,21,2193681000,6.948,0,6.582,0.36600000000000055,0.36600000000000055,1.2547109914302739,False
2025-11-28,22,2193681000,6.994,0,6.6205,0.37349999999999994,0.37349999999999994,1.263737577736142,False
2025-11-28,23,2193681000,7.157,0,6.663,0.4939999999999998,0.4939999999999998,1.6177860637059098,False
2025-11-29,0,2193681000,7.091,0,6.6425,0.4485000000000001,0.4485000000000001,1.2444702696628522,False
2025-11-29,1,2193681000,7.271,0,6.7445,0.5264999999999995,0.5264999999999995,1.3947434435296635,False
2025-11-29,2,2193681000,7.288,0,6.8095,0.47850000000000037,0.47850000000000037,1.2665474103405876,False
2025-11-29,3,2193681000,7.354,0,6.7795,0.5745000000000005,0.5745000000000005,1.5566058023047555,False
2025-11-29,4,2193681000,7.417,0,6.8065,0.6105,0.6105,1.63401904269269,False
2025-11-29,5,2193681000,7.372,0,6.797499999999999,0.5745000000000005,0.5745000000000005,1.5256069567054504,False
2025-11-29,6,2193681000,7.397,0,6.8565000000000005,0.5404999999999998,0.5404999999999998,1.4326194510715053,False
2025-11-29,7,2193681000,5.413,0,3.2185,2.1945,2.1945,1.398211571993668,False
2025-11-29,8,2193681000,0.0,0,0.0005,-0.0005,0.0005,-0.948681498053929,False
2025-11-29,9,2193681000,0.001,0,0.0,0.001,0.001,1.9364879231109704,False
2025-11-29,10,2193681000,0.0,0,0.0005,-0.0005,0.0005,-0.9486814980539292,False
2025-11-29,11,2193681000,0.001,0,0.0,0.001,0.001,1.9364879231109704,False
2025-11-29,12,2193681000,0.0,0,0.001,-0.001,0.001,-1.93648792311097,False
2025-11-29,13,2193681000,0.001,0,0.0,0.001,0.001,2.0701923923216494,False
2025-11-29,14,2193681000,0.0,0,0.0005,-0.0005,0.0005,-0.948681498053929,False
2025-11-29,15,2193681000,0.001,0,0.0005,0.0005,0.0005,0.948681498053929,False
2025-11-29,16,2193681000,0.0,0,0.0005,-0.0005,0.0005,-0.948681498053929,False
2025-11-29,17,2193681000,5.186,0,3.8015,1.3845,1.3845,1.2522917072262816,False
2025-11-29,18,2193681000,6.896,0,6.408,0.48799999999999955,0.48799999999999955,1.4246179208165326,False
2025-11-29,19,2193681000,6.977,0,6.458500000000001,0.5184999999999995,0.5184999999999995,1.4985384972918412,False
2025-11-29,20,2193681000,7.045,0,6.513,0.532,0.532,1.516363433588047,False
2025-11-29,21,2193681000,7.05,0,6.516,0.5339999999999998,0.5339999999999998,1.4624828439210804,False
2025-11-29,22,2193681000,7.189,0,6.605,0.5839999999999996,0.5839999999999996,1.6083832496947357,False
2025-11-29,23,2193681000,7.317,0,6.6785,0.6385000000000005,0.6385000000000005,1.846570223904164,False
2025-11-30,0,2193681000,7.313,0,6.6425,0.6704999999999997,0.6704999999999997,1.860462242606336,False
2025-11-30,1,2193681000,7.389,0,6.7445,0.6444999999999999,0.6444999999999999,1.7073355163435304,False
2025-11-30,2,2193681000,7.399,0,6.8095,0.5895000000000001,0.5895000000000001,1.560354646595143,False
2025-11-30,3,2193681000,7.432,0,6.7795,0.6525000000000007,0.6525000000000007,1.767946537865715,False
2025-11-30,4,2193681000,7.464,0,6.8065,0.6575000000000006,0.6575000000000006,1.7598157585101466,False
2025-11-30,5,2193681000,7.47,0,6.797499999999999,0.6725000000000003,0.6725000000000003,1.7858497447944564,False
2025-11-30,6,2193681000,7.471,0,6.8565000000000005,0.6144999999999996,0.6144999999999996,1.6287597644466973,False
2025-11-30,7,2193681000,5.631,0,3.2185,2.4125,2.4125,1.5371088710114942,False
2025-11-30,8,2193681000,0.001,0,0.0005,0.0005,0.0005,0.948681498053929,False
2025-11-30,9,2193681000,0.0,0,0.0,0.0,0.0,0.0,False
2025-11-30,10,2193681000,0.001,0,0.0005,0.0005,0.0005,0.9486814980539292,False
2025-11-30,11,2193681000,0.0,0,0.0,0.0,0.0,0.0,False
2025-11-30,12,2193681000,0.001,0,0.001,0.0,0.0,0.0,False
2025-11-30,13,2193681000,0.0,0,0.0,0.0,0.0,0.0,False
2025-11-30,14,2193681000,0.001,0,0.0005,0.0005,0.0005,0.948681498053929,False
2025-11-30,15,2193681000,0.0,0,0.0005,-0.0005,0.0005,-0.948681498053929,False
2025-11-30,16,2193681000,0.001,0,0.0005,0.0005,0.0005,0.948681498053929,False
2025-11-30,17,2193681000,5.169,0,3.8015,1.3674999999999997,1.3674999999999997,1.2369150665452795,False
2025-11-30,18,2193681000,6.919,0,6.408,0.5109999999999992,0.5109999999999992,1.491761798232065,False
2025-11-30,19,2193681000,6.98,0,6.458500000000001,0.5214999999999996,0.5214999999999996,1.5072089225413603,False
2025-11-30,20,2193681000,7.084,0,6.513,0.5709999999999997,0.5709999999999997,1.6275254146217564,False
2025-11-30,21,2193681000,7.058,0,6.516,0.5419999999999998,0.5419999999999998,1.484392699260722,False
2025-11-30,22,2193681000,7.155,0,6.605,0.5499999999999998,0.5499999999999998,1.5147444988563439,False
2025-11-30,23,2193681000,7.158,0,6.6785,0.4795000000000007,0.4795000000000007,1.3867351955552816,False
2025-12-01,0,2193681000,7.18,0,5.071,2.109,2.109,1.7922954479565432,False
2025-12-01,1,2193681000,7.271,0,5.1,2.1710000000000003,2.1710000000000003,1.8179868239376185,False
2025-12-01,2,2193681000,7.31,0,5.126,2.1839999999999993,2.1839999999999993,1.817282424277587,False
2025-12-01,3,2193681000,7.349,0,5.135,2.2140000000000004,2.2140000000000004,1.8579642250178448,False
2025-12-01,4,2193681000,7.367,0,5.156,2.2110000000000003,2.2110000000000003,1.8660177891183853,False
2025-12-01,5,2193681000,7.344,0,5.135,2.2090000000000005,2.2090000000000005,1.8650913086447771,False
2025-12-01,6,2193681000,7.26,0,5.102,2.1579999999999995,2.1579999999999995,1.8527837050875866,False
2025-12-01,7,2193681000,5.502,0,4.983,0.5190000000000001,0.5190000000000001,0.7237516309383439,False
2025-12-01,8,2193681000,0.001,0,0.001,0.0,0.0,0.0,False
2025-12-01,9,2193681000,0.0,0,0.0,0.0,0.0,0.0,False
2025-12-01,10,2193681000,0.0,0,0.0,0.0,0.0,0.0,False
2025-12-01,11,2193681000,0.001,0,0.001,0.0,0.0,0.0,False
2025-12-01,12,2193681000,0.0,0,0.0,0.0,0.0,0.0,False
2025-12-01,13,2193681000,0.001,0,0.001,0.0,0.0,0.0,False
2025-12-01,14,2193681000,0.0,0,0.0,0.0,0.0,0.0,False
2025-12-01,15,2193681000,0.001,0,0.001,0.0,0.0,0.0,False
2025-12-01,16,2193681000,0.0,0,0.0,0.0,0.0,0.0,False
2025-12-01,17,2193681000,5.187,0,3.612,1.5750000000000002,1.5750000000000002,1.6068842504360719,False
2025-12-01,18,2193681000,6.908,0,4.855,2.053,2.053,1.8213407521315745,False
2025-12-01,19,2193681000,6.94,0,4.894,2.0460000000000003,2.0460000000000003,1.81889933999463,False
2025-12-01,20,2193681000,6.959,0,4.913,2.0459999999999994,2.0459999999999994,1.82654104257816,False
2025-12-01,21,2193681000,6.957,0,4.932,2.0249999999999995,2.0249999999999995,1.8059435568308855,False
2025-12-01,22,2193681000,6.977,0,4.981,1.9960000000000004,1.9960000000000004,1.7465795825924664,False
2025-12-01,23,2193681000,7.074,0,5.026,2.048,2.048,1.8087133394330177,False
2025-12-02,0,2193681000,7.142,0,5.071,2.0710000000000006,2.0710000000000006,1.760001836281651,False
2025-12-02,1,2193681000,7.232,0,5.1,2.1320000000000006,2.1320000000000006,1.7853283779986198,False
2025-12-02,2,2193681000,7.299,0,5.126,2.173,2.173,1.8081294450344312,False
2025-12-02,3,2193681000,7.349,0,5.135,2.2140000000000004,2.2140000000000004,1.8579642250178448,False
2025-12-02,4,2193681000,7.375,0,5.156,2.2190000000000003,2.2190000000000003,1.8727695495493881,False
2025-12-02,5,2193681000,7.345,0,5.135,2.21,2.21,1.8659356234064992,False
2025-12-02,6,2193681000,7.294,0,5.102,2.1919999999999993,2.1919999999999993,1.8819749219425346,False
2025-12-02,7,2193681000,5.689,0,4.983,0.7060000000000004,0.7060000000000004,0.9845253399662255,False
2025-12-02,8,2193681000,0.0,0,0.001,-0.001,0.001,-0.00761997015685591,False
2025-12-02,9,2193681000,0.001,0,0.0,0.001,0.001,1.9578861874192934,False
2025-12-02,10,2193681000,0.0,0,0.0,0.0,0.0,0.0,False
2025-12-02,11,2193681000,0.001,0,0.001,0.0,0.0,0.0,False
2025-12-02,12,2193681000,0.0,0,0.0,0.0,0.0,0.0,False
2025-12-02,13,2193681000,0.001,0,0.001,0.0,0.0,0.0,False
2025-12-02,14,2193681000,0.0,0,0.0,0.0,0.0,0.0,False
2025-12-02,15,2193681000,0.001,0,0.001,0.0,0.0,0.0,False
2025-12-02,16,2193681000,0.0,0,0.0,0.0,0.0,0.0,False
2025-12-02,17,2193681000,5.319,0,3.612,1.7069999999999999,1.7069999999999999,1.7415564542821422,False
2025-12-02,18,2193681000,6.934,0,4.855,2.0789999999999997,2.0789999999999997,1.8444069282423494,False
2025-12-02,19,2193681000,7.014,0,4.894,2.12,2.12,1.8846855331322654,False
2025-12-02,20,2193681000,7.031,0,4.913,2.1179999999999994,2.1179999999999994,1.890818146715808,False
2025-12-02,21,2193681000,7.071,0,4.932,2.1389999999999993,2.1389999999999993,1.907611490400624,False
2025-12-02,22,2193681000,7.137,0,4.981,2.1559999999999997,2.1559999999999997,1.8865859619585952,False
2025-12-02,23,2193681000,7.193,0,5.026,2.167,2.167,1.9138094758551507,False
2025-12-03,0,2193681000,7.219,0,5.071,2.1480000000000006,2.1480000000000006,1.8254388915176178,False
2025-12-03,1,2193681000,7.22,0,5.1,2.12,2.12,1.7752796254020042,False
2025-12-03,2,2193681000,7.23,0,5.126,2.104,2.104,1.7507153025091777,False
2025-12-03,3,2193681000,7.263,0,5.135,2.128,2.128,1.7857939796016138,False
2025-12-03,4,2193681000,7.285,0,5.156,2.1290000000000004,2.1290000000000004,1.7968122447006074,False
2025-12-03,5,2193681000,7.273,0,5.135,2.138,2.138,1.8051449605624863,False
2025-12-03,6,2193681000,7.221,0,5.102,2.1189999999999998,2.1189999999999998,1.8192996622245583,False
2025-12-03,7,2193681000,5.768,0,4.983,0.7850000000000001,0.7850000000000001,1.0946917731919075,False
2025-12-03,8,2193681000,0.0,0,0.001,-0.001,0.001,-0.00761997015685591,False
2025-12-03,9,2193681000,0.001,0,0.0,0.001,0.001,1.9578861874192934,False
2025-12-03,10,2193681000,0.0,0,0.0,0.0,0.0,0.0,False
2025-12-03,11,2193681000,0.001,0,0.001,0.0,0.0,0.0,False
2025-12-03,12,2193681000,0.0,0,0.0,0.0,0.0,0.0,False
2025-12-03,13,2193681000,0.001,0,0.001,0.0,0.0,0.0,False
2025-12-03,14,2193681000,0.0,0,0.0,0.0,0.0,0.0,False
2025-12-03,15,2193681000,0.001,0,0.001,0.0,0.0,0.0,False
2025-12-03,16,2193681000,0.0,0,0.0,0.0,0.0,0.0,False
2025-12-03,17,2193681000,5.307,0,3.612,1.6950000000000003,1.6950000000000003,1.7293135266597726,False
2025-12-03,18,2193681000,6.951,0,4.855,2.095999999999999,2.095999999999999,1.859488658776317,False
2025-12-03,19,2193681000,6.938,0,4.894,2.0439999999999996,2.0439999999999996,1.8171213347746933,False
2025-12-03,20,2193681000,6.967,0,4.913,2.0539999999999994,2.0539999999999994,1.8336829430378987,False
2025-12-03,21,2193681000,7.019,0,4.932,2.0869999999999997,2.0869999999999997,1.8612366435091647,False
2025-12-03,22,2193681000,7.083,0,4.981,2.1020000000000003,2.1020000000000003,1.839333808922527,False
2025-12-03,23,2193681000,7.246,0,5.026,2.2200000000000006,2.2200000000000006,1.960616998799463,False
2025-12-04,0,2193681000,7.179,0,5.071,2.1080000000000005,2.1080000000000005,1.7914456160703622,False
2025-12-04,1,2193681000,7.231,0,5.1,2.1310000000000002,2.1310000000000002,1.7844909819489014,False
2025-12-04,2,2193681000,7.294,0,5.126,2.1679999999999993,2.1679999999999993,1.8039689999239048,False
2025-12-04,3,2193681000,7.358,0,5.135,2.223,2.223,1.8655169251195427,False
2025-12-04,4,2193681000,7.388,0,5.156,2.232,2.232,1.8837411602497676,False
2025-12-04,5,2193681000,7.362,0,5.135,2.2270000000000003,2.2270000000000003,1.8802889743557802,False
2025-12-04,6,2193681000,7.296,0,5.102,2.194,2.194,1.8836920523457674,False
2025-12-04,7,2193681000,5.898,0,4.983,0.915,0.915,1.2759783088797392,False
2025-12-04,8,2193681000,0.001,0,0.001,0.0,0.0,0.0,False
2025-12-04,9,2193681000,0.0,0,0.0,0.0,0.0,0.0,False
2025-12-04,10,2193681000,0.001,0,0.0,0.001,0.001,1.9728893365159033,False
2025-12-04,11,2193681000,0.0,0,0.001,-0.001,0.001,-1.9578861874192934,False
2025-12-04,12,2193681000,0.001,0,0.0,0.001,0.001,1.9578861874192934,False
2025-12-04,13,2193681000,0.0,0,0.001,-0.001,0.001,-1.9578861874192934,False
2025-12-04,14,2193681000,0.001,0,0.0,0.001,0.001,2.0534481608435176,False
2025-12-04,15,2193681000,0.0,0,0.001,-0.001,0.001,-2.003960309135109,False
2025-12-04,16,2193681000,0.001,0,0.0,0.001,0.001,2.227276861027805,False
2025-12-04,17,2193681000,5.345,0,3.612,1.7329999999999997,1.7329999999999997,1.768082797463944,False
2025-12-04,18,2193681000,6.965,0,4.855,2.1099999999999994,2.1099999999999994,1.87190890745135,False
2025-12-04,19,2193681000,7.0,0,4.894,2.106,2.106,1.8722394965927125,False
2025-12-04,20,2193681000,7.012,0,4.913,2.0989999999999993,2.0989999999999993,1.8738561331239285,False
2025-12-04,21,2193681000,7.057,0,4.932,2.125,2.125,1.895125954699078,False
2025-12-04,22,2193681000,7.131,0,4.981,2.1500000000000004,2.1500000000000004,1.881335722732366,False
2025-12-04,23,2193681000,7.187,0,5.026,2.1610000000000005,2.1610000000000005,1.9085105109935312,False
2025-12-05,0,2193681000,7.158,0,5.071,2.0870000000000006,2.0870000000000006,1.7735991464605532,False
2025-12-05,1,2193681000,7.229,0,5.1,2.1290000000000004,2.1290000000000004,1.7828161898494659,False
2025-12-05,2,2193681000,7.32,0,5.126,2.194,2.194,1.8256033144986386,False
2025-12-05,3,2193681000,7.383,0,5.135,2.248,2.248,1.8864966476242613,False
2025-12-05,4,2193681000,7.435,0,5.156,2.279,2.279,1.9234077527819085,False
2025-12-05,5,2193681000,7.362,0,5.135,2.2270000000000003,2.2270000000000003,1.8802889743557802,False
2025-12-05,6,2193681000,7.251,0,5.102,2.149,2.149,1.8450566182730421,False
2025-12-05,7,2193681000,5.987,0,4.983,1.0040000000000004,1.0040000000000004,1.4000898602352552,False
2025-12-05,8,2193681000,0.0,0,0.001,-0.001,0.001,-0.00761997015685591,False
2025-12-05,9,2193681000,0.001,0,0.0,0.001,0.001,1.9578861874192934,False
2025-12-05,10,2193681000,0.0,0,0.0,0.0,0.0,0.0,False
2025-12-05,11,2193681000,0.001,0,0.001,0.0,0.0,0.0,False
2025-12-05,12,2193681000,0.0,0,0.0,0.0,0.0,0.0,False
2025-12-05,13,2193681000,0.001,0,0.001,0.0,0.0,0.0,False
2025-12-05,14,2193681000,0.0,0,0.0,0.0,0.0,0.0,False
2025-12-05,15,2193681000,0.001,0,0.001,0.0,0.0,0.0,False
2025-12-05,16,2193681000,0.0,0,0.0,0.0,0.0,0.0,False
2025-12-05,17,2193681000,5.278,0,3.612,1.6659999999999995,1.6659999999999995,1.6997264515723773,False
2025-12-05,18,2193681000,6.869,0,4.855,2.0139999999999993,2.0139999999999993,1.7867414879654118,False
2025-12-05,19,2193681000,6.96,0,4.894,2.066,2.066,1.8366793921939906,False
2025-12-05,20,2193681000,6.902,0,4.913,1.9889999999999999,1.9889999999999999,1.7756550018025226,False
2025-12-05,21,2193681000,6.908,0,4.932,1.976,1.976,1.762244181875472,False
2025-12-05,22,2193681000,7.028,0,4.981,2.0469999999999997,2.0469999999999997,1.7912066160154196,False
2025-12-05,23,2193681000,7.066,0,5.026,2.04,2.04,1.8016480529508574,False
2025-12-06,0,2193681000,7.066,0,5.0875,1.9784999999999995,1.9784999999999995,2.056538383308522,False
2025-12-06,1,2193681000,7.152,0,5.140499999999999,2.0115000000000007,2.0115000000000007,2.0596038831715715,False
2025-12-06,2,2193681000,7.239,0,5.1785,2.0605,2.0605,2.0675729311868487,False
2025-12-06,3,2193681000,7.318,0,5.207,2.1109999999999998,2.1109999999999998,2.086526555074035,False
2025-12-06,4,2193681000,7.183,0,5.2385,1.9444999999999997,1.9444999999999997,1.9774627722632254,False
2025-12-06,5,2193681000,6.995,0,5.2145,1.7805,1.7805,1.864745978346401,False
2025-12-06,6,2193681000,6.952,0,5.204,1.7480000000000002,1.7480000000000002,1.858047623412876,False
2025-12-06,7,2193681000,5.855,0,5.096500000000001,0.7584999999999997,0.7584999999999997,1.5056236807828802,False
2025-12-06,8,2193681000,0.0,0,0.0275,-0.0275,0.0275,-0.18587780057701797,False
2025-12-06,9,2193681000,0.001,0,0.0,0.001,0.001,1.932179832832472,False
2025-12-06,10,2193681000,0.0,0,0.0005,-0.0005,0.0005,-0.9354125966967591,False
2025-12-06,11,2193681000,0.001,0,0.0005,0.0005,0.0005,0.9354125966967591,False
2025-12-06,12,2193681000,0.0,0,0.0005,-0.0005,0.0005,-0.9354125966967591,False
2025-12-06,13,2193681000,0.001,0,0.0005,0.0005,0.0005,0.9354125966967591,False
2025-12-06,14,2193681000,0.0,0,0.0005,-0.0005,0.0005,-0.9354125966967591,False
2025-12-06,15,2193681000,0.001,0,0.0005,0.0005,0.0005,0.9354125966967591,False
2025-12-06,16,2193681000,0.0,0,0.0005,-0.0005,0.0005,-0.9354125966967591,False
2025-12-06,17,2193681000,5.407,0,3.662,1.745,1.745,1.9672501787596932,False
2025-12-06,18,2193681000,6.958,0,4.8725000000000005,2.0854999999999997,2.0854999999999997,2.164757244864236,False
2025-12-06,19,2193681000,6.999,0,4.929,2.0699999999999994,2.0699999999999994,2.1730261761995817,False
2025-12-06,20,2193681000,7.068,0,4.971,2.0969999999999995,2.0969999999999995,2.1450717744177092,False
2025-12-06,21,2193681000,7.082,0,4.987500000000001,2.094499999999999,2.094499999999999,2.0967282818011808,False
2025-12-06,22,2193681000,7.145,0,4.993,2.1519999999999992,2.1519999999999992,2.122583948574073,False
2025-12-06,23,2193681000,7.182,0,5.0725,2.1095000000000006,2.1095000000000006,2.084457397125659,False
2025-12-07,0,2193681000,7.152,0,5.0875,2.0645,2.0645,2.1459304990348467,False
2025-12-07,1,2193681000,7.228,0,5.140499999999999,2.0875000000000004,2.0875000000000004,2.1374213801246107,False
2025-12-07,2,2193681000,7.292,0,5.1785,2.1135,2.1135,2.120754860501531,False
2025-12-07,3,2193681000,7.299,0,5.207,2.0920000000000005,2.0920000000000005,2.0677468276716637,False
2025-12-07,4,2193681000,7.338,0,5.2385,2.0995,2.0995,2.1350903010371005,False
2025-12-07,5,2193681000,7.342,0,5.2145,2.1274999999999995,2.1274999999999995,2.228164599231658,False
2025-12-07,6,2193681000,7.289,0,5.204,2.085,2.085,2.2162638986360674,False
2025-12-07,7,2193681000,6.313,0,5.096500000000001,1.216499999999999,1.216499999999999,2.4147543937671365,False
2025-12-07,8,2193681000,0.0,0,0.0275,-0.0275,0.0275,-0.18587780057701797,False
2025-12-07,9,2193681000,0.001,0,0.0,0.001,0.001,1.932179832832472,False
2025-12-07,10,2193681000,0.0,0,0.0005,-0.0005,0.0005,-0.9354125966967591,False
2025-12-07,11,2193681000,0.001,0,0.0005,0.0005,0.0005,0.9354125966967591,False
2025-12-07,12,2193681000,0.0,0,0.0005,-0.0005,0.0005,-0.9354125966967591,False
2025-12-07,13,2193681000,0.001,0,0.0005,0.0005,0.0005,0.9354125966967591,False
2025-12-07,14,2193681000,0.0,0,0.0005,-0.0005,0.0005,-0.9354125966967591,False
2025-12-07,15,2193681000,0.001,0,0.0005,0.0005,0.0005,0.9354125966967591,False
2025-12-07,16,2193681000,0.0,0,0.0005,-0.0005,0.0005,-0.9354125966967591,False
2025-12-07,17,2193681000,5.229,0,3.662,1.5670000000000002,1.5670000000000002,1.7665793868862116,False
2025-12-07,18,2193681000,6.815,0,4.8725000000000005,1.9425,1.9425,2.0163226795247082,False
2025-12-07,19,2193681000,6.833,0,4.929,1.904,1.904,1.9987641736637702,False
2025-12-07,20,2193681000,6.954,0,4.971,1.9829999999999997,1.9829999999999997,2.0284584304579485,False
2025-12-07,21,2193681000,7.065,0,4.987500000000001,2.0774999999999997,2.0774999999999997,2.0797101959617827,False
2025-12-07,22,2193681000,7.14,0,4.993,2.1469999999999994,2.1469999999999994,2.1176522944184644,False
2025-12-07,23,2193681000,7.225,0,5.0725,2.1525,2.1525,2.126946929278492,False
2025-12-08,0,2193681000,7.243,0,5.071,2.1720000000000006,2.1720000000000006,1.845834856785971,False
2025-12-08,1,2193681000,7.03,0,5.1,1.9300000000000006,1.9300000000000006,1.6161743759555987,False
2025-12-08,2,2193681000,7.099,0,5.126,1.9729999999999999,1.9729999999999999,1.6417116406134065,False
2025-12-08,3,2193681000,7.138,0,5.135,2.003,2.003,1.6808953670780227,False
2025-12-08,4,2193681000,7.078,0,5.156,1.9220000000000006,1.9220000000000006,1.6221104435484113,False
2025-12-08,5,2193681000,7.039,0,5.135,1.904,1.904,1.6075753063194453,False
2025-12-08,6,2193681000,6.947,0,5.102,1.8449999999999998,1.8449999999999998,1.5840527969817413,False
2025-12-08,7,2193681000,6.101,0,4.983,1.1180000000000003,1.1180000000000003,1.5590642069153537,False
2025-12-08,8,2193681000,0.001,0,0.001,0.0,0.0,0.0,False
2025-12-08,9,2193681000,0.0,0,0.0,0.0,0.0,0.0,False
2025-12-08,10,2193681000,0.001,0,0.0,0.001,0.001,1.9728893365159033,False
2025-12-08,11,2193681000,0.0,0,0.001,-0.001,0.001,-1.9578861874192934,False
2025-12-08,12,2193681000,0.001,0,0.0,0.001,0.001,1.9578861874192934,False
2025-12-08,13,2193681000,0.0,0,0.001,-0.001,0.001,-1.9578861874192934,False
2025-12-08,14,2193681000,0.001,0,0.0,0.001,0.001,2.0534481608435176,False
2025-12-08,15,2193681000,0.0,0,0.001,-0.001,0.001,-2.003960309135109,False
2025-12-08,16,2193681000,0.001,0,0.0,0.001,0.001,2.227276861027805,False
2025-12-08,17,2193681000,5.277,0,3.612,1.665,1.665,1.6987062076038473,False
2025-12-08,18,2193681000,6.861,0,4.855,2.0059999999999993,2.0059999999999993,1.7796442030082502,False
2025-12-08,19,2193681000,6.908,0,4.894,2.0140000000000002,2.0140000000000002,1.7904512564756523,False
2025-12-08,20,2193681000,6.855,0,4.913,1.9420000000000002,1.9420000000000002,1.7336963366015583,False
2025-12-08,21,2193681000,6.894,0,4.932,1.9619999999999997,1.9619999999999997,1.7497586461739247,False
2025-12-08,22,2193681000,6.976,0,4.981,1.995,1.995,1.7457045427214277,False
2025-12-08,23,2193681000,6.901,0,5.026,1.875,1.875,1.6559265192563029,False
2025-12-09,0,2193681000,6.911,0,5.071,1.8399999999999999,1.8399999999999999,1.5636906705737503,False
2025-12-09,1,2193681000,6.948,0,5.1,1.8480000000000008,1.8480000000000008,1.5475078998787288,False
2025-12-09,2,2193681000,6.923,0,5.126,1.7969999999999997,1.7969999999999997,1.495263972722905,False
2025-12-09,3,2193681000,6.384,0,5.135,1.2490000000000006,1.2490000000000006,1.048146936335722,False
2025-12-09,4,2193681000,5.28,0,5.156,0.12400000000000055,0.12400000000000055,0.1046522866805431,False
2025-12-09,5,2193681000,5.255,0,5.135,0.1200000000000001,0.1200000000000001,0.10131777140668782,False
2025-12-09,6,2193681000,5.197,0,5.102,0.09499999999999975,0.09499999999999975,0.0815636941535312,False
2025-12-09,7,2193681000,4.676,0,4.983,-0.3069999999999995,0.3069999999999995,-0.42811512658587897,False
2025-12-09,8,2193681000,0.0,0,0.001,-0.001,0.001,-0.00761997015685591,False
2025-12-09,9,2193681000,0.001,0,0.0,0.001,0.001,1.9578861874192934,False
2025-12-09,10,2193681000,0.0,0,0.0,0.0,0.0,0.0,False
2025-12-09,11,2193681000,0.001,0,0.001,0.0,0.0,0.0,False
2025-12-09,12,2193681000,0.0,0,0.0,0.0,0.0,0.0,False
2025-12-09,13,2193681000,0.001,0,0.001,0.0,0.0,0.0,False
2025-12-09,14,2193681000,0.0,0,0.0,0.0,0.0,0.0,False
2025-12-09,15,2193681000,0.001,0,0.001,0.0,0.0,0.0,False
2025-12-09,16,2193681000,0.0,0,0.0,0.0,0.0,0.0,False
2025-12-09,17,2193681000,3.829,0,3.612,0.21700000000000008,0.21700000000000008,0.22139294117119218,False
2025-12-09,18,2193681000,4.992,0,4.855,0.13699999999999957,0.13699999999999957,0.12154100489139062,False
2025-12-09,19,2193681000,5.025,0,4.894,0.13100000000000023,0.13100000000000023,0.11645934190581471,False
2025-12-09,20,2193681000,5.019,0,4.913,0.10599999999999987,0.10599999999999987,0.09463018109153705,False
2025-12-09,21,2193681000,5.058,0,4.932,0.12599999999999945,0.12599999999999945,0.1123698213139213,False
2025-12-09,22,2193681000,5.09,0,4.981,0.10899999999999999,0.10899999999999999,0.09537934594317574,False
2025-12-09,23,2193681000,5.131,0,5.026,0.10500000000000043,0.10500000000000043,0.09273188507835332,False
2025-12-10,0,2193681000,5.213,0,5.071,0.14200000000000035,0.14200000000000035,0.12067612783775712,False
2025-12-10,1,2193681000,5.273,0,5.1,0.17300000000000004,0.17300000000000004,0.14486951660120131,False
2025-12-10,2,2193681000,5.325,0,5.126,0.19899999999999984,0.19899999999999984,0.16558571539891925,False
2025-12-10,3,2193681000,5.333,0,5.135,0.1980000000000004,0.1980000000000004,0.16615940223736853,False
2025-12-10,4,2193681000,5.303,0,5.156,0.14700000000000024,0.14700000000000024,0.12406359791967575,False
2025-12-10,5,2193681000,5.279,0,5.135,0.14400000000000013,0.14400000000000013,0.12158132568802539,False
2025-12-10,6,2193681000,5.24,0,5.102,0.1379999999999999,0.1379999999999999,0.11848199782302449,False
2025-12-10,7,2193681000,4.649,0,4.983,-0.33399999999999963,0.33399999999999963,-0.46576694553642883,False
2025-12-10,8,2193681000,0.001,0,0.001,0.0,0.0,0.0,False
2025-12-10,9,2193681000,0.0,0,0.0,0.0,0.0,0.0,False
2025-12-10,10,2193681000,0.001,0,0.0,0.001,0.001,1.9728893365159033,False
2025-12-10,11,2193681000,0.0,0,0.001,-0.001,0.001,-1.9578861874192934,False
2025-12-10,12,2193681000,0.001,0,0.0,0.001,0.001,1.9578861874192934,False
2025-12-10,13,2193681000,0.0,0,0.001,-0.001,0.001,-1.9578861874192934,False
2025-12-10,14,2193681000,0.001,0,0.0,0.001,0.001,2.0534481608435176,False
2025-12-10,15,2193681000,0.0,0,0.001,-0.001,0.001,-2.003960309135109,False
2025-12-10,16,2193681000,0.001,0,0.0,0.001,0.001,2.227276861027805,False
2025-12-10,17,2193681000,3.791,0,3.612,0.17899999999999983,0.17899999999999983,0.18262367036702,False
2025-12-10,18,2193681000,4.954,0,4.855,0.09899999999999931,0.09899999999999931,0.08782890134487317,False
2025-12-10,19,2193681000,5.015,0,4.894,0.12099999999999955,0.12099999999999955,0.10756931580613362,False
2025-12-10,20,2193681000,5.041,0,4.913,0.1280000000000001,0.1280000000000001,0.11427040735581856,False
2025-12-10,21,2193681000,5.063,0,4.932,0.13099999999999934,0.13099999999999934,0.1168289412073308,False
2025-12-10,22,2193681000,5.054,0,4.981,0.0730000000000004,0.0730000000000004,0.06387791058579695,False
2025-12-10,23,2193681000,5.112,0,5.026,0.0860000000000003,0.0860000000000003,0.07595182968322269,False
2025-12-11,0,2193681000,5.117,0,5.071,0.04600000000000026,0.04600000000000026,0.039092266764343984,False
2025-12-11,1,2193681000,5.209,0,5.1,0.10899999999999999,0.10899999999999999,0.09127616941925397,False
2025-12-11,2,2193681000,5.238,0,5.126,0.1120000000000001,0.1120000000000001,0.0931939704757738,False
2025-12-11,3,2193681000,5.257,0,5.135,0.12199999999999989,0.12199999999999989,0.10238104582302475,False
2025-12-11,4,2193681000,5.279,0,5.156,0.12300000000000022,0.12300000000000022,0.10380831662666748,False
2025-12-11,5,2193681000,5.264,0,5.135,0.12900000000000045,0.12900000000000045,0.1089166042621897,False
2025-12-11,6,2193681000,5.207,0,5.102,0.10499999999999954,0.10499999999999954,0.09014934616969221,False
2025-12-11,7,2193681000,4.702,0,4.983,-0.2809999999999997,0.2809999999999997,-0.3918578194483129,False
2025-12-11,8,2193681000,0.001,0,0.001,0.0,0.0,0.0,False
2025-12-11,9,2193681000,0.0,0,0.0,0.0,0.0,0.0,False
2025-12-11,10,2193681000,0.001,0,0.0,0.001,0.001,1.9728893365159033,False
2025-12-11,11,2193681000,0.0,0,0.001,-0.001,0.001,-1.9578861874192934,False
2025-12-11,12,2193681000,0.001,0,0.0,0.001,0.001,1.9578861874192934,False
2025-12-11,13,2193681000,0.0,0,0.001,-0.001,0.001,-1.9578861874192934,False
2025-12-11,14,2193681000,0.0,0,0.0,0.0,0.0,0.0,False
2025-12-11,15,2193681000,0.001,0,0.001,0.0,0.0,0.0,False
2025-12-11,16,2193681000,0.0,0,0.0,0.0,0.0,0.0,False
2025-12-11,17,2193681000,3.897,0,3.612,0.2849999999999997,0.2849999999999997,0.29076953103128883,False
2025-12-11,18,2193681000,5.07,0,4.855,0.21499999999999986,0.21499999999999986,0.19073953322371567,False
2025-12-11,19,2193681000,5.114,0,4.894,0.21999999999999975,0.21999999999999975,0.1955805741929707,False
2025-12-11,20,2193681000,5.076,0,4.913,0.16299999999999937,0.16299999999999937,0.1455162218671745,False
2025-12-11,21,2193681000,5.1,0,4.932,0.16799999999999926,0.16799999999999926,0.14982642841856172,False
2025-12-11,22,2193681000,5.174,0,4.981,0.1930000000000005,0.1930000000000005,0.1688826951103942,False
2025-12-11,23,2193681000,5.255,0,5.026,0.2290000000000001,0.2290000000000001,0.20224382555183654,False
2025-12-12,0,2193681000,5.305,0,5.071,0.23399999999999999,0.23399999999999999,0.1988606613664443,False
2025-12-12,1,2193681000,5.305,0,5.1,0.20500000000000007,0.20500000000000007,0.171666190192175,False
2025-12-12,2,2193681000,5.322,0,5.126,0.19599999999999973,0.19599999999999973,0.16308944833260378,False
2025-12-12,3,2193681000,5.344,0,5.135,0.20900000000000052,0.20900000000000052,0.17539048013944464,False
2025-12-12,4,2193681000,5.355,0,5.156,0.19900000000000073,0.19900000000000073,0.16795004072119404,False
2025-12-12,5,2193681000,5.348,0,5.135,0.21300000000000008,0.21300000000000008,0.1798390442468708,False
2025-12-12,6,2193681000,5.318,0,5.102,0.2159999999999993,0.2159999999999993,0.18545008354908132,False
2025-12-12,7,2193681000,4.86,0,4.983,-0.12299999999999933,0.12299999999999933,-0.1715249529969476,False
2025-12-12,8,2193681000,0.001,0,0.001,0.0,0.0,0.0,False
2025-12-12,9,2193681000,0.0,0,0.0,0.0,0.0,0.0,False
2025-12-12,10,2193681000,0.001,0,0.0,0.001,0.001,1.9728893365159033,False
2025-12-12,11,2193681000,0.0,0,0.001,-0.001,0.001,-1.9578861874192934,False
2025-12-12,12,2193681000,0.001,0,0.0,0.001,0.001,1.9578861874192934,False
2025-12-12,13,2193681000,0.0,0,0.001,-0.001,0.001,-1.9578861874192934,False
2025-12-12,14,2193681000,0.001,0,0.0,0.001,0.001,2.0534481608435176,False
2025-12-12,15,2193681000,0.0,0,0.001,-0.001,0.001,-2.003960309135109,False
2025-12-12,16,2193681000,0.0,0,0.0,0.0,0.0,0.0,False
2025-12-12,17,2193681000,3.874,0,3.612,0.262,0.262,0.26730391975507983,False
2025-12-12,18,2193681000,5.017,0,4.855,0.16199999999999992,0.16199999999999992,0.14372002038252069,False
2025-12-12,19,2193681000,5.087,0,4.894,0.19299999999999962,0.19299999999999962,0.17157750372383326,False
2025-12-12,20,2193681000,5.13,0,4.913,0.21699999999999964,0.21699999999999964,0.19372404997041065,False
2025-12-12,21,2193681000,5.149,0,4.932,0.21699999999999964,0.21699999999999964,0.1935258033739761,False
2025-12-12,22,2193681000,5.171,0,4.981,0.1900000000000004,0.1900000000000004,0.16625757549727918,False
2025-12-12,23,2193681000,5.239,0,5.026,0.21300000000000008,0.21300000000000008,0.18811325258751607,False
2025-12-13,0,2193681000,5.186,0,5.0875,0.09849999999999959,0.09849999999999959,0.10238515580282467,False
2025-12-13,1,2193681000,5.219,0,5.140499999999999,0.0785000000000009,0.0785000000000009,0.0803772830370222,False
2025-12-13,2,2193681000,5.284,0,5.1785,0.10550000000000015,0.10550000000000015,0.10586214231507537,False
2025-12-13,3,2193681000,5.305,0,5.207,0.09799999999999986,0.09799999999999986,0.09686385712802234,False
2025-12-13,4,2193681000,5.32,0,5.2385,0.08150000000000013,0.08150000000000013,0.08288157158110217,False
2025-12-13,5,2193681000,5.299,0,5.2145,0.08450000000000024,0.08450000000000024,0.0884981944230673,False
2025-12-13,6,2193681000,5.294,0,5.204,0.08999999999999986,0.08999999999999986,0.09566606756702434,False
2025-12-13,7,2193681000,4.983,0,5.096500000000001,-0.11350000000000104,0.11350000000000104,-0.2252976766893323,False
2025-12-13,8,2193681000,0.001,0,0.0275,-0.0265,0.0265,-0.17911860782876277,False
2025-12-13,9,2193681000,0.0,0,0.0,0.0,0.0,0.0,False
2025-12-13,10,2193681000,0.001,0,0.0005,0.0005,0.0005,0.9354125966967591,False
2025-12-13,11,2193681000,0.0,0,0.0005,-0.0005,0.0005,-0.9354125966967591,False
2025-12-13,12,2193681000,0.001,0,0.0005,0.0005,0.0005,0.9354125966967591,False
2025-12-13,13,2193681000,0.0,0,0.0005,-0.0005,0.0005,-0.9354125966967591,False
2025-12-13,14,2193681000,0.001,0,0.0005,0.0005,0.0005,0.9354125966967591,False
2025-12-13,15,2193681000,0.0,0,0.0005,-0.0005,0.0005,-0.9354125966967591,False
2025-12-13,16,2193681000,0.001,0,0.0005,0.0005,0.0005,0.9354125966967591,False
2025-12-13,17,2193681000,3.883,0,3.662,0.22100000000000009,0.22100000000000009,0.24914744384291823,False
2025-12-13,18,2193681000,4.964,0,4.8725000000000005,0.09149999999999991,0.09149999999999991,0.0949773617382294,False
2025-12-13,19,2193681000,5.009,0,4.929,0.08000000000000007,0.08000000000000007,0.08398168796906606,False
2025-12-13,20,2193681000,5.047,0,4.971,0.07599999999999962,0.07599999999999962,0.07774222930650698,False
2025-12-13,21,2193681000,5.073,0,4.987500000000001,0.08549999999999969,0.08549999999999969,0.0855909611334449,False
2025-12-13,22,2193681000,5.108,0,4.993,0.11499999999999932,0.11499999999999932,0.11342804557900421,False
2025-12-13,23,2193681000,5.179,0,5.0725,0.10650000000000048,0.10650000000000048,0.1052357017273684,False
2025-12-14,0,2193681000,5.193,0,5.0875,0.10549999999999926,0.10549999999999926,0.10966125824566471,False
2025-12-14,1,2193681000,5.21,0,5.140499999999999,0.06950000000000056,0.06950000000000056,0.0711620531346882,False
2025-12-14,2,2193681000,5.253,0,5.1785,0.07450000000000045,0.07450000000000045,0.07475573082912941,False
2025-12-14,3,2193681000,5.282,0,5.207,0.07500000000000018,0.07500000000000018,0.074130502904099,False
2025-12-14,4,2193681000,5.316,0,5.2385,0.07749999999999968,0.07749999999999968,0.07881376438693719,False
2025-12-14,5,2193681000,5.306,0,5.2145,0.09149999999999991,0.09149999999999991,0.09582940579539205,False
2025-12-14,6,2193681000,5.309,0,5.204,0.10500000000000043,0.10500000000000043,0.11161041216152903,False
2025-12-14,7,2193681000,5.109,0,5.096500000000001,0.01249999999999929,0.01249999999999929,0.024812519459175925,False
2025-12-14,8,2193681000,0.0,0,0.0275,-0.0275,0.0275,-0.18587780057701797,False
2025-12-14,9,2193681000,0.001,0,0.0,0.001,0.001,1.932179832832472,False
2025-12-14,10,2193681000,0.0,0,0.0005,-0.0005,0.0005,-0.9354125966967591,False
2025-12-14,11,2193681000,0.001,0,0.0005,0.0005,0.0005,0.9354125966967591,False
2025-12-14,12,2193681000,0.0,0,0.0005,-0.0005,0.0005,-0.9354125966967591,False
2025-12-14,13,2193681000,0.001,0,0.0005,0.0005,0.0005,0.9354125966967591,False
2025-12-14,14,2193681000,0.0,0,0.0005,-0.0005,0.0005,-0.9354125966967591,False
2025-12-14,15,2193681000,0.001,0,0.0005,0.0005,0.0005,0.9354125966967591,False
2025-12-14,16,2193681000,0.0,0,0.0005,-0.0005,0.0005,-0.9354125966967591,False
2025-12-14,17,2193681000,3.836,0,3.662,0.17399999999999993,0.17399999999999993,0.19616133587632462,False
2025-12-14,18,2193681000,5.037,0,4.8725000000000005,0.16449999999999942,0.16449999999999942,0.17075165033812784,False
2025-12-14,19,2193681000,5.094,0,4.929,0.16500000000000004,0.16500000000000004,0.17321223143619863,False
2025-12-14,20,2193681000,5.065,0,4.971,0.0940000000000003,0.0940000000000003,0.09615486256331206,False
2025-12-14,21,2193681000,5.104,0,4.987500000000001,0.11649999999999938,0.11649999999999938,0.11662394119352415,False
2025-12-14,22,2193681000,5.013,0,4.993,0.019999999999999574,0.019999999999999574,0.01972661662243521,False
2025-12-14,23,2193681000,5.081,0,5.0725,0.008500000000000618,0.008500000000000618,0.008399093565095703,False
2025-12-15,0,2193681000,5.091,0,5.071,0.020000000000000462,0.020000000000000462,0.016996637723628114,False
2025-12-15,1,2193681000,5.1,0,5.1,0.0,0.0,0.0,False
2025-12-15,2,2193681000,5.135,0,5.126,0.008999999999999453,0.008999999999999453,0.007488801198945647,False
2025-12-15,3,2193681000,5.134,0,5.135,-0.0009999999999994458,0.0009999999999994458,-0.0008391889001882632,False
2025-12-15,4,2193681000,5.134,0,5.156,-0.021999999999999353,0.021999999999999353,-0.01856734118525702,False
2025-12-15,5,2193681000,5.137,0,5.135,0.0019999999999997797,0.0019999999999997797,0.0016886295234446096,False
2025-12-15,6,2193681000,5.086,0,5.102,-0.016000000000000014,0.016000000000000014,-0.013737043225857934,False
2025-12-15,7,2193681000,4.885,0,4.983,-0.09799999999999986,0.09799999999999986,-0.1366621576723653,False
2025-12-15,8,2193681000,0.0,0,0.001,-0.001,0.001,-0.00761997015685591,False
2025-12-15,9,2193681000,0.001,0,0.0,0.001,0.001,1.9578861874192934,False
2025-12-15,10,2193681000,0.0,0,0.0,0.0,0.0,0.0,False
2025-12-15,11,2193681000,0.001,0,0.001,0.0,0.0,0.0,False
2025-12-15,12,2193681000,0.0,0,0.0,0.0,0.0,0.0,False
2025-12-15,13,2193681000,0.001,0,0.001,0.0,0.0,0.0,False
2025-12-15,14,2193681000,0.0,0,0.0,0.0,0.0,0.0,False
2025-12-15,15,2193681000,0.001,0,0.001,0.0,0.0,0.0,False
2025-12-15,16,2193681000,0.0,0,0.0,0.0,0.0,0.0,False
2025-12-15,17,2193681000,3.581,0,3.612,-0.03100000000000014,0.03100000000000014,-0.03162756302445616,False
2025-12-15,18,2193681000,4.799,0,4.855,-0.05600000000000005,0.05600000000000005,-0.049680994700130675,False
2025-12-15,19,2193681000,4.847,0,4.894,-0.04699999999999971,0.04699999999999971,-0.041783122668498075,False
2025-12-15,20,2193681000,4.859,0,4.913,-0.05400000000000027,0.05400000000000027,-0.04820782810323615,False
2025-12-15,21,2193681000,4.892,0,4.932,-0.040000000000000036,0.040000000000000036,-0.03567295914727679,False
2025-12-15,22,2193681000,4.913,0,4.981,-0.06799999999999962,0.06799999999999962,-0.059502711230604716,False
2025-12-15,23,2193681000,4.992,0,5.026,-0.03399999999999981,0.03399999999999981,-0.030027467549180786,False
2025-12-16,0,2193681000,5.028,0,5.071,-0.04300000000000015,0.04300000000000015,-0.036542771105799725,False
2025-12-16,1,2193681000,5.085,0,5.1,-0.01499999999999968,0.01499999999999968,-0.012560940745768629,False
2025-12-16,2,2193681000,5.117,0,5.126,-0.009000000000000341,0.009000000000000341,-0.007488801198946386,False
2025-12-16,3,2193681000,5.135,0,5.135,0.0,0.0,0.0,False
2025-12-16,4,2193681000,5.156,0,5.156,0.0,0.0,0.0,False
2025-12-16,5,2193681000,5.122,0,5.135,-0.0129999999999999,0.0129999999999999,-0.010976091902391088,False
2025-12-16,6,2193681000,5.102,0,5.102,0.0,0.0,0.0,False
2025-12-16,7,2193681000,4.944,0,4.983,-0.0389999999999997,0.0389999999999997,-0.054385960706349115,False
2025-12-16,8,2193681000,0.0,0,0.001,-0.001,0.001,-0.00761997015685591,False
2025-12-16,9,2193681000,0.001,0,0.0,0.001,0.001,1.9578861874192934,False
2025-12-16,10,2193681000,0.0,0,0.0,0.0,0.0,0.0,False
2025-12-16,11,2193681000,0.001,0,0.001,0.0,0.0,0.0,False
2025-12-16,12,2193681000,0.0,0,0.0,0.0,0.0,0.0,False
2025-12-16,13,2193681000,0.001,0,0.001,0.0,0.0,0.0,False
2025-12-16,14,2193681000,0.0,0,0.0,0.0,0.0,0.0,False
2025-12-16,15,2193681000,0.001,0,0.001,0.0,0.0,0.0,False
2025-12-16,16,2193681000,0.0,0,0.0,0.0,0.0,0.0,False
2025-12-16,17,2193681000,3.612,0,3.612,0.0,0.0,0.0,False
2025-12-16,18,2193681000,4.852,0,4.855,-0.0030000000000001137,0.0030000000000001137,-0.0026614818589356702,False
2025-12-16,19,2193681000,4.861,0,4.894,-0.03300000000000036,0.03300000000000036,-0.029337086128945963,False
2025-12-16,20,2193681000,4.889,0,4.913,-0.02400000000000002,0.02400000000000002,-0.02142570137921598,False
2025-12-16,21,2193681000,4.931,0,4.932,-0.001000000000000334,0.001000000000000334,-0.0008918239786822168,False
2025-12-16,22,2193681000,4.985,0,4.981,0.004000000000000448,0.004000000000000448,0.00350015948415363,False
2025-12-16,23,2193681000,5.046,0,5.026,0.020000000000000462,0.020000000000000462,0.01766321620540097,False
2025-12-17,0,2193681000,5.0,0,5.071,-0.07099999999999973,0.07099999999999973,-0.06033806391887818,False
2025-12-17,1,2193681000,5.076,0,5.1,-0.02400000000000002,0.02400000000000002,-0.020097505193230253,False
2025-12-17,2,2193681000,5.106,0,5.126,-0.020000000000000462,0.020000000000000462,-0.016641780442102835,False
2025-12-17,3,2193681000,5.102,0,5.135,-0.032999999999999474,0.032999999999999474,-0.02769323370622759,False
2025-12-17,4,2193681000,5.119,0,5.156,-0.03699999999999992,0.03699999999999992,-0.031226891993387657,False
2025-12-17,5,2193681000,5.099,0,5.135,-0.03599999999999959,0.03599999999999959,-0.030395331422005973,False
2025-12-17,6,2193681000,5.077,0,5.102,-0.025000000000000355,0.025000000000000355,-0.021464130040403307,False
2025-12-17,7,2193681000,5.04,0,4.983,0.057000000000000384,0.057000000000000384,0.07948717334004986,False
2025-12-17,8,2193681000,0.001,0,0.001,0.0,0.0,0.0,False
2025-12-17,9,2193681000,0.0,0,0.0,0.0,0.0,0.0,False
2025-12-17,10,2193681000,0.001,0,0.0,0.001,0.001,1.9728893365159033,False
2025-12-17,11,2193681000,0.0,0,0.001,-0.001,0.001,-1.9578861874192934,False
2025-12-17,12,2193681000,0.001,0,0.0,0.001,0.001,1.9578861874192934,False
2025-12-17,13,2193681000,0.0,0,0.001,-0.001,0.001,-1.9578861874192934,False
2025-12-17,14,2193681000,0.001,0,0.0,0.001,0.001,2.0534481608435176,False
2025-12-17,15,2193681000,0.0,0,0.001,-0.001,0.001,-2.003960309135109,False
2025-12-17,16,2193681000,0.001,0,0.0,0.001,0.001,2.227276861027805,False
2025-12-17,17,2193681000,3.678,0,3.612,0.06599999999999984,0.06599999999999984,0.06733610192303521,False
2025-12-17,18,2193681000,4.857,0,4.855,0.0019999999999997797,0.0019999999999997797,0.0017743212392901842,False
2025-12-17,19,2193681000,4.918,0,4.894,0.02400000000000002,0.02400000000000002,0.02133606263923321,False
2025-12-17,20,2193681000,4.913,0,4.913,0.0,0.0,0.0,False
2025-12-17,21,2193681000,4.934,0,4.932,0.0019999999999997797,0.0019999999999997797,0.0017836479573636415,False
2025-12-17,22,2193681000,4.981,0,4.981,0.0,0.0,0.0,False
2025-12-17,23,2193681000,4.981,0,5.026,-0.04499999999999993,0.04499999999999993,-0.039742236462151206,False
2025-12-18,0,2193681000,5.009,0,5.071,-0.06199999999999939,0.06199999999999939,-0.052689576943245414,False
2025-12-18,1,2193681000,5.093,0,5.1,-0.006999999999999673,0.006999999999999673,-0.005861772348025211,False
2025-12-18,2,2193681000,5.126,0,5.126,0.0,0.0,0.0,False
2025-12-18,3,2193681000,5.147,0,5.135,0.012000000000000455,0.012000000000000455,0.01007026680226512,False
2025-12-18,4,2193681000,5.16,0,5.156,0.004000000000000448,0.004000000000000448,0.003375880215501753,False
2025-12-18,5,2193681000,5.135,0,5.135,0.0,0.0,0.0,False
2025-12-18,6,2193681000,5.103,0,5.102,0.0009999999999994458,0.0009999999999994458,0.0008585652016156443,False
2025-12-18,7,2193681000,5.008,0,4.983,0.025000000000000355,0.025000000000000355,0.03486279532458353,False
2025-12-18,8,2193681000,0.001,0,0.001,0.0,0.0,0.0,False
2025-12-18,9,2193681000,0.0,0,0.0,0.0,0.0,0.0,False
2025-12-18,10,2193681000,0.001,0,0.0,0.001,0.001,1.9728893365159033,False
2025-12-18,11,2193681000,0.0,0,0.001,-0.001,0.001,-1.9578861874192934,False
2025-12-18,12,2193681000,0.001,0,0.0,0.001,0.001,1.9578861874192934,False
2025-12-18,13,2193681000,0.0,0,0.001,-0.001,0.001,-1.9578861874192934,False
2025-12-18,14,2193681000,0.001,0,0.0,0.001,0.001,2.0534481608435176,False
2025-12-18,15,2193681000,0.0,0,0.001,-0.001,0.001,-2.003960309135109,False
2025-12-18,16,2193681000,0.001,0,0.0,0.001,0.001,2.227276861027805,False
2025-12-18,17,2193681000,3.547,0,3.612,-0.06499999999999995,0.06499999999999995,-0.06631585795450448,False
2025-12-18,18,2193681000,4.83,0,4.855,-0.025000000000000355,0.025000000000000355,-0.02217901549113006,False
2025-12-18,19,2193681000,4.883,0,4.894,-0.01100000000000012,0.01100000000000012,-0.009779028709648654,False
2025-12-18,20,2193681000,4.913,0,4.913,0.0,0.0,0.0,False
2025-12-18,21,2193681000,4.916,0,4.932,-0.016000000000000014,0.016000000000000014,-0.014269183658910717,False
2025-12-18,22,2193681000,4.973,0,4.981,-0.008000000000000007,0.008000000000000007,-0.007000318968306483,False
2025-12-18,23,2193681000,5.002,0,5.026,-0.02400000000000002,0.02400000000000002,-0.021195859446480694,False
2025-12-19,0,2193681000,5.071,0,5.071,0.0,0.0,0.0,False
2025-12-19,1,2193681000,5.114,0,5.1,0.014000000000000234,0.014000000000000234,0.011723544696051167,False
2025-12-19,2,2193681000,5.118,0,5.126,-0.008000000000000007,0.008000000000000007,-0.006656712176840986,False
2025-12-19,3,2193681000,5.13,0,5.135,-0.004999999999999893,0.004999999999999893,-0.0041959445009435515,False
2025-12-19,4,2193681000,5.139,0,5.156,-0.01699999999999946,0.01699999999999946,-0.01434749091588039,False
2025-12-19,5,2193681000,5.12,0,5.135,-0.01499999999999968,0.01499999999999968,-0.012664721425835697,False
2025-12-19,6,2193681000,5.101,0,5.102,-0.001000000000000334,0.001000000000000334,-0.0008585652016164068,False
2025-12-19,7,2193681000,5.06,0,4.983,0.07699999999999996,0.07699999999999996,0.10737740959971569,False
2025-12-19,8,2193681000,0.055,0,0.001,0.054,0.054,0.41147838847021917,False
2025-12-19,9,2193681000,0.001,0,0.0,0.001,0.001,1.9578861874192934,False
2025-12-19,10,2193681000,0.0,0,0.0,0.0,0.0,0.0,False
2025-12-19,11,2193681000,0.001,0,0.001,0.0,0.0,0.0,False
2025-12-19,12,2193681000,0.0,0,0.0,0.0,0.0,0.0,False
2025-12-19,13,2193681000,0.001,0,0.001,0.0,0.0,0.0,False
2025-12-19,14,2193681000,0.0,0,0.0,0.0,0.0,0.0,False
2025-12-19,15,2193681000,0.001,0,0.001,0.0,0.0,0.0,False
2025-12-19,16,2193681000,0.0,0,0.0,0.0,0.0,0.0,False
2025-12-19,17,2193681000,3.533,0,3.612,-0.07900000000000018,0.07900000000000018,-0.08059927351393648,False
2025-12-19,18,2193681000,4.838,0,4.855,-0.017000000000000348,0.017000000000000348,-0.015081730533968536,False
2025-12-19,19,2193681000,4.894,0,4.894,0.0,0.0,0.0,False
2025-12-19,20,2193681000,4.901,0,4.913,-0.012000000000000455,0.012000000000000455,-0.010712850689608387,False
2025-12-19,21,2193681000,4.932,0,4.932,0.0,0.0,0.0,False
2025-12-19,22,2193681000,4.98,0,4.981,-0.0009999999999994458,0.0009999999999994458,-0.0008750398710378246,False
2025-12-19,23,2193681000,5.026,0,5.026,0.0,0.0,0.0,False
2025-12-20,0,2193681000,4.989,0,5.0875,-0.09850000000000048,0.09850000000000048,-0.1023851558028256,False
2025-12-20,1,2193681000,5.058,0,5.140499999999999,-0.08249999999999957,0.08249999999999957,-0.08447294077139135,False
2025-12-20,2,2193681000,5.104,0,5.1785,-0.07449999999999957,0.07449999999999957,-0.07475573082912852,False
2025-12-20,3,2193681000,5.132,0,5.207,-0.07500000000000018,0.07500000000000018,-0.074130502904099,False
2025-12-20,4,2193681000,5.161,0,5.2385,-0.07750000000000057,0.07750000000000057,-0.07881376438693809,False
2025-12-20,5,2193681000,5.13,0,5.2145,-0.08450000000000024,0.08450000000000024,-0.0884981944230673,False
2025-12-20,6,2193681000,5.114,0,5.204,-0.08999999999999986,0.08999999999999986,-0.09566606756702434,False
2025-12-20,7,2193681000,5.105,0,5.096500000000001,0.00849999999999973,0.00849999999999973,0.016872513232240052,False
2025-12-20,8,2193681000,0.054,0,0.0275,0.0265,0.0265,0.17911860782876277,False
2025-12-20,9,2193681000,0.0,0,0.0,0.0,0.0,0.0,False
2025-12-20,10,2193681000,0.001,0,0.0005,0.0005,0.0005,0.9354125966967591,False
2025-12-20,11,2193681000,0.0,0,0.0005,-0.0005,0.0005,-0.9354125966967591,False
2025-12-20,12,2193681000,0.001,0,0.0005,0.0005,0.0005,0.9354125966967591,False
2025-12-20,13,2193681000,0.0,0,0.0005,-0.0005,0.0005,-0.9354125966967591,False
2025-12-20,14,2193681000,0.001,0,0.0005,0.0005,0.0005,0.9354125966967591,False
2025-12-20,15,2193681000,0.0,0,0.0005,-0.0005,0.0005,-0.9354125966967591,False
2025-12-20,16,2193681000,0.001,0,0.0005,0.0005,0.0005,0.9354125966967591,False
2025-12-20,17,2193681000,3.488,0,3.662,-0.17399999999999993,0.17399999999999993,-0.19616133587632462,False
2025-12-20,18,2193681000,4.781,0,4.8725000000000005,-0.0915000000000008,0.0915000000000008,-0.09497736173823033,False
2025-12-20,19,2193681000,4.849,0,4.929,-0.08000000000000007,0.08000000000000007,-0.08398168796906606,False
2025-12-20,20,2193681000,4.895,0,4.971,-0.07600000000000051,0.07600000000000051,-0.07774222930650788,False
2025-12-20,21,2193681000,4.902,0,4.987500000000001,-0.08550000000000058,0.08550000000000058,-0.08559096113344579,False
2025-12-20,22,2193681000,4.973,0,4.993,-0.020000000000000462,0.020000000000000462,-0.019726616622436088,False
2025-12-20,23,2193681000,5.064,0,5.0725,-0.00849999999999973,0.00849999999999973,-0.008399093565094825,False
2025-12-21,0,2193681000,4.975,0,5.0875,-0.11250000000000071,0.11250000000000071,-0.11693736068850658,False
2025-12-21,1,2193681000,5.071,0,5.140499999999999,-0.06949999999999967,0.06949999999999967,-0.07116205313468729,False
2025-12-21,2,2193681000,5.096,0,5.1785,-0.08249999999999957,0.08249999999999957,-0.08278319185775983,False
2025-12-21,3,2193681000,5.124,0,5.207,-0.08300000000000018,0.08300000000000018,-0.08203775654720288,False
2025-12-21,4,2193681000,5.138,0,5.2385,-0.10050000000000026,0.10050000000000026,-0.10220365575338375,False
2025-12-21,5,2193681000,5.12,0,5.2145,-0.09450000000000003,0.09450000000000003,-0.09897135352638864,False
2025-12-21,6,2193681000,5.106,0,5.204,-0.09799999999999986,0.09799999999999986,-0.10416971801742653,False
2025-12-21,7,2193681000,5.088,0,5.096500000000001,-0.008500000000000618,0.008500000000000618,-0.016872513232241815,False
2025-12-21,8,2193681000,0.138,0,0.0275,0.11050000000000001,0.11050000000000001,0.7468907986821997,False
2025-12-21,9,2193681000,0.0,0,0.0,0.0,0.0,0.0,False
2025-12-21,10,2193681000,0.001,0,0.0005,0.0005,0.0005,0.9354125966967591,False
2025-12-21,11,2193681000,0.0,0,0.0005,-0.0005,0.0005,-0.9354125966967591,False
2025-12-21,12,2193681000,0.001,0,0.0005,0.0005,0.0005,0.9354125966967591,False
2025-12-21,13,2193681000,0.0,0,0.0005,-0.0005,0.0005,-0.9354125966967591,False
2025-12-21,14,2193681000,0.001,0,0.0005,0.0005,0.0005,0.9354125966967591,False
2025-12-21,15,2193681000,0.0,0,0.0005,-0.0005,0.0005,-0.9354125966967591,False
2025-12-21,16,2193681000,0.001,0,0.0005,0.0005,0.0005,0.9354125966967591,False
2025-12-21,17,2193681000,3.433,0,3.662,-0.2290000000000001,0.2290000000000001,-0.258166355837232,False
2025-12-21,18,2193681000,4.725,0,4.8725000000000005,-0.14750000000000085,0.14750000000000085,-0.1531055831299337,False
2025-12-21,19,2193681000,4.77,0,4.929,-0.1590000000000007,0.1590000000000007,-0.16691360483851936,False
2025-12-21,20,2193681000,4.832,0,4.971,-0.13900000000000023,0.13900000000000023,-0.14218644570532293,False
2025-12-21,21,2193681000,4.862,0,4.987500000000001,-0.1255000000000006,0.1255000000000006,-0.1256335160496775,False
2025-12-21,22,2193681000,4.945,0,4.993,-0.04800000000000004,0.04800000000000004,-0.04734387989384556,False
2025-12-21,23,2193681000,5.029,0,5.0725,-0.04349999999999987,0.04349999999999987,-0.042983596480192406,False
2025-12-22,0,2193681000,5.017,0,5.071,-0.05399999999999938,0.05399999999999938,-0.04589092185379432,False
2025-12-22,1,2193681000,5.018,0,5.1,-0.08199999999999985,0.08199999999999985,-0.06866647607686985,False
2025-12-22,2,2193681000,5.054,0,5.126,-0.07200000000000006,0.07200000000000006,-0.05991040959156887,False
2025-12-22,3,2193681000,5.054,0,5.135,-0.08099999999999952,0.08099999999999952,-0.06797430091528658,False
2025-12-22,4,2193681000,5.05,0,5.156,-0.10599999999999987,0.10599999999999987,-0.08946082571078634,False
2025-12-22,5,2193681000,5.02,0,5.135,-0.11500000000000021,0.11500000000000021,-0.09709619759807593,False
2025-12-22,6,2193681000,4.935,0,5.102,-0.1670000000000007,0.1670000000000007,-0.14338038866989267,False
2025-12-22,7,2193681000,4.947,0,4.983,-0.03599999999999959,0.03599999999999959,-0.050202425267398994,False
2025-12-22,8,2193681000,0.131,0,0.001,0.13,0.13,0.9905961203912684,False
2025-12-22,9,2193681000,0.001,0,0.0,0.001,0.001,1.9578861874192934,False
2025-12-22,10,2193681000,0.0,0,0.0,0.0,0.0,0.0,False
2025-12-22,11,2193681000,0.001,0,0.001,0.0,0.0,0.0,False
2025-12-22,12,2193681000,0.0,0,0.0,0.0,0.0,0.0,False
2025-12-22,13,2193681000,0.001,0,0.001,0.0,0.0,0.0,False
2025-12-22,14,2193681000,0.0,0,0.0,0.0,0.0,0.0,False
2025-12-22,15,2193681000,0.001,0,0.001,0.0,0.0,0.0,False
2025-12-22,16,2193681000,0.0,0,0.0,0.0,0.0,0.0,False
2025-12-22,17,2193681000,3.476,0,3.612,-0.13600000000000012,0.13600000000000012,-0.13875317972019424,False
2025-12-22,18,2193681000,4.798,0,4.855,-0.057000000000000384,0.057000000000000384,-0.05056815531977616,False
2025-12-22,19,2193681000,4.863,0,4.894,-0.030999999999999694,0.030999999999999694,-0.02755908090900927,False
2025-12-22,20,2193681000,4.829,0,4.913,-0.08400000000000052,0.08400000000000052,-0.07498995482725633,False
2025-12-22,21,2193681000,4.873,0,4.932,-0.05900000000000016,0.05900000000000016,-0.052617614742233365,False
2025-12-22,22,2193681000,4.936,0,4.981,-0.04499999999999993,0.04499999999999993,-0.03937679419672387,False
2025-12-22,23,2193681000,5.005,0,5.026,-0.020999999999999908,0.020999999999999908,-0.01854637701567051,False
2025-12-23,0,2193681000,5.018,0,5.071,-0.052999999999999936,0.052999999999999936,-0.045041089967613405,False
2025-12-23,1,2193681000,5.017,0,5.1,-0.0829999999999993,0.0829999999999993,-0.0695038721265873,False
2025-12-23,2,2193681000,5.04,0,5.126,-0.0860000000000003,0.0860000000000003,-0.07155965590104078,False
2025-12-23,3,2193681000,5.07,0,5.135,-0.0649999999999995,0.0649999999999995,-0.05454727851226692,False
2025-12-23,4,2193681000,5.124,0,5.156,-0.03200000000000003,0.03200000000000003,-0.027007041724011027,False
2025-12-23,5,2193681000,5.093,0,5.135,-0.041999999999999815,0.041999999999999815,-0.03546121999234055,False
2025-12-23,6,2193681000,5.051,0,5.102,-0.051000000000000156,0.051000000000000156,-0.04378682528242226,False
2025-12-23,7,2193681000,4.983,0,4.983,0.0,0.0,0.0,False
2025-12-23,8,2193681000,0.213,0,0.001,0.212,0.212,1.6154336732534529,False
2025-12-23,9,2193681000,0.0,0,0.0,0.0,0.0,0.0,False
2025-12-23,10,2193681000,0.001,0,0.0,0.001,0.001,1.9728893365159033,False
2025-12-23,11,2193681000,0.0,0,0.001,-0.001,0.001,-1.9578861874192934,False
2025-12-23,12,2193681000,0.001,0,0.0,0.001,0.001,1.9578861874192934,False
2025-12-23,13,2193681000,0.0,0,0.001,-0.001,0.001,-1.9578861874192934,False
2025-12-23,14,2193681000,0.0,0,0.0,0.0,0.0,0.0,False
2025-12-23,15,2193681000,0.001,0,0.001,0.0,0.0,0.0,False
2025-12-23,16,2193681000,0.0,0,0.0,0.0,0.0,0.0,False
2025-12-23,17,2193681000,3.409,0,3.612,-0.2030000000000003,0.2030000000000003,-0.20710952561176063,False
2025-12-23,18,2193681000,4.855,0,4.855,0.0,0.0,0.0,False
2025-12-23,19,2193681000,4.828,0,4.894,-0.06599999999999984,0.06599999999999984,-0.058674172257891136,False
2025-12-23,20,2193681000,4.826,0,4.913,-0.08700000000000063,0.08700000000000063,-0.07766816749965842,False
2025-12-23,21,2193681000,4.861,0,4.932,-0.07100000000000062,0.07100000000000062,-0.0633195024864168,False
2025-12-23,22,2193681000,4.925,0,4.981,-0.05600000000000005,0.05600000000000005,-0.04900223277814538,False
2025-12-23,23,2193681000,4.962,0,5.026,-0.06400000000000006,0.06400000000000006,-0.05652229185728185,False
2025-12-24,0,2193681000,5.01,0,5.071,-0.06099999999999994,0.06099999999999994,-0.0518397450570645,False
2025-12-24,1,2193681000,5.038,0,5.1,-0.06199999999999939,0.06199999999999939,-0.05191855508251093,False
2025-12-24,2,2193681000,5.079,0,5.126,-0.0470000000000006,0.0470000000000006,-0.03910818403894125,False
2025-12-24,3,2193681000,5.11,0,5.135,-0.024999999999999467,0.024999999999999467,-0.02097972250471776,False
2025-12-24,4,2193681000,5.124,0,5.156,-0.03200000000000003,0.03200000000000003,-0.027007041724011027,False
2025-12-24,5,2193681000,4.917,0,5.135,-0.21799999999999997,0.21799999999999997,-0.18406061805548268,False
2025-12-24,6,2193681000,5.03,0,5.102,-0.07200000000000006,0.07200000000000006,-0.0618166945163607,False
2025-12-24,7,2193681000,5.005,0,4.983,0.02200000000000024,0.02200000000000024,0.030679259885633407,False
2025-12-24,8,2193681000,0.212,0,0.001,0.211,0.211,1.607813703096597,False
2025-12-24,9,2193681000,0.001,0,0.0,0.001,0.001,1.9578861874192934,False
2025-12-24,10,2193681000,0.0,0,0.0,0.0,0.0,0.0,False
2025-12-24,11,2193681000,0.001,0,0.001,0.0,0.0,0.0,False
2025-12-24,12,2193681000,0.0,0,0.0,0.0,0.0,0.0,False
2025-12-24,13,2193681000,0.001,0,0.001,0.0,0.0,0.0,False
2025-12-24,14,2193681000,0.0,0,0.0,0.0,0.0,0.0,False
2025-12-24,15,2193681000,0.0,0,0.001,-0.001,0.001,-2.003960309135109,False
2025-12-24,16,2193681000,0.001,0,0.0,0.001,0.001,2.227276861027805,False
2025-12-24,17,2193681000,3.377,0,3.612,-0.23500000000000032,0.23500000000000032,-0.23975733260474752,False
2025-12-24,18,2193681000,4.74,0,4.855,-0.11500000000000021,0.11500000000000021,-0.10202347125919702,False
2025-12-24,19,2193681000,4.812,0,4.894,-0.08199999999999985,0.08199999999999985,-0.07289821401737995,False
2025-12-24,20,2193681000,4.811,0,4.913,-0.10200000000000031,0.10200000000000031,-0.09105923086166812,False
2025-12-24,21,2193681000,4.832,0,4.932,-0.10000000000000053,0.10000000000000053,-0.08918239786819238,False
2025-12-24,22,2193681000,4.885,0,4.981,-0.09600000000000009,0.09600000000000009,-0.0840038276196778,False
2025-12-24,23,2193681000,4.898,0,5.026,-0.1280000000000001,0.1280000000000001,-0.1130445837145637,False
2025-12-25,0,2193681000,4.914,0,5.071,-0.15700000000000003,0.15700000000000003,-0.13342360613047763,False
2025-12-25,1,2193681000,4.9,0,5.1,-0.1999999999999993,0.1999999999999993,-0.1674792099435847,False
2025-12-25,2,2193681000,4.934,0,5.126,-0.19200000000000017,0.19200000000000017,-0.15976109224418367,False
2025-12-25,3,2193681000,4.957,0,5.135,-0.17799999999999994,0.17799999999999994,-0.14937562423359357,False
2025-12-25,4,2193681000,4.975,0,5.156,-0.18100000000000005,0.18100000000000005,-0.15275857975143728,False
2025-12-25,5,2193681000,4.947,0,5.135,-0.18799999999999972,0.18799999999999972,-0.15873117520381055,False
2025-12-25,6,2193681000,4.978,0,5.102,-0.12400000000000055,0.12400000000000055,-0.10646208500039936,False
2025-12-25,7,2193681000,4.965,0,4.983,-0.017999999999999794,0.017999999999999794,-0.025101212633699497,False
2025-12-25,8,2193681000,0.291,0,0.001,0.29,0.29,2.209791345488214,False
2025-12-25,9,2193681000,0.0,0,0.0,0.0,0.0,0.0,False
2025-12-25,10,2193681000,0.0,0,0.0,0.0,0.0,0.0,False
2025-12-25,11,2193681000,0.001,0,0.001,0.0,0.0,0.0,False
2025-12-25,12,2193681000,0.0,0,0.0,0.0,0.0,0.0,False
2025-12-25,13,2193681000,0.001,0,0.001,0.0,0.0,0.0,False
2025-12-25,14,2193681000,0.0,0,0.0,0.0,0.0,0.0,False
2025-12-25,15,2193681000,0.001,0,0.001,0.0,0.0,0.0,False
2025-12-25,16,2193681000,0.0,0,0.0,0.0,0.0,0.0,False
2025-12-25,17,2193681000,3.287,0,3.612,-0.3250000000000002,0.3250000000000002,-0.3315792897725229,False
2025-12-25,18,2193681000,4.775,0,4.855,-0.08000000000000007,0.08000000000000007,-0.07097284957161525,False
2025-12-25,19,2193681000,4.807,0,4.894,-0.08699999999999974,0.08699999999999974,-0.07734322706722009,False
2025-12-25,20,2193681000,4.82,0,4.913,-0.09299999999999997,0.09299999999999997,-0.08302459284446183,False
2025-12-25,21,2193681000,4.829,0,4.932,-0.10300000000000065,0.10300000000000065,-0.09185786980423823,False
2025-12-25,22,2193681000,4.872,0,4.981,-0.10899999999999999,0.10899999999999999,-0.09537934594317574,False
2025-12-25,23,2193681000,4.897,0,5.026,-0.12899999999999956,0.12899999999999956,-0.11392774452483324,False
2025-12-26,0,2193681000,4.913,0,5.071,-0.15799999999999947,0.15799999999999947,-0.13427343801665856,False
2025-12-26,1,2193681000,5.008,0,5.1,-0.09199999999999964,0.09199999999999964,-0.07704043657404894,False
2025-12-26,2,2193681000,5.015,0,5.126,-0.11100000000000065,0.11100000000000065,-0.09236188145366914,False
2025-12-26,3,2193681000,5.03,0,5.135,-0.10499999999999954,0.10499999999999954,-0.08811483451981608,False
2025-12-26,4,2193681000,5.043,0,5.156,-0.11299999999999955,0.11299999999999955,-0.09536861608791347,False
2025-12-26,5,2193681000,5.01,0,5.135,-0.125,0.125,-0.10553934521529973,False
2025-12-26,6,2193681000,4.976,0,5.102,-0.12600000000000033,0.12600000000000033,-0.10817921540363142,False
2025-12-26,7,2193681000,4.978,0,4.983,-0.004999999999999893,0.004999999999999893,-0.006972559064916458,False
2025-12-26,8,2193681000,0.287,0,0.001,0.286,0.286,2.17931146486079,False
2025-12-26,9,2193681000,0.0,0,0.0,0.0,0.0,0.0,False
2025-12-26,10,2193681000,0.001,0,0.0,0.001,0.001,1.9728893365159033,False
2025-12-26,11,2193681000,0.0,0,0.001,-0.001,0.001,-1.9578861874192934,False
2025-12-26,12,2193681000,0.001,0,0.0,0.001,0.001,1.9578861874192934,False
2025-12-26,13,2193681000,0.0,0,0.001,-0.001,0.001,-1.9578861874192934,False
2025-12-26,14,2193681000,0.001,0,0.0,0.001,0.001,2.0534481608435176,False
2025-12-26,15,2193681000,0.0,0,0.001,-0.001,0.001,-2.003960309135109,False
2025-12-26,16,2193681000,0.0,0,0.0,0.0,0.0,0.0,False
2025-12-26,17,2193681000,3.191,0,3.612,-0.42100000000000026,0.42100000000000026,-0.4295227107514835,False
2025-12-26,18,2193681000,4.693,0,4.855,-0.1620000000000008,0.1620000000000008,-0.14372002038252146,False
2025-12-26,19,2193681000,4.746,0,4.894,-0.1479999999999997,0.1479999999999997,-0.13157238627527107,False
2025-12-26,20,2193681000,4.762,0,4.913,-0.1510000000000007,0.1510000000000007,-0.13480337117756772,False
2025-12-26,21,2193681000,4.79,0,4.932,-0.14200000000000035,0.14200000000000035,-0.1266390049728328,False
2025-12-26,22,2193681000,4.83,0,4.981,-0.1509999999999998,0.1509999999999998,-0.13213102052678458,False
2025-12-26,23,2193681000,4.866,0,5.026,-0.16000000000000014,0.16000000000000014,-0.14130572964320462,False
2025-12-27,0,2193681000,4.928,0,5.0875,-0.15950000000000042,0.15950000000000042,-0.1657911913761487,False
2025-12-27,1,2193681000,4.958,0,5.140499999999999,-0.18249999999999922,0.18249999999999922,-0.18686438413065376,False
2025-12-27,2,2193681000,4.942,0,5.1785,-0.2364999999999995,0.2364999999999995,-0.2373118166589122,False
2025-12-27,3,2193681000,4.923,0,5.207,-0.2839999999999998,0.2839999999999998,-0.2807075043301874,False
2025-12-27,4,2193681000,4.954,0,5.2385,-0.2845000000000004,0.2845000000000004,-0.2893227866849517,False
2025-12-27,5,2193681000,4.925,0,5.2145,-0.2895000000000003,0.2895000000000003,-0.30319795604115907,False
2025-12-27,6,2193681000,4.89,0,5.204,-0.31400000000000006,0.31400000000000006,-0.3337682801782855,False
2025-12-27,7,2193681000,4.902,0,5.096500000000001,-0.19450000000000056,0.19450000000000056,-0.38608280278480045,False
2025-12-27,8,2193681000,0.286,0,0.0275,0.25849999999999995,0.25849999999999995,1.7472513254239688,False
2025-12-27,9,2193681000,0.0,0,0.0,0.0,0.0,0.0,False
2025-12-27,10,2193681000,0.001,0,0.0005,0.0005,0.0005,0.9354125966967591,False
2025-12-27,11,2193681000,0.0,0,0.0005,-0.0005,0.0005,-0.9354125966967591,False
2025-12-27,12,2193681000,0.001,0,0.0005,0.0005,0.0005,0.9354125966967591,False
2025-12-27,13,2193681000,0.0,0,0.0005,-0.0005,0.0005,-0.9354125966967591,False
2025-12-27,14,2193681000,0.001,0,0.0005,0.0005,0.0005,0.9354125966967591,False
2025-12-27,15,2193681000,0.0,0,0.0005,-0.0005,0.0005,-0.9354125966967591,False
2025-12-27,16,2193681000,0.001,0,0.0005,0.0005,0.0005,0.9354125966967591,False
2025-12-27,17,2193681000,3.222,0,3.662,-0.43999999999999995,0.43999999999999995,-0.4960401596872578,False
2025-12-27,18,2193681000,4.777,0,4.8725000000000005,-0.09550000000000036,0.09550000000000036,-0.09912937755192297,False
2025-12-27,19,2193681000,4.832,0,4.929,-0.09700000000000042,0.09700000000000042,-0.10182779666249295,False
2025-12-27,20,2193681000,4.885,0,4.971,-0.0860000000000003,0.0860000000000003,-0.08797147000473232,False
2025-12-27,21,2193681000,4.894,0,4.987500000000001,-0.09350000000000058,0.09350000000000058,-0.09359947211669215,False
2025-12-27,22,2193681000,4.925,0,4.993,-0.0680000000000005,0.0680000000000005,-0.06707049651628165,False
2025-12-27,23,2193681000,4.968,0,5.0725,-0.10449999999999982,0.10449999999999982,-0.1032594444179336,False
2025-12-28,0,2193681000,4.982,0,5.0875,-0.10550000000000015,0.10550000000000015,-0.10966125824566562,False
2025-12-28,1,2193681000,5.02,0,5.140499999999999,-0.12049999999999983,0.12049999999999983,-0.12338168924791146,False
2025-12-28,2,2193681000,5.072,0,5.1785,-0.1064999999999996,0.1064999999999996,-0.10686557494365373,False
2025-12-28,3,2193681000,5.064,0,5.207,-0.1429999999999998,0.1429999999999998,-0.14134215887048157,False
2025-12-28,4,2193681000,5.041,0,5.2385,-0.1974999999999998,0.1974999999999998,-0.2008479802118728,False
2025-12-28,5,2193681000,5.024,0,5.2145,-0.1905000000000001,0.1905000000000001,-0.19951368091827557,False
2025-12-28,6,2193681000,5.004,0,5.204,-0.20000000000000018,0.20000000000000018,-0.21259126126005462,False
2025-12-28,7,2193681000,5.047,0,5.096500000000001,-0.04950000000000099,0.04950000000000099,-0.0982575770583442,False
2025-12-28,8,2193681000,0.375,0,0.0275,0.3475,0.3475,2.3488194800186815,False
2025-12-28,9,2193681000,0.0,0,0.0,0.0,0.0,0.0,False
2025-12-28,10,2193681000,0.0,0,0.0005,-0.0005,0.0005,-0.9354125966967591,False
2025-12-28,11,2193681000,0.001,0,0.0005,0.0005,0.0005,0.9354125966967591,False
2025-12-28,12,2193681000,0.0,0,0.0005,-0.0005,0.0005,-0.9354125966967591,False
2025-12-28,13,2193681000,0.001,0,0.0005,0.0005,0.0005,0.9354125966967591,False
2025-12-28,14,2193681000,0.0,0,0.0005,-0.0005,0.0005,-0.9354125966967591,False
2025-12-28,15,2193681000,0.001,0,0.0005,0.0005,0.0005,0.9354125966967591,False
2025-12-28,16,2193681000,0.0,0,0.0005,-0.0005,0.0005,-0.9354125966967591,False
2025-12-28,17,2193681000,3.101,0,3.662,-0.5609999999999999,0.5609999999999999,-0.6324512036012536,False
2025-12-28,18,2193681000,4.66,0,4.8725000000000005,-0.21250000000000036,0.21250000000000036,-0.22057584010244594,False
2025-12-28,19,2193681000,4.712,0,4.929,-0.21700000000000053,0.21700000000000053,-0.22780032861609203,False
2025-12-28,20,2193681000,4.749,0,4.971,-0.22200000000000042,0.22200000000000042,-0.22708914350058773,False
2025-12-28,21,2193681000,4.744,0,4.987500000000001,-0.24350000000000094,0.24350000000000094,-0.2437590530525613,False
2025-12-28,22,2193681000,4.798,0,4.993,-0.19500000000000028,0.19500000000000028,-0.1923345120687477,False
2025-12-28,23,2193681000,4.843,0,5.0725,-0.22949999999999982,0.22949999999999982,-0.2267755262575673,False
2025-12-29,0,2193681000,4.892,0,5.071,-0.17899999999999938,0.17899999999999938,-0.15211990762646757,False
2025-12-29,1,2193681000,4.977,0,5.1,-0.12299999999999933,0.12299999999999933,-0.1029997141153044,False
2025-12-29,2,2193681000,5.027,0,5.126,-0.0990000000000002,0.0990000000000002,-0.08237681318840728,False
2025-12-29,3,2193681000,5.059,0,5.135,-0.07599999999999962,0.07599999999999962,-0.06377835641434303,False
2025-12-29,4,2193681000,5.103,0,5.156,-0.052999999999999936,0.052999999999999936,-0.04473041285539317,False
2025-12-29,5,2193681000,5.039,0,5.135,-0.09600000000000009,0.09600000000000009,-0.08105421712535026,False
2025-12-29,6,2193681000,4.987,0,5.102,-0.11500000000000021,0.11500000000000021,-0.09873499818585399,False
2025-12-29,7,2193681000,4.916,0,4.983,-0.06699999999999928,0.06699999999999928,-0.09343229146988154,False
2025-12-29,8,2193681000,0.36,0,0.001,0.359,0.359,2.735569286311272,True
2025-12-29,9,2193681000,0.001,0,0.0,0.001,0.001,1.9578861874192934,False
2025-12-29,10,2193681000,0.0,0,0.0,0.0,0.0,0.0,False
2025-12-29,11,2193681000,0.001,0,0.001,0.0,0.0,0.0,False
2025-12-29,12,2193681000,0.0,0,0.0,0.0,0.0,0.0,False
2025-12-29,13,2193681000,0.001,0,0.001,0.0,0.0,0.0,False
2025-12-29,14,2193681000,0.0,0,0.0,0.0,0.0,0.0,False
2025-12-29,15,2193681000,0.001,0,0.001,0.0,0.0,0.0,False
2025-12-29,16,2193681000,0.0,0,0.0,0.0,0.0,0.0,False
2025-12-29,17,2193681000,3.061,0,3.612,-0.5510000000000002,0.5510000000000002,-0.5621544266604925,False
2025-12-29,18,2193681000,4.784,0,4.855,-0.07100000000000062,0.07100000000000062,-0.06298840399480903,False
2025-12-29,19,2193681000,4.841,0,4.894,-0.052999999999999936,0.052999999999999936,-0.04711713832830658,False
2025-12-29,20,2193681000,4.858,0,4.913,-0.055000000000000604,0.055000000000000604,-0.04910056566070378,False
2025-12-29,21,2193681000,4.877,0,4.932,-0.055000000000000604,0.055000000000000604,-0.04905031882750608,False
2025-12-29,22,2193681000,4.898,0,4.981,-0.08300000000000018,0.08300000000000018,-0.07262830929617986,False
2025-12-29,23,2193681000,4.95,0,5.026,-0.07599999999999962,0.07599999999999962,-0.0671202215805218,False
2025-12-30,0,2193681000,4.978,0,5.071,-0.09299999999999997,0.09299999999999997,-0.07903436541486888,False
2025-12-30,1,2193681000,5.054,0,5.1,-0.045999999999999375,0.045999999999999375,-0.038520218287024094,False
2025-12-30,2,2193681000,5.113,0,5.126,-0.0129999999999999,0.0129999999999999,-0.01081715728736651,False
2025-12-30,3,2193681000,5.078,0,5.135,-0.056999999999999496,0.056999999999999496,-0.047833767310757086,False
2025-12-30,4,2193681000,5.069,0,5.156,-0.08699999999999974,0.08699999999999974,-0.0734253946871547,False
2025-12-30,5,2193681000,5.054,0,5.135,-0.08099999999999952,0.08099999999999952,-0.06838949569951382,False
2025-12-30,6,2193681000,5.004,0,5.102,-0.09800000000000075,0.09800000000000075,-0.08413938975838041,False
2025-12-30,7,2193681000,5.034,0,4.983,0.051000000000000156,0.051000000000000156,0.0711201024621496,False
2025-12-30,8,2193681000,0.363,0,0.001,0.362,0.362,2.7584291967818397,True
2025-12-30,9,2193681000,0.0,0,0.0,0.0,0.0,0.0,False
2025-12-30,10,2193681000,0.001,0,0.0,0.001,0.001,1.9728893365159033,False
2025-12-30,11,2193681000,0.0,0,0.001,-0.001,0.001,-1.9578861874192934,False
2025-12-30,12,2193681000,0.001,0,0.0,0.001,0.001,1.9578861874192934,False
2025-12-30,13,2193681000,0.0,0,0.001,-0.001,0.001,-1.9578861874192934,False
2025-12-30,14,2193681000,0.0,0,0.0,0.0,0.0,0.0,False
2025-12-30,15,2193681000,0.001,0,0.001,0.0,0.0,0.0,False
2025-12-30,16,2193681000,0.0,0,0.0,0.0,0.0,0.0,False
2025-12-30,17,2193681000,3.014,0,3.612,-0.5980000000000003,0.5980000000000003,-0.6101058931814421,False
2025-12-30,18,2193681000,4.822,0,4.855,-0.03300000000000036,0.03300000000000036,-0.029276300448291586,False
2025-12-30,19,2193681000,4.884,0,4.894,-0.009999999999999787,0.009999999999999787,-0.008890026099680308,False
2025-12-30,20,2193681000,4.838,0,4.913,-0.07500000000000018,0.07500000000000018,-0.06695531681005004,False
2025-12-30,21,2193681000,4.849,0,4.932,-0.08300000000000018,0.08300000000000018,-0.07402139023059943,False
2025-12-30,22,2193681000,4.879,0,4.981,-0.10200000000000031,0.10200000000000031,-0.08925406684590785,False
2025-12-30,23,2193681000,4.878,0,5.026,-0.1479999999999997,0.1479999999999997,-0.1307077999199639,False
2025-12-31,0,2193681000,2.644,0,5.071,-2.4269999999999996,2.4269999999999996,-2.0625419877622235,False
2025-12-31,1,2193681000,2.443,0,5.1,-2.6569999999999996,2.6569999999999996,-2.22496130410053,False
2025-12-31,2,2193681000,2.462,0,5.126,-2.664,2.664,-2.2166851548880464,False
2025-12-31,3,2193681000,2.493,0,5.135,-2.642,2.642,-2.21713707429862,False
2025-12-31,4,2193681000,2.496,0,5.156,-2.6599999999999997,2.6599999999999997,-2.2449603433084144,False
2025-12-31,5,2193681000,2.48,0,5.135,-2.655,2.655,-2.241655692372966,False
2025-12-31,6,2193681000,2.451,0,5.102,-2.6510000000000002,2.6510000000000002,-2.2760563494843344,False
2025-12-31,7,2193681000,2.416,0,4.983,-2.5669999999999997,2.5669999999999997,-3.5797118239281858,True
2025-12-31,8,2193681000,0.176,0,0.001,0.175,0.175,1.3334947774497843,False
2025-12-31,9,2193681000,0.001,0,0.0,0.001,0.001,1.9578861874192934,False
2025-12-31,10,2193681000,0.0,0,0.0,0.0,0.0,0.0,False
2025-12-31,11,2193681000,0.0,0,0.001,-0.001,0.001,-1.9578861874192934,False
2025-12-31,12,2193681000,0.001,0,0.0,0.001,0.001,1.9578861874192934,False
2025-12-31,13,2193681000,0.0,0,0.001,-0.001,0.001,-1.9578861874192934,False
2025-12-31,14,2193681000,0.001,0,0.0,0.001,0.001,2.0534481608435176,False
2025-12-31,15,2193681000,0.0,0,0.001,-0.001,0.001,-2.003960309135109,False
2025-12-31,16,2193681000,0.0,0,0.0,0.0,0.0,0.0,False
2025-12-31,17,2193681000,1.443,0,3.612,-2.169,2.169,-2.21290916774339,False
2025-12-31,18,2193681000,2.304,0,4.855,-2.5510000000000006,2.5510000000000006,-2.2631467407148795,False
2025-12-31,19,2193681000,2.366,0,4.894,-2.528,2.528,-2.2473985979992297,False
2025-12-31,20,2193681000,2.381,0,4.913,-2.5320000000000005,2.5320000000000005,-2.2604114955072845,False
2025-12-31,21,2193681000,2.414,0,4.932,-2.5180000000000002,2.5180000000000002,-2.2456127783210724,False
2025-12-31,22,2193681000,2.372,0,4.981,-2.609,2.609,-2.28297902353895,False
2025-12-31,23,2193681000,2.563,0,5.026,-2.4629999999999996,2.4629999999999996,-2.175225075695079,False
2026-01-01,0,2193681000,2.591,0,6.787,-4.196,4.196,-4.388384612362412,True
2026-01-01,1,2193681000,2.591,0,6.853,-4.262,4.262,-4.3517151785213155,True
2026-01-01,2,2193681000,2.624,0,6.895,-4.270999999999999,4.270999999999999,-4.270259810341625,True
2026-01-01,3,2193681000,2.638,0,6.942,-4.304,4.304,-4.298008629774059,True
2026-01-01,4,2193681000,2.644,0,6.971,-4.327,4.327,-4.336353189319416,True
2026-01-01,5,2193681000,2.636,0,6.962,-4.326,4.326,-4.325236086635809,True
2026-01-01,6,2193681000,2.633,0,6.926,-4.293,4.293,-4.278016893570093,True
2026-01-01,7,2193681000,2.631,0,6.818,-4.186999999999999,4.186999999999999,-4.314800786013279,True
2026-01-01,8,2193681000,0.19,0,1.853,-1.663,1.663,-1.1921807553904413,False
2026-01-01,9,2193681000,0.0,0,0.0,0.0,0.0,0.0,False
2026-01-01,10,2193681000,0.001,0,0.0,0.001,0.001,1.9781375071516232,False
2026-01-01,11,2193681000,0.0,0,0.0,0.0,0.0,0.0,False
2026-01-01,12,2193681000,0.001,0,0.0,0.001,0.001,1.9820584893665876,False
2026-01-01,13,2193681000,0.0,0,0.001,-0.001,0.001,-1.9781375071516232,False
2026-01-01,14,2193681000,0.001,0,0.0,0.001,0.001,2.0184294953324766,False
2026-01-01,15,2193681000,0.0,0,0.001,-0.001,0.001,-1.9820584893665876,False
2026-01-01,16,2193681000,0.001,0,0.0,0.001,0.001,2.002019260005388,False
2026-01-01,17,2193681000,1.533,0,0.927,0.6059999999999999,0.6059999999999999,0.5343163118765069,False
2026-01-01,18,2193681000,2.467,0,6.339,-3.8720000000000003,3.8720000000000003,-3.9843548788065433,True
2026-01-01,19,2193681000,3.776,0,6.589,-2.8130000000000006,2.8130000000000006,-3.4564455963709992,True
2026-01-01,20,2193681000,4.795,0,6.654,-1.859,1.859,-1.5248780368920731,False
2026-01-01,21,2193681000,4.888,0,6.6775,-1.7895000000000003,1.7895000000000003,-2.378142554580198,False
2026-01-01,22,2193681000,4.952,0,6.727,-1.7750000000000004,1.7750000000000004,-1.4460721344154808,False
2026-01-01,23,2193681000,5.007,0,6.762,-1.755,1.755,-2.3498991971689867,False
2026-01-02,0,2193681000,5.057,0,6.787,-1.7299999999999995,1.7299999999999995,-1.809319680502138,False
2026-01-02,1,2193681000,5.089,0,6.853,-1.7639999999999993,1.7639999999999993,-1.8011322324992018,False
2026-01-02,2,2193681000,5.05,0,6.895,-1.8449999999999998,1.8449999999999998,-1.8446802505456095,False
2026-01-02,3,2193681000,5.09,0,6.942,-1.8520000000000003,1.8520000000000003,-1.849421928982704,False
2026-01-02,4,2193681000,5.101,0,6.971,-1.87,1.87,-1.874042168714423,False
2026-01-02,5,2193681000,5.056,0,6.962,-1.9059999999999997,1.9059999999999997,-1.9056634260582181,False
2026-01-02,6,2193681000,5.018,0,6.926,-1.9080000000000004,1.9080000000000004,-1.9013408415867081,False
2026-01-02,7,2193681000,5.015,0,6.818,-1.803,1.803,-1.858033393165021,False
2026-01-02,8,2193681000,0.446,0,1.853,-1.407,1.407,-1.0086580413916721,False
2026-01-02,9,2193681000,0.0,0,0.0,0.0,0.0,0.0,False
2026-01-02,10,2193681000,0.001,0,0.0,0.001,0.001,1.9781375071516232,False
2026-01-02,11,2193681000,0.0,0,0.0,0.0,0.0,0.0,False
2026-01-02,12,2193681000,0.001,0,0.0,0.001,0.001,1.9820584893665876,False
2026-01-02,13,2193681000,0.0,0,0.001,-0.001,0.001,-1.9781375071516232,False
2026-01-02,14,2193681000,0.001,0,0.0,0.001,0.001,2.0184294953324766,False
2026-01-02,15,2193681000,0.0,0,0.001,-0.001,0.001,-1.9820584893665876,False
2026-01-02,16,2193681000,0.001,0,0.0,0.001,0.001,2.002019260005388,False
2026-01-02,17,2193681000,2.84,0,0.927,1.9129999999999998,1.9129999999999998,1.6867113937619764,False
2026-01-02,18,2193681000,4.718,0,6.339,-1.6210000000000004,1.6210000000000004,-1.6680369985912726,False
2026-01-02,19,2193681000,4.82,0,6.589,-1.7690000000000001,1.7690000000000001,-2.173641045140525,False
2026-01-02,20,2193681000,4.8,0,6.654,-1.854,1.854,-1.5207766973630465,False
2026-01-02,21,2193681000,4.841,0,6.6775,-1.8365,1.8365,-2.4406028507887862,False
2026-01-02,22,2193681000,4.88,0,6.727,-1.8470000000000004,1.8470000000000004,-1.5047297083185314,False
2026-01-02,23,2193681000,4.968,0,6.762,-1.7939999999999996,1.7939999999999996,-2.402119179328297,False
2026-01-03,0,2193681000,4.923,0,6.838,-1.915,1.915,-2.7833480801466495,True
2026-01-03,1,2193681000,5.026,0,6.914,-1.888,1.888,-2.7103464274407933,True
2026-01-03,2,2193681000,5.059,0,6.952,-1.8929999999999998,1.8929999999999998,-2.68120183839326,True
2026-01-03,3,2193681000,5.058,0,7.003,-1.9450000000000003,1.9450000000000003,-2.7156985206182185,True
2026-01-03,4,2193681000,5.054,0,6.987,-1.9329999999999998,1.9329999999999998,-2.639610547903065,True
2026-01-03,5,2193681000,5.033,0,6.979,-1.9459999999999997,1.9459999999999997,-2.6830660410250653,True
2026-01-03,6,2193681000,5.008,0,6.975,-1.9669999999999996,1.9669999999999996,-2.694462639939406,True
2026-01-03,7,2193681000,5.009,0,6.891,-1.8819999999999997,1.8819999999999997,-2.7958993765193956,True
2026-01-03,8,2193681000,0.442,0,0.487,-0.044999999999999984,0.044999999999999984,-0.03069570047337626,False
2026-01-03,9,2193681000,0.001,0,0.001,0.0,0.0,0.0,False
2026-01-03,10,2193681000,0.0,0,0.0,0.0,0.0,0.0,False
2026-01-03,11,2193681000,0.001,0,0.001,0.0,0.0,0.0,False
2026-01-03,12,2193681000,0.0,0,0.0,0.0,0.0,0.0,False
2026-01-03,13,2193681000,0.001,0,0.0005,0.0005,0.0005,0.9682439615554852,False
2026-01-03,14,2193681000,0.0,0,0.0,0.0,0.0,0.0,False
2026-01-03,15,2193681000,0.001,0,0.0,0.001,0.001,1.9436468538446654,False
2026-01-03,16,2193681000,0.0,0,0.0,0.0,0.0,0.0,False
2026-01-03,17,2193681000,2.77,0,1.001,1.7690000000000001,1.7690000000000001,1.5021654200245185,False
2026-01-03,18,2193681000,4.773,0,6.307,-1.5340000000000007,1.5340000000000007,-2.0717796431117295,False
2026-01-03,19,2193681000,4.824,0,6.458,-1.6340000000000003,1.6340000000000003,-2.398212269690272,False
2026-01-03,20,2193681000,4.873,0,6.544,-1.6709999999999994,1.6709999999999994,-2.4290051872462044,False
2026-01-03,21,2193681000,4.888,0,6.644,-1.7560000000000002,1.7560000000000002,-1.0116027999133146,False
2026-01-03,22,2193681000,4.943,0,6.7295,-1.7865000000000002,1.7865000000000002,-2.458251262485479,False
2026-01-03,23,2193681000,4.973,0,6.745,-1.7720000000000002,1.7720000000000002,-1.004280374150802,False
2026-01-04,0,2193681000,4.961,0,6.838,-1.8769999999999998,1.8769999999999998,-2.7281171521855145,True
2026-01-04,1,2193681000,4.991,0,6.914,-1.923,1.923,-2.760591197017291,True
2026-01-04,2,2193681000,5.032,0,6.952,-1.92,1.92,-2.7194440199234333,True
2026-01-04,3,2193681000,5.045,0,7.003,-1.9580000000000002,1.9580000000000002,-2.7338497189565407,True
2026-01-04,4,2193681000,4.991,0,6.987,-1.9960000000000004,1.9960000000000004,-2.7256402760551057,True
2026-01-04,5,2193681000,5.008,0,6.979,-1.971,1.971,-2.7175350292191185,True
2026-01-04,6,2193681000,5.011,0,6.975,-1.9639999999999995,1.9639999999999995,-2.690353139217587,True
2026-01-04,7,2193681000,5.041,0,6.891,-1.8499999999999996,1.8499999999999996,-2.748360173518003,True
2026-01-04,8,2193681000,0.446,0,0.487,-0.04099999999999998,0.04099999999999998,-0.0279671937646317,False
2026-01-04,9,2193681000,0.001,0,0.001,0.0,0.0,0.0,False
2026-01-04,10,2193681000,0.0,0,0.0,0.0,0.0,0.0,False
2026-01-04,11,2193681000,0.001,0,0.001,0.0,0.0,0.0,False
2026-01-04,12,2193681000,0.0,0,0.0,0.0,0.0,0.0,False
2026-01-04,13,2193681000,0.0,0,0.0005,-0.0005,0.0005,-0.9682439615554852,False
2026-01-04,14,2193681000,0.001,0,0.0,0.001,0.001,1.9517963363806923,False
2026-01-04,15,2193681000,0.0,0,0.0,0.0,0.0,0.0,False
2026-01-04,16,2193681000,0.001,0,0.0,0.001,0.001,1.9436468538446654,False
2026-01-04,17,2193681000,2.659,0,1.001,1.658,1.658,1.4079085734316854,False
2026-01-04,18,2193681000,4.675,0,6.307,-1.6320000000000006,1.6320000000000006,-2.204135839347029,False
2026-01-04,19,2193681000,4.724,0,6.458,-1.734,1.734,-2.544981686439982,True
2026-01-04,20,2193681000,4.771,0,6.544,-1.7729999999999997,1.7729999999999997,-2.577274803702885,True
2026-01-04,21,2193681000,4.812,0,6.644,-1.8319999999999999,1.8319999999999999,-1.0553851534403142,False
2026-01-04,22,2193681000,4.846,0,6.7295,-1.8834999999999997,1.8834999999999997,-2.5917247427323806,True
2026-01-04,23,2193681000,4.913,0,6.745,-1.8319999999999999,1.8319999999999999,-1.0382853529595195,False
2026-01-05,0,2193681000,4.959,0,6.787,-1.8280000000000003,1.8280000000000003,-1.9118129340797165,False
2026-01-05,1,2193681000,4.932,0,6.853,-1.9209999999999994,1.9209999999999994,-1.9614370853917047,False
2026-01-05,2,2193681000,4.977,0,6.895,-1.9179999999999993,1.9179999999999993,-1.9176675992121832,False
2026-01-05,3,2193681000,5.02,0,6.942,-1.9220000000000006,1.9220000000000006,-1.9193244856937137,False
2026-01-05,4,2193681000,5.026,0,6.971,-1.9450000000000003,1.9450000000000003,-1.9492042877805098,False
2026-01-05,5,2193681000,5.015,0,6.962,-1.947,1.947,-1.946656186010153,False
2026-01-05,6,2193681000,4.975,0,6.926,-1.9510000000000005,1.9510000000000005,-1.9441907662136624,False
2026-01-05,7,2193681000,4.964,0,6.818,-1.8539999999999992,1.8539999999999992,-1.9105900781630325,False
2026-01-05,8,2193681000,0.433,0,1.853,-1.42,1.42,-1.017977554211922,False
2026-01-05,9,2193681000,0.0,0,0.0,0.0,0.0,0.0,False
2026-01-05,10,2193681000,0.001,0,0.0,0.001,0.001,1.9781375071516232,False
2026-01-05,11,2193681000,0.0,0,0.0,0.0,0.0,0.0,False
2026-01-05,12,2193681000,0.0,0,0.0,0.0,0.0,0.0,False
2026-01-05,13,2193681000,0.001,0,0.001,0.0,0.0,0.0,False
2026-01-05,14,2193681000,0.0,0,0.0,0.0,0.0,0.0,False
2026-01-05,15,2193681000,0.001,0,0.001,0.0,0.0,0.0,False
2026-01-05,16,2193681000,0.0,0,0.0,0.0,0.0,0.0,False
2026-01-05,17,2193681000,2.634,0,0.927,1.7069999999999999,1.7069999999999999,1.5050791161273882,False
2026-01-05,18,2193681000,4.775,0,6.339,-1.564,1.564,-1.6093830140633867,False
2026-01-05,19,2193681000,4.846,0,6.589,-1.7430000000000003,1.7430000000000003,-2.141693805358923,False
2026-01-05,20,2193681000,4.889,0,6.654,-1.7649999999999997,1.7649999999999997,-1.4477728537463737,False
2026-01-05,21,2193681000,4.914,0,6.6775,-1.7635000000000005,1.7635000000000005,-2.343590050294596,False
2026-01-05,22,2193681000,4.866,0,6.727,-1.8610000000000007,1.8610000000000007,-1.516135347688569,False
2026-01-05,23,2193681000,4.942,0,6.762,-1.8199999999999994,1.8199999999999994,-2.4369325007678375,False
2026-01-06,0,2193681000,4.984,0,6.787,-1.803,1.803,-1.8856666959221708,False
2026-01-06,1,2193681000,5.008,0,6.853,-1.8449999999999998,1.8449999999999998,-1.8838372839915127,False
2026-01-06,2,2193681000,5.028,0,6.895,-1.867,1.867,-1.8666764378149883,False
2026-01-06,3,2193681000,5.081,0,6.942,-1.8609999999999998,1.8609999999999998,-1.8584094005598333,False
2026-01-06,4,2193681000,5.128,0,6.971,-1.843,1.843,-1.8469838058506318,False
2026-01-06,5,2193681000,5.112,0,6.962,-1.8499999999999996,1.8499999999999996,-1.8496733149043565,False
2026-01-06,6,2193681000,5.064,0,6.926,-1.862,1.862,-1.8555013873346176,False
2026-01-06,7,2193681000,5.048,0,6.818,-1.7699999999999996,1.7699999999999996,-1.824026126401601,False
2026-01-06,8,2193681000,0.435,0,1.853,-1.418,1.418,-1.0165437830088067,False
2026-01-06,9,2193681000,0.001,0,0.0,0.001,0.001,0.07243833225320802,False
2026-01-06,10,2193681000,0.0,0,0.0,0.0,0.0,0.0,False
2026-01-06,11,2193681000,0.001,0,0.0,0.001,0.001,2.0020192600053885,False
2026-01-06,12,2193681000,0.0,0,0.0,0.0,0.0,0.0,False
2026-01-06,13,2193681000,0.001,0,0.001,0.0,0.0,0.0,False
2026-01-06,14,2193681000,0.0,0,0.0,0.0,0.0,0.0,False
2026-01-06,15,2193681000,0.001,0,0.001,0.0,0.0,0.0,False
2026-01-06,16,2193681000,0.0,0,0.0,0.0,0.0,0.0,False
2026-01-06,17,2193681000,2.58,0,0.927,1.653,1.653,1.4574667715047294,False
2026-01-06,18,2193681000,4.844,0,6.339,-1.495,1.495,-1.5383808222664725,False
2026-01-06,19,2193681000,4.887,0,6.589,-1.7020000000000008,1.7020000000000008,-2.091315465703321,False
2026-01-06,20,2193681000,4.846,0,6.654,-1.8079999999999998,1.8079999999999998,-1.4830443736960022,False
2026-01-06,21,2193681000,4.887,0,6.6775,-1.7905000000000006,1.7905000000000006,-2.3794714970527218,False
2026-01-06,22,2193681000,4.914,0,6.727,-1.8130000000000006,1.8130000000000006,-1.4770302984198689,False
2026-01-06,23,2193681000,4.999,0,6.762,-1.763,1.763,-2.360610988381153,False
2026-01-07,0,2193681000,4.984,0,6.787,-1.803,1.803,-1.8856666959221708,False
2026-01-07,1,2193681000,5.035,0,6.853,-1.8179999999999996,1.8179999999999996,-1.8562689334940756,False
2026-01-07,2,2193681000,5.083,0,6.895,-1.8119999999999994,1.8119999999999994,-1.8116859696415413,False
2026-01-07,3,2193681000,5.1,0,6.942,-1.8420000000000005,1.8420000000000005,-1.8394358494525602,False
2026-01-07,4,2193681000,5.114,0,6.971,-1.8570000000000002,1.8570000000000002,-1.8610140680763017,False
2026-01-07,5,2193681000,5.084,0,6.962,-1.8780000000000001,1.8780000000000001,-1.8776683704812878,False
2026-01-07,6,2193681000,5.026,0,6.926,-1.9000000000000004,1.9000000000000004,-1.8933687625863447,False
2026-01-07,7,2193681000,5.038,0,6.818,-1.7799999999999994,1.7799999999999994,-1.834331358754152,False
2026-01-07,8,2193681000,0.434,0,1.853,-1.419,1.419,-1.0172606686103645,False
2026-01-07,9,2193681000,0.093,0,0.0,0.093,0.093,6.736764899548345,True
2026-01-07,10,2193681000,0.0,0,0.0,0.0,0.0,0.0,False
2026-01-07,11,2193681000,0.001,0,0.0,0.001,0.001,2.0020192600053885,False
2026-01-07,12,2193681000,0.0,0,0.0,0.0,0.0,0.0,False
2026-01-07,13,2193681000,0.001,0,0.001,0.0,0.0,0.0,False
2026-01-07,14,2193681000,0.0,0,0.0,0.0,0.0,0.0,False
2026-01-07,15,2193681000,0.0,0,0.001,-0.001,0.001,-1.9820584893665876,False
2026-01-07,16,2193681000,0.001,0,0.0,0.001,0.001,2.002019260005388,False
2026-01-07,17,2193681000,3.511,0,0.927,2.584,2.584,2.2783388612027955,False
2026-01-07,18,2193681000,6.806,0,6.339,0.46699999999999964,0.46699999999999964,0.4805510662196937,False
2026-01-07,19,2193681000,6.831,0,6.589,0.242,0.242,0.29735507796721705,False
2026-01-07,20,2193681000,6.802,0,6.654,0.1479999999999997,0.1479999999999997,0.12139965005918577,False
2026-01-07,21,2193681000,6.868,0,6.6775,0.1905000000000001,0.1905000000000001,0.2531635410156624,False
2026-01-07,22,2193681000,6.943,0,6.727,0.2159999999999993,0.2159999999999993,0.17597272170915088,False
2026-01-07,23,2193681000,6.997,0,6.762,0.23500000000000032,0.23500000000000032,0.31465886685738614,False
2026-01-08,0,2193681000,7.003,0,6.787,0.2160000000000002,0.2160000000000002,0.22590349768119206,False
2026-01-08,1,2193681000,7.09,0,6.853,0.2370000000000001,0.2370000000000001,0.24198885436638956,False
2026-01-08,2,2193681000,7.069,0,6.895,0.17400000000000038,0.17400000000000038,0.17396984476690341,False
2026-01-08,3,2193681000,7.083,0,6.942,0.14100000000000001,0.14100000000000001,0.14080372137503308,False
2026-01-08,4,2193681000,7.121,0,6.971,0.15000000000000036,0.15000000000000036,0.15032423813217333,False
2026-01-08,5,2193681000,7.065,0,6.962,0.10300000000000065,0.10300000000000065,0.10298181158656755,False
2026-01-08,6,2193681000,7.022,0,6.926,0.09600000000000009,0.09600000000000009,0.09566494800436275,False
2026-01-08,7,2193681000,6.987,0,6.818,0.16900000000000048,0.16900000000000048,0.1741584267581195,False
2026-01-08,8,2193681000,0.487,0,1.853,-1.366,1.366,-0.979265731727807,False
2026-01-08,9,2193681000,0.0,0,0.0,0.0,0.0,0.0,False
2026-01-08,10,2193681000,0.001,0,0.0,0.001,0.001,1.9781375071516232,False
2026-01-08,11,2193681000,0.0,0,0.0,0.0,0.0,0.0,False
2026-01-08,12,2193681000,0.0,0,0.0,0.0,0.0,0.0,False
2026-01-08,13,2193681000,0.001,0,0.001,0.0,0.0,0.0,False
2026-01-08,14,2193681000,0.0,0,0.0,0.0,0.0,0.0,False
2026-01-08,15,2193681000,0.001,0,0.001,0.0,0.0,0.0,False
2026-01-08,16,2193681000,0.0,0,0.0,0.0,0.0,0.0,False
2026-01-08,17,2193681000,3.356,0,0.927,2.429,2.429,2.1416737979340517,False
2026-01-08,18,2193681000,6.742,0,6.339,0.4029999999999996,0.4029999999999996,0.41469396078487475,False
2026-01-08,19,2193681000,6.87,0,6.589,0.2809999999999997,0.2809999999999997,0.34527593763961945,False
2026-01-08,20,2193681000,6.917,0,6.654,0.2629999999999999,0.2629999999999999,0.2157304592267967,False
2026-01-08,21,2193681000,6.937,0,6.6775,0.25950000000000006,0.25950000000000006,0.3448605716197605,False
2026-01-08,22,2193681000,6.932,0,6.727,0.20500000000000007,0.20500000000000007,0.16701114791840768,False
2026-01-08,23,2193681000,7.029,0,6.762,0.26700000000000035,0.26700000000000035,0.35750603170605144,False
2026-01-09,0,2193681000,7.016,0,6.787,0.2290000000000001,0.2290000000000001,0.23949954152311553,False
2026-01-09,1,2193681000,7.101,0,6.853,0.24800000000000022,0.24800000000000022,0.2532204045690491,False
2026-01-09,2,2193681000,7.113,0,6.895,0.21800000000000086,0.21800000000000086,0.21796221930566098,False
2026-01-09,3,2193681000,7.129,0,6.942,0.1869999999999994,0.1869999999999994,0.18673968721369572,False
2026-01-09,4,2193681000,7.138,0,6.971,0.16699999999999982,0.16699999999999982,0.16736098512048572,False
2026-01-09,5,2193681000,7.111,0,6.962,0.14900000000000002,0.14900000000000002,0.1489736886058104,False
2026-01-09,6,2193681000,7.047,0,6.926,0.12099999999999955,0.12099999999999955,0.12057769488049833,False
2026-01-09,7,2193681000,7.025,0,6.818,0.20700000000000074,0.20700000000000074,0.21331830969781515,False
2026-01-09,8,2193681000,0.481,0,1.853,-1.3719999999999999,1.3719999999999999,-0.9835670453371529,False
2026-01-09,9,2193681000,0.0,0,0.0,0.0,0.0,0.0,False
2026-01-09,10,2193681000,0.0,0,0.0,0.0,0.0,0.0,False
2026-01-09,11,2193681000,0.001,0,0.0,0.001,0.001,2.0020192600053885,False
2026-01-09,12,2193681000,0.0,0,0.0,0.0,0.0,0.0,False
2026-01-09,13,2193681000,0.001,0,0.001,0.0,0.0,0.0,False
2026-01-09,14,2193681000,0.0,0,0.0,0.0,0.0,0.0,False
2026-01-09,15,2193681000,0.001,0,0.001,0.0,0.0,0.0,False
2026-01-09,16,2193681000,0.0,0,0.0,0.0,0.0,0.0,False
2026-01-09,17,2193681000,3.246,0,0.927,2.319,2.319,2.044685688517524,False
2026-01-09,18,2193681000,6.678,0,6.339,0.3389999999999995,0.3389999999999995,0.3488368553500558,False
2026-01-09,19,2193681000,6.773,0,6.589,0.18399999999999928,0.18399999999999928,0.2260881584544121,False
2026-01-09,20,2193681000,6.787,0,6.654,0.133,0.133,0.10909563147210637,False
2026-01-09,21,2193681000,6.864,0,6.6775,0.18649999999999967,0.18649999999999967,0.2478477711255692,False
2026-01-09,22,2193681000,6.901,0,6.727,0.1739999999999995,0.1739999999999995,0.14175580359903825,False
2026-01-09,23,2193681000,6.98,0,6.762,0.21800000000000086,0.21800000000000086,0.2918963105315334,False
2026-01-10,0,2193681000,6.933,0,6.838,0.09499999999999975,0.09499999999999975,0.13807731990283603,False
2026-01-10,1,2193681000,7.025,0,6.914,0.11100000000000065,0.11100000000000065,0.15934769779975097,False
2026-01-10,2,2193681000,7.094,0,6.952,0.14200000000000035,0.14200000000000035,0.20112554730683777,False
2026-01-10,3,2193681000,7.152,0,7.003,0.14900000000000002,0.14900000000000002,0.20804065787769385,False
2026-01-10,4,2193681000,7.16,0,6.987,0.17300000000000004,0.17300000000000004,0.23624036460798262,False
2026-01-10,5,2193681000,7.108,0,6.979,0.12899999999999956,0.12899999999999956,0.17785997908131157,False
2026-01-10,6,2193681000,7.1,0,6.975,0.125,0.125,0.17122919674246356,False
2026-01-10,7,2193681000,7.097,0,6.891,0.2060000000000004,0.2060000000000004,0.3060336193214648,False
2026-01-10,8,2193681000,0.487,0,0.487,0.0,0.0,0.0,False
2026-01-10,9,2193681000,0.001,0,0.001,0.0,0.0,0.0,False
2026-01-10,10,2193681000,0.0,0,0.0,0.0,0.0,0.0,False
2026-01-10,11,2193681000,0.001,0,0.001,0.0,0.0,0.0,False
2026-01-10,12,2193681000,0.0,0,0.0,0.0,0.0,0.0,False
2026-01-10,13,2193681000,0.0,0,0.0005,-0.0005,0.0005,-0.9682439615554852,False
2026-01-10,14,2193681000,0.001,0,0.0,0.001,0.001,1.9517963363806923,False
2026-01-10,15,2193681000,0.0,0,0.0,0.0,0.0,0.0,False
2026-01-10,16,2193681000,0.001,0,0.0,0.001,0.001,1.9436468538446654,False
2026-01-10,17,2193681000,3.174,0,1.001,2.173,2.173,1.845226375191226,False
2026-01-10,18,2193681000,6.717,0,6.307,0.40999999999999925,0.40999999999999925,0.553735106698701,False
2026-01-10,19,2193681000,6.806,0,6.458,0.34799999999999986,0.34799999999999986,0.5107575702889927,False
2026-01-10,20,2193681000,6.901,0,6.544,0.3570000000000002,0.3570000000000002,0.5189436575983817,False
2026-01-10,21,2193681000,6.874,0,6.644,0.22999999999999954,0.22999999999999954,0.1324992277790785,False
2026-01-10,22,2193681000,6.911,0,6.7295,0.18149999999999977,0.18149999999999977,0.249746769740338,False
2026-01-10,23,2193681000,6.934,0,6.745,0.18900000000000006,0.18900000000000006,0.1071156832474614,False
2026-01-11,0,2193681000,6.953,0,6.838,0.11500000000000021,0.11500000000000021,0.1671462293560654,False
2026-01-11,1,2193681000,6.993,0,6.914,0.07900000000000063,0.07900000000000063,0.11340962275838155,False
2026-01-11,2,2193681000,7.067,0,6.952,0.11500000000000021,0.11500000000000021,0.1628833657766643,False
2026-01-11,3,2193681000,7.124,0,7.003,0.12099999999999955,0.12099999999999955,0.16894576914899906,False
2026-01-11,4,2193681000,7.166,0,6.987,0.17900000000000027,0.17900000000000027,0.24443367205103433,False
2026-01-11,5,2193681000,6.768,0,6.979,-0.2110000000000003,0.2110000000000003,-0.2909182603578056,False
2026-01-11,6,2193681000,6.691,0,6.975,-0.2839999999999998,0.2839999999999998,-0.389032734998877,False
2026-01-11,7,2193681000,6.695,0,6.891,-0.19599999999999973,0.19599999999999973,-0.2911776183835286,False
2026-01-11,8,2193681000,0.455,0,0.487,-0.03199999999999997,0.03199999999999997,-0.02182805366995644,False
2026-01-11,9,2193681000,0.0,0,0.001,-0.001,0.001,-1.9712176355116986,False
2026-01-11,10,2193681000,0.001,0,0.0,0.001,0.001,2.0300727544864547,False
2026-01-11,11,2193681000,0.0,0,0.001,-0.001,0.001,-1.9712176355116986,False
2026-01-11,12,2193681000,0.001,0,0.0,0.001,0.001,2.0300727544864547,False
2026-01-11,13,2193681000,0.0,0,0.0005,-0.0005,0.0005,-0.9682439615554852,False
2026-01-11,14,2193681000,0.001,0,0.0,0.001,0.001,1.9517963363806923,False
2026-01-11,15,2193681000,0.0,0,0.0,0.0,0.0,0.0,False
2026-01-11,16,2193681000,0.001,0,0.0,0.001,0.001,1.9436468538446654,False
2026-01-11,17,2193681000,3.036,0,1.001,2.035,2.035,1.7280421875352714,False
2026-01-11,18,2193681000,6.666,0,6.307,0.359,0.359,0.4848558617191073,False
2026-01-11,19,2193681000,6.722,0,6.458,0.26400000000000023,0.26400000000000023,0.3874712602192364,False
2026-01-11,20,2193681000,6.687,0,6.544,0.14300000000000068,0.14300000000000068,0.20786818777750388,False
2026-01-11,21,2193681000,6.7,0,6.644,0.05600000000000005,0.05600000000000005,0.032260681546210514,False
2026-01-11,22,2193681000,6.545,0,6.7295,-0.1844999999999999,0.1844999999999999,-0.2538748155211702,False
2026-01-11,23,2193681000,6.562,0,6.745,-0.18299999999999983,0.18299999999999983,-0.10371518536658948,False
2026-01-12,0,2193681000,6.597,0,6.787,-0.1899999999999995,0.1899999999999995,-0.19871140999734418,False
2026-01-12,1,2193681000,6.724,0,6.853,-0.12899999999999956,0.12899999999999956,-0.13171545237664192,False
2026-01-12,2,2193681000,6.813,0,6.895,-0.08199999999999985,0.08199999999999985,-0.08198578891313807,False
2026-01-12,3,2193681000,6.744,0,6.942,-0.1980000000000004,0.1980000000000004,-0.19772437469685533,False
2026-01-12,4,2193681000,6.759,0,6.971,-0.21199999999999974,0.21199999999999974,-0.21245825656013753,False
2026-01-12,5,2193681000,6.754,0,6.962,-0.20800000000000018,0.20800000000000018,-0.2079632700000576,False
2026-01-12,6,2193681000,6.716,0,6.926,-0.20999999999999996,0.20999999999999996,-0.2092670737595433,False
2026-01-12,7,2193681000,6.673,0,6.818,-0.14499999999999957,0.14499999999999957,-0.14942586911199515,False
2026-01-12,8,2193681000,0.452,0,1.853,-1.401,1.401,-1.004356727782326,False
2026-01-12,9,2193681000,0.001,0,0.0,0.001,0.001,0.07243833225320802,False
2026-01-12,10,2193681000,0.0,0,0.0,0.0,0.0,0.0,False
2026-01-12,11,2193681000,0.0,0,0.0,0.0,0.0,0.0,False
2026-01-12,12,2193681000,0.001,0,0.0,0.001,0.001,1.9820584893665876,False
2026-01-12,13,2193681000,0.0,0,0.001,-0.001,0.001,-1.9781375071516232,False
2026-01-12,14,2193681000,0.001,0,0.0,0.001,0.001,2.0184294953324766,False
2026-01-12,15,2193681000,0.0,0,0.001,-0.001,0.001,-1.9820584893665876,False
2026-01-12,16,2193681000,0.001,0,0.0,0.001,0.001,2.002019260005388,False
2026-01-12,17,2193681000,2.897,0,0.927,1.9699999999999998,1.9699999999999998,1.7369688686414497,False
2026-01-12,18,2193681000,6.712,0,6.339,0.37299999999999933,0.37299999999999933,0.38382344261230317,False
2026-01-12,19,2193681000,6.772,0,6.589,0.18299999999999983,0.18299999999999983,0.2248594184628127,False
2026-01-12,20,2193681000,6.785,0,6.654,0.13100000000000023,0.13100000000000023,0.10745509566049592,False
2026-01-12,21,2193681000,6.767,0,6.6775,0.08950000000000014,0.08950000000000014,0.11894035129082314,False
2026-01-12,22,2193681000,6.867,0,6.727,0.13999999999999968,0.13999999999999968,0.11405639370037567,False
2026-01-12,23,2193681000,6.92,0,6.762,0.15800000000000036,0.15800000000000036,0.21155787644028534,False
2026-01-13,0,2193681000,6.885,0,6.787,0.09799999999999986,0.09799999999999986,0.10249325357757764,False
2026-01-13,1,2193681000,6.95,0,6.853,0.09700000000000042,0.09700000000000042,0.0990418517870881,False
2026-01-13,2,2193681000,7.007,0,6.895,0.1120000000000001,0.1120000000000001,0.11198058973501815,False
2026-01-13,3,2193681000,7.051,0,6.942,0.10899999999999999,0.10899999999999999,0.10884826687857165,False
2026-01-13,4,2193681000,6.733,0,6.971,-0.23800000000000043,0.23800000000000043,-0.23851445783638153,False
2026-01-13,5,2193681000,6.618,0,6.962,-0.3439999999999994,0.3439999999999994,-0.34393925423086363,False
2026-01-13,6,2193681000,6.535,0,6.926,-0.391,0.391,-0.38963536114276875,False
2026-01-13,7,2193681000,6.443,0,6.818,-0.375,0.375,-0.38644621322067824,False
2026-01-13,8,2193681000,0.323,0,1.853,-1.53,1.53,-1.0968349703832683,False
2026-01-13,9,2193681000,0.001,0,0.0,0.001,0.001,0.07243833225320802,False
2026-01-13,10,2193681000,0.0,0,0.0,0.0,0.0,0.0,False
2026-01-13,11,2193681000,0.001,0,0.0,0.001,0.001,2.0020192600053885,False
2026-01-13,12,2193681000,0.0,0,0.0,0.0,0.0,0.0,False
2026-01-13,13,2193681000,0.001,0,0.001,0.0,0.0,0.0,False
2026-01-13,14,2193681000,0.0,0,0.0,0.0,0.0,0.0,False
2026-01-13,15,2193681000,0.001,0,0.001,0.0,0.0,0.0,False
2026-01-13,16,2193681000,0.0,0,0.0,0.0,0.0,0.0,False
2026-01-13,17,2193681000,2.808,0,0.927,1.8809999999999998,1.8809999999999998,1.6584966710226228,False
2026-01-13,18,2193681000,6.588,0,6.339,0.24899999999999967,0.24899999999999967,0.2562253008323419,False
2026-01-13,19,2193681000,6.603,0,6.589,0.013999999999999346,0.013999999999999346,0.017202359882400185,False
2026-01-13,20,2193681000,6.654,0,6.654,0.0,0.0,0.0,False
2026-01-13,21,2193681000,6.707,0,6.6775,0.029499999999999638,0.029499999999999638,0.039203802939432784,False
2026-01-13,22,2193681000,6.803,0,6.727,0.07599999999999962,0.07599999999999962,0.061916328008775195,False
2026-01-13,23,2193681000,6.889,0,6.762,0.12700000000000067,0.12700000000000067,0.17004968549314126,False
2026-01-14,0,2193681000,6.756,0,6.787,-0.030999999999999694,0.030999999999999694,-0.03242133531535592,False
2026-01-14,1,2193681000,6.895,0,6.853,0.041999999999999815,0.041999999999999815,0.042884100773790346,False
2026-01-14,2,2193681000,6.977,0,6.895,0.08200000000000074,0.08200000000000074,0.08198578891313896,False
2026-01-14,3,2193681000,6.911,0,6.942,-0.031000000000000583,0.031000000000000583,-0.030956846543447568,False
2026-01-14,4,2193681000,7.035,0,6.971,0.06400000000000006,0.06400000000000006,0.06413834160306052,False
2026-01-14,5,2193681000,7.014,0,6.962,0.05200000000000049,0.05200000000000049,0.051990817500014844,False
2026-01-14,6,2193681000,6.963,0,6.926,0.03699999999999992,0.03699999999999992,0.03687086537668136,False
2026-01-14,7,2193681000,6.861,0,6.818,0.04300000000000015,0.04300000000000015,0.04431249911597126,False
2026-01-14,8,2193681000,0.337,0,1.853,-1.516,1.516,-1.0867985719614606,False
2026-01-14,9,2193681000,0.001,0,0.0,0.001,0.001,0.07243833225320802,False
2026-01-14,10,2193681000,0.0,0,0.0,0.0,0.0,0.0,False
2026-01-14,11,2193681000,0.001,0,0.0,0.001,0.001,2.0020192600053885,False
2026-01-14,12,2193681000,0.0,0,0.0,0.0,0.0,0.0,False
2026-01-14,13,2193681000,0.001,0,0.001,0.0,0.0,0.0,False
2026-01-14,14,2193681000,0.0,0,0.0,0.0,0.0,0.0,False
2026-01-14,15,2193681000,0.001,0,0.001,0.0,0.0,0.0,False
2026-01-14,16,2193681000,0.0,0,0.0,0.0,0.0,0.0,False
2026-01-14,17,2193681000,2.742,0,0.927,1.815,1.815,1.6003038053727063,False
2026-01-14,18,2193681000,6.734,0,6.339,0.3949999999999996,0.3949999999999996,0.4064618226055224,False
2026-01-14,19,2193681000,6.758,0,6.589,0.1689999999999996,0.1689999999999996,0.20765705858041142,False
2026-01-14,20,2193681000,6.757,0,6.654,0.10299999999999976,0.10299999999999976,0.08448759429794683,False
2026-01-14,21,2193681000,6.821,0,6.6775,0.14349999999999952,0.14349999999999952,0.19070324480707304,False
2026-01-14,22,2193681000,6.865,0,6.727,0.1379999999999999,0.1379999999999999,0.11242701664751334,False
2026-01-14,23,2193681000,6.922,0,6.762,0.16000000000000014,0.16000000000000014,0.21423582424332663,False
2026-01-15,0,2193681000,6.924,0,6.787,0.13700000000000045,0.13700000000000045,0.143281385103349,False
2026-01-15,1,2193681000,6.97,0,6.853,0.11699999999999999,0.11699999999999999,0.11946285215555935,False
2026-01-15,2,2193681000,6.787,0,6.895,-0.10799999999999965,0.10799999999999965,-0.10798128295876705,False
2026-01-15,3,2193681000,6.82,0,6.942,-0.12199999999999989,0.12199999999999989,-0.121830170267759,False
2026-01-15,4,2193681000,6.852,0,6.971,-0.11899999999999977,0.11899999999999977,-0.11925722891819032,False
2026-01-15,5,2193681000,6.819,0,6.962,-0.1429999999999998,0.1429999999999998,-0.14297474812503927,False
2026-01-15,6,2193681000,6.778,0,6.926,-0.14800000000000058,0.14800000000000058,-0.14748346150672634,False
2026-01-15,7,2193681000,6.727,0,6.818,-0.0909999999999993,0.0909999999999993,-0.0937776144082172,False
2026-01-15,8,2193681000,0.217,0,1.853,-1.636,1.636,-1.1728248441483835,False
2026-01-15,9,2193681000,0.0,0,0.0,0.0,0.0,0.0,False
2026-01-15,10,2193681000,0.001,0,0.0,0.001,0.001,1.9781375071516232,False
2026-01-15,11,2193681000,0.0,0,0.0,0.0,0.0,0.0,False
2026-01-15,12,2193681000,0.001,0,0.0,0.001,0.001,1.9820584893665876,False
2026-01-15,13,2193681000,0.0,0,0.001,-0.001,0.001,-1.9781375071516232,False
2026-01-15,14,2193681000,0.001,0,0.0,0.001,0.001,2.0184294953324766,False
2026-01-15,15,2193681000,0.0,0,0.001,-0.001,0.001,-1.9820584893665876,False
2026-01-15,16,2193681000,0.0,0,0.0,0.0,0.0,0.0,False
2026-01-15,17,2193681000,2.627,0,0.927,1.6999999999999997,1.6999999999999997,1.4989071455281546,False
2026-01-15,18,2193681000,6.721,0,6.339,0.3819999999999997,0.3819999999999997,0.3930845980640749,False
2026-01-15,19,2193681000,6.798,0,6.589,0.20899999999999963,0.20899999999999963,0.2568066582444143,False
2026-01-15,20,2193681000,6.807,0,6.654,0.15300000000000047,0.15300000000000047,0.12550098958821296,False
2026-01-15,21,2193681000,6.83,0,6.6775,0.15249999999999986,0.15249999999999986,0.20266372705978195,False
2026-01-15,22,2193681000,6.831,0,6.727,0.10400000000000009,0.10400000000000009,0.08472760674885077,False
2026-01-15,23,2193681000,6.907,0,6.762,0.14500000000000046,0.14500000000000046,0.1941512157205152,False
2026-01-16,0,2193681000,6.937,0,6.787,0.15000000000000036,0.15000000000000036,0.15687742894527248,False
2026-01-16,1,2193681000,7.021,0,6.853,0.16800000000000015,0.16800000000000015,0.1715364030951623,False
2026-01-16,2,2193681000,6.939,0,6.895,0.04400000000000048,0.04400000000000048,0.043992374538757574,False
2026-01-16,3,2193681000,6.779,0,6.942,-0.16300000000000026,0.16300000000000026,-0.16277309634135054,False
2026-01-16,4,2193681000,6.807,0,6.971,-0.1639999999999997,0.1639999999999997,-0.16435450035784216,False
2026-01-16,5,2193681000,6.783,0,6.962,-0.17899999999999938,0.17899999999999938,-0.1789683910096642,False
2026-01-16,6,2193681000,6.734,0,6.926,-0.19200000000000017,0.19200000000000017,-0.1913298960087255,False
2026-01-16,7,2193681000,6.674,0,6.818,-0.14399999999999924,0.14399999999999924,-0.14839534587673966,False
2026-01-16,8,2193681000,0.211,0,1.853,-1.642,1.642,-1.1771261577577297,False
2026-01-16,9,2193681000,0.001,0,0.0,0.001,0.001,0.07243833225320802,False
2026-01-16,10,2193681000,0.0,0,0.0,0.0,0.0,0.0,False
2026-01-16,11,2193681000,0.001,0,0.0,0.001,0.001,2.0020192600053885,False
2026-01-16,12,2193681000,0.0,0,0.0,0.0,0.0,0.0,False
2026-01-16,13,2193681000,0.001,0,0.001,0.0,0.0,0.0,False
2026-01-16,14,2193681000,0.0,0,0.0,0.0,0.0,0.0,False
2026-01-16,15,2193681000,0.0,0,0.001,-0.001,0.001,-1.9820584893665876,False
2026-01-16,16,2193681000,0.001,0,0.0,0.001,0.001,2.002019260005388,False
2026-01-16,17,2193681000,2.484,0,0.927,1.557,1.557,1.3728226032866688,False
2026-01-16,18,2193681000,6.659,0,6.339,0.3199999999999994,0.3199999999999994,0.3292855271740938,False
2026-01-16,19,2193681000,6.681,0,6.589,0.09199999999999964,0.09199999999999964,0.11304407922720605,False
2026-01-16,20,2193681000,6.676,0,6.654,0.02200000000000024,0.02200000000000024,0.01804589392771704,False
2026-01-16,21,2193681000,6.731,0,6.6775,0.05349999999999966,0.05349999999999966,0.0710984222799887,False
2026-01-16,22,2193681000,6.798,0,6.727,0.07099999999999973,0.07099999999999973,0.057842885376619003,False
2026-01-16,23,2193681000,6.839,0,6.762,0.07700000000000085,0.07700000000000085,0.10310099041710198,False
2026-01-17,0,2193681000,6.844,0,6.838,0.006000000000000227,0.006000000000000227,0.008720672835968944,False
2026-01-17,1,2193681000,6.924,0,6.914,0.010000000000000675,0.010000000000000675,0.0143556484504289,False
2026-01-17,2,2193681000,6.675,0,6.952,-0.27700000000000014,0.27700000000000014,-0.3923364549577039,False
2026-01-17,3,2193681000,6.668,0,7.003,-0.33499999999999996,0.33499999999999996,-0.46774241871830485,False
2026-01-17,4,2193681000,6.737,0,6.987,-0.25,0.25,-0.3413878101271424,False
2026-01-17,5,2193681000,6.704,0,6.979,-0.27500000000000036,0.27500000000000036,-0.3791588701345807,False
2026-01-17,6,2193681000,6.682,0,6.975,-0.29299999999999926,0.29299999999999926,-0.4013612371643336,False
2026-01-17,7,2193681000,6.705,0,6.891,-0.18599999999999994,0.18599999999999994,-0.2763216174455938,False
2026-01-17,8,2193681000,0.212,0,0.487,-0.275,0.275,-0.18758483622618835,False
2026-01-17,9,2193681000,0.001,0,0.001,0.0,0.0,0.0,False
2026-01-17,10,2193681000,0.0,0,0.0,0.0,0.0,0.0,False
2026-01-17,11,2193681000,0.001,0,0.001,0.0,0.0,0.0,False
2026-01-17,12,2193681000,0.0,0,0.0,0.0,0.0,0.0,False
2026-01-17,13,2193681000,0.001,0,0.0005,0.0005,0.0005,0.9682439615554852,False
2026-01-17,14,2193681000,0.0,0,0.0,0.0,0.0,0.0,False
2026-01-17,15,2193681000,0.001,0,0.0,0.001,0.001,1.9436468538446654,False
2026-01-17,16,2193681000,0.0,0,0.0,0.0,0.0,0.0,False
2026-01-17,17,2193681000,2.283,0,1.001,1.282,1.282,1.0886241201082152,False
2026-01-17,18,2193681000,6.628,0,6.307,0.32099999999999973,0.32099999999999973,0.4335340713421541,False
2026-01-17,19,2193681000,6.688,0,6.458,0.22999999999999954,0.22999999999999954,0.33756965852433374,False
2026-01-17,20,2193681000,6.742,0,6.544,0.1980000000000004,0.1980000000000004,0.2878174907688507,False
2026-01-17,21,2193681000,6.769,0,6.644,0.125,0.125,0.07201044987993412,False
2026-01-17,22,2193681000,6.824,0,6.7295,0.09450000000000003,0.09450000000000003,0.13003344209620923,False
2026-01-17,23,2193681000,6.893,0,6.745,0.1479999999999997,0.1479999999999997,0.08387894772817063,False
2026-01-18,0,2193681000,6.838,0,6.838,0.0,0.0,0.0,False
2026-01-18,1,2193681000,6.914,0,6.914,0.0,0.0,0.0,False
2026-01-18,2,2193681000,6.951,0,6.952,-0.001000000000000334,0.001000000000000334,-0.0014163770937105948,False
2026-01-18,3,2193681000,7.003,0,7.003,0.0,0.0,0.0,False
2026-01-18,4,2193681000,6.827,0,6.987,-0.16000000000000014,0.16000000000000014,-0.21848819848137135,False
2026-01-18,5,2193681000,6.63,0,6.979,-0.3490000000000002,0.3490000000000002,-0.48118707518897663,False
2026-01-18,6,2193681000,6.654,0,6.975,-0.32099999999999973,0.32099999999999973,-0.4397165772346461,False
2026-01-18,7,2193681000,6.647,0,6.891,-0.24399999999999977,0.24399999999999977,-0.36248642288561744,False
2026-01-18,8,2193681000,0.097,0,0.487,-0.39,0.39,-0.26602940410259435,False
2026-01-18,9,2193681000,0.0,0,0.001,-0.001,0.001,-1.9712176355116986,False
2026-01-18,10,2193681000,0.001,0,0.0,0.001,0.001,2.0300727544864547,False
2026-01-18,11,2193681000,0.0,0,0.001,-0.001,0.001,-1.9712176355116986,False
2026-01-18,12,2193681000,0.001,0,0.0,0.001,0.001,2.0300727544864547,False
2026-01-18,13,2193681000,0.0,0,0.0005,-0.0005,0.0005,-0.9682439615554852,False
2026-01-18,14,2193681000,0.001,0,0.0,0.001,0.001,1.9517963363806923,False
2026-01-18,15,2193681000,0.0,0,0.0,0.0,0.0,0.0,False
2026-01-18,16,2193681000,0.001,0,0.0,0.001,0.001,1.9436468538446654,False
2026-01-18,17,2193681000,2.123,0,1.001,1.1220000000000003,1.1220000000000003,0.9527583952897174,False
2026-01-18,18,2193681000,6.28,0,6.307,-0.027000000000000135,0.027000000000000135,-0.036465482636256166,False
2026-01-18,19,2193681000,6.211,0,6.458,-0.2469999999999999,0.2469999999999999,-0.36252045937178506,False
2026-01-18,20,2193681000,6.298,0,6.544,-0.24599999999999955,0.24599999999999955,-0.35759142792493437,False
2026-01-18,21,2193681000,6.37,0,6.644,-0.274,0.274,-0.1578469061368156,False
2026-01-18,22,2193681000,6.325,0,6.7295,-0.40449999999999964,0.40449999999999964,-0.5565981727821859,False
2026-01-18,23,2193681000,6.343,0,6.745,-0.40200000000000014,0.40200000000000014,-0.22783335801840995,False
2026-01-19,0,2193681000,6.034,0,6.787,-0.7530000000000001,0.7530000000000001,-0.7875246933052662,False
2026-01-19,1,2193681000,6.108,0,6.853,-0.7450000000000001,0.7450000000000001,-0.7606822637255704,False
2026-01-19,2,2193681000,6.129,0,6.895,-0.766,0.766,-0.7658672476519984,False
2026-01-19,3,2193681000,6.073,0,6.942,-0.8689999999999998,0.8689999999999998,-0.8677903111695298,False
2026-01-19,4,2193681000,6.079,0,6.971,-0.8920000000000003,0.8920000000000003,-0.8939281360926556,False
2026-01-19,5,2193681000,6.052,0,6.962,-0.9100000000000001,0.9100000000000001,-0.9098393062502513,False
2026-01-19,6,2193681000,5.989,0,6.926,-0.9370000000000003,0.9370000000000003,-0.9337297529175816,False
2026-01-19,7,2193681000,5.972,0,6.818,-0.8459999999999992,0.8459999999999992,-0.8718226570258493,False
2026-01-19,8,2193681000,0.086,0,1.853,-1.767,1.767,-1.2667368579524412,False
2026-01-19,9,2193681000,0.0,0,0.0,0.0,0.0,0.0,False
2026-01-19,10,2193681000,0.001,0,0.0,0.001,0.001,1.9781375071516232,False
2026-01-19,11,2193681000,0.0,0,0.0,0.0,0.0,0.0,False
2026-01-19,12,2193681000,0.001,0,0.0,0.001,0.001,1.9820584893665876,False
2026-01-19,13,2193681000,0.0,0,0.001,-0.001,0.001,-1.9781375071516232,False
2026-01-19,14,2193681000,0.001,0,0.0,0.001,0.001,2.0184294953324766,False
2026-01-19,15,2193681000,0.0,0,0.001,-0.001,0.001,-1.9820584893665876,False
2026-01-19,16,2193681000,0.001,0,0.0,0.001,0.001,2.002019260005388,False
2026-01-19,17,2193681000,1.887,0,0.927,0.96,0.96,0.846441682180605,False
2026-01-19,18,2193681000,5.818,0,6.339,-0.5210000000000008,0.5210000000000008,-0.5361179989303233,False
2026-01-19,19,2193681000,5.688,0,6.589,-0.9010000000000007,0.9010000000000007,-1.1070947324316645,False
2026-01-19,20,2193681000,5.787,0,6.654,-0.867,0.867,-0.7111722743332046,False
2026-01-19,21,2193681000,5.814,0,6.6775,-0.8635000000000002,0.8635000000000002,-1.1475418250237501,False
2026-01-19,22,2193681000,5.928,0,6.727,-0.7990000000000004,0.7990000000000004,-0.6509361326185744,False
2026-01-19,23,2193681000,5.96,0,6.762,-0.8019999999999996,0.8019999999999996,-1.0738570690196731,False
2026-01-20,0,2193681000,6.002,0,6.787,-0.7850000000000001,0.7850000000000001,-0.8209918781469243,False
2026-01-20,1,2193681000,5.464,0,6.853,-1.3889999999999993,1.3889999999999993,-1.4182384755903579,False
2026-01-20,2,2193681000,4.992,0,6.895,-1.9029999999999996,1.9029999999999996,-1.9026701988012438,False
2026-01-20,3,2193681000,4.988,0,6.942,-1.9539999999999997,1.9539999999999997,-1.9512799401901744,False
2026-01-20,4,2193681000,5.024,0,6.971,-1.947,1.947,-1.9512086109556053,False
2026-01-20,5,2193681000,4.998,0,6.962,-1.9639999999999995,1.9639999999999995,-1.9636531840390032,False
2026-01-20,6,2193681000,4.975,0,6.926,-1.9510000000000005,1.9510000000000005,-1.9441907662136624,False
2026-01-20,7,2193681000,4.971,0,6.818,-1.8469999999999995,1.8469999999999995,-1.9033764155162467,False
2026-01-20,8,2193681000,0.0,0,1.853,-1.853,1.853,-1.3283890196864028,False
2026-01-20,9,2193681000,0.001,0,0.0,0.001,0.001,0.07243833225320802,False
2026-01-20,10,2193681000,0.0,0,0.0,0.0,0.0,0.0,False
2026-01-20,11,2193681000,0.001,0,0.0,0.001,0.001,2.0020192600053885,False
2026-01-20,12,2193681000,0.0,0,0.0,0.0,0.0,0.0,False
2026-01-20,13,2193681000,0.001,0,0.001,0.0,0.0,0.0,False
2026-01-20,14,2193681000,0.0,0,0.0,0.0,0.0,0.0,False
2026-01-20,15,2193681000,0.001,0,0.001,0.0,0.0,0.0,False
2026-01-20,16,2193681000,0.0,0,0.0,0.0,0.0,0.0,False
2026-01-20,17,2193681000,1.371,0,0.927,0.44399999999999995,0.44399999999999995,0.3914792780085298,False
2026-01-20,18,2193681000,4.705,0,6.339,-1.6340000000000003,1.6340000000000003,-1.68141422313272,False
2026-01-20,19,2193681000,4.831,0,6.589,-1.758,1.758,-2.160124905232924,False
2026-01-20,20,2193681000,4.821,0,6.654,-1.8330000000000002,1.8330000000000002,-1.503551071341135,False
2026-01-20,21,2193681000,4.834,0,6.6775,-1.8435000000000006,1.8435000000000006,-2.449905448096449,False
2026-01-20,22,2193681000,4.861,0,6.727,-1.8660000000000005,1.8660000000000005,-1.5202087903207253,False
2026-01-20,23,2193681000,4.831,0,6.762,-1.9309999999999992,1.9309999999999992,-2.585558603836645,True
2026-01-21,0,2193681000,4.673,0,6.787,-2.114,2.114,-2.210925898602035,False
2026-01-21,1,2193681000,4.749,0,6.853,-2.104,2.104,-2.1482892387632213,False
2026-01-21,2,2193681000,4.8,0,6.895,-2.0949999999999998,2.0949999999999998,-2.094636924061275,False
2026-01-21,3,2193681000,4.847,0,6.942,-2.0949999999999998,2.0949999999999998,-2.092083661565207,False
2026-01-21,4,2193681000,4.874,0,6.971,-2.0970000000000004,2.0970000000000004,-2.1015328490877785,False
2026-01-21,5,2193681000,4.844,0,6.962,-2.1179999999999994,2.1179999999999994,-2.117625989712123,False
2026-01-21,6,2193681000,4.806,0,6.926,-2.12,2.12,-2.112600935096342,False
2026-01-21,7,2193681000,4.698,0,6.818,-2.119999999999999,2.119999999999999,-2.1847092587409,False
2026-01-21,8,2193681000,0.0,0,1.853,-1.853,1.853,-1.3283890196864028,False
2026-01-21,9,2193681000,0.001,0,0.0,0.001,0.001,0.07243833225320802,False
2026-01-21,10,2193681000,0.0,0,0.0,0.0,0.0,0.0,False
2026-01-21,11,2193681000,0.001,0,0.0,0.001,0.001,2.0020192600053885,False
2026-01-21,12,2193681000,0.0,0,0.0,0.0,0.0,0.0,False
2026-01-21,13,2193681000,0.001,0,0.001,0.0,0.0,0.0,False
2026-01-21,14,2193681000,0.0,0,0.0,0.0,0.0,0.0,False
2026-01-21,15,2193681000,0.001,0,0.001,0.0,0.0,0.0,False
2026-01-21,16,2193681000,0.0,0,0.0,0.0,0.0,0.0,False
2026-01-21,17,2193681000,1.267,0,0.927,0.33999999999999986,0.33999999999999986,0.2997814291056308,False
2026-01-21,18,2193681000,4.605,0,6.339,-1.734,1.734,-1.7843159503746242,False
2026-01-21,19,2193681000,4.657,0,6.589,-1.9320000000000004,1.9320000000000004,-2.373925663771337,False
2026-01-21,20,2193681000,4.614,0,6.654,-2.04,2.04,-1.6733465278428343,False
2026-01-21,21,2193681000,4.676,0,6.6775,-2.0015,2.0015,-2.659878358755108,True
2026-01-21,22,2193681000,4.71,0,6.727,-2.0170000000000003,2.0170000000000003,-1.643226757811845,False
2026-01-21,23,2193681000,4.753,0,6.762,-2.0089999999999995,2.0089999999999995,-2.689998568155267,True
2026-01-22,0,2193681000,4.723,0,6.787,-2.064,2.064,-2.1586334222869445,False
2026-01-22,1,2193681000,4.791,0,6.853,-2.0619999999999994,2.0619999999999994,-2.10540513798943,False
2026-01-22,2,2193681000,4.855,0,6.895,-2.039999999999999,2.039999999999999,-2.039646455887828,False
2026-01-22,3,2193681000,4.894,0,6.942,-2.048,2.048,-2.04514908777353,False
2026-01-22,4,2193681000,5.044,0,6.971,-1.9270000000000005,1.9270000000000005,-1.9311653792046493,False
2026-01-22,5,2193681000,5.013,0,6.962,-1.9489999999999998,1.9489999999999998,-1.9486558328370764,False
2026-01-22,6,2193681000,4.817,0,6.926,-2.109,2.109,-2.101639326470842,False
2026-01-22,7,2193681000,4.734,0,6.818,-2.0839999999999996,2.0839999999999996,-2.1476104222717156,False
2026-01-22,8,2193681000,0.0,0,1.853,-1.853,1.853,-1.3283890196864028,False
2026-01-22,9,2193681000,0.001,0,0.0,0.001,0.001,0.07243833225320802,False
2026-01-22,10,2193681000,0.0,0,0.0,0.0,0.0,0.0,False
2026-01-22,11,2193681000,0.001,0,0.0,0.001,0.001,2.0020192600053885,False
2026-01-22,12,2193681000,0.0,0,0.0,0.0,0.0,0.0,False
2026-01-22,13,2193681000,0.001,0,0.001,0.0,0.0,0.0,False
2026-01-22,14,2193681000,0.0,0,0.0,0.0,0.0,0.0,False
2026-01-22,15,2193681000,0.0,0,0.001,-0.001,0.001,-1.9820584893665876,False
2026-01-22,16,2193681000,0.001,0,0.0,0.001,0.001,2.002019260005388,False
2026-01-22,17,2193681000,1.199,0,0.927,0.272,0.272,0.23982514328450477,False
2026-01-22,18,2193681000,4.632,0,6.339,-1.7070000000000007,1.7070000000000007,-1.7565324840193108,False
2026-01-22,19,2193681000,5.11,0,6.589,-1.479,1.479,-1.8173064475765044,False
2026-01-22,20,2193681000,5.216,0,6.654,-1.4379999999999997,1.4379999999999997,-1.1795452485480369,False
2026-01-22,21,2193681000,5.213,0,6.6775,-1.4645000000000001,1.4645000000000001,-1.9462362510101703,False
2026-01-22,22,2193681000,5.25,0,6.727,-1.4770000000000003,1.4770000000000003,-1.2032949535389663,False
2026-01-22,23,2193681000,5.293,0,6.762,-1.4689999999999994,1.4689999999999994,-1.96695266133404,False
2026-01-23,0,2193681000,5.326,0,6.787,-1.4610000000000003,1.4610000000000003,-1.527986157926951,False
2026-01-23,1,2193681000,5.305,0,6.853,-1.548,1.548,-1.5805854285197085,False
2026-01-23,2,2193681000,5.343,0,6.895,-1.5519999999999996,1.5519999999999996,-1.5517310291852497,False
2026-01-23,3,2193681000,5.409,0,6.942,-1.5330000000000004,1.5330000000000004,-1.5308659919711045,False
2026-01-23,4,2193681000,5.411,0,6.971,-1.5600000000000005,1.5600000000000005,-1.5633720765745993,False
2026-01-23,5,2193681000,5.373,0,6.962,-1.5889999999999995,1.5889999999999995,-1.5887194039908228,False
2026-01-23,6,2193681000,5.303,0,6.926,-1.6230000000000002,1.6230000000000002,-1.6173355271987564,False
2026-01-23,7,2193681000,5.137,0,6.818,-1.681,1.681,-1.7323095584638937,False
2026-01-23,8,2193681000,0.001,0,1.853,-1.852,1.852,-1.327672134084845,False
2026-01-23,9,2193681000,0.0,0,0.0,0.0,0.0,0.0,False
2026-01-23,10,2193681000,0.001,0,0.0,0.001,0.001,1.9781375071516232,False
2026-01-23,11,2193681000,0.0,0,0.0,0.0,0.0,0.0,False
2026-01-23,12,2193681000,0.001,0,0.0,0.001,0.001,1.9820584893665876,False
2026-01-23,13,2193681000,0.0,0,0.001,-0.001,0.001,-1.9781375071516232,False
2026-01-23,14,2193681000,0.0,0,0.0,0.0,0.0,0.0,False
2026-01-23,15,2193681000,0.001,0,0.001,0.0,0.0,0.0,False
2026-01-23,16,2193681000,0.0,0,0.0,0.0,0.0,0.0,False
2026-01-23,17,2193681000,1.389,0,0.927,0.46199999999999997,0.46199999999999997,0.40735005954941617,False
2026-01-23,18,2193681000,6.133,0,6.339,-0.2060000000000004,0.2060000000000004,-0.21197755811832372,False
2026-01-23,19,2193681000,7.114,0,6.589,0.5249999999999995,0.5249999999999995,0.6450884955900363,False
2026-01-23,20,2193681000,7.069,0,6.654,0.41500000000000004,0.41500000000000004,0.3404111809092041,False
2026-01-23,21,2193681000,7.094,0,6.6775,0.4165000000000001,0.4165000000000001,0.5535045398058969,False
2026-01-23,22,2193681000,7.115,0,6.727,0.3879999999999999,0.3879999999999999,0.3160991482553275,False
2026-01-23,23,2193681000,7.155,0,6.762,0.3930000000000007,0.3930000000000007,0.5262167432976714,False
2026-01-24,0,2193681000,7.182,0,6.838,0.3440000000000003,0.3440000000000003,0.4999852425955343,False
2026-01-24,1,2193681000,7.255,0,6.914,0.3410000000000002,0.3410000000000002,0.48952761215959273,False
2026-01-24,2,2193681000,7.35,0,6.952,0.3979999999999997,0.3979999999999997,0.563718083296628,False
2026-01-24,3,2193681000,7.35,0,7.003,0.34699999999999953,0.34699999999999953,0.48449737103060175,False
2026-01-24,4,2193681000,7.392,0,6.987,0.40500000000000025,0.40500000000000025,0.5530482524059711,False
2026-01-24,5,2193681000,7.382,0,6.979,0.4029999999999996,0.4029999999999996,0.5556400896881297,False
2026-01-24,6,2193681000,7.383,0,6.975,0.40800000000000036,0.40800000000000036,0.5588920981674016,False
2026-01-24,7,2193681000,6.959,0,6.891,0.06799999999999962,0.06799999999999962,0.10102080637795849,False
2026-01-24,8,2193681000,0.0,0,0.487,-0.487,0.487,-0.33219569178964986,False
2026-01-24,9,2193681000,0.001,0,0.001,0.0,0.0,0.0,False
2026-01-24,10,2193681000,0.0,0,0.0,0.0,0.0,0.0,False
2026-01-24,11,2193681000,0.001,0,0.001,0.0,0.0,0.0,False
2026-01-24,12,2193681000,0.0,0,0.0,0.0,0.0,0.0,False
2026-01-24,13,2193681000,0.001,0,0.0005,0.0005,0.0005,0.9682439615554852,False
2026-01-24,14,2193681000,0.0,0,0.0,0.0,0.0,0.0,False
2026-01-24,15,2193681000,0.0,0,0.0,0.0,0.0,0.0,False
2026-01-24,16,2193681000,0.001,0,0.0,0.001,0.001,1.9436468538446654,False
2026-01-24,17,2193681000,1.475,0,1.001,0.4740000000000002,0.4740000000000002,0.40250220977480045,False
2026-01-24,18,2193681000,6.994,0,6.307,0.6869999999999994,0.6869999999999994,0.927843947078068,False
2026-01-24,19,2193681000,7.074,0,6.458,0.6159999999999997,0.6159999999999997,0.9040996071782169,False
2026-01-24,20,2193681000,7.142,0,6.544,0.5980000000000008,0.5980000000000008,0.8692669670695586,False
2026-01-24,21,2193681000,7.169,0,6.644,0.5249999999999995,0.5249999999999995,0.302443889495723,False
2026-01-24,22,2193681000,7.256,0,6.7295,0.5265000000000004,0.5265000000000004,0.7244720345360233,False
2026-01-24,23,2193681000,7.315,0,6.745,0.5700000000000003,0.5700000000000003,0.32304729868282017,False
2026-01-25,0,2193681000,7.27,0,6.838,0.4319999999999995,0.4319999999999995,0.6278884441897394,False
2026-01-25,1,2193681000,7.378,0,6.914,0.4640000000000004,0.4640000000000004,0.6661020880998566,False
2026-01-25,2,2193681000,7.385,0,6.952,0.43299999999999983,0.43299999999999983,0.6132912815764825,False
2026-01-25,3,2193681000,7.419,0,7.003,0.4159999999999995,0.4159999999999995,0.5808383468263122,False
2026-01-25,4,2193681000,7.459,0,6.987,0.47199999999999953,0.47199999999999953,0.6445401855200442,False
2026-01-25,5,2193681000,7.45,0,6.979,0.4710000000000001,0.4710000000000001,0.6493957375759538,False
2026-01-25,6,2193681000,7.501,0,6.975,0.5260000000000007,0.5260000000000007,0.7205324598922876,False
2026-01-25,7,2193681000,7.153,0,6.891,0.26199999999999957,0.26199999999999957,0.3892272245739004,False
2026-01-25,8,2193681000,0.001,0,0.487,-0.486,0.486,-0.3315135651124637,False
2026-01-25,9,2193681000,0.0,0,0.001,-0.001,0.001,-1.9712176355116986,False
2026-01-25,10,2193681000,0.001,0,0.0,0.001,0.001,2.0300727544864547,False
2026-01-25,11,2193681000,0.0,0,0.001,-0.001,0.001,-1.9712176355116986,False
2026-01-25,12,2193681000,0.001,0,0.0,0.001,0.001,2.0300727544864547,False
2026-01-25,13,2193681000,0.0,0,0.0005,-0.0005,0.0005,-0.9682439615554852,False
2026-01-25,14,2193681000,0.0,0,0.0,0.0,0.0,0.0,False
2026-01-25,15,2193681000,0.001,0,0.0,0.001,0.001,1.9436468538446654,False
2026-01-25,16,2193681000,0.0,0,0.0,0.0,0.0,0.0,False
2026-01-25,17,2193681000,1.368,0,1.001,0.3670000000000002,0.3670000000000002,0.31164200630242994,False
2026-01-25,18,2193681000,6.936,0,6.307,0.6289999999999996,0.6289999999999996,0.8495106880816665,False
2026-01-25,19,2193681000,6.96,0,6.458,0.5019999999999998,0.5019999999999998,0.736782472083547,False
2026-01-25,20,2193681000,7.043,0,6.544,0.49900000000000055,0.49900000000000055,0.7253582216851333,False
2026-01-25,21,2193681000,7.149,0,6.644,0.5049999999999999,0.5049999999999999,0.29092221751493375,False
2026-01-25,22,2193681000,7.219,0,6.7295,0.4895000000000005,0.4895000000000005,0.6735594699057615,False
2026-01-25,23,2193681000,7.246,0,6.745,0.5010000000000003,0.5010000000000003,0.2839415730527946,False
2026-01-26,0,2193681000,7.219,0,6.787,0.4320000000000004,0.4320000000000004,0.4518069953623841,False
2026-01-26,1,2193681000,7.26,0,6.853,0.40700000000000003,0.40700000000000003,0.4155673574983988,False
2026-01-26,2,2193681000,7.323,0,6.895,0.4280000000000008,0.4280000000000008,0.42792582505881976,False
2026-01-26,3,2193681000,7.401,0,6.942,0.45899999999999963,0.45899999999999963,0.4583610504336179,False
2026-01-26,4,2193681000,7.409,0,6.971,0.4379999999999997,0.4379999999999997,0.4389467753459448,False
2026-01-26,5,2193681000,7.36,0,6.962,0.3980000000000006,0.3980000000000006,0.3979297185578028,False
2026-01-26,6,2193681000,7.289,0,6.926,0.36299999999999955,0.36299999999999955,0.36173308464149584,False
2026-01-26,7,2193681000,6.769,0,6.818,-0.04899999999999949,0.04899999999999949,-0.05049563852750143,False
2026-01-26,8,2193681000,0.001,0,1.853,-1.852,1.852,-1.327672134084845,False
2026-01-26,9,2193681000,0.0,0,0.0,0.0,0.0,0.0,False
2026-01-26,10,2193681000,0.001,0,0.0,0.001,0.001,1.9781375071516232,False
2026-01-26,11,2193681000,0.0,0,0.0,0.0,0.0,0.0,False
2026-01-26,12,2193681000,0.001,0,0.0,0.001,0.001,1.9820584893665876,False
2026-01-26,13,2193681000,0.0,0,0.001,-0.001,0.001,-1.9781375071516232,False
2026-01-26,14,2193681000,0.001,0,0.0,0.001,0.001,2.0184294953324766,False
2026-01-26,15,2193681000,0.0,0,0.001,-0.001,0.001,-1.9820584893665876,False
2026-01-26,16,2193681000,0.001,0,0.0,0.001,0.001,2.002019260005388,False
2026-01-26,17,2193681000,1.276,0,0.927,0.349,0.349,0.30771681987607413,False
2026-01-26,18,2193681000,6.768,0,6.339,0.4289999999999994,0.4289999999999994,0.44144840986776973,False
2026-01-26,19,2193681000,6.673,0,6.589,0.08399999999999963,0.08399999999999963,0.10321415929440547,False
2026-01-26,20,2193681000,6.754,0,6.654,0.09999999999999964,0.09999999999999964,0.0820267905805308,False
2026-01-26,21,2193681000,6.734,0,6.6775,0.05649999999999977,0.05649999999999977,0.07508524969755832,False
2026-01-26,22,2193681000,6.697,0,6.727,-0.03000000000000025,0.03000000000000025,-0.0244406557929379,False
2026-01-26,23,2193681000,6.762,0,6.762,0.0,0.0,0.0,False
2026-01-27,0,2193681000,6.787,0,6.787,0.0,0.0,0.0,False
2026-01-27,1,2193681000,6.838,0,6.853,-0.01499999999999968,0.01499999999999968,-0.015315750276353436,False
2026-01-27,2,2193681000,6.882,0,6.895,-0.0129999999999999,0.0129999999999999,-0.012997747022814496,False
2026-01-27,3,2193681000,6.906,0,6.942,-0.036000000000000476,0.036000000000000476,-0.03594988630851956,False
2026-01-27,4,2193681000,6.975,0,6.971,0.0039999999999995595,0.0039999999999995595,0.0040086463501908375,False
2026-01-27,5,2193681000,6.926,0,6.962,-0.03599999999999959,0.03599999999999959,-0.035993642884624914,False
2026-01-27,6,2193681000,6.873,0,6.926,-0.052999999999999936,0.052999999999999936,-0.05281502337740849,False
2026-01-27,7,2193681000,6.256,0,6.818,-0.5619999999999994,0.5619999999999994,-0.5791540582133892,False
2026-01-27,8,2193681000,0.001,0,1.853,-1.852,1.852,-1.327672134084845,False
2026-01-27,9,2193681000,0.0,0,0.0,0.0,0.0,0.0,False
2026-01-27,10,2193681000,0.001,0,0.0,0.001,0.001,1.9781375071516232,False
2026-01-27,11,2193681000,0.0,0,0.0,0.0,0.0,0.0,False
2026-01-27,12,2193681000,0.001,0,0.0,0.001,0.001,1.9820584893665876,False
2026-01-27,13,2193681000,0.0,0,0.001,-0.001,0.001,-1.9781375071516232,False
2026-01-27,14,2193681000,0.001,0,0.0,0.001,0.001,2.0184294953324766,False
2026-01-27,15,2193681000,0.0,0,0.001,-0.001,0.001,-1.9820584893665876,False
2026-01-27,16,2193681000,0.001,0,0.0,0.001,0.001,2.002019260005388,False
2026-01-27,17,2193681000,1.057,0,0.927,0.1299999999999999,0.1299999999999999,0.1146223111286235,False
2026-01-27,18,2193681000,7.154,0,6.339,0.8149999999999995,0.8149999999999995,0.8386490770215212,False
2026-01-27,19,2193681000,7.244,0,6.589,0.6549999999999994,0.6549999999999994,0.8048246944980454,False
2026-01-27,20,2193681000,7.242,0,6.654,0.5880000000000001,0.5880000000000001,0.4823175286135229,False
2026-01-27,21,2193681000,7.255,0,6.6775,0.5774999999999997,0.5774999999999997,0.7674642778821253,False
2026-01-27,22,2193681000,7.301,0,6.727,0.5739999999999998,0.5739999999999998,0.4676312141715412,False
2026-01-27,23,2193681000,7.343,0,6.762,0.5810000000000004,0.5810000000000004,0.7779438367835796,False
2026-01-28,0,2193681000,7.189,0,6.787,0.40200000000000014,0.40200000000000014,0.4204315095733294,False
2026-01-28,1,2193681000,7.265,0,6.853,0.4119999999999999,0.4119999999999999,0.4206726075905166,False
2026-01-28,2,2193681000,7.414,0,6.895,0.5190000000000001,0.5190000000000001,0.5189100542185212,False
2026-01-28,3,2193681000,7.449,0,6.942,0.5069999999999997,0.5069999999999997,0.50629423217831,False
2026-01-28,4,2193681000,7.459,0,6.971,0.48799999999999955,0.48799999999999955,0.4890548547233356,False
2026-01-28,5,2193681000,7.427,0,6.962,0.46499999999999986,0.46499999999999986,0.46491788725974365,False
2026-01-28,6,2193681000,7.396,0,6.926,0.46999999999999975,0.46999999999999975,0.4683596412713586,False
2026-01-28,7,2193681000,6.58,0,6.818,-0.23799999999999955,0.23799999999999955,-0.24526452999072332,False
2026-01-28,8,2193681000,0.001,0,1.853,-1.852,1.852,-1.327672134084845,False
2026-01-28,9,2193681000,0.0,0,0.0,0.0,0.0,0.0,False
2026-01-28,10,2193681000,0.001,0,0.0,0.001,0.001,1.9781375071516232,False
2026-01-28,11,2193681000,0.0,0,0.0,0.0,0.0,0.0,False
2026-01-28,12,2193681000,0.0,0,0.0,0.0,0.0,0.0,False
2026-01-28,13,2193681000,0.001,0,0.001,0.0,0.0,0.0,False
2026-01-28,14,2193681000,0.0,0,0.0,0.0,0.0,0.0,False
2026-01-28,15,2193681000,0.001,0,0.001,0.0,0.0,0.0,False
2026-01-28,16,2193681000,0.0,0,0.0,0.0,0.0,0.0,False
2026-01-28,17,2193681000,0.927,0,0.927,0.0,0.0,0.0,False
2026-01-28,18,2193681000,7.121,0,6.339,0.782,0.782,0.8046915070316933,False
2026-01-28,19,2193681000,7.155,0,6.589,0.5659999999999998,0.5659999999999998,0.6954668352456397,False
2026-01-28,20,2193681000,7.124,0,6.654,0.46999999999999975,0.46999999999999975,0.3855259157284959,False
2026-01-28,21,2193681000,7.141,0,6.6775,0.4634999999999998,0.4634999999999998,0.6159648360144852,False
2026-01-28,22,2193681000,7.157,0,6.727,0.4299999999999997,0.4299999999999997,0.3503160663654401,False
2026-01-28,23,2193681000,7.246,0,6.762,0.4840000000000009,0.4840000000000009,0.6480633683360636,False
2026-01-29,0,2193681000,7.321,0,6.787,0.5339999999999998,0.5339999999999998,0.5584836470451686,False
2026-01-29,1,2193681000,7.397,0,6.853,0.5440000000000005,0.5440000000000005,0.5554512100224303,False
2026-01-29,2,2193681000,7.431,0,6.895,0.5360000000000005,0.5360000000000005,0.5359071080175869,False
2026-01-29,3,2193681000,7.413,0,6.942,0.4710000000000001,0.4710000000000001,0.4703443458697914,False
2026-01-29,4,2193681000,7.411,0,6.971,0.4399999999999995,0.4399999999999995,0.4409510985210402,False
2026-01-29,5,2193681000,7.389,0,6.962,0.4270000000000005,0.4270000000000005,0.4269245975481953,False
2026-01-29,6,2193681000,7.323,0,6.926,0.39700000000000024,0.39700000000000024,0.3956144203930416,False
2026-01-29,7,2193681000,6.376,0,6.818,-0.4419999999999993,0.4419999999999993,-0.455491269982772,False
2026-01-29,8,2193681000,0.0,0,1.853,-1.853,1.853,-1.3283890196864028,False
2026-01-29,9,2193681000,0.001,0,0.0,0.001,0.001,0.07243833225320802,False
2026-01-29,10,2193681000,0.0,0,0.0,0.0,0.0,0.0,False
2026-01-29,11,2193681000,0.001,0,0.0,0.001,0.001,2.0020192600053885,False
2026-01-29,12,2193681000,0.0,0,0.0,0.0,0.0,0.0,False
2026-01-29,13,2193681000,0.001,0,0.001,0.0,0.0,0.0,False
2026-01-29,14,2193681000,0.0,0,0.0,0.0,0.0,0.0,False
2026-01-29,15,2193681000,0.001,0,0.001,0.0,0.0,0.0,False
2026-01-29,16,2193681000,0.0,0,0.0,0.0,0.0,0.0,False
2026-01-29,17,2193681000,0.808,0,0.927,-0.119,0.119,-0.10492350018697083,False
2026-01-29,18,2193681000,7.16,0,6.339,0.8209999999999997,0.8209999999999997,0.8448231806560358,False
2026-01-29,19,2193681000,7.18,0,6.589,0.5909999999999993,0.5909999999999993,0.7261853350356409,False
2026-01-29,20,2193681000,7.091,0,6.654,0.4370000000000003,0.4370000000000003,0.35845707483692113,False
2026-01-29,21,2193681000,7.144,0,6.6775,0.4664999999999999,0.4664999999999999,0.6199516634320548,False
2026-01-29,22,2193681000,7.095,0,6.727,0.36799999999999944,0.36799999999999944,0.299805377726702,False
2026-01-29,23,2193681000,7.166,0,6.762,0.4040000000000008,0.4040000000000008,0.5409454562144003,False
2026-01-30,0,2193681000,7.261,0,6.787,0.4740000000000002,0.4740000000000002,0.4957326754670601,False
2026-01-30,1,2193681000,7.197,0,6.853,0.3440000000000003,0.3440000000000003,0.3512412063377133,False
2026-01-30,2,2193681000,7.169,0,6.895,0.274,0.274,0.2739525141731692,False
2026-01-30,3,2193681000,7.242,0,6.942,0.2999999999999998,0.2999999999999998,0.2995823859043255,False
2026-01-30,4,2193681000,7.26,0,6.971,0.2889999999999997,0.2889999999999997,0.28962469880131964,False
2026-01-30,5,2193681000,7.223,0,6.962,0.2610000000000001,0.2610000000000001,0.2609539109135337,False
2026-01-30,6,2193681000,7.139,0,6.926,0.21300000000000008,0.21300000000000008,0.21225660338467972,False
2026-01-30,7,2193681000,6.207,0,6.818,-0.6109999999999998,0.6109999999999998,-0.6296496967408916,False
2026-01-30,8,2193681000,0.0,0,1.853,-1.853,1.853,-1.3283890196864028,False
2026-01-30,9,2193681000,0.001,0,0.0,0.001,0.001,0.07243833225320802,False
2026-01-30,10,2193681000,0.0,0,0.0,0.0,0.0,0.0,False
2026-01-30,11,2193681000,0.001,0,0.0,0.001,0.001,2.0020192600053885,False
2026-01-30,12,2193681000,0.0,0,0.0,0.0,0.0,0.0,False
2026-01-30,13,2193681000,0.001,0,0.001,0.0,0.0,0.0,False
2026-01-30,14,2193681000,0.0,0,0.0,0.0,0.0,0.0,False
2026-01-30,15,2193681000,0.001,0,0.001,0.0,0.0,0.0,False
2026-01-30,16,2193681000,0.0,0,0.0,0.0,0.0,0.0,False
2026-01-30,17,2193681000,0.686,0,0.927,-0.241,0.241,-0.21249213063075606,False
2026-01-30,18,2193681000,7.041,0,6.339,0.702,0.702,0.7223701252381697,False
2026-01-30,19,2193681000,7.083,0,6.589,0.4939999999999998,0.4939999999999998,0.6069975558504346,False
2026-01-30,20,2193681000,7.075,0,6.654,0.42100000000000026,0.42100000000000026,0.34533278834403613,False
2026-01-30,21,2193681000,7.124,0,6.6775,0.44649999999999945,0.44649999999999945,0.5933728139815909,False
2026-01-30,22,2193681000,7.229,0,6.727,0.5019999999999998,0.5019999999999998,0.40897364026849065,False
2026-01-30,23,2193681000,7.307,0,6.762,0.5450000000000008,0.5450000000000008,0.7297407763288317,False
2026-01-31,0,2193681000,7.194,0,6.838,0.35599999999999987,0.35599999999999987,0.5174265882674709,False
2026-01-31,1,2193681000,7.335,0,6.914,0.42100000000000026,0.42100000000000026,0.6043727997630163,False
2026-01-31,2,2193681000,7.424,0,6.952,0.4720000000000004,0.4720000000000004,0.668529988231178,False
2026-01-31,3,2193681000,7.442,0,7.003,0.43900000000000006,0.43900000000000006,0.6129520054248833,False
2026-01-31,4,2193681000,7.477,0,6.987,0.4900000000000002,0.4900000000000002,0.6691201078491994,False
2026-01-31,5,2193681000,7.469,0,6.979,0.4900000000000002,0.4900000000000002,0.6755921686034341,False
2026-01-31,6,2193681000,7.46,0,6.975,0.4850000000000003,0.4850000000000003,0.6643692833607591,False
2026-01-31,7,2193681000,6.346,0,6.891,-0.5449999999999999,0.5449999999999999,-0.8096520511174659,False
2026-01-31,8,2193681000,0.0,0,0.487,-0.487,0.487,-0.33219569178964986,False
2026-01-31,9,2193681000,0.001,0,0.001,0.0,0.0,0.0,False
2026-01-31,10,2193681000,0.0,0,0.0,0.0,0.0,0.0,False
2026-01-31,11,2193681000,0.001,0,0.001,0.0,0.0,0.0,False
2026-01-31,12,2193681000,0.0,0,0.0,0.0,0.0,0.0,False
2026-01-31,13,2193681000,0.001,0,0.0005,0.0005,0.0005,0.9682439615554852,False
2026-01-31,14,2193681000,0.0,0,0.0,0.0,0.0,0.0,False
2026-01-31,15,2193681000,0.001,0,0.0,0.001,0.001,1.9436468538446654,False
2026-01-31,16,2193681000,0.0,0,0.0,0.0,0.0,0.0,False
2026-01-31,17,2193681000,0.449,0,1.001,-0.5519999999999998,0.5519999999999998,-0.4687367506238179,False
2026-01-31,18,2193681000,6.868,0,6.307,0.5609999999999999,0.5609999999999999,0.7576716947755409,False
2026-01-31,19,2193681000,6.977,0,6.458,0.5190000000000001,0.5190000000000001,0.7617332729309984,False
2026-01-31,20,2193681000,7.065,0,6.544,0.5210000000000008,0.5210000000000008,0.7573379428816726,False
2026-01-31,21,2193681000,7.113,0,6.644,0.4690000000000003,0.4690000000000003,0.27018320794951295,False
2026-01-31,22,2193681000,7.197,0,6.7295,0.46750000000000025,0.46750000000000025,0.6432871341796595,False
2026-01-31,23,2193681000,7.303,0,6.745,0.5579999999999998,0.5579999999999998,0.3162463029210763,False
2026-02-01,0,2193681000,7.236,0,7.129,0.1070000000000002,0.1070000000000002,0.6871635934405903,False
2026-02-01,1,2193681000,7.406,0,7.182,0.2239999999999993,0.2239999999999993,1.404189388760426,False
2026-02-01,2,2193681000,7.393,0,7.278,0.11500000000000021,0.11500000000000021,0.7841867235471434,False
2026-02-01,3,2193681000,7.456,0,7.326,0.13000000000000078,0.13000000000000078,0.8103589405313668,False
2026-02-01,4,2193681000,7.481,0,7.309,0.1719999999999997,0.1719999999999997,1.0174441855994194,False
2026-02-01,5,2193681000,7.242,0,7.28,-0.038000000000000256,0.038000000000000256,-0.23260731082613198,False
2026-02-01,6,2193681000,7.15,0,7.251,-0.10099999999999998,0.10099999999999998,-0.5907534794050259,False
2026-02-01,7,2193681000,6.016,0,6.787,-0.7709999999999999,0.7709999999999999,-0.9008008306535058,False
2026-02-01,8,2193681000,0.001,0,0.001,0.0,0.0,0.0,False
2026-02-01,9,2193681000,0.0,0,0.0,0.0,0.0,0.0,False
2026-02-01,10,2193681000,0.001,0,0.001,0.0,0.0,0.0,False
2026-02-01,11,2193681000,0.0,0,0.0,0.0,0.0,0.0,False
2026-02-01,12,2193681000,0.001,0,0.001,0.0,0.0,0.0,False
2026-02-01,13,2193681000,0.0,0,0.0,0.0,0.0,0.0,False
2026-02-01,14,2193681000,0.001,0,0.001,0.0,0.0,0.0,False
2026-02-01,15,2193681000,0.0,0,0.0,0.0,0.0,0.0,False
2026-02-01,16,2193681000,0.001,0,0.0,0.001,0.001,1.9148505488530307,False
2026-02-01,17,2193681000,0.343,0,0.001,0.342,0.342,3.3127128984047696,True
2026-02-01,18,2193681000,6.929,0,3.337,3.592,3.592,1.7401880885690146,False
2026-02-01,19,2193681000,7.023,0,6.884,0.13899999999999935,0.13899999999999935,0.846494711190675,False
2026-02-01,20,2193681000,6.91,0,6.968,-0.05799999999999983,0.05799999999999983,-0.37476575673053264,False
2026-02-01,21,2193681000,6.786,0,6.982,-0.19600000000000062,0.19600000000000062,-1.2560593274816043,False
2026-02-01,22,2193681000,6.852,0,7.051,-0.19899999999999984,0.19899999999999984,-1.2912390101880578,False
2026-02-01,23,2193681000,6.995,0,7.124,-0.12899999999999956,0.12899999999999956,-0.874984294884126,False
2026-02-02,0,2193681000,6.98,0,7.098,-0.11799999999999944,0.11799999999999944,-0.9506021879619352,False
2026-02-02,1,2193681000,7.06,0,7.1775,-0.1175000000000006,0.1175000000000006,-1.076432850369004,False
2026-02-02,2,2193681000,7.06,0,7.2379999999999995,-0.17799999999999994,0.17799999999999994,-1.2435177601615546,False
2026-02-02,3,2193681000,7.119,0,7.2665,-0.14749999999999996,0.14749999999999996,-0.6142917976757022,False
2026-02-02,4,2193681000,7.135,0,7.2775,-0.14250000000000007,0.14250000000000007,-0.5901502104101712,False
2026-02-02,5,2193681000,7.062,0,7.2684999999999995,-0.20649999999999924,0.20649999999999924,-0.7961541572650845,False
2026-02-02,6,2193681000,7.016,0,7.2035,-0.1875,0.1875,-0.7276385706633771,False
2026-02-02,7,2193681000,5.761,0,5.845,-0.08399999999999963,0.08399999999999963,-0.08803740414574406,False
2026-02-02,8,2193681000,0.0,0,0.001,-0.001,0.001,-0.0021509596001439363,False
2026-02-02,9,2193681000,0.001,0,0.001,0.0,0.0,0.0,False
2026-02-02,10,2193681000,0.0,0,0.0,0.0,0.0,0.0,False
2026-02-02,11,2193681000,0.0,0,0.001,-0.001,0.001,-1.9758114098602242,False
2026-02-02,12,2193681000,0.001,0,0.0,0.001,0.001,2.010662699545237,False
2026-02-02,13,2193681000,0.0,0,0.001,-0.001,0.001,-1.9689864930262375,False
2026-02-02,14,2193681000,0.001,0,0.0,0.001,0.001,1.9689864930262375,False
2026-02-02,15,2193681000,0.0,0,0.001,-0.001,0.001,-1.9689864930262375,False
2026-02-02,16,2193681000,0.001,0,0.0,0.001,0.001,1.9689864930262375,False
2026-02-02,17,2193681000,0.235,0,0.001,0.23399999999999999,0.23399999999999999,4.618925546174938,True
2026-02-02,18,2193681000,6.973,0,2.925,4.048,4.048,1.7849756657970228,False
2026-02-02,19,2193681000,7.07,0,6.962,0.10800000000000054,0.10800000000000054,0.7854758307883996,False
2026-02-02,20,2193681000,7.038,0,6.974,0.06400000000000006,0.06400000000000006,0.5024709454044813,False
2026-02-02,21,2193681000,7.067,0,6.972,0.09499999999999975,0.09499999999999975,0.0715314650099604,False
2026-02-02,22,2193681000,7.126,0,7.052,0.07400000000000073,0.07400000000000073,0.6186913780223081,False
2026-02-02,23,2193681000,7.233,0,7.083,0.14999999999999947,0.14999999999999947,1.1592253691437524,False
2026-02-03,0,2193681000,7.268,0,7.098,0.16999999999999993,0.16999999999999993,1.369511626724828,False
2026-02-03,1,2193681000,7.316,0,7.1775,0.13849999999999962,0.13849999999999962,1.2688165938391989,False
2026-02-03,2,2193681000,7.338,0,7.2379999999999995,0.10000000000000053,0.10000000000000053,0.6986054832368324,False
2026-02-03,3,2193681000,7.345,0,7.2665,0.07850000000000001,0.07850000000000001,0.32692817706808575,False
2026-02-03,4,2193681000,7.373,0,7.2775,0.09550000000000036,0.09550000000000036,0.3955041760994494,False
2026-02-03,5,2193681000,7.334,0,7.2684999999999995,0.06550000000000011,0.06550000000000011,0.2525331588419531,False
2026-02-03,6,2193681000,7.275,0,7.2035,0.07150000000000034,0.07150000000000034,0.27747284161296915,False
2026-02-03,7,2193681000,5.813,0,5.845,-0.03200000000000003,0.03200000000000003,-0.03353805872218839,False
2026-02-03,8,2193681000,0.001,0,0.001,0.0,0.0,0.0,False
2026-02-03,9,2193681000,0.0,0,0.001,-0.001,0.001,-2.0069284020290215,False
2026-02-03,10,2193681000,0.001,0,0.0,0.001,0.001,2.025090983435007,False
2026-02-03,11,2193681000,0.0,0,0.001,-0.001,0.001,-1.9758114098602242,False
2026-02-03,12,2193681000,0.001,0,0.0,0.001,0.001,2.010662699545237,False
2026-02-03,13,2193681000,0.0,0,0.001,-0.001,0.001,-1.9689864930262375,False
2026-02-03,14,2193681000,0.001,0,0.0,0.001,0.001,1.9689864930262375,False
2026-02-03,15,2193681000,0.0,0,0.001,-0.001,0.001,-1.9689864930262375,False
2026-02-03,16,2193681000,0.001,0,0.0,0.001,0.001,1.9689864930262375,False
2026-02-03,17,2193681000,0.135,0,0.001,0.134,0.134,2.6450257401172728,True
2026-02-03,18,2193681000,6.942,0,2.925,4.017,4.017,1.771306138712115,False
2026-02-03,19,2193681000,6.983,0,6.962,0.020999999999999908,0.020999999999999908,0.15273141154218736,False
2026-02-03,20,2193681000,7.065,0,6.974,0.09100000000000019,0.09100000000000019,0.7144508754969978,False
2026-02-03,21,2193681000,7.082,0,6.972,0.10999999999999943,0.10999999999999943,0.08282590685363815,False
2026-02-03,22,2193681000,7.156,0,7.052,0.10400000000000009,0.10400000000000009,0.869512206950263,False
2026-02-03,23,2193681000,7.255,0,7.083,0.1719999999999997,0.1719999999999997,1.3292450899515051,False
2026-02-04,0,2193681000,7.233,0,7.098,0.1349999999999998,0.1349999999999998,1.0875533506344208,False
2026-02-04,1,2193681000,7.29,0,7.1775,0.11249999999999982,0.11249999999999982,1.0306271971618053,False
2026-02-04,2,2193681000,7.33,0,7.2379999999999995,0.09200000000000053,0.09200000000000053,0.642717044577886,False
2026-02-04,3,2193681000,7.387,0,7.2665,0.12049999999999983,0.12049999999999983,0.5018451635248952,False
2026-02-04,4,2193681000,7.411,0,7.2775,0.13349999999999973,0.13349999999999973,0.5528775655421589,False
2026-02-04,5,2193681000,7.367,0,7.2684999999999995,0.09850000000000048,0.09850000000000048,0.37976360528141156,False
2026-02-04,6,2193681000,7.297,0,7.2035,0.0934999999999997,0.0934999999999997,0.3628491005708029,False
2026-02-04,7,2193681000,5.731,0,5.845,-0.11399999999999988,0.11399999999999988,-0.1194793341977959,False
2026-02-04,8,2193681000,0.0,0,0.001,-0.001,0.001,-0.0021509596001439363,False
2026-02-04,9,2193681000,0.001,0,0.001,0.0,0.0,0.0,False
2026-02-04,10,2193681000,0.0,0,0.0,0.0,0.0,0.0,False
2026-02-04,11,2193681000,0.001,0,0.001,0.0,0.0,0.0,False
2026-02-04,12,2193681000,0.0,0,0.0,0.0,0.0,0.0,False
2026-02-04,13,2193681000,0.001,0,0.001,0.0,0.0,0.0,False
2026-02-04,14,2193681000,0.0,0,0.0,0.0,0.0,0.0,False
2026-02-04,15,2193681000,0.001,0,0.001,0.0,0.0,0.0,False
2026-02-04,16,2193681000,0.0,0,0.0,0.0,0.0,0.0,False
2026-02-04,17,2193681000,0.05,0,0.001,0.049,0.049,0.9672109049682563,False
2026-02-04,18,2193681000,6.883,0,2.925,3.958,3.958,1.7452899420021286,False
2026-02-04,19,2193681000,6.978,0,6.962,0.016000000000000014,0.016000000000000014,0.11636678974642908,False
2026-02-04,20,2193681000,7.002,0,6.974,0.02799999999999958,0.02799999999999958,0.21983103861445713,False
2026-02-04,21,2193681000,7.027,0,6.972,0.054999999999999716,0.054999999999999716,0.041412953426819075,False
2026-02-04,22,2193681000,7.067,0,7.052,0.015000000000000568,0.015000000000000568,0.12541041446398488,False
2026-02-04,23,2193681000,7.159,0,7.083,0.07599999999999962,0.07599999999999962,0.5873408536995004,False
2026-02-05,0,2193681000,7.214,0,7.098,0.11600000000000055,0.11600000000000055,0.9344902864710638,False
2026-02-05,1,2193681000,7.266,0,7.1775,0.0884999999999998,0.0884999999999998,0.8107600617672862,False
2026-02-05,2,2193681000,7.304,0,7.2379999999999995,0.06600000000000072,0.06600000000000072,0.46107961893631194,False
2026-02-05,3,2193681000,7.351,0,7.2665,0.08450000000000024,0.08450000000000024,0.3519163179904881,False
2026-02-05,4,2193681000,7.355,0,7.2775,0.07750000000000057,0.07750000000000057,0.3209588863634286,False
2026-02-05,5,2193681000,7.327,0,7.2684999999999995,0.05850000000000044,0.05850000000000044,0.22554488232449377,False
2026-02-05,6,2193681000,7.284,0,7.2035,0.0804999999999998,0.0804999999999998,0.3123994930048091,False
2026-02-05,7,2193681000,5.542,0,5.845,-0.30299999999999994,0.30299999999999994,-0.31756349352572094,False
2026-02-05,8,2193681000,0.0,0,0.001,-0.001,0.001,-0.0021509596001439363,False
2026-02-05,9,2193681000,0.001,0,0.001,0.0,0.0,0.0,False
2026-02-05,10,2193681000,0.0,0,0.0,0.0,0.0,0.0,False
2026-02-05,11,2193681000,0.001,0,0.001,0.0,0.0,0.0,False
2026-02-05,12,2193681000,0.0,0,0.0,0.0,0.0,0.0,False
2026-02-05,13,2193681000,0.001,0,0.001,0.0,0.0,0.0,False
2026-02-05,14,2193681000,0.0,0,0.0,0.0,0.0,0.0,False
2026-02-05,15,2193681000,0.001,0,0.001,0.0,0.0,0.0,False
2026-02-05,16,2193681000,0.0,0,0.0,0.0,0.0,0.0,False
2026-02-05,17,2193681000,0.001,0,0.001,0.0,0.0,0.0,False
2026-02-05,18,2193681000,6.673,0,2.925,3.748,3.748,1.652689919814042,False
2026-02-05,19,2193681000,7.011,0,6.962,0.04900000000000038,0.04900000000000038,0.3563732935984415,False
2026-02-05,20,2193681000,7.067,0,6.974,0.09299999999999997,0.09299999999999997,0.7301530925408861,False
2026-02-05,21,2193681000,7.143,0,6.972,0.17099999999999937,0.17099999999999937,0.12875663701792858,False
2026-02-05,22,2193681000,7.157,0,7.052,0.10500000000000043,0.10500000000000043,0.8778729012478644,False
2026-02-05,23,2193681000,7.211,0,7.083,0.1280000000000001,0.1280000000000001,0.9892056483360064,False
2026-02-06,0,2193681000,7.282,0,7.098,0.18400000000000016,0.18400000000000016,1.4822949371609921,False
2026-02-06,1,2193681000,7.325,0,7.1775,0.14749999999999996,0.14749999999999996,1.3512667696121465,False
2026-02-06,2,2193681000,7.297,0,7.2379999999999995,0.05900000000000016,0.05900000000000016,0.41217723510973003,False
2026-02-06,3,2193681000,7.339,0,7.2665,0.07250000000000068,0.07250000000000068,0.30194003614568704,False
2026-02-06,4,2193681000,7.376,0,7.2775,0.09850000000000048,0.09850000000000048,0.4079283910554534,False
2026-02-06,5,2193681000,7.345,0,7.2684999999999995,0.07650000000000023,0.07650000000000023,0.29494330765510596,False
2026-02-06,6,2193681000,7.315,0,7.2035,0.11150000000000038,0.11150000000000038,0.43270240335448973,False
2026-02-06,7,2193681000,5.452,0,5.845,-0.3929999999999998,0.3929999999999998,-0.41188928368187555,False
2026-02-06,8,2193681000,0.0,0,0.001,-0.001,0.001,-0.0021509596001439363,False
2026-02-06,9,2193681000,0.001,0,0.001,0.0,0.0,0.0,False
2026-02-06,10,2193681000,0.0,0,0.0,0.0,0.0,0.0,False
2026-02-06,11,2193681000,0.001,0,0.001,0.0,0.0,0.0,False
2026-02-06,12,2193681000,0.0,0,0.0,0.0,0.0,0.0,False
2026-02-06,13,2193681000,0.001,0,0.001,0.0,0.0,0.0,False
2026-02-06,14,2193681000,0.0,0,0.0,0.0,0.0,0.0,False
2026-02-06,15,2193681000,0.001,0,0.001,0.0,0.0,0.0,False
2026-02-06,16,2193681000,0.0,0,0.0,0.0,0.0,0.0,False
2026-02-06,17,2193681000,0.0,0,0.001,-0.001,0.001,-0.01973899806057666,False
2026-02-06,18,2193681000,6.788,0,2.925,3.8630000000000004,3.8630000000000004,1.7033994557741847,False
2026-02-06,19,2193681000,7.199,0,6.962,0.2370000000000001,0.2370000000000001,1.72368307311898,False
2026-02-06,20,2193681000,7.219,0,6.974,0.2450000000000001,0.2450000000000001,1.9235215878765295,False
2026-02-06,21,2193681000,7.241,0,6.972,0.26899999999999924,0.26899999999999924,0.2025469903966247,False
2026-02-06,22,2193681000,7.251,0,7.052,0.19900000000000073,0.19900000000000073,1.6637781652221426,False
2026-02-06,23,2193681000,7.273,0,7.083,0.1899999999999995,0.1899999999999995,1.4683521342487544,False
2026-02-07,0,2193681000,7.268,0,7.129,0.13900000000000023,0.13900000000000023,0.8926704625069348,False
2026-02-07,1,2193681000,7.429,0,7.182,0.2469999999999999,0.2469999999999999,1.5483695492135094,False
2026-02-07,2,2193681000,7.439,0,7.278,0.16100000000000048,0.16100000000000048,1.097861412966002,False
2026-02-07,3,2193681000,7.395,0,7.326,0.06899999999999995,0.06899999999999995,0.4301135915127995,False
2026-02-07,4,2193681000,7.437,0,7.309,0.1280000000000001,0.1280000000000001,0.7571677660274769,False
2026-02-07,5,2193681000,7.399,0,7.28,0.11899999999999977,0.11899999999999977,0.7284281575870912,False
2026-02-07,6,2193681000,7.404,0,7.251,0.15299999999999958,0.15299999999999958,0.8949037856333538,False
2026-02-07,7,2193681000,5.29,0,6.787,-1.4969999999999999,1.4969999999999999,-1.7490257373389082,False
2026-02-07,8,2193681000,0.001,0,0.001,0.0,0.0,0.0,False
2026-02-07,9,2193681000,0.0,0,0.0,0.0,0.0,0.0,False
2026-02-07,10,2193681000,0.001,0,0.001,0.0,0.0,0.0,False
2026-02-07,11,2193681000,0.0,0,0.0,0.0,0.0,0.0,False
2026-02-07,12,2193681000,0.001,0,0.001,0.0,0.0,0.0,False
2026-02-07,13,2193681000,0.0,0,0.0,0.0,0.0,0.0,False
2026-02-07,14,2193681000,0.001,0,0.001,0.0,0.0,0.0,False
2026-02-07,15,2193681000,0.0,0,0.0,0.0,0.0,0.0,False
2026-02-07,16,2193681000,0.001,0,0.0,0.001,0.001,1.9148505488530307,False
2026-02-07,17,2193681000,0.0,0,0.001,-0.001,0.001,-0.009686295024575348,False
2026-02-07,18,2193681000,6.666,0,3.337,3.329,3.329,1.6127745397678868,False
2026-02-07,19,2193681000,7.217,0,6.884,0.3329999999999993,0.3329999999999993,2.0279333728524858,False
2026-02-07,20,2193681000,7.264,0,6.968,0.29600000000000026,0.29600000000000026,1.9125976550385875,False
2026-02-07,21,2193681000,7.278,0,6.982,0.2959999999999994,0.2959999999999994,1.8969059231354741,False
2026-02-07,22,2193681000,7.306,0,7.051,0.2549999999999999,0.2549999999999999,1.6546027517485167,False
2026-02-07,23,2193681000,7.328,0,7.124,0.20400000000000063,0.20400000000000063,1.3836960942353709,False
2026-02-08,0,2193681000,7.391,0,7.129,0.26200000000000045,0.26200000000000045,1.6825874904806974,False
2026-02-08,1,2193681000,7.434,0,7.182,0.2519999999999998,0.2519999999999998,1.5797130623554827,False
2026-02-08,2,2193681000,7.509,0,7.278,0.23100000000000076,0.23100000000000076,1.5751924620816555,False
2026-02-08,3,2193681000,7.518,0,7.326,0.19200000000000017,0.19200000000000017,1.196837819861705,False
2026-02-08,4,2193681000,7.575,0,7.309,0.266,0.266,1.573489263775849,False
2026-02-08,5,2193681000,7.564,0,7.28,0.2839999999999998,0.2839999999999998,1.7384335861742366,False
2026-02-08,6,2193681000,7.577,0,7.251,0.3259999999999996,0.3259999999999996,1.9067884582776067,False
2026-02-08,7,2193681000,5.319,0,6.787,-1.468,1.468,-1.7151434752261305,False
2026-02-08,8,2193681000,0.0,0,0.001,-0.001,0.001,-0.001469863536489661,False
2026-02-08,9,2193681000,0.001,0,0.0,0.001,0.001,1.9148505488530307,False
2026-02-08,10,2193681000,0.0,0,0.001,-0.001,0.001,-1.9148505488530307,False
2026-02-08,11,2193681000,0.001,0,0.0,0.001,0.001,1.9148505488530307,False
2026-02-08,12,2193681000,0.0,0,0.001,-0.001,0.001,-1.9148505488530307,False
2026-02-08,13,2193681000,0.001,0,0.0,0.001,0.001,1.9148505488530307,False
2026-02-08,14,2193681000,0.0,0,0.001,-0.001,0.001,-1.9148505488530307,False
2026-02-08,15,2193681000,0.001,0,0.0,0.001,0.001,1.9148505488530307,False
2026-02-08,16,2193681000,0.0,0,0.0,0.0,0.0,0.0,False
2026-02-08,17,2193681000,0.001,0,0.001,0.0,0.0,0.0,False
2026-02-08,18,2193681000,6.434,0,3.337,3.097,3.097,1.5003793180117588,False
2026-02-08,19,2193681000,7.095,0,6.884,0.2109999999999994,0.2109999999999994,1.28496679180743,False
2026-02-08,20,2193681000,7.21,0,6.968,0.242,0.242,1.5636778125653303,False
2026-02-08,21,2193681000,7.234,0,6.982,0.2519999999999998,0.2519999999999998,1.6149334210477706,False
2026-02-08,22,2193681000,7.32,0,7.051,0.26900000000000013,0.26900000000000013,1.745443687138633,False
2026-02-08,23,2193681000,7.322,0,7.124,0.1980000000000004,0.1980000000000004,1.3429991502872705,False
2026-02-09,0,2193681000,7.398,0,7.098,0.2999999999999998,0.2999999999999998,2.416785223632049,False
2026-02-09,1,2193681000,7.393,0,7.1775,0.21549999999999958,0.21549999999999958,1.9742236532299462,False
2026-02-09,2,2193681000,7.463,0,7.2379999999999995,0.22500000000000053,0.22500000000000053,1.5718623372828682,False
2026-02-09,3,2193681000,7.459,0,7.2665,0.1924999999999999,0.1924999999999999,0.8017028545937128,False
2026-02-09,4,2193681000,7.473,0,7.2775,0.1955,0.1955,0.8096446746329011,False
2026-02-09,5,2193681000,7.438,0,7.2684999999999995,0.1695000000000002,0.1695000000000002,0.6535018385299394,False
2026-02-09,6,2193681000,7.363,0,7.2035,0.15950000000000042,0.15950000000000042,0.6189778774443144,False
2026-02-09,7,2193681000,5.047,0,5.845,-0.798,0.798,-0.8363553393845722,False
2026-02-09,8,2193681000,0.0,0,0.001,-0.001,0.001,-0.0021509596001439363,False
2026-02-09,9,2193681000,0.001,0,0.001,0.0,0.0,0.0,False
2026-02-09,10,2193681000,0.0,0,0.0,0.0,0.0,0.0,False
2026-02-09,11,2193681000,0.001,0,0.001,0.0,0.0,0.0,False
2026-02-09,12,2193681000,0.0,0,0.0,0.0,0.0,0.0,False
2026-02-09,13,2193681000,0.001,0,0.001,0.0,0.0,0.0,False
2026-02-09,14,2193681000,0.0,0,0.0,0.0,0.0,0.0,False
2026-02-09,15,2193681000,0.001,0,0.001,0.0,0.0,0.0,False
2026-02-09,16,2193681000,0.0,0,0.0,0.0,0.0,0.0,False
2026-02-09,17,2193681000,0.001,0,0.001,0.0,0.0,0.0,False
2026-02-09,18,2193681000,6.152,0,2.925,3.2270000000000003,3.2270000000000003,1.422953674290265,False
2026-02-09,19,2193681000,7.081,0,6.962,0.11900000000000066,0.11900000000000066,0.8654779987390704,False
2026-02-09,20,2193681000,7.193,0,6.974,0.21899999999999942,0.21899999999999942,1.7193927663059536,False
2026-02-09,21,2193681000,7.238,0,6.972,0.266,0.266,0.20028810202788966,False
2026-02-09,22,2193681000,7.189,0,7.052,0.13700000000000045,0.13700000000000045,1.1454151187710224,False
2026-02-09,23,2193681000,7.264,0,7.083,0.18100000000000005,0.18100000000000005,1.3987986121001332,False
2026-02-10,0,2193681000,7.302,0,7.098,0.20399999999999974,0.20399999999999974,1.643413952069792,False
2026-02-10,1,2193681000,7.352,0,7.1775,0.1745000000000001,0.1745000000000001,1.5986172969309813,False
2026-02-10,2,2193681000,7.413,0,7.2379999999999995,0.1750000000000007,0.1750000000000007,1.222559595664455,False
2026-02-10,3,2193681000,7.437,0,7.2665,0.17050000000000054,0.17050000000000054,0.7100796712115769,False
2026-02-10,4,2193681000,7.447,0,7.2775,0.1695000000000002,0.1695000000000002,0.7019681450142041,False
2026-02-10,5,2193681000,7.411,0,7.2684999999999995,0.14250000000000007,0.14250000000000007,0.5494042005340194,False
2026-02-10,6,2193681000,7.363,0,7.2035,0.15950000000000042,0.15950000000000042,0.6189778774443144,False
2026-02-10,7,2193681000,4.861,0,5.845,-0.984,0.984,-1.031295305707292,False
2026-02-10,8,2193681000,0.001,0,0.001,0.0,0.0,0.0,False
2026-02-10,9,2193681000,0.0,0,0.001,-0.001,0.001,-2.0069284020290215,False
2026-02-10,10,2193681000,0.001,0,0.0,0.001,0.001,2.025090983435007,False
2026-02-10,11,2193681000,0.0,0,0.001,-0.001,0.001,-1.9758114098602242,False
2026-02-10,12,2193681000,0.0,0,0.0,0.0,0.0,0.0,False
2026-02-10,13,2193681000,0.001,0,0.001,0.0,0.0,0.0,False
2026-02-10,14,2193681000,0.0,0,0.0,0.0,0.0,0.0,False
2026-02-10,15,2193681000,0.001,0,0.001,0.0,0.0,0.0,False
2026-02-10,16,2193681000,0.0,0,0.0,0.0,0.0,0.0,False
2026-02-10,17,2193681000,0.001,0,0.001,0.0,0.0,0.0,False
2026-02-10,18,2193681000,6.116,0,2.925,3.191,3.191,1.407079384772307,False
2026-02-10,19,2193681000,7.067,0,6.962,0.10500000000000043,0.10500000000000043,0.7636570577109433,False
2026-02-10,20,2193681000,7.174,0,6.974,0.20000000000000018,0.20000000000000018,1.5702217043890043,False
2026-02-10,21,2193681000,7.21,0,6.972,0.23799999999999955,0.23799999999999955,0.1792051439196904,False
2026-02-10,22,2193681000,7.281,0,7.052,0.2290000000000001,0.2290000000000001,1.9145989941500974,False
2026-02-10,23,2193681000,7.278,0,7.083,0.1949999999999994,0.1949999999999994,1.5069929798868789,False
2026-02-11,0,2193681000,7.326,0,7.098,0.22799999999999976,0.22799999999999976,1.8367567699603562,False
2026-02-11,1,2193681000,7.387,0,7.1775,0.20949999999999935,0.20949999999999935,1.9192568693813143,False
2026-02-11,2,2193681000,7.453,0,7.2379999999999995,0.21500000000000075,0.21500000000000075,1.5020017889591868,False
2026-02-11,3,2193681000,7.496,0,7.2665,0.2295000000000007,0.2295000000000007,0.9557963902818585,False
2026-02-11,4,2193681000,7.53,0,7.2775,0.2525000000000004,0.2525000000000004,1.045704758796971,False
2026-02-11,5,2193681000,7.499,0,7.2684999999999995,0.23050000000000015,0.23050000000000015,0.8886853910392386,False
2026-02-11,6,2193681000,7.434,0,7.2035,0.23050000000000015,0.23050000000000015,0.8945103495355122,False
2026-02-11,7,2193681000,4.814,0,5.845,-1.0309999999999997,1.0309999999999997,-1.0805543294555058,False
2026-02-11,8,2193681000,0.0,0,0.001,-0.001,0.001,-0.0021509596001439363,False
2026-02-11,9,2193681000,0.001,0,0.001,0.0,0.0,0.0,False
2026-02-11,10,2193681000,0.0,0,0.0,0.0,0.0,0.0,False
2026-02-11,11,2193681000,0.001,0,0.001,0.0,0.0,0.0,False
2026-02-11,12,2193681000,0.0,0,0.0,0.0,0.0,0.0,False
2026-02-11,13,2193681000,0.0,0,0.001,-0.001,0.001,-1.9689864930262375,False
2026-02-11,14,2193681000,0.001,0,0.0,0.001,0.001,1.9689864930262375,False
2026-02-11,15,2193681000,0.0,0,0.001,-0.001,0.001,-1.9689864930262375,False
2026-02-11,16,2193681000,0.001,0,0.0,0.001,0.001,1.9689864930262375,False
2026-02-11,17,2193681000,0.0,0,0.001,-0.001,0.001,-0.01973899806057666,False
2026-02-11,18,2193681000,6.038,0,2.925,3.1130000000000004,3.1130000000000004,1.3726850908167325,False
2026-02-11,19,2193681000,7.06,0,6.962,0.09799999999999986,0.09799999999999986,0.7127465871968766,False
2026-02-11,20,2193681000,7.083,0,6.974,0.10899999999999999,0.10899999999999999,0.8557708288920065,False
2026-02-11,21,2193681000,7.146,0,6.972,0.1739999999999995,0.1739999999999995,0.13101552538666428,False
2026-02-11,22,2193681000,7.208,0,7.052,0.15600000000000058,0.15600000000000058,1.3042683104253983,False
2026-02-11,23,2193681000,7.3,0,7.083,0.21699999999999964,0.21699999999999964,1.6770127006946316,False
2026-02-12,0,2193681000,7.287,0,7.098,0.18900000000000006,0.18900000000000006,1.522574690888192,False
2026-02-12,1,2193681000,7.376,0,7.1775,0.19850000000000012,0.19850000000000012,1.8184844323255003,False
2026-02-12,2,2193681000,7.46,0,7.2379999999999995,0.22200000000000042,0.22200000000000042,1.5509041727857624,False
2026-02-12,3,2193681000,7.466,0,7.2665,0.19950000000000045,0.19950000000000045,0.8308556856698501,False
2026-02-12,4,2193681000,7.47,0,7.2775,0.1924999999999999,0.1924999999999999,0.7972204596768971,False
2026-02-12,5,2193681000,7.431,0,7.2684999999999995,0.16250000000000053,0.16250000000000053,0.6265135620124801,False
2026-02-12,6,2193681000,7.394,0,7.2035,0.1905000000000001,0.1905000000000001,0.7392807877939915,False
2026-02-12,7,2193681000,4.605,0,5.845,-1.2399999999999993,1.2399999999999993,-1.299599775484798,False
2026-02-12,8,2193681000,0.001,0,0.001,0.0,0.0,0.0,False
2026-02-12,9,2193681000,0.0,0,0.001,-0.001,0.001,-2.0069284020290215,False
2026-02-12,10,2193681000,0.001,0,0.0,0.001,0.001,2.025090983435007,False
2026-02-12,11,2193681000,0.0,0,0.001,-0.001,0.001,-1.9758114098602242,False
2026-02-12,12,2193681000,,1,0.0,,,,False
2026-02-12,13,2193681000,,1,0.001,,,,False
2026-02-12,14,2193681000,,1,0.0,,,,False
2026-02-12,15,2193681000,,1,0.001,,,,False
2026-02-12,16,2193681000,,1,0.0,,,,False
2026-02-12,17,2193681000,,1,0.001,,,,False
2026-02-12,18,2193681000,,1,2.925,,,,False
2026-02-12,19,2193681000,,1,6.962,,,,False
2026-02-12,20,2193681000,,1,6.974,,,,False
2026-02-12,21,2193681000,5.413,0,6.972,-1.5590000000000002,1.5590000000000002,-1.1738689889529323,False
2026-02-12,22,2193681000,7.33,0,7.052,0.27800000000000047,0.27800000000000047,2.3242730147324355,False
2026-02-12,23,2193681000,7.337,0,7.083,0.25399999999999956,0.25399999999999956,1.9629549584167576,False
2026-02-13,0,2193681000,7.339,0,7.098,0.24100000000000055,0.24100000000000055,1.9414841296510847,False
2026-02-13,1,2193681000,7.31,0,7.1775,0.1324999999999994,0.1324999999999994,1.213849809990567,False
2026-02-13,2,2193681000,7.386,0,7.2379999999999995,0.14800000000000058,0.14800000000000058,1.0339361151905104,False
2026-02-13,3,2193681000,7.465,0,7.2665,0.19850000000000012,0.19850000000000012,0.8266909955161152,False
2026-02-13,4,2193681000,7.503,0,7.2775,0.22550000000000026,0.22550000000000026,0.9338868241929381,False
2026-02-13,5,2193681000,7.446,0,7.2684999999999995,0.1775000000000002,0.1775000000000002,0.684345583121323,False
2026-02-13,6,2193681000,7.358,0,7.2035,0.15449999999999964,0.15449999999999964,0.5995741822266213,False
2026-02-13,7,2193681000,4.434,0,5.845,-1.4109999999999996,1.4109999999999996,-1.4788187767814924,False
2026-02-13,8,2193681000,0.001,0,0.001,0.0,0.0,0.0,False
2026-02-13,9,2193681000,0.0,0,0.001,-0.001,0.001,-2.0069284020290215,False
2026-02-13,10,2193681000,,1,0.0,,,,False
2026-02-13,11,2193681000,,1,0.001,,,,False
2026-02-13,12,2193681000,,1,0.0,,,,False
2026-02-13,13,2193681000,,1,0.001,,,,False
2026-02-13,14,2193681000,,1,0.0,,,,False
2026-02-13,15,2193681000,,1,0.001,,,,False
2026-02-13,16,2193681000,,1,0.0,,,,False
2026-02-13,17,2193681000,,1,0.001,,,,False
2026-02-13,18,2193681000,,1,2.925,,,,False
2026-02-13,19,2193681000,,1,6.962,,,,False
2026-02-13,20,2193681000,,1,6.974,,,,False
2026-02-13,21,2193681000,,1,6.972,,,,False
2026-02-13,22,2193681000,,1,7.052,,,,False
2026-02-13,23,2193681000,,1,7.083,,,,False
