Sayaç_Kodu,Sayaç_Seri_No,Dönem,Gün,Saat,Çekiş
2127570400.0,500279486,01/2025,1,00-01,6.706
2127570400.0,500279486,01/2025,2,00-01,6.834
2127570400.0,500279486,01/2025,3,00-01,6.737
2127570400.0,500279486,01/2025,4,00-01,6.715
2127570400.0,500279486,01/2025,5,00-01,6.717
2127570400.0,500279486,01/2025,6,00-01,6.735
2127570400.0,500279486,01/2025,7,00-01,6.779
2127570400.0,500279486,01/2025,8,00-01,6.792
2127570400.0,500279486,01/2025,9,00-01,6.813
2127570400.0,500279486,01/2025,10,00-01,6.788
2127570400.0,500279486,01/2025,11,00-01,6.76
2127570400.0,500279486,01/2025,12,00-01,6.748
2127570400.0,500279486,01/2025,13,00-01,6.793
2127570400.0,500279486,01/2025,14,00-01,6.787
2127570400.0,500279486,01/2025,15,00-01,6.722
2127570400.0,500279486,01/2025,16,00-01,6.77
2127570400.0,500279486,01/2025,17,00-01,6.734
2127570400.0,500279486,01/2025,18,00-01,6.714
2127570400.0,500279486,01/2025,19,00-01,6.807
2127570400.0,500279486,01/2025,20,00-01,6.765
2127570400.0,500279486,01/2025,21,00-01,6.739
2127570400.0,500279486,01/2025,22,00-01,6.699
2127570400.0,500279486,01/2025,23,00-01,7.073
2127570400.0,500279486,01/2025,24,00-01,7.112
2127570400.0,500279486,01/2025,25,00-01,7.092
2127570400.0,500279486,01/2025,26,00-01,7.211
2127570400.0,500279486,01/2025,27,00-01,7.305
2127570400.0,500279486,01/2025,28,00-01,7.134
2127570400.0,500279486,01/2025,29,00-01,7.088
2127570400.0,500279486,01/2025,30,00-01,7.142
2127570400.0,500279486,01/2025,31,00-01,7.21
2127570400.0,500279486,01/2025,1,01-02,6.77
2127570400.0,500279486,01/2025,2,01-02,6.894
2127570400.0,500279486,01/2025,3,01-02,6.827
2127570400.0,500279486,01/2025,4,01-02,6.789
2127570400.0,500279486,01/2025,5,01-02,6.828
2127570400.0,500279486,01/2025,6,01-02,6.83
2127570400.0,500279486,01/2025,7,01-02,6.853
2127570400.0,500279486,01/2025,8,01-02,6.888
2127570400.0,500279486,01/2025,9,01-02,6.859
2127570400.0,500279486,01/2025,10,01-02,6.905
2127570400.0,500279486,01/2025,11,01-02,6.845
2127570400.0,500279486,01/2025,12,01-02,6.728
2127570400.0,500279486,01/2025,13,01-02,6.831
2127570400.0,500279486,01/2025,14,01-02,6.86
2127570400.0,500279486,01/2025,15,01-02,6.792
2127570400.0,500279486,01/2025,16,01-02,6.805
2127570400.0,500279486,01/2025,17,01-02,6.77
2127570400.0,500279486,01/2025,18,01-02,6.818
2127570400.0,500279486,01/2025,19,01-02,6.898
2127570400.0,500279486,01/2025,20,01-02,6.743
2127570400.0,500279486,01/2025,21,01-02,6.777
2127570400.0,500279486,01/2025,22,01-02,6.815
2127570400.0,500279486,01/2025,23,01-02,7.151
2127570400.0,500279486,01/2025,24,01-02,7.176
2127570400.0,500279486,01/2025,25,01-02,7.155
2127570400.0,500279486,01/2025,26,01-02,7.315
2127570400.0,500279486,01/2025,27,01-02,7.297
2127570400.0,500279486,01/2025,28,01-02,7.207
2127570400.0,500279486,01/2025,29,01-02,7.18
2127570400.0,500279486,01/2025,30,01-02,7.215
2127570400.0,500279486,01/2025,31,01-02,7.26
2127570400.0,500279486,01/2025,1,02-03,6.855
2127570400.0,500279486,01/2025,2,02-03,6.942
2127570400.0,500279486,01/2025,3,02-03,6.895
2127570400.0,500279486,01/2025,4,02-03,6.882
2127570400.0,500279486,01/2025,5,02-03,6.883
2127570400.0,500279486,01/2025,6,02-03,6.936
2127570400.0,500279486,01/2025,7,02-03,6.881
2127570400.0,500279486,01/2025,8,02-03,6.937
2127570400.0,500279486,01/2025,9,02-03,6.935
2127570400.0,500279486,01/2025,10,02-03,6.985
2127570400.0,500279486,01/2025,11,02-03,6.952
2127570400.0,500279486,01/2025,12,02-03,6.768
2127570400.0,500279486,01/2025,13,02-03,6.903
2127570400.0,500279486,01/2025,14,02-03,6.847
2127570400.0,500279486,01/2025,15,02-03,6.879
2127570400.0,500279486,01/2025,16,02-03,6.895
2127570400.0,500279486,01/2025,17,02-03,6.866
2127570400.0,500279486,01/2025,18,02-03,6.874
2127570400.0,500279486,01/2025,19,02-03,6.999
2127570400.0,500279486,01/2025,20,02-03,6.853
2127570400.0,500279486,01/2025,21,02-03,6.886
2127570400.0,500279486,01/2025,22,02-03,6.839
2127570400.0,500279486,01/2025,23,02-03,7.221
2127570400.0,500279486,01/2025,24,02-03,7.242
2127570400.0,500279486,01/2025,25,02-03,7.254
2127570400.0,500279486,01/2025,26,02-03,7.356
2127570400.0,500279486,01/2025,27,02-03,7.316
2127570400.0,500279486,01/2025,28,02-03,7.28
2127570400.0,500279486,01/2025,29,02-03,7.236
2127570400.0,500279486,01/2025,30,02-03,7.275
2127570400.0,500279486,01/2025,31,02-03,7.299
2127570400.0,500279486,01/2025,1,03-04,6.915
2127570400.0,500279486,01/2025,2,03-04,6.95
2127570400.0,500279486,01/2025,3,03-04,6.942
2127570400.0,500279486,01/2025,4,03-04,6.954
2127570400.0,500279486,01/2025,5,03-04,6.907
2127570400.0,500279486,01/2025,6,03-04,7.01
2127570400.0,500279486,01/2025,7,03-04,6.942
2127570400.0,500279486,01/2025,8,03-04,6.951
2127570400.0,500279486,01/2025,9,03-04,6.968
2127570400.0,500279486,01/2025,10,03-04,7.023
2127570400.0,500279486,01/2025,11,03-04,7.01
2127570400.0,500279486,01/2025,12,03-04,6.834
2127570400.0,500279486,01/2025,13,03-04,6.948
2127570400.0,500279486,01/2025,14,03-04,6.892
2127570400.0,500279486,01/2025,15,03-04,6.933
2127570400.0,500279486,01/2025,16,03-04,6.943
2127570400.0,500279486,01/2025,17,03-04,6.937
2127570400.0,500279486,01/2025,18,03-04,6.953
2127570400.0,500279486,01/2025,19,03-04,6.945
2127570400.0,500279486,01/2025,20,03-04,6.896
2127570400.0,500279486,01/2025,21,03-04,6.938
2127570400.0,500279486,01/2025,22,03-04,7.166
2127570400.0,500279486,01/2025,23,03-04,7.262
2127570400.0,500279486,01/2025,24,03-04,7.257
2127570400.0,500279486,01/2025,25,03-04,7.325
2127570400.0,500279486,01/2025,26,03-04,7.404
2127570400.0,500279486,01/2025,27,03-04,7.317
2127570400.0,500279486,01/2025,28,03-04,7.282
2127570400.0,500279486,01/2025,29,03-04,7.25
2127570400.0,500279486,01/2025,30,03-04,7.301
2127570400.0,500279486,01/2025,31,03-04,7.295
2127570400.0,500279486,01/2025,1,04-05,6.964
2127570400.0,500279486,01/2025,2,04-05,6.962
2127570400.0,500279486,01/2025,3,04-05,6.981
2127570400.0,500279486,01/2025,4,04-05,6.978
2127570400.0,500279486,01/2025,5,04-05,6.956
2127570400.0,500279486,01/2025,6,04-05,7.047
2127570400.0,500279486,01/2025,7,04-05,6.97
2127570400.0,500279486,01/2025,8,04-05,6.954
2127570400.0,500279486,01/2025,9,04-05,7.004
2127570400.0,500279486,01/2025,10,04-05,7.043
2127570400.0,500279486,01/2025,11,04-05,6.987
2127570400.0,500279486,01/2025,12,04-05,6.96
2127570400.0,500279486,01/2025,13,04-05,6.98
2127570400.0,500279486,01/2025,14,04-05,6.908
2127570400.0,500279486,01/2025,15,04-05,6.939
2127570400.0,500279486,01/2025,16,04-05,6.963
2127570400.0,500279486,01/2025,17,04-05,6.971
2127570400.0,500279486,01/2025,18,04-05,6.987
2127570400.0,500279486,01/2025,19,04-05,6.991
2127570400.0,500279486,01/2025,20,04-05,6.918
2127570400.0,500279486,01/2025,21,04-05,6.973
2127570400.0,500279486,01/2025,22,04-05,7.187
2127570400.0,500279486,01/2025,23,04-05,7.301
2127570400.0,500279486,01/2025,24,04-05,7.297
2127570400.0,500279486,01/2025,25,04-05,7.315
2127570400.0,500279486,01/2025,26,04-05,7.423
2127570400.0,500279486,01/2025,27,04-05,7.348
2127570400.0,500279486,01/2025,28,04-05,7.284
2127570400.0,500279486,01/2025,29,04-05,7.279
2127570400.0,500279486,01/2025,30,04-05,7.335
2127570400.0,500279486,01/2025,31,04-05,7.324
2127570400.0,500279486,01/2025,1,05-06,6.967
2127570400.0,500279486,01/2025,2,05-06,6.956
2127570400.0,500279486,01/2025,3,05-06,6.955
2127570400.0,500279486,01/2025,4,05-06,6.967
2127570400.0,500279486,01/2025,5,05-06,6.979
2127570400.0,500279486,01/2025,6,05-06,7.035
2127570400.0,500279486,01/2025,7,05-06,6.953
2127570400.0,500279486,01/2025,8,05-06,6.962
2127570400.0,500279486,01/2025,9,05-06,6.998
2127570400.0,500279486,01/2025,10,05-06,7.026
2127570400.0,500279486,01/2025,11,05-06,6.963
2127570400.0,500279486,01/2025,12,05-06,6.998
2127570400.0,500279486,01/2025,13,05-06,6.998
2127570400.0,500279486,01/2025,14,05-06,6.917
2127570400.0,500279486,01/2025,15,05-06,6.919
2127570400.0,500279486,01/2025,16,05-06,6.948
2127570400.0,500279486,01/2025,17,05-06,6.989
2127570400.0,500279486,01/2025,18,05-06,6.975
2127570400.0,500279486,01/2025,19,05-06,7.005
2127570400.0,500279486,01/2025,20,05-06,6.914
2127570400.0,500279486,01/2025,21,05-06,6.973
2127570400.0,500279486,01/2025,22,05-06,7.181
2127570400.0,500279486,01/2025,23,05-06,7.284
2127570400.0,500279486,01/2025,24,05-06,7.286
2127570400.0,500279486,01/2025,25,05-06,7.296
2127570400.0,500279486,01/2025,26,05-06,7.357
2127570400.0,500279486,01/2025,27,05-06,7.334
2127570400.0,500279486,01/2025,28,05-06,7.266
2127570400.0,500279486,01/2025,29,05-06,7.254
2127570400.0,500279486,01/2025,30,05-06,7.336
2127570400.0,500279486,01/2025,31,05-06,7.323
2127570400.0,500279486,01/2025,1,06-07,6.96
2127570400.0,500279486,01/2025,2,06-07,6.895
2127570400.0,500279486,01/2025,3,06-07,6.885
2127570400.0,500279486,01/2025,4,06-07,6.925
2127570400.0,500279486,01/2025,5,06-07,6.975
2127570400.0,500279486,01/2025,6,06-07,6.995
2127570400.0,500279486,01/2025,7,06-07,6.912
2127570400.0,500279486,01/2025,8,06-07,6.928
2127570400.0,500279486,01/2025,9,06-07,6.973
2127570400.0,500279486,01/2025,10,06-07,7.004
2127570400.0,500279486,01/2025,11,06-07,6.932
2127570400.0,500279486,01/2025,12,06-07,6.982
2127570400.0,500279486,01/2025,13,06-07,6.926
2127570400.0,500279486,01/2025,14,06-07,6.866
2127570400.0,500279486,01/2025,15,06-07,6.878
2127570400.0,500279486,01/2025,16,06-07,6.919
2127570400.0,500279486,01/2025,17,06-07,6.939
2127570400.0,500279486,01/2025,18,06-07,6.955
2127570400.0,500279486,01/2025,19,06-07,7.015
2127570400.0,500279486,01/2025,20,06-07,6.881
2127570400.0,500279486,01/2025,21,06-07,6.938
2127570400.0,500279486,01/2025,22,06-07,7.16
2127570400.0,500279486,01/2025,23,06-07,7.256
2127570400.0,500279486,01/2025,24,06-07,7.275
2127570400.0,500279486,01/2025,25,06-07,7.285
2127570400.0,500279486,01/2025,26,06-07,7.361
2127570400.0,500279486,01/2025,27,06-07,7.306
2127570400.0,500279486,01/2025,28,06-07,7.251
2127570400.0,500279486,01/2025,29,06-07,7.193
2127570400.0,500279486,01/2025,30,06-07,7.319
2127570400.0,500279486,01/2025,31,06-07,7.281
2127570400.0,500279486,01/2025,1,07-08,6.98
2127570400.0,500279486,01/2025,2,07-08,6.803
2127570400.0,500279486,01/2025,3,07-08,6.815
2127570400.0,500279486,01/2025,4,07-08,6.89
2127570400.0,500279486,01/2025,5,07-08,6.961
2127570400.0,500279486,01/2025,6,07-08,6.887
2127570400.0,500279486,01/2025,7,07-08,6.843
2127570400.0,500279486,01/2025,8,07-08,6.863
2127570400.0,500279486,01/2025,9,07-08,6.865
2127570400.0,500279486,01/2025,10,07-08,6.909
2127570400.0,500279486,01/2025,11,07-08,6.878
2127570400.0,500279486,01/2025,12,07-08,6.966
2127570400.0,500279486,01/2025,13,07-08,6.857
2127570400.0,500279486,01/2025,14,07-08,6.834
2127570400.0,500279486,01/2025,15,07-08,6.815
2127570400.0,500279486,01/2025,16,07-08,6.86
2127570400.0,500279486,01/2025,17,07-08,6.818
2127570400.0,500279486,01/2025,18,07-08,6.891
2127570400.0,500279486,01/2025,19,07-08,7.013
2127570400.0,500279486,01/2025,20,07-08,6.9
2127570400.0,500279486,01/2025,21,07-08,6.836
2127570400.0,500279486,01/2025,22,07-08,7.251
2127570400.0,500279486,01/2025,23,07-08,7.196
2127570400.0,500279486,01/2025,24,07-08,7.244
2127570400.0,500279486,01/2025,25,07-08,7.253
2127570400.0,500279486,01/2025,26,07-08,7.358
2127570400.0,500279486,01/2025,27,07-08,7.213
2127570400.0,500279486,01/2025,28,07-08,7.202
2127570400.0,500279486,01/2025,29,07-08,7.143
2127570400.0,500279486,01/2025,30,07-08,7.274
2127570400.0,500279486,01/2025,31,07-08,7.273
2127570400.0,500279486,01/2025,1,08-09,3.485
2127570400.0,500279486,01/2025,2,08-09,3.396
2127570400.0,500279486,01/2025,3,08-09,3.371
2127570400.0,500279486,01/2025,4,08-09,3.41
2127570400.0,500279486,01/2025,5,08-09,3.456
2127570400.0,500279486,01/2025,6,08-09,3.388
2127570400.0,500279486,01/2025,7,08-09,3.364
2127570400.0,500279486,01/2025,8,08-09,3.272
2127570400.0,500279486,01/2025,9,08-09,3.273
2127570400.0,500279486,01/2025,10,08-09,3.258
2127570400.0,500279486,01/2025,11,08-09,3.278
2127570400.0,500279486,01/2025,12,08-09,3.221
2127570400.0,500279486,01/2025,13,08-09,3.108
2127570400.0,500279486,01/2025,14,08-09,3.107
2127570400.0,500279486,01/2025,15,08-09,2.992
2127570400.0,500279486,01/2025,16,08-09,2.996
2127570400.0,500279486,01/2025,17,08-09,2.872
2127570400.0,500279486,01/2025,18,08-09,2.942
2127570400.0,500279486,01/2025,19,08-09,2.86
2127570400.0,500279486,01/2025,20,08-09,2.803
2127570400.0,500279486,01/2025,21,08-09,2.659
2127570400.0,500279486,01/2025,22,08-09,2.814
2127570400.0,500279486,01/2025,23,08-09,2.691
2127570400.0,500279486,01/2025,24,08-09,2.572
2127570400.0,500279486,01/2025,25,08-09,2.583
2127570400.0,500279486,01/2025,26,08-09,2.506
2127570400.0,500279486,01/2025,27,08-09,2.307
2127570400.0,500279486,01/2025,28,08-09,2.202
2127570400.0,500279486,01/2025,29,08-09,2.073
2127570400.0,500279486,01/2025,30,08-09,1.969
2127570400.0,500279486,01/2025,31,08-09,1.853
2127570400.0,500279486,01/2025,1,09-10,0.0
2127570400.0,500279486,01/2025,2,09-10,0.0
2127570400.0,500279486,01/2025,3,09-10,0.001
2127570400.0,500279486,01/2025,4,09-10,0.001
2127570400.0,500279486,01/2025,5,09-10,0.001
2127570400.0,500279486,01/2025,6,09-10,0.0
2127570400.0,500279486,01/2025,7,09-10,0.0
2127570400.0,500279486,01/2025,8,09-10,0.0
2127570400.0,500279486,01/2025,9,09-10,0.001
2127570400.0,500279486,01/2025,10,09-10,0.0
2127570400.0,500279486,01/2025,11,09-10,0.0
2127570400.0,500279486,01/2025,12,09-10,0.0
2127570400.0,500279486,01/2025,13,09-10,0.0
2127570400.0,500279486,01/2025,14,09-10,0.001
2127570400.0,500279486,01/2025,15,09-10,0.001
2127570400.0,500279486,01/2025,16,09-10,0.0
2127570400.0,500279486,01/2025,17,09-10,0.001
2127570400.0,500279486,01/2025,18,09-10,0.001
2127570400.0,500279486,01/2025,19,09-10,0.0
2127570400.0,500279486,01/2025,20,09-10,0.001
2127570400.0,500279486,01/2025,21,09-10,0.0
2127570400.0,500279486,01/2025,22,09-10,0.001
2127570400.0,500279486,01/2025,23,09-10,0.0
2127570400.0,500279486,01/2025,24,09-10,0.0
2127570400.0,500279486,01/2025,25,09-10,0.001
2127570400.0,500279486,01/2025,26,09-10,0.0
2127570400.0,500279486,01/2025,27,09-10,0.0
2127570400.0,500279486,01/2025,28,09-10,0.001
2127570400.0,500279486,01/2025,29,09-10,0.001
2127570400.0,500279486,01/2025,30,09-10,0.0
2127570400.0,500279486,01/2025,31,09-10,0.001
2127570400.0,500279486,01/2025,1,10-11,0.001
2127570400.0,500279486,01/2025,2,10-11,0.001
2127570400.0,500279486,01/2025,3,10-11,0.0
2127570400.0,500279486,01/2025,4,10-11,0.0
2127570400.0,500279486,01/2025,5,10-11,0.0
2127570400.0,500279486,01/2025,6,10-11,0.0
2127570400.0,500279486,01/2025,7,10-11,0.001
2127570400.0,500279486,01/2025,8,10-11,0.001
2127570400.0,500279486,01/2025,9,10-11,0.0
2127570400.0,500279486,01/2025,10,10-11,0.001
2127570400.0,500279486,01/2025,11,10-11,0.0
2127570400.0,500279486,01/2025,12,10-11,0.001
2127570400.0,500279486,01/2025,13,10-11,0.001
2127570400.0,500279486,01/2025,14,10-11,0.0
2127570400.0,500279486,01/2025,15,10-11,0.0
2127570400.0,500279486,01/2025,16,10-11,0.001
2127570400.0,500279486,01/2025,17,10-11,0.0
2127570400.0,500279486,01/2025,18,10-11,0.0
2127570400.0,500279486,01/2025,19,10-11,0.001
2127570400.0,500279486,01/2025,20,10-11,0.0
2127570400.0,500279486,01/2025,21,10-11,0.001
2127570400.0,500279486,01/2025,22,10-11,0.0
2127570400.0,500279486,01/2025,23,10-11,0.001
2127570400.0,500279486,01/2025,24,10-11,0.001
2127570400.0,500279486,01/2025,25,10-11,0.0
2127570400.0,500279486,01/2025,26,10-11,0.001
2127570400.0,500279486,01/2025,27,10-11,0.001
2127570400.0,500279486,01/2025,28,10-11,0.0
2127570400.0,500279486,01/2025,29,10-11,0.0
2127570400.0,500279486,01/2025,30,10-11,0.001
2127570400.0,500279486,01/2025,31,10-11,0.0
2127570400.0,500279486,01/2025,1,11-12,0.0
2127570400.0,500279486,01/2025,2,11-12,0.0
2127570400.0,500279486,01/2025,3,11-12,0.001
2127570400.0,500279486,01/2025,4,11-12,0.001
2127570400.0,500279486,01/2025,5,11-12,0.0
2127570400.0,500279486,01/2025,6,11-12,0.001
2127570400.0,500279486,01/2025,7,11-12,0.0
2127570400.0,500279486,01/2025,8,11-12,0.0
2127570400.0,500279486,01/2025,9,11-12,0.0
2127570400.0,500279486,01/2025,10,11-12,0.0
2127570400.0,500279486,01/2025,11,11-12,0.001
2127570400.0,500279486,01/2025,12,11-12,0.0
2127570400.0,500279486,01/2025,13,11-12,0.0
2127570400.0,500279486,01/2025,14,11-12,0.001
2127570400.0,500279486,01/2025,15,11-12,0.0
2127570400.0,500279486,01/2025,16,11-12,0.0
2127570400.0,500279486,01/2025,17,11-12,0.001
2127570400.0,500279486,01/2025,18,11-12,0.001
2127570400.0,500279486,01/2025,19,11-12,0.0
2127570400.0,500279486,01/2025,20,11-12,0.001
2127570400.0,500279486,01/2025,21,11-12,0.0
2127570400.0,500279486,01/2025,22,11-12,0.0
2127570400.0,500279486,01/2025,23,11-12,0.0
2127570400.0,500279486,01/2025,24,11-12,0.0
2127570400.0,500279486,01/2025,25,11-12,0.001
2127570400.0,500279486,01/2025,26,11-12,0.0
2127570400.0,500279486,01/2025,27,11-12,0.0
2127570400.0,500279486,01/2025,28,11-12,0.001
2127570400.0,500279486,01/2025,29,11-12,0.001
2127570400.0,500279486,01/2025,30,11-12,0.0
2127570400.0,500279486,01/2025,31,11-12,0.001
2127570400.0,500279486,01/2025,1,12-13,0.001
2127570400.0,500279486,01/2025,2,12-13,0.001
2127570400.0,500279486,01/2025,3,12-13,0.0
2127570400.0,500279486,01/2025,4,12-13,0.0
2127570400.0,500279486,01/2025,5,12-13,0.001
2127570400.0,500279486,01/2025,6,12-13,0.0
2127570400.0,500279486,01/2025,7,12-13,0.001
2127570400.0,500279486,01/2025,8,12-13,0.0
2127570400.0,500279486,01/2025,9,12-13,0.0
2127570400.0,500279486,01/2025,10,12-13,0.001
2127570400.0,500279486,01/2025,11,12-13,0.0
2127570400.0,500279486,01/2025,12,12-13,0.001
2127570400.0,500279486,01/2025,13,12-13,0.001
2127570400.0,500279486,01/2025,14,12-13,0.0
2127570400.0,500279486,01/2025,15,12-13,0.001
2127570400.0,500279486,01/2025,16,12-13,0.001
2127570400.0,500279486,01/2025,17,12-13,0.0
2127570400.0,500279486,01/2025,18,12-13,0.0
2127570400.0,500279486,01/2025,19,12-13,0.001
2127570400.0,500279486,01/2025,20,12-13,0.0
2127570400.0,500279486,01/2025,21,12-13,0.001
2127570400.0,500279486,01/2025,22,12-13,0.001
2127570400.0,500279486,01/2025,23,12-13,0.001
2127570400.0,500279486,01/2025,24,12-13,0.001
2127570400.0,500279486,01/2025,25,12-13,0.0
2127570400.0,500279486,01/2025,26,12-13,0.0
2127570400.0,500279486,01/2025,27,12-13,0.001
2127570400.0,500279486,01/2025,28,12-13,0.0
2127570400.0,500279486,01/2025,29,12-13,0.0
2127570400.0,500279486,01/2025,30,12-13,0.001
2127570400.0,500279486,01/2025,31,12-13,0.0
2127570400.0,500279486,01/2025,1,13-14,0.0
2127570400.0,500279486,01/2025,2,13-14,0.0
2127570400.0,500279486,01/2025,3,13-14,0.001
2127570400.0,500279486,01/2025,4,13-14,0.001
2127570400.0,500279486,01/2025,5,13-14,0.0
2127570400.0,500279486,01/2025,6,13-14,0.001
2127570400.0,500279486,01/2025,7,13-14,0.0
2127570400.0,500279486,01/2025,8,13-14,0.001
2127570400.0,500279486,01/2025,9,13-14,0.0
2127570400.0,500279486,01/2025,10,13-14,0.0
2127570400.0,500279486,01/2025,11,13-14,0.001
2127570400.0,500279486,01/2025,12,13-14,0.0
2127570400.0,500279486,01/2025,13,13-14,0.0
2127570400.0,500279486,01/2025,14,13-14,0.001
2127570400.0,500279486,01/2025,15,13-14,0.0
2127570400.0,500279486,01/2025,16,13-14,0.0
2127570400.0,500279486,01/2025,17,13-14,0.001
2127570400.0,500279486,01/2025,18,13-14,0.001
2127570400.0,500279486,01/2025,19,13-14,0.0
2127570400.0,500279486,01/2025,20,13-14,0.001
2127570400.0,500279486,01/2025,21,13-14,0.0
2127570400.0,500279486,01/2025,22,13-14,0.0
2127570400.0,500279486,01/2025,23,13-14,0.0
2127570400.0,500279486,01/2025,24,13-14,0.0
2127570400.0,500279486,01/2025,25,13-14,0.001
2127570400.0,500279486,01/2025,27,13-14,0.0
2127570400.0,500279486,01/2025,28,13-14,0.001
2127570400.0,500279486,01/2025,29,13-14,0.001
2127570400.0,500279486,01/2025,30,13-14,0.0
2127570400.0,500279486,01/2025,31,13-14,0.001
2127570400.0,500279486,01/2025,1,14-15,0.001
2127570400.0,500279486,01/2025,2,14-15,0.001
2127570400.0,500279486,01/2025,3,14-15,0.0
2127570400.0,500279486,01/2025,4,14-15,0.0
2127570400.0,500279486,01/2025,5,14-15,0.001
2127570400.0,500279486,01/2025,6,14-15,0.0
2127570400.0,500279486,01/2025,7,14-15,0.001
2127570400.0,500279486,01/2025,8,14-15,0.0
2127570400.0,500279486,01/2025,9,14-15,0.0
2127570400.0,500279486,01/2025,10,14-15,0.0
2127570400.0,500279486,01/2025,11,14-15,0.0
2127570400.0,500279486,01/2025,12,14-15,0.001
2127570400.0,500279486,01/2025,13,14-15,0.0
2127570400.0,500279486,01/2025,14,14-15,0.0
2127570400.0,500279486,01/2025,15,14-15,0.001
2127570400.0,500279486,01/2025,16,14-15,0.001
2127570400.0,500279486,01/2025,17,14-15,0.0
2127570400.0,500279486,01/2025,18,14-15,0.0
2127570400.0,500279486,01/2025,19,14-15,0.001
2127570400.0,500279486,01/2025,20,14-15,0.0
2127570400.0,500279486,01/2025,21,14-15,0.001
2127570400.0,500279486,01/2025,22,14-15,0.001
2127570400.0,500279486,01/2025,23,14-15,0.001
2127570400.0,500279486,01/2025,24,14-15,0.001
2127570400.0,500279486,01/2025,25,14-15,0.0
2127570400.0,500279486,01/2025,27,14-15,0.001
2127570400.0,500279486,01/2025,28,14-15,0.0
2127570400.0,500279486,01/2025,29,14-15,0.0
2127570400.0,500279486,01/2025,30,14-15,0.001
2127570400.0,500279486,01/2025,31,14-15,0.0
2127570400.0,500279486,01/2025,1,15-16,0.0
2127570400.0,500279486,01/2025,2,15-16,0.0
2127570400.0,500279486,01/2025,3,15-16,0.001
2127570400.0,500279486,01/2025,4,15-16,0.001
2127570400.0,500279486,01/2025,5,15-16,0.0
2127570400.0,500279486,01/2025,6,15-16,0.001
2127570400.0,500279486,01/2025,7,15-16,0.0
2127570400.0,500279486,01/2025,8,15-16,0.001
2127570400.0,500279486,01/2025,9,15-16,0.001
2127570400.0,500279486,01/2025,10,15-16,0.001
2127570400.0,500279486,01/2025,11,15-16,0.001
2127570400.0,500279486,01/2025,12,15-16,0.0
2127570400.0,500279486,01/2025,13,15-16,0.001
2127570400.0,500279486,01/2025,14,15-16,0.001
2127570400.0,500279486,01/2025,15,15-16,0.0
2127570400.0,500279486,01/2025,16,15-16,0.0
2127570400.0,500279486,01/2025,17,15-16,0.001
2127570400.0,500279486,01/2025,18,15-16,0.001
2127570400.0,500279486,01/2025,19,15-16,0.0
2127570400.0,500279486,01/2025,20,15-16,0.001
2127570400.0,500279486,01/2025,21,15-16,0.0
2127570400.0,500279486,01/2025,22,15-16,0.0
2127570400.0,500279486,01/2025,23,15-16,0.0
2127570400.0,500279486,01/2025,24,15-16,0.0
2127570400.0,500279486,01/2025,25,15-16,0.001
2127570400.0,500279486,01/2025,26,15-16,0.0
2127570400.0,500279486,01/2025,27,15-16,0.0
2127570400.0,500279486,01/2025,28,15-16,0.001
2127570400.0,500279486,01/2025,29,15-16,0.001
2127570400.0,500279486,01/2025,30,15-16,0.0
2127570400.0,500279486,01/2025,31,15-16,0.001
2127570400.0,500279486,01/2025,1,16-17,0.001
2127570400.0,500279486,01/2025,2,16-17,0.001
2127570400.0,500279486,01/2025,3,16-17,0.0
2127570400.0,500279486,01/2025,4,16-17,0.0
2127570400.0,500279486,01/2025,5,16-17,0.001
2127570400.0,500279486,01/2025,6,16-17,0.0
2127570400.0,500279486,01/2025,7,16-17,0.001
2127570400.0,500279486,01/2025,8,16-17,0.0
2127570400.0,500279486,01/2025,9,16-17,0.0
2127570400.0,500279486,01/2025,10,16-17,0.0
2127570400.0,500279486,01/2025,11,16-17,0.0
2127570400.0,500279486,01/2025,12,16-17,0.001
2127570400.0,500279486,01/2025,13,16-17,0.0
2127570400.0,500279486,01/2025,14,16-17,0.0
2127570400.0,500279486,01/2025,15,16-17,0.001
2127570400.0,500279486,01/2025,16,16-17,0.001
2127570400.0,500279486,01/2025,17,16-17,0.0
2127570400.0,500279486,01/2025,18,16-17,0.0
2127570400.0,500279486,01/2025,19,16-17,0.0
2127570400.0,500279486,01/2025,20,16-17,0.0
2127570400.0,500279486,01/2025,21,16-17,0.001
2127570400.0,500279486,01/2025,22,16-17,0.001
2127570400.0,500279486,01/2025,23,16-17,0.001
2127570400.0,500279486,01/2025,24,16-17,0.0
2127570400.0,500279486,01/2025,25,16-17,0.0
2127570400.0,500279486,01/2025,26,16-17,0.001
2127570400.0,500279486,01/2025,27,16-17,0.001
2127570400.0,500279486,01/2025,28,16-17,0.0
2127570400.0,500279486,01/2025,29,16-17,0.0
2127570400.0,500279486,01/2025,30,16-17,0.001
2127570400.0,500279486,01/2025,31,16-17,0.0
2127570400.0,500279486,01/2025,1,17-18,1.342
2127570400.0,500279486,01/2025,2,17-18,1.232
2127570400.0,500279486,01/2025,3,17-18,1.132
2127570400.0,500279486,01/2025,4,17-18,1.001
2127570400.0,500279486,01/2025,5,17-18,0.909
2127570400.0,500279486,01/2025,6,17-18,0.813
2127570400.0,500279486,01/2025,7,17-18,0.715
2127570400.0,500279486,01/2025,8,17-18,0.614
2127570400.0,500279486,01/2025,9,17-18,0.5
2127570400.0,500279486,01/2025,10,17-18,0.398
2127570400.0,500279486,01/2025,11,17-18,0.284
2127570400.0,500279486,01/2025,12,17-18,0.189
2127570400.0,500279486,01/2025,13,17-18,0.106
2127570400.0,500279486,01/2025,14,17-18,0.03
2127570400.0,500279486,01/2025,15,17-18,0.0
2127570400.0,500279486,01/2025,16,17-18,0.0
2127570400.0,500279486,01/2025,17,17-18,0.001
2127570400.0,500279486,01/2025,18,17-18,0.001
2127570400.0,500279486,01/2025,19,17-18,0.001
2127570400.0,500279486,01/2025,20,17-18,0.001
2127570400.0,500279486,01/2025,21,17-18,0.0
2127570400.0,500279486,01/2025,22,17-18,0.0
2127570400.0,500279486,01/2025,23,17-18,0.0
2127570400.0,500279486,01/2025,24,17-18,0.001
2127570400.0,500279486,01/2025,25,17-18,0.001
2127570400.0,500279486,01/2025,26,17-18,0.0
2127570400.0,500279486,01/2025,27,17-18,0.0
2127570400.0,500279486,01/2025,28,17-18,0.001
2127570400.0,500279486,01/2025,29,17-18,0.001
2127570400.0,500279486,01/2025,30,17-18,0.0
2127570400.0,500279486,01/2025,31,17-18,0.0
2127570400.0,500279486,01/2025,1,18-19,6.424
2127570400.0,500279486,01/2025,2,18-19,6.454
2127570400.0,500279486,01/2025,3,18-19,6.481
2127570400.0,500279486,01/2025,4,18-19,6.349
2127570400.0,500279486,01/2025,5,18-19,6.415
2127570400.0,500279486,01/2025,6,18-19,6.42
2127570400.0,500279486,01/2025,7,18-19,6.469
2127570400.0,500279486,01/2025,8,18-19,6.456
2127570400.0,500279486,01/2025,9,18-19,6.447
2127570400.0,500279486,01/2025,10,18-19,6.51
2127570400.0,500279486,01/2025,11,18-19,6.287
2127570400.0,500279486,01/2025,12,18-19,6.307
2127570400.0,500279486,01/2025,13,18-19,6.339
2127570400.0,500279486,01/2025,14,18-19,6.433
2127570400.0,500279486,01/2025,15,18-19,6.252
2127570400.0,500279486,01/2025,16,18-19,6.043
2127570400.0,500279486,01/2025,17,18-19,5.975
2127570400.0,500279486,01/2025,18,18-19,5.789
2127570400.0,500279486,01/2025,19,18-19,5.653
2127570400.0,500279486,01/2025,20,18-19,5.693
2127570400.0,500279486,01/2025,21,18-19,5.519
2127570400.0,500279486,01/2025,22,18-19,5.806
2127570400.0,500279486,01/2025,23,18-19,5.713
2127570400.0,500279486,01/2025,24,18-19,5.576
2127570400.0,500279486,01/2025,25,18-19,5.411
2127570400.0,500279486,01/2025,26,18-19,5.166
2127570400.0,500279486,01/2025,27,18-19,5.049
2127570400.0,500279486,01/2025,28,18-19,4.931
2127570400.0,500279486,01/2025,29,18-19,4.916
2127570400.0,500279486,01/2025,30,18-19,4.67
2127570400.0,500279486,01/2025,31,18-19,4.585
2127570400.0,500279486,01/2025,1,19-20,6.444
2127570400.0,500279486,01/2025,2,19-20,6.495
2127570400.0,500279486,01/2025,3,19-20,6.496
2127570400.0,500279486,01/2025,4,19-20,6.451
2127570400.0,500279486,01/2025,5,19-20,6.458
2127570400.0,500279486,01/2025,6,19-20,6.428
2127570400.0,500279486,01/2025,7,19-20,6.526
2127570400.0,500279486,01/2025,8,19-20,6.421
2127570400.0,500279486,01/2025,9,19-20,6.498
2127570400.0,500279486,01/2025,10,19-20,6.552
2127570400.0,500279486,01/2025,11,19-20,6.366
2127570400.0,500279486,01/2025,12,19-20,6.395
2127570400.0,500279486,01/2025,13,19-20,6.408
2127570400.0,500279486,01/2025,14,19-20,6.419
2127570400.0,500279486,01/2025,15,19-20,6.436
2127570400.0,500279486,01/2025,16,19-20,6.445
2127570400.0,500279486,01/2025,17,19-20,6.454
2127570400.0,500279486,01/2025,18,19-20,6.407
2127570400.0,500279486,01/2025,19,19-20,6.447
2127570400.0,500279486,01/2025,20,19-20,6.51
2127570400.0,500279486,01/2025,21,19-20,6.589
2127570400.0,500279486,01/2025,22,19-20,7.06
2127570400.0,500279486,01/2025,23,19-20,6.968
2127570400.0,500279486,01/2025,24,19-20,7.087
2127570400.0,500279486,01/2025,25,19-20,6.956
2127570400.0,500279486,01/2025,26,19-20,6.995
2127570400.0,500279486,01/2025,27,19-20,7.01
2127570400.0,500279486,01/2025,28,19-20,6.957
2127570400.0,500279486,01/2025,29,19-20,7.103
2127570400.0,500279486,01/2025,30,19-20,7.064
2127570400.0,500279486,01/2025,31,19-20,7.023
2127570400.0,500279486,01/2025,1,20-21,6.576
2127570400.0,500279486,01/2025,2,20-21,6.57
2127570400.0,500279486,01/2025,3,20-21,6.524
2127570400.0,500279486,01/2025,4,20-21,6.533
2127570400.0,500279486,01/2025,5,20-21,6.544
2127570400.0,500279486,01/2025,6,20-21,0.0
2127570400.0,500279486,01/2025,7,20-21,6.515
2127570400.0,500279486,01/2025,8,20-21,6.513
2127570400.0,500279486,01/2025,9,20-21,6.555
2127570400.0,500279486,01/2025,10,20-21,6.583
2127570400.0,500279486,01/2025,11,20-21,6.473
2127570400.0,500279486,01/2025,12,20-21,6.458
2127570400.0,500279486,01/2025,13,20-21,6.511
2127570400.0,500279486,01/2025,14,20-21,6.463
2127570400.0,500279486,01/2025,15,20-21,6.479
2127570400.0,500279486,01/2025,16,20-21,6.46
2127570400.0,500279486,01/2025,17,20-21,6.494
2127570400.0,500279486,01/2025,18,20-21,6.514
2127570400.0,500279486,01/2025,19,20-21,6.523
2127570400.0,500279486,01/2025,20,20-21,6.577
2127570400.0,500279486,01/2025,21,20-21,6.672
2127570400.0,500279486,01/2025,22,20-21,7.164
2127570400.0,500279486,01/2025,23,20-21,7.007
2127570400.0,500279486,01/2025,24,20-21,7.029
2127570400.0,500279486,01/2025,25,20-21,7.026
2127570400.0,500279486,01/2025,26,20-21,7.077
2127570400.0,500279486,01/2025,27,20-21,7.007
2127570400.0,500279486,01/2025,28,20-21,6.947
2127570400.0,500279486,01/2025,29,20-21,7.067
2127570400.0,500279486,01/2025,30,20-21,7.058
2127570400.0,500279486,01/2025,31,20-21,7.021
2127570400.0,500279486,01/2025,1,21-22,6.646
2127570400.0,500279486,01/2025,2,21-22,6.648
2127570400.0,500279486,01/2025,3,21-22,6.588
2127570400.0,500279486,01/2025,4,21-22,0.0
2127570400.0,500279486,01/2025,5,21-22,6.629
2127570400.0,500279486,01/2025,7,21-22,6.577
2127570400.0,500279486,01/2025,8,21-22,6.576
2127570400.0,500279486,01/2025,9,21-22,6.635
2127570400.0,500279486,01/2025,10,21-22,6.609
2127570400.0,500279486,01/2025,11,21-22,6.521
2127570400.0,500279486,01/2025,12,21-22,6.644
2127570400.0,500279486,01/2025,13,21-22,6.541
2127570400.0,500279486,01/2025,14,21-22,6.584
2127570400.0,500279486,01/2025,15,21-22,6.534
2127570400.0,500279486,01/2025,16,21-22,6.57
2127570400.0,500279486,01/2025,17,21-22,6.571
2127570400.0,500279486,01/2025,18,21-22,6.573
2127570400.0,500279486,01/2025,19,21-22,6.592
2127570400.0,500279486,01/2025,20,21-22,6.639
2127570400.0,500279486,01/2025,21,21-22,6.536
2127570400.0,500279486,01/2025,22,21-22,7.07
2127570400.0,500279486,01/2025,23,21-22,7.048
2127570400.0,500279486,01/2025,24,21-22,7.012
2127570400.0,500279486,01/2025,25,21-22,7.07
2127570400.0,500279486,01/2025,26,21-22,7.132
2127570400.0,500279486,01/2025,27,21-22,7.041
2127570400.0,500279486,01/2025,28,21-22,7.016
2127570400.0,500279486,01/2025,29,21-22,7.102
2127570400.0,500279486,01/2025,30,21-22,7.102
2127570400.0,500279486,01/2025,31,21-22,7.062
2127570400.0,500279486,01/2025,1,22-23,6.727
2127570400.0,500279486,01/2025,2,22-23,6.687
2127570400.0,500279486,01/2025,3,22-23,6.634
2127570400.0,500279486,01/2025,5,22-23,6.677
2127570400.0,500279486,01/2025,6,22-23,0.0
2127570400.0,500279486,01/2025,7,22-23,6.637
2127570400.0,500279486,01/2025,8,22-23,6.674
2127570400.0,500279486,01/2025,9,22-23,6.723
2127570400.0,500279486,01/2025,10,22-23,6.673
2127570400.0,500279486,01/2025,11,22-23,6.615
2127570400.0,500279486,01/2025,12,22-23,6.782
2127570400.0,500279486,01/2025,13,22-23,6.645
2127570400.0,500279486,01/2025,14,22-23,6.569
2127570400.0,500279486,01/2025,15,22-23,6.585
2127570400.0,500279486,01/2025,16,22-23,6.561
2127570400.0,500279486,01/2025,17,22-23,6.611
2127570400.0,500279486,01/2025,18,22-23,6.655
2127570400.0,500279486,01/2025,19,22-23,6.666
2127570400.0,500279486,01/2025,20,22-23,6.729
2127570400.0,500279486,01/2025,21,22-23,6.608
2127570400.0,500279486,01/2025,22,22-23,7.06
2127570400.0,500279486,01/2025,23,22-23,7.058
2127570400.0,500279486,01/2025,24,22-23,7.047
2127570400.0,500279486,01/2025,25,22-23,7.145
2127570400.0,500279486,01/2025,26,22-23,7.203
2127570400.0,500279486,01/2025,27,22-23,7.101
2127570400.0,500279486,01/2025,28,22-23,7.104
2127570400.0,500279486,01/2025,29,22-23,7.159
2127570400.0,500279486,01/2025,30,22-23,7.06
2127570400.0,500279486,01/2025,31,22-23,7.099
2127570400.0,500279486,01/2025,1,23-24,6.778
2127570400.0,500279486,01/2025,2,23-24,6.69
2127570400.0,500279486,01/2025,3,23-24,6.696
2127570400.0,500279486,01/2025,4,23-24,0.0
2127570400.0,500279486,01/2025,5,23-24,6.747
2127570400.0,500279486,01/2025,6,23-24,6.661
2127570400.0,500279486,01/2025,7,23-24,6.699
2127570400.0,500279486,01/2025,8,23-24,6.741
2127570400.0,500279486,01/2025,9,23-24,6.714
2127570400.0,500279486,01/2025,10,23-24,6.743
2127570400.0,500279486,01/2025,11,23-24,6.694
2127570400.0,500279486,01/2025,12,23-24,6.745
2127570400.0,500279486,01/2025,13,23-24,6.731
2127570400.0,500279486,01/2025,14,23-24,6.684
2127570400.0,500279486,01/2025,15,23-24,6.655
2127570400.0,500279486,01/2025,16,23-24,6.625
2127570400.0,500279486,01/2025,17,23-24,6.693
2127570400.0,500279486,01/2025,18,23-24,6.739
2127570400.0,500279486,01/2025,19,23-24,6.727
2127570400.0,500279486,01/2025,20,23-24,6.743
2127570400.0,500279486,01/2025,21,23-24,6.677
2127570400.0,500279486,01/2025,22,23-24,7.124
2127570400.0,500279486,01/2025,23,23-24,7.094
2127570400.0,500279486,01/2025,24,23-24,7.084
2127570400.0,500279486,01/2025,25,23-24,7.201
2127570400.0,500279486,01/2025,26,23-24,7.278
2127570400.0,500279486,01/2025,27,23-24,7.078
2127570400.0,500279486,01/2025,28,23-24,7.16
2127570400.0,500279486,01/2025,29,23-24,7.155
2127570400.0,500279486,01/2025,30,23-24,7.121
2127570400.0,500279486,01/2025,31,23-24,7.118
2127570400.0,500279486,01/2025,1,23-24,99.543
2127570400.0,500279486,01/2025,2,23-24,99.41199999999999
2127570400.0,500279486,01/2025,3,23-24,98.96299999999997
2127570400.0,500279486,01/2025,4,23-24,78.84799999999997
2127570400.0,500279486,01/2025,5,23-24,99.045
2127570400.0,500279486,01/2025,6,23-24,79.18799999999999
2127570400.0,500279486,01/2025,7,23-24,98.63899999999998
2127570400.0,500279486,01/2025,8,23-24,98.54499999999999
2127570400.0,500279486,01/2025,9,23-24,98.762
2127570400.0,500279486,01/2025,10,23-24,99.01199999999999
2127570400.0,500279486,01/2025,11,23-24,97.848
2127570400.0,500279486,01/2025,12,23-24,97.72899999999998
2127570400.0,500279486,01/2025,13,23-24,97.62799999999997
2127570400.0,500279486,01/2025,14,23-24,97.20399999999998
2127570400.0,500279486,01/2025,15,23-24,96.81399999999998
2127570400.0,500279486,01/2025,16,23-24,96.80699999999999
2127570400.0,500279486,01/2025,17,23-24,96.69899999999998
2127570400.0,500279486,01/2025,18,23-24,96.791
2127570400.0,500279486,01/2025,19,23-24,97.145
2127570400.0,500279486,01/2025,20,23-24,96.56899999999997
2127570400.0,500279486,01/2025,21,23-24,96.32399999999998
2127570400.0,500279486,01/2025,22,23-24,100.39999999999998
2127570400.0,500279486,01/2025,23,23-24,101.327
2127570400.0,500279486,01/2025,24,23-24,101.29999999999998
2127570400.0,500279486,01/2025,25,23-24,101.37199999999997
2127570400.0,500279486,01/2025,26,23-24,102.144
2127570400.0,500279486,01/2025,27,23-24,101.033
2127570400.0,500279486,01/2025,28,23-24,100.22799999999998
2127570400.0,500279486,01/2025,29,23-24,100.20299999999999
2127570400.0,500279486,01/2025,30,23-24,100.24499999999999
2127570400.0,500279486,01/2025,31,23-24,100.02999999999999
2127570400.0,500279486,01/2026,1,00-01,2.591
2127570400.0,500279486,01/2026,2,00-01,5.057
2127570400.0,500279486,01/2026,3,00-01,4.923
2127570400.0,500279486,01/2026,4,00-01,4.961
2127570400.0,500279486,01/2026,5,00-01,4.959
2127570400.0,500279486,01/2026,6,00-01,4.984
2127570400.0,500279486,01/2026,7,00-01,4.984
2127570400.0,500279486,01/2026,8,00-01,7.003
2127570400.0,500279486,01/2026,9,00-01,7.016
2127570400.0,500279486,01/2026,10,00-01,6.933
2127570400.0,500279486,01/2026,11,00-01,6.953
2127570400.0,500279486,01/2026,12,00-01,6.597
2127570400.0,500279486,01/2026,13,00-01,6.885
2127570400.0,500279486,01/2026,14,00-01,6.756
2127570400.0,500279486,01/2026,15,00-01,6.924
2127570400.0,500279486,01/2026,16,00-01,6.937
2127570400.0,500279486,01/2026,17,00-01,6.844
2127570400.0,500279486,01/2026,18,00-01,6.838
2127570400.0,500279486,01/2026,19,00-01,6.034
2127570400.0,500279486,01/2026,20,00-01,6.002
2127570400.0,500279486,01/2026,21,00-01,4.673
2127570400.0,500279486,01/2026,22,00-01,4.723
2127570400.0,500279486,01/2026,23,00-01,5.326
2127570400.0,500279486,01/2026,24,00-01,7.182
2127570400.0,500279486,01/2026,25,00-01,7.27
2127570400.0,500279486,01/2026,26,00-01,7.219
2127570400.0,500279486,01/2026,27,00-01,6.787
2127570400.0,500279486,01/2026,28,00-01,7.189
2127570400.0,500279486,01/2026,29,00-01,7.321
2127570400.0,500279486,01/2026,30,00-01,7.261
2127570400.0,500279486,01/2026,31,00-01,7.194
2127570400.0,500279486,01/2026,1,01-02,2.591
2127570400.0,500279486,01/2026,2,01-02,5.089
2127570400.0,500279486,01/2026,3,01-02,5.026
2127570400.0,500279486,01/2026,4,01-02,4.991
2127570400.0,500279486,01/2026,5,01-02,4.932
2127570400.0,500279486,01/2026,6,01-02,5.008
2127570400.0,500279486,01/2026,7,01-02,5.035
2127570400.0,500279486,01/2026,8,01-02,7.09
2127570400.0,500279486,01/2026,9,01-02,7.101
2127570400.0,500279486,01/2026,10,01-02,7.025
2127570400.0,500279486,01/2026,11,01-02,6.993
2127570400.0,500279486,01/2026,12,01-02,6.724
2127570400.0,500279486,01/2026,13,01-02,6.95
2127570400.0,500279486,01/2026,14,01-02,6.895
2127570400.0,500279486,01/2026,15,01-02,6.97
2127570400.0,500279486,01/2026,16,01-02,7.021
2127570400.0,500279486,01/2026,17,01-02,6.924
2127570400.0,500279486,01/2026,18,01-02,6.914
2127570400.0,500279486,01/2026,19,01-02,6.108
2127570400.0,500279486,01/2026,20,01-02,5.464
2127570400.0,500279486,01/2026,21,01-02,4.749
2127570400.0,500279486,01/2026,22,01-02,4.791
2127570400.0,500279486,01/2026,23,01-02,5.305
2127570400.0,500279486,01/2026,24,01-02,7.255
2127570400.0,500279486,01/2026,25,01-02,7.378
2127570400.0,500279486,01/2026,26,01-02,7.26
2127570400.0,500279486,01/2026,27,01-02,6.838
2127570400.0,500279486,01/2026,28,01-02,7.265
2127570400.0,500279486,01/2026,29,01-02,7.397
2127570400.0,500279486,01/2026,30,01-02,7.197
2127570400.0,500279486,01/2026,31,01-02,7.335
2127570400.0,500279486,01/2026,1,02-03,2.624
2127570400.0,500279486,01/2026,2,02-03,5.05
2127570400.0,500279486,01/2026,3,02-03,5.059
2127570400.0,500279486,01/2026,4,02-03,5.032
2127570400.0,500279486,01/2026,5,02-03,4.977
2127570400.0,500279486,01/2026,6,02-03,5.028
2127570400.0,500279486,01/2026,7,02-03,5.083
2127570400.0,500279486,01/2026,8,02-03,7.069
2127570400.0,500279486,01/2026,9,02-03,7.113
2127570400.0,500279486,01/2026,10,02-03,7.094
2127570400.0,500279486,01/2026,11,02-03,7.067
2127570400.0,500279486,01/2026,12,02-03,6.813
2127570400.0,500279486,01/2026,13,02-03,7.007
2127570400.0,500279486,01/2026,14,02-03,6.977
2127570400.0,500279486,01/2026,15,02-03,6.787
2127570400.0,500279486,01/2026,16,02-03,6.939
2127570400.0,500279486,01/2026,17,02-03,6.675
2127570400.0,500279486,01/2026,18,02-03,6.951
2127570400.0,500279486,01/2026,19,02-03,6.129
2127570400.0,500279486,01/2026,20,02-03,4.992
2127570400.0,500279486,01/2026,21,02-03,4.8
2127570400.0,500279486,01/2026,22,02-03,4.855
2127570400.0,500279486,01/2026,23,02-03,5.343
2127570400.0,500279486,01/2026,24,02-03,7.35
2127570400.0,500279486,01/2026,25,02-03,7.385
2127570400.0,500279486,01/2026,26,02-03,7.323
2127570400.0,500279486,01/2026,27,02-03,6.882
2127570400.0,500279486,01/2026,28,02-03,7.414
2127570400.0,500279486,01/2026,29,02-03,7.431
2127570400.0,500279486,01/2026,30,02-03,7.169
2127570400.0,500279486,01/2026,31,02-03,7.424
2127570400.0,500279486,01/2026,1,03-04,2.638
2127570400.0,500279486,01/2026,2,03-04,5.09
2127570400.0,500279486,01/2026,3,03-04,5.058
2127570400.0,500279486,01/2026,4,03-04,5.045
2127570400.0,500279486,01/2026,5,03-04,5.02
2127570400.0,500279486,01/2026,6,03-04,5.081
2127570400.0,500279486,01/2026,7,03-04,5.1
2127570400.0,500279486,01/2026,8,03-04,7.083
2127570400.0,500279486,01/2026,9,03-04,7.129
2127570400.0,500279486,01/2026,10,03-04,7.152
2127570400.0,500279486,01/2026,11,03-04,7.124
2127570400.0,500279486,01/2026,12,03-04,6.744
2127570400.0,500279486,01/2026,13,03-04,7.051
2127570400.0,500279486,01/2026,14,03-04,6.911
2127570400.0,500279486,01/2026,15,03-04,6.82
2127570400.0,500279486,01/2026,16,03-04,6.779
2127570400.0,500279486,01/2026,17,03-04,6.668
2127570400.0,500279486,01/2026,18,03-04,7.003
2127570400.0,500279486,01/2026,19,03-04,6.073
2127570400.0,500279486,01/2026,20,03-04,4.988
2127570400.0,500279486,01/2026,21,03-04,4.847
2127570400.0,500279486,01/2026,22,03-04,4.894
2127570400.0,500279486,01/2026,23,03-04,5.409
2127570400.0,500279486,01/2026,24,03-04,7.35
2127570400.0,500279486,01/2026,25,03-04,7.419
2127570400.0,500279486,01/2026,26,03-04,7.401
2127570400.0,500279486,01/2026,27,03-04,6.906
2127570400.0,500279486,01/2026,28,03-04,7.449
2127570400.0,500279486,01/2026,29,03-04,7.413
2127570400.0,500279486,01/2026,30,03-04,7.242
2127570400.0,500279486,01/2026,31,03-04,7.442
2127570400.0,500279486,01/2026,1,04-05,2.644
2127570400.0,500279486,01/2026,2,04-05,5.101
2127570400.0,500279486,01/2026,3,04-05,5.054
2127570400.0,500279486,01/2026,4,04-05,4.991
2127570400.0,500279486,01/2026,5,04-05,5.026
2127570400.0,500279486,01/2026,6,04-05,5.128
2127570400.0,500279486,01/2026,7,04-05,5.114
2127570400.0,500279486,01/2026,8,04-05,7.121
2127570400.0,500279486,01/2026,9,04-05,7.138
2127570400.0,500279486,01/2026,10,04-05,7.16
2127570400.0,500279486,01/2026,11,04-05,7.166
2127570400.0,500279486,01/2026,12,04-05,6.759
2127570400.0,500279486,01/2026,13,04-05,6.733
2127570400.0,500279486,01/2026,14,04-05,7.035
2127570400.0,500279486,01/2026,15,04-05,6.852
2127570400.0,500279486,01/2026,16,04-05,6.807
2127570400.0,500279486,01/2026,17,04-05,6.737
2127570400.0,500279486,01/2026,18,04-05,6.827
2127570400.0,500279486,01/2026,19,04-05,6.079
2127570400.0,500279486,01/2026,20,04-05,5.024
2127570400.0,500279486,01/2026,21,04-05,4.874
2127570400.0,500279486,01/2026,22,04-05,5.044
2127570400.0,500279486,01/2026,23,04-05,5.411
2127570400.0,500279486,01/2026,24,04-05,7.392
2127570400.0,500279486,01/2026,25,04-05,7.459
2127570400.0,500279486,01/2026,26,04-05,7.409
2127570400.0,500279486,01/2026,27,04-05,6.975
2127570400.0,500279486,01/2026,28,04-05,7.459
2127570400.0,500279486,01/2026,29,04-05,7.411
2127570400.0,500279486,01/2026,30,04-05,7.26
2127570400.0,500279486,01/2026,31,04-05,7.477
2127570400.0,500279486,01/2026,1,05-06,2.636
2127570400.0,500279486,01/2026,2,05-06,5.056
2127570400.0,500279486,01/2026,3,05-06,5.033
2127570400.0,500279486,01/2026,4,05-06,5.008
2127570400.0,500279486,01/2026,5,05-06,5.015
2127570400.0,500279486,01/2026,6,05-06,5.112
2127570400.0,500279486,01/2026,7,05-06,5.084
2127570400.0,500279486,01/2026,8,05-06,7.065
2127570400.0,500279486,01/2026,9,05-06,7.111
2127570400.0,500279486,01/2026,10,05-06,7.108
2127570400.0,500279486,01/2026,11,05-06,6.768
2127570400.0,500279486,01/2026,12,05-06,6.754
2127570400.0,500279486,01/2026,13,05-06,6.618
2127570400.0,500279486,01/2026,14,05-06,7.014
2127570400.0,500279486,01/2026,15,05-06,6.819
2127570400.0,500279486,01/2026,16,05-06,6.783
2127570400.0,500279486,01/2026,17,05-06,6.704
2127570400.0,500279486,01/2026,18,05-06,6.63
2127570400.0,500279486,01/2026,19,05-06,6.052
2127570400.0,500279486,01/2026,20,05-06,4.998
2127570400.0,500279486,01/2026,21,05-06,4.844
2127570400.0,500279486,01/2026,22,05-06,5.013
2127570400.0,500279486,01/2026,23,05-06,5.373
2127570400.0,500279486,01/2026,24,05-06,7.382
2127570400.0,500279486,01/2026,25,05-06,7.45
2127570400.0,500279486,01/2026,26,05-06,7.36
2127570400.0,500279486,01/2026,27,05-06,6.926
2127570400.0,500279486,01/2026,28,05-06,7.427
2127570400.0,500279486,01/2026,29,05-06,7.389
2127570400.0,500279486,01/2026,30,05-06,7.223
2127570400.0,500279486,01/2026,31,05-06,7.469
2127570400.0,500279486,01/2026,1,06-07,2.633
2127570400.0,500279486,01/2026,2,06-07,5.018
2127570400.0,500279486,01/2026,3,06-07,5.008
2127570400.0,500279486,01/2026,4,06-07,5.011
2127570400.0,500279486,01/2026,5,06-07,4.975
2127570400.0,500279486,01/2026,6,06-07,5.064
2127570400.0,500279486,01/2026,7,06-07,5.026
2127570400.0,500279486,01/2026,8,06-07,7.022
2127570400.0,500279486,01/2026,9,06-07,7.047
2127570400.0,500279486,01/2026,10,06-07,7.1
2127570400.0,500279486,01/2026,11,06-07,6.691
2127570400.0,500279486,01/2026,12,06-07,6.716
2127570400.0,500279486,01/2026,13,06-07,6.535
2127570400.0,500279486,01/2026,14,06-07,6.963
2127570400.0,500279486,01/2026,15,06-07,6.778
2127570400.0,500279486,01/2026,16,06-07,6.734
2127570400.0,500279486,01/2026,17,06-07,6.682
2127570400.0,500279486,01/2026,18,06-07,6.654
2127570400.0,500279486,01/2026,19,06-07,5.989
2127570400.0,500279486,01/2026,20,06-07,4.975
2127570400.0,500279486,01/2026,21,06-07,4.806
2127570400.0,500279486,01/2026,22,06-07,4.817
2127570400.0,500279486,01/2026,23,06-07,5.303
2127570400.0,500279486,01/2026,24,06-07,7.383
2127570400.0,500279486,01/2026,25,06-07,7.501
2127570400.0,500279486,01/2026,26,06-07,7.289
2127570400.0,500279486,01/2026,27,06-07,6.873
2127570400.0,500279486,01/2026,28,06-07,7.396
2127570400.0,500279486,01/2026,29,06-07,7.323
2127570400.0,500279486,01/2026,30,06-07,7.139
2127570400.0,500279486,01/2026,31,06-07,7.46
2127570400.0,500279486,01/2026,1,07-08,2.631
2127570400.0,500279486,01/2026,2,07-08,5.015
2127570400.0,500279486,01/2026,3,07-08,5.009
2127570400.0,500279486,01/2026,4,07-08,5.041
2127570400.0,500279486,01/2026,5,07-08,4.964
2127570400.0,500279486,01/2026,6,07-08,5.048
2127570400.0,500279486,01/2026,7,07-08,5.038
2127570400.0,500279486,01/2026,8,07-08,6.987
2127570400.0,500279486,01/2026,9,07-08,7.025
2127570400.0,500279486,01/2026,10,07-08,7.097
2127570400.0,500279486,01/2026,11,07-08,6.695
2127570400.0,500279486,01/2026,12,07-08,6.673
2127570400.0,500279486,01/2026,13,07-08,6.443
2127570400.0,500279486,01/2026,14,07-08,6.861
2127570400.0,500279486,01/2026,15,07-08,6.727
2127570400.0,500279486,01/2026,16,07-08,6.674
2127570400.0,500279486,01/2026,17,07-08,6.705
2127570400.0,500279486,01/2026,18,07-08,6.647
2127570400.0,500279486,01/2026,19,07-08,5.972
2127570400.0,500279486,01/2026,20,07-08,4.971
2127570400.0,500279486,01/2026,21,07-08,4.698
2127570400.0,500279486,01/2026,22,07-08,4.734
2127570400.0,500279486,01/2026,23,07-08,5.137
2127570400.0,500279486,01/2026,24,07-08,6.959
2127570400.0,500279486,01/2026,25,07-08,7.153
2127570400.0,500279486,01/2026,26,07-08,6.769
2127570400.0,500279486,01/2026,27,07-08,6.256
2127570400.0,500279486,01/2026,28,07-08,6.58
2127570400.0,500279486,01/2026,29,07-08,6.376
2127570400.0,500279486,01/2026,30,07-08,6.207
2127570400.0,500279486,01/2026,31,07-08,6.346
2127570400.0,500279486,01/2026,1,08-09,0.19
2127570400.0,500279486,01/2026,2,08-09,0.446
2127570400.0,500279486,01/2026,3,08-09,0.442
2127570400.0,500279486,01/2026,4,08-09,0.446
2127570400.0,500279486,01/2026,5,08-09,0.433
2127570400.0,500279486,01/2026,6,08-09,0.435
2127570400.0,500279486,01/2026,7,08-09,0.434
2127570400.0,500279486,01/2026,8,08-09,0.487
2127570400.0,500279486,01/2026,9,08-09,0.481
2127570400.0,500279486,01/2026,10,08-09,0.487
2127570400.0,500279486,01/2026,11,08-09,0.455
2127570400.0,500279486,01/2026,12,08-09,0.452
2127570400.0,500279486,01/2026,13,08-09,0.323
2127570400.0,500279486,01/2026,14,08-09,0.337
2127570400.0,500279486,01/2026,15,08-09,0.217
2127570400.0,500279486,01/2026,16,08-09,0.211
2127570400.0,500279486,01/2026,17,08-09,0.212
2127570400.0,500279486,01/2026,18,08-09,0.097
2127570400.0,500279486,01/2026,19,08-09,0.086
2127570400.0,500279486,01/2026,20,08-09,0.0
2127570400.0,500279486,01/2026,21,08-09,0.0
2127570400.0,500279486,01/2026,22,08-09,0.0
2127570400.0,500279486,01/2026,23,08-09,0.001
2127570400.0,500279486,01/2026,24,08-09,0.0
2127570400.0,500279486,01/2026,25,08-09,0.001
2127570400.0,500279486,01/2026,26,08-09,0.001
2127570400.0,500279486,01/2026,27,08-09,0.001
2127570400.0,500279486,01/2026,28,08-09,0.001
2127570400.0,500279486,01/2026,29,08-09,0.0
2127570400.0,500279486,01/2026,30,08-09,0.0
2127570400.0,500279486,01/2026,31,08-09,0.0
2127570400.0,500279486,01/2026,1,09-10,0.0
2127570400.0,500279486,01/2026,2,09-10,0.0
2127570400.0,500279486,01/2026,3,09-10,0.001
2127570400.0,500279486,01/2026,4,09-10,0.001
2127570400.0,500279486,01/2026,5,09-10,0.0
2127570400.0,500279486,01/2026,6,09-10,0.001
2127570400.0,500279486,01/2026,7,09-10,0.093
2127570400.0,500279486,01/2026,8,09-10,0.0
2127570400.0,500279486,01/2026,9,09-10,0.0
2127570400.0,500279486,01/2026,10,09-10,0.001
2127570400.0,500279486,01/2026,11,09-10,0.0
2127570400.0,500279486,01/2026,12,09-10,0.001
2127570400.0,500279486,01/2026,13,09-10,0.001
2127570400.0,500279486,01/2026,14,09-10,0.001
2127570400.0,500279486,01/2026,15,09-10,0.0
2127570400.0,500279486,01/2026,16,09-10,0.001
2127570400.0,500279486,01/2026,17,09-10,0.001
2127570400.0,500279486,01/2026,18,09-10,0.0
2127570400.0,500279486,01/2026,19,09-10,0.0
2127570400.0,500279486,01/2026,20,09-10,0.001
2127570400.0,500279486,01/2026,21,09-10,0.001
2127570400.0,500279486,01/2026,22,09-10,0.001
2127570400.0,500279486,01/2026,23,09-10,0.0
2127570400.0,500279486,01/2026,24,09-10,0.001
2127570400.0,500279486,01/2026,25,09-10,0.0
2127570400.0,500279486,01/2026,26,09-10,0.0
2127570400.0,500279486,01/2026,27,09-10,0.0
2127570400.0,500279486,01/2026,28,09-10,0.0
2127570400.0,500279486,01/2026,29,09-10,0.001
2127570400.0,500279486,01/2026,30,09-10,0.001
2127570400.0,500279486,01/2026,31,09-10,0.001
2127570400.0,500279486,01/2026,1,10-11,0.001
2127570400.0,500279486,01/2026,2,10-11,0.001
2127570400.0,500279486,01/2026,3,10-11,0.0
2127570400.0,500279486,01/2026,4,10-11,0.0
2127570400.0,500279486,01/2026,5,10-11,0.001
2127570400.0,500279486,01/2026,6,10-11,0.0
2127570400.0,500279486,01/2026,7,10-11,0.0
2127570400.0,500279486,01/2026,8,10-11,0.001
2127570400.0,500279486,01/2026,9,10-11,0.0
2127570400.0,500279486,01/2026,10,10-11,0.0
2127570400.0,500279486,01/2026,11,10-11,0.001
2127570400.0,500279486,01/2026,12,10-11,0.0
2127570400.0,500279486,01/2026,13,10-11,0.0
2127570400.0,500279486,01/2026,14,10-11,0.0
2127570400.0,500279486,01/2026,15,10-11,0.001
2127570400.0,500279486,01/2026,16,10-11,0.0
2127570400.0,500279486,01/2026,17,10-11,0.0
2127570400.0,500279486,01/2026,18,10-11,0.001
2127570400.0,500279486,01/2026,19,10-11,0.001
2127570400.0,500279486,01/2026,20,10-11,0.0
2127570400.0,500279486,01/2026,21,10-11,0.0
2127570400.0,500279486,01/2026,22,10-11,0.0
2127570400.0,500279486,01/2026,23,10-11,0.001
2127570400.0,500279486,01/2026,24,10-11,0.0
2127570400.0,500279486,01/2026,25,10-11,0.001
2127570400.0,500279486,01/2026,26,10-11,0.001
2127570400.0,500279486,01/2026,27,10-11,0.001
2127570400.0,500279486,01/2026,28,10-11,0.001
2127570400.0,500279486,01/2026,29,10-11,0.0
2127570400.0,500279486,01/2026,30,10-11,0.0
2127570400.0,500279486,01/2026,31,10-11,0.0
2127570400.0,500279486,01/2026,1,11-12,0.0
2127570400.0,500279486,01/2026,2,11-12,0.0
2127570400.0,500279486,01/2026,3,11-12,0.001
2127570400.0,500279486,01/2026,4,11-12,0.001
2127570400.0,500279486,01/2026,5,11-12,0.0
2127570400.0,500279486,01/2026,6,11-12,0.001
2127570400.0,500279486,01/2026,7,11-12,0.001
2127570400.0,500279486,01/2026,8,11-12,0.0
2127570400.0,500279486,01/2026,9,11-12,0.001
2127570400.0,500279486,01/2026,10,11-12,0.001
2127570400.0,500279486,01/2026,11,11-12,0.0
2127570400.0,500279486,01/2026,12,11-12,0.0
2127570400.0,500279486,01/2026,13,11-12,0.001
2127570400.0,500279486,01/2026,14,11-12,0.001
2127570400.0,500279486,01/2026,15,11-12,0.0
2127570400.0,500279486,01/2026,16,11-12,0.001
2127570400.0,500279486,01/2026,17,11-12,0.001
2127570400.0,500279486,01/2026,18,11-12,0.0
2127570400.0,500279486,01/2026,19,11-12,0.0
2127570400.0,500279486,01/2026,20,11-12,0.001
2127570400.0,500279486,01/2026,21,11-12,0.001
2127570400.0,500279486,01/2026,22,11-12,0.001
2127570400.0,500279486,01/2026,23,11-12,0.0
2127570400.0,500279486,01/2026,24,11-12,0.001
2127570400.0,500279486,01/2026,25,11-12,0.0
2127570400.0,500279486,01/2026,26,11-12,0.0
2127570400.0,500279486,01/2026,27,11-12,0.0
2127570400.0,500279486,01/2026,28,11-12,0.0
2127570400.0,500279486,01/2026,29,11-12,0.001
2127570400.0,500279486,01/2026,30,11-12,0.001
2127570400.0,500279486,01/2026,31,11-12,0.001
2127570400.0,500279486,01/2026,1,12-13,0.001
2127570400.0,500279486,01/2026,2,12-13,0.001
2127570400.0,500279486,01/2026,3,12-13,0.0
2127570400.0,500279486,01/2026,4,12-13,0.0
2127570400.0,500279486,01/2026,5,12-13,0.0
2127570400.0,500279486,01/2026,6,12-13,0.0
2127570400.0,500279486,01/2026,7,12-13,0.0
2127570400.0,500279486,01/2026,8,12-13,0.0
2127570400.0,500279486,01/2026,9,12-13,0.0
2127570400.0,500279486,01/2026,10,12-13,0.0
2127570400.0,500279486,01/2026,11,12-13,0.001
2127570400.0,500279486,01/2026,12,12-13,0.001
2127570400.0,500279486,01/2026,13,12-13,0.0
2127570400.0,500279486,01/2026,14,12-13,0.0
2127570400.0,500279486,01/2026,15,12-13,0.001
2127570400.0,500279486,01/2026,16,12-13,0.0
2127570400.0,500279486,01/2026,17,12-13,0.0
2127570400.0,500279486,01/2026,18,12-13,0.001
2127570400.0,500279486,01/2026,19,12-13,0.001
2127570400.0,500279486,01/2026,20,12-13,0.0
2127570400.0,500279486,01/2026,21,12-13,0.0
2127570400.0,500279486,01/2026,22,12-13,0.0
2127570400.0,500279486,01/2026,23,12-13,0.001
2127570400.0,500279486,01/2026,24,12-13,0.0
2127570400.0,500279486,01/2026,25,12-13,0.001
2127570400.0,500279486,01/2026,26,12-13,0.001
2127570400.0,500279486,01/2026,27,12-13,0.001
2127570400.0,500279486,01/2026,28,12-13,0.0
2127570400.0,500279486,01/2026,29,12-13,0.0
2127570400.0,500279486,01/2026,30,12-13,0.0
2127570400.0,500279486,01/2026,31,12-13,0.0
2127570400.0,500279486,01/2026,1,13-14,0.0
2127570400.0,500279486,01/2026,2,13-14,0.0
2127570400.0,500279486,01/2026,3,13-14,0.001
2127570400.0,500279486,01/2026,4,13-14,0.0
2127570400.0,500279486,01/2026,5,13-14,0.001
2127570400.0,500279486,01/2026,6,13-14,0.001
2127570400.0,500279486,01/2026,7,13-14,0.001
2127570400.0,500279486,01/2026,8,13-14,0.001
2127570400.0,500279486,01/2026,9,13-14,0.001
2127570400.0,500279486,01/2026,10,13-14,0.0
2127570400.0,500279486,01/2026,11,13-14,0.0
2127570400.0,500279486,01/2026,12,13-14,0.0
2127570400.0,500279486,01/2026,13,13-14,0.001
2127570400.0,500279486,01/2026,14,13-14,0.001
2127570400.0,500279486,01/2026,15,13-14,0.0
2127570400.0,500279486,01/2026,16,13-14,0.001
2127570400.0,500279486,01/2026,17,13-14,0.001
2127570400.0,500279486,01/2026,18,13-14,0.0
2127570400.0,500279486,01/2026,19,13-14,0.0
2127570400.0,500279486,01/2026,20,13-14,0.001
2127570400.0,500279486,01/2026,21,13-14,0.001
2127570400.0,500279486,01/2026,22,13-14,0.001
2127570400.0,500279486,01/2026,23,13-14,0.0
2127570400.0,500279486,01/2026,24,13-14,0.001
2127570400.0,500279486,01/2026,25,13-14,0.0
2127570400.0,500279486,01/2026,26,13-14,0.0
2127570400.0,500279486,01/2026,27,13-14,0.0
2127570400.0,500279486,01/2026,28,13-14,0.001
2127570400.0,500279486,01/2026,29,13-14,0.001
2127570400.0,500279486,01/2026,30,13-14,0.001
2127570400.0,500279486,01/2026,31,13-14,0.001
2127570400.0,500279486,01/2026,1,14-15,0.001
2127570400.0,500279486,01/2026,2,14-15,0.001
2127570400.0,500279486,01/2026,3,14-15,0.0
2127570400.0,500279486,01/2026,4,14-15,0.001
2127570400.0,500279486,01/2026,5,14-15,0.0
2127570400.0,500279486,01/2026,6,14-15,0.0
2127570400.0,500279486,01/2026,7,14-15,0.0
2127570400.0,500279486,01/2026,8,14-15,0.0
2127570400.0,500279486,01/2026,9,14-15,0.0
2127570400.0,500279486,01/2026,10,14-15,0.001
2127570400.0,500279486,01/2026,11,14-15,0.001
2127570400.0,500279486,01/2026,12,14-15,0.001
2127570400.0,500279486,01/2026,13,14-15,0.0
2127570400.0,500279486,01/2026,14,14-15,0.0
2127570400.0,500279486,01/2026,15,14-15,0.001
2127570400.0,500279486,01/2026,16,14-15,0.0
2127570400.0,500279486,01/2026,17,14-15,0.0
2127570400.0,500279486,01/2026,18,14-15,0.001
2127570400.0,500279486,01/2026,19,14-15,0.001
2127570400.0,500279486,01/2026,20,14-15,0.0
2127570400.0,500279486,01/2026,21,14-15,0.0
2127570400.0,500279486,01/2026,22,14-15,0.0
2127570400.0,500279486,01/2026,23,14-15,0.0
2127570400.0,500279486,01/2026,24,14-15,0.0
2127570400.0,500279486,01/2026,25,14-15,0.0
2127570400.0,500279486,01/2026,26,14-15,0.001
2127570400.0,500279486,01/2026,27,14-15,0.001
2127570400.0,500279486,01/2026,28,14-15,0.0
2127570400.0,500279486,01/2026,29,14-15,0.0
2127570400.0,500279486,01/2026,30,14-15,0.0
2127570400.0,500279486,01/2026,31,14-15,0.0
2127570400.0,500279486,01/2026,1,15-16,0.0
2127570400.0,500279486,01/2026,2,15-16,0.0
2127570400.0,500279486,01/2026,3,15-16,0.001
2127570400.0,500279486,01/2026,4,15-16,0.0
2127570400.0,500279486,01/2026,5,15-16,0.001
2127570400.0,500279486,01/2026,6,15-16,0.001
2127570400.0,500279486,01/2026,7,15-16,0.0
2127570400.0,500279486,01/2026,8,15-16,0.001
2127570400.0,500279486,01/2026,9,15-16,0.001
2127570400.0,500279486,01/2026,10,15-16,0.0
2127570400.0,500279486,01/2026,11,15-16,0.0
2127570400.0,500279486,01/2026,12,15-16,0.0
2127570400.0,500279486,01/2026,13,15-16,0.001
2127570400.0,500279486,01/2026,14,15-16,0.001
2127570400.0,500279486,01/2026,15,15-16,0.0
2127570400.0,500279486,01/2026,16,15-16,0.0
2127570400.0,500279486,01/2026,17,15-16,0.001
2127570400.0,500279486,01/2026,18,15-16,0.0
2127570400.0,500279486,01/2026,19,15-16,0.0
2127570400.0,500279486,01/2026,20,15-16,0.001
2127570400.0,500279486,01/2026,21,15-16,0.001
2127570400.0,500279486,01/2026,22,15-16,0.0
2127570400.0,500279486,01/2026,23,15-16,0.001
2127570400.0,500279486,01/2026,24,15-16,0.0
2127570400.0,500279486,01/2026,25,15-16,0.001
2127570400.0,500279486,01/2026,26,15-16,0.0
2127570400.0,500279486,01/2026,27,15-16,0.0
2127570400.0,500279486,01/2026,28,15-16,0.001
2127570400.0,500279486,01/2026,29,15-16,0.001
2127570400.0,500279486,01/2026,30,15-16,0.001
2127570400.0,500279486,01/2026,31,15-16,0.001
2127570400.0,500279486,01/2026,1,16-17,0.001
2127570400.0,500279486,01/2026,2,16-17,0.001
2127570400.0,500279486,01/2026,3,16-17,0.0
2127570400.0,500279486,01/2026,4,16-17,0.001
2127570400.0,500279486,01/2026,5,16-17,0.0
2127570400.0,500279486,01/2026,6,16-17,0.0
2127570400.0,500279486,01/2026,7,16-17,0.001
2127570400.0,500279486,01/2026,8,16-17,0.0
2127570400.0,500279486,01/2026,9,16-17,0.0
2127570400.0,500279486,01/2026,10,16-17,0.001
2127570400.0,500279486,01/2026,11,16-17,0.001
2127570400.0,500279486,01/2026,12,16-17,0.001
2127570400.0,500279486,01/2026,13,16-17,0.0
2127570400.0,500279486,01/2026,14,16-17,0.0
2127570400.0,500279486,01/2026,15,16-17,0.0
2127570400.0,500279486,01/2026,16,16-17,0.001
2127570400.0,500279486,01/2026,17,16-17,0.0
2127570400.0,500279486,01/2026,18,16-17,0.001
2127570400.0,500279486,01/2026,19,16-17,0.001
2127570400.0,500279486,01/2026,20,16-17,0.0
2127570400.0,500279486,01/2026,21,16-17,0.0
2127570400.0,500279486,01/2026,22,16-17,0.001
2127570400.0,500279486,01/2026,23,16-17,0.0
2127570400.0,500279486,01/2026,24,16-17,0.001
2127570400.0,500279486,01/2026,25,16-17,0.0
2127570400.0,500279486,01/2026,26,16-17,0.001
2127570400.0,500279486,01/2026,27,16-17,0.001
2127570400.0,500279486,01/2026,28,16-17,0.0
2127570400.0,500279486,01/2026,29,16-17,0.0
2127570400.0,500279486,01/2026,30,16-17,0.0
2127570400.0,500279486,01/2026,31,16-17,0.0
2127570400.0,500279486,01/2026,1,17-18,1.533
2127570400.0,500279486,01/2026,2,17-18,2.84
2127570400.0,500279486,01/2026,3,17-18,2.77
2127570400.0,500279486,01/2026,4,17-18,2.659
2127570400.0,500279486,01/2026,5,17-18,2.634
2127570400.0,500279486,01/2026,6,17-18,2.58
2127570400.0,500279486,01/2026,7,17-18,3.511
2127570400.0,500279486,01/2026,8,17-18,3.356
2127570400.0,500279486,01/2026,9,17-18,3.246
2127570400.0,500279486,01/2026,10,17-18,3.174
2127570400.0,500279486,01/2026,11,17-18,3.036
2127570400.0,500279486,01/2026,12,17-18,2.897
2127570400.0,500279486,01/2026,13,17-18,2.808
2127570400.0,500279486,01/2026,14,17-18,2.742
2127570400.0,500279486,01/2026,15,17-18,2.627
2127570400.0,500279486,01/2026,16,17-18,2.484
2127570400.0,500279486,01/2026,17,17-18,2.283
2127570400.0,500279486,01/2026,18,17-18,2.123
2127570400.0,500279486,01/2026,19,17-18,1.887
2127570400.0,500279486,01/2026,20,17-18,1.371
2127570400.0,500279486,01/2026,21,17-18,1.267
2127570400.0,500279486,01/2026,22,17-18,1.199
2127570400.0,500279486,01/2026,23,17-18,1.389
2127570400.0,500279486,01/2026,24,17-18,1.475
2127570400.0,500279486,01/2026,25,17-18,1.368
2127570400.0,500279486,01/2026,26,17-18,1.276
2127570400.0,500279486,01/2026,27,17-18,1.057
2127570400.0,500279486,01/2026,28,17-18,0.927
2127570400.0,500279486,01/2026,29,17-18,0.808
2127570400.0,500279486,01/2026,30,17-18,0.686
2127570400.0,500279486,01/2026,31,17-18,0.449
2127570400.0,500279486,01/2026,1,18-19,2.467
2127570400.0,500279486,01/2026,2,18-19,4.718
2127570400.0,500279486,01/2026,3,18-19,4.773
2127570400.0,500279486,01/2026,4,18-19,4.675
2127570400.0,500279486,01/2026,5,18-19,4.775
2127570400.0,500279486,01/2026,6,18-19,4.844
2127570400.0,500279486,01/2026,7,18-19,6.806
2127570400.0,500279486,01/2026,8,18-19,6.742
2127570400.0,500279486,01/2026,9,18-19,6.678
2127570400.0,500279486,01/2026,10,18-19,6.717
2127570400.0,500279486,01/2026,11,18-19,6.666
2127570400.0,500279486,01/2026,12,18-19,6.712
2127570400.0,500279486,01/2026,13,18-19,6.588
2127570400.0,500279486,01/2026,14,18-19,6.734
2127570400.0,500279486,01/2026,15,18-19,6.721
2127570400.0,500279486,01/2026,16,18-19,6.659
2127570400.0,500279486,01/2026,17,18-19,6.628
2127570400.0,500279486,01/2026,18,18-19,6.28
2127570400.0,500279486,01/2026,19,18-19,5.818
2127570400.0,500279486,01/2026,20,18-19,4.705
2127570400.0,500279486,01/2026,21,18-19,4.605
2127570400.0,500279486,01/2026,22,18-19,4.632
2127570400.0,500279486,01/2026,23,18-19,6.133
2127570400.0,500279486,01/2026,24,18-19,6.994
2127570400.0,500279486,01/2026,25,18-19,6.936
2127570400.0,500279486,01/2026,26,18-19,6.768
2127570400.0,500279486,01/2026,27,18-19,7.154
2127570400.0,500279486,01/2026,28,18-19,7.121
2127570400.0,500279486,01/2026,29,18-19,7.16
2127570400.0,500279486,01/2026,30,18-19,7.041
2127570400.0,500279486,01/2026,31,18-19,6.868
2127570400.0,500279486,01/2026,1,19-20,3.776
2127570400.0,500279486,01/2026,2,19-20,4.82
2127570400.0,500279486,01/2026,3,19-20,4.824
2127570400.0,500279486,01/2026,4,19-20,4.724
2127570400.0,500279486,01/2026,5,19-20,4.846
2127570400.0,500279486,01/2026,6,19-20,4.887
2127570400.0,500279486,01/2026,7,19-20,6.831
2127570400.0,500279486,01/2026,8,19-20,6.87
2127570400.0,500279486,01/2026,9,19-20,6.773
2127570400.0,500279486,01/2026,10,19-20,6.806
2127570400.0,500279486,01/2026,11,19-20,6.722
2127570400.0,500279486,01/2026,12,19-20,6.772
2127570400.0,500279486,01/2026,13,19-20,6.603
2127570400.0,500279486,01/2026,14,19-20,6.758
2127570400.0,500279486,01/2026,15,19-20,6.798
2127570400.0,500279486,01/2026,16,19-20,6.681
2127570400.0,500279486,01/2026,17,19-20,6.688
2127570400.0,500279486,01/2026,18,19-20,6.211
2127570400.0,500279486,01/2026,19,19-20,5.688
2127570400.0,500279486,01/2026,20,19-20,4.831
2127570400.0,500279486,01/2026,21,19-20,4.657
2127570400.0,500279486,01/2026,22,19-20,5.11
2127570400.0,500279486,01/2026,23,19-20,7.114
2127570400.0,500279486,01/2026,24,19-20,7.074
2127570400.0,500279486,01/2026,25,19-20,6.96
2127570400.0,500279486,01/2026,26,19-20,6.673
2127570400.0,500279486,01/2026,27,19-20,7.244
2127570400.0,500279486,01/2026,28,19-20,7.155
2127570400.0,500279486,01/2026,29,19-20,7.18
2127570400.0,500279486,01/2026,30,19-20,7.083
2127570400.0,500279486,01/2026,31,19-20,6.977
2127570400.0,500279486,01/2026,1,20-21,4.795
2127570400.0,500279486,01/2026,2,20-21,4.8
2127570400.0,500279486,01/2026,3,20-21,4.873
2127570400.0,500279486,01/2026,4,20-21,4.771
2127570400.0,500279486,01/2026,5,20-21,4.889
2127570400.0,500279486,01/2026,6,20-21,4.846
2127570400.0,500279486,01/2026,7,20-21,6.802
2127570400.0,500279486,01/2026,8,20-21,6.917
2127570400.0,500279486,01/2026,9,20-21,6.787
2127570400.0,500279486,01/2026,10,20-21,6.901
2127570400.0,500279486,01/2026,11,20-21,6.687
2127570400.0,500279486,01/2026,12,20-21,6.785
2127570400.0,500279486,01/2026,13,20-21,6.654
2127570400.0,500279486,01/2026,14,20-21,6.757
2127570400.0,500279486,01/2026,15,20-21,6.807
2127570400.0,500279486,01/2026,16,20-21,6.676
2127570400.0,500279486,01/2026,17,20-21,6.742
2127570400.0,500279486,01/2026,18,20-21,6.298
2127570400.0,500279486,01/2026,19,20-21,5.787
2127570400.0,500279486,01/2026,20,20-21,4.821
2127570400.0,500279486,01/2026,21,20-21,4.614
2127570400.0,500279486,01/2026,22,20-21,5.216
2127570400.0,500279486,01/2026,23,20-21,7.069
2127570400.0,500279486,01/2026,24,20-21,7.142
2127570400.0,500279486,01/2026,25,20-21,7.043
2127570400.0,500279486,01/2026,26,20-21,6.754
2127570400.0,500279486,01/2026,27,20-21,7.242
2127570400.0,500279486,01/2026,28,20-21,7.124
2127570400.0,500279486,01/2026,29,20-21,7.091
2127570400.0,500279486,01/2026,30,20-21,7.075
2127570400.0,500279486,01/2026,31,20-21,7.065
2127570400.0,500279486,01/2026,1,21-22,4.888
2127570400.0,500279486,01/2026,2,21-22,4.841
2127570400.0,500279486,01/2026,3,21-22,4.888
2127570400.0,500279486,01/2026,4,21-22,4.812
2127570400.0,500279486,01/2026,5,21-22,4.914
2127570400.0,500279486,01/2026,6,21-22,4.887
2127570400.0,500279486,01/2026,7,21-22,6.868
2127570400.0,500279486,01/2026,8,21-22,6.937
2127570400.0,500279486,01/2026,9,21-22,6.864
2127570400.0,500279486,01/2026,10,21-22,6.874
2127570400.0,500279486,01/2026,11,21-22,6.7
2127570400.0,500279486,01/2026,12,21-22,6.767
2127570400.0,500279486,01/2026,13,21-22,6.707
2127570400.0,500279486,01/2026,14,21-22,6.821
2127570400.0,500279486,01/2026,15,21-22,6.83
2127570400.0,500279486,01/2026,16,21-22,6.731
2127570400.0,500279486,01/2026,17,21-22,6.769
2127570400.0,500279486,01/2026,18,21-22,6.37
2127570400.0,500279486,01/2026,19,21-22,5.814
2127570400.0,500279486,01/2026,20,21-22,4.834
2127570400.0,500279486,01/2026,21,21-22,4.676
2127570400.0,500279486,01/2026,22,21-22,5.213
2127570400.0,500279486,01/2026,23,21-22,7.094
2127570400.0,500279486,01/2026,24,21-22,7.169
2127570400.0,500279486,01/2026,25,21-22,7.149
2127570400.0,500279486,01/2026,26,21-22,6.734
2127570400.0,500279486,01/2026,27,21-22,7.255
2127570400.0,500279486,01/2026,28,21-22,7.141
2127570400.0,500279486,01/2026,29,21-22,7.144
2127570400.0,500279486,01/2026,30,21-22,7.124
2127570400.0,500279486,01/2026,31,21-22,7.113
2127570400.0,500279486,01/2026,1,22-23,4.952
2127570400.0,500279486,01/2026,2,22-23,4.88
2127570400.0,500279486,01/2026,3,22-23,4.943
2127570400.0,500279486,01/2026,4,22-23,4.846
2127570400.0,500279486,01/2026,5,22-23,4.866
2127570400.0,500279486,01/2026,6,22-23,4.914
2127570400.0,500279486,01/2026,7,22-23,6.943
2127570400.0,500279486,01/2026,8,22-23,6.932
2127570400.0,500279486,01/2026,9,22-23,6.901
2127570400.0,500279486,01/2026,10,22-23,6.911
2127570400.0,500279486,01/2026,11,22-23,6.545
2127570400.0,500279486,01/2026,12,22-23,6.867
2127570400.0,500279486,01/2026,13,22-23,6.803
2127570400.0,500279486,01/2026,14,22-23,6.865
2127570400.0,500279486,01/2026,15,22-23,6.831
2127570400.0,500279486,01/2026,16,22-23,6.798
2127570400.0,500279486,01/2026,17,22-23,6.824
2127570400.0,500279486,01/2026,18,22-23,6.325
2127570400.0,500279486,01/2026,19,22-23,5.928
2127570400.0,500279486,01/2026,20,22-23,4.861
2127570400.0,500279486,01/2026,21,22-23,4.71
2127570400.0,500279486,01/2026,22,22-23,5.25
2127570400.0,500279486,01/2026,23,22-23,7.115
2127570400.0,500279486,01/2026,24,22-23,7.256
2127570400.0,500279486,01/2026,25,22-23,7.219
2127570400.0,500279486,01/2026,26,22-23,6.697
2127570400.0,500279486,01/2026,27,22-23,7.301
2127570400.0,500279486,01/2026,28,22-23,7.157
2127570400.0,500279486,01/2026,29,22-23,7.095
2127570400.0,500279486,01/2026,30,22-23,7.229
2127570400.0,500279486,01/2026,31,22-23,7.197
2127570400.0,500279486,01/2026,1,23-24,5.007
2127570400.0,500279486,01/2026,2,23-24,4.968
2127570400.0,500279486,01/2026,3,23-24,4.973
2127570400.0,500279486,01/2026,4,23-24,4.913
2127570400.0,500279486,01/2026,5,23-24,4.942
2127570400.0,500279486,01/2026,6,23-24,4.999
2127570400.0,500279486,01/2026,7,23-24,6.997
2127570400.0,500279486,01/2026,8,23-24,7.029
2127570400.0,500279486,01/2026,9,23-24,6.98
2127570400.0,500279486,01/2026,10,23-24,6.934
2127570400.0,500279486,01/2026,11,23-24,6.562
2127570400.0,500279486,01/2026,12,23-24,6.92
2127570400.0,500279486,01/2026,13,23-24,6.889
2127570400.0,500279486,01/2026,14,23-24,6.922
2127570400.0,500279486,01/2026,15,23-24,6.907
2127570400.0,500279486,01/2026,16,23-24,6.839
2127570400.0,500279486,01/2026,17,23-24,6.893
2127570400.0,500279486,01/2026,18,23-24,6.343
2127570400.0,500279486,01/2026,19,23-24,5.96
2127570400.0,500279486,01/2026,20,23-24,4.831
2127570400.0,500279486,01/2026,21,23-24,4.753
2127570400.0,500279486,01/2026,22,23-24,5.293
2127570400.0,500279486,01/2026,23,23-24,7.155
2127570400.0,500279486,01/2026,24,23-24,7.315
2127570400.0,500279486,01/2026,25,23-24,7.246
2127570400.0,500279486,01/2026,26,23-24,6.762
2127570400.0,500279486,01/2026,27,23-24,7.343
2127570400.0,500279486,01/2026,28,23-24,7.246
2127570400.0,500279486,01/2026,29,23-24,7.166
2127570400.0,500279486,01/2026,30,23-24,7.307
2127570400.0,500279486,01/2026,31,23-24,7.303
2127570400.0,500279486,01/2026,1,23-24,48.6
2127570400.0,500279486,01/2026,2,23-24,72.79299999999999
2127570400.0,500279486,01/2026,3,23-24,72.65999999999998
2127570400.0,500279486,01/2026,4,23-24,71.92999999999998
2127570400.0,500279486,01/2026,5,23-24,72.16999999999999
2127570400.0,500279486,01/2026,6,23-24,72.84899999999999
2127570400.0,500279486,01/2026,7,23-24,85.75199999999998
2127570400.0,500279486,01/2026,8,23-24,101.713
2127570400.0,500279486,01/2026,9,23-24,101.393
2127570400.0,500279486,01/2026,10,23-24,101.47699999999999
2127570400.0,500279486,01/2026,11,23-24,98.83399999999999
2127570400.0,500279486,01/2026,12,23-24,97.95599999999999
2127570400.0,500279486,01/2026,13,23-24,97.60099999999997
2127570400.0,500279486,01/2026,14,23-24,99.35199999999998
2127570400.0,500279486,01/2026,15,23-24,98.418
2127570400.0,500279486,01/2026,16,23-24,97.75699999999999
2127570400.0,500279486,01/2026,17,23-24,96.982
2127570400.0,500279486,01/2026,18,23-24,94.51500000000001
2127570400.0,500279486,01/2026,19,23-24,85.40799999999997
2127570400.0,500279486,01/2026,20,23-24,71.672
2127570400.0,500279486,01/2026,21,23-24,67.577
2127570400.0,500279486,01/2026,22,23-24,70.788
2127570400.0,500279486,01/2026,23,23-24,85.67999999999998
2127570400.0,500279486,01/2026,24,23-24,102.68199999999999
2127570400.0,500279486,01/2026,25,23-24,102.93999999999998
2127570400.0,500279486,01/2026,26,23-24,99.699
2127570400.0,500279486,01/2026,27,23-24,99.044
2127570400.0,500279486,01/2026,28,23-24,102.05399999999997
2127570400.0,500279486,01/2026,29,23-24,101.70899999999999
2127570400.0,500279486,01/2026,30,23-24,100.24699999999999
2127570400.0,500279486,01/2026,31,23-24,101.12299999999999
2127570400.0,500279486,02/2025,1,00-01,7.139
2127570400.0,500279486,02/2025,2,00-01,7.149
2127570400.0,500279486,02/2025,3,00-01,7.229
2127570400.0,500279486,02/2025,4,00-01,7.082
2127570400.0,500279486,02/2025,5,00-01,7.118
2127570400.0,500279486,02/2025,6,00-01,7.114
2127570400.0,500279486,02/2025,7,00-01,7.193
2127570400.0,500279486,02/2025,8,00-01,7.101
2127570400.0,500279486,02/2025,9,00-01,7.129
2127570400.0,500279486,02/2025,10,00-01,7.172
2127570400.0,500279486,02/2025,11,00-01,7.074
2127570400.0,500279486,02/2025,12,00-01,7.067
2127570400.0,500279486,02/2025,13,00-01,7.183
2127570400.0,500279486,02/2025,14,00-01,7.032
2127570400.0,500279486,02/2025,15,00-01,6.923
2127570400.0,500279486,02/2025,16,00-01,7.044
2127570400.0,500279486,02/2025,17,00-01,7.076
2127570400.0,500279486,02/2025,18,00-01,6.996
2127570400.0,500279486,02/2025,19,00-01,7.02
2127570400.0,500279486,02/2025,20,00-01,7.046
2127570400.0,500279486,02/2025,21,00-01,6.974
2127570400.0,500279486,02/2025,22,00-01,6.918
2127570400.0,500279486,02/2025,23,00-01,6.901
2127570400.0,500279486,02/2025,24,00-01,7.034
2127570400.0,500279486,02/2025,25,00-01,6.988
2127570400.0,500279486,02/2025,26,00-01,7.073
2127570400.0,500279486,02/2025,27,00-01,7.016
2127570400.0,500279486,02/2025,28,00-01,7.027
2127570400.0,500279486,02/2025,1,01-02,7.238
2127570400.0,500279486,02/2025,2,01-02,7.252
2127570400.0,500279486,02/2025,3,01-02,7.299
2127570400.0,500279486,02/2025,4,01-02,7.144
2127570400.0,500279486,02/2025,5,01-02,7.196
2127570400.0,500279486,02/2025,6,01-02,7.182
2127570400.0,500279486,02/2025,7,01-02,7.281
2127570400.0,500279486,02/2025,8,01-02,7.18
2127570400.0,500279486,02/2025,9,01-02,7.182
2127570400.0,500279486,02/2025,10,01-02,7.222
2127570400.0,500279486,02/2025,11,01-02,7.171
2127570400.0,500279486,02/2025,12,01-02,7.15
2127570400.0,500279486,02/2025,13,01-02,7.261
2127570400.0,500279486,02/2025,14,01-02,7.142
2127570400.0,500279486,02/2025,15,01-02,7.016
2127570400.0,500279486,02/2025,16,01-02,7.128
2127570400.0,500279486,02/2025,17,01-02,7.088
2127570400.0,500279486,02/2025,18,01-02,7.132
2127570400.0,500279486,02/2025,19,01-02,7.111
2127570400.0,500279486,02/2025,20,01-02,7.108
2127570400.0,500279486,02/2025,21,01-02,7.047
2127570400.0,500279486,02/2025,22,01-02,7.004
2127570400.0,500279486,02/2025,23,01-02,7.046
2127570400.0,500279486,02/2025,24,01-02,7.095
2127570400.0,500279486,02/2025,25,01-02,7.045
2127570400.0,500279486,02/2025,26,01-02,7.173
2127570400.0,500279486,02/2025,27,01-02,7.091
2127570400.0,500279486,02/2025,28,01-02,7.095
2127570400.0,500279486,02/2025,1,02-03,7.322
2127570400.0,500279486,02/2025,2,02-03,7.278
2127570400.0,500279486,02/2025,3,02-03,7.338
2127570400.0,500279486,02/2025,4,02-03,7.233
2127570400.0,500279486,02/2025,5,02-03,7.216
2127570400.0,500279486,02/2025,6,02-03,7.243
2127570400.0,500279486,02/2025,7,02-03,7.326
2127570400.0,500279486,02/2025,8,02-03,7.277
2127570400.0,500279486,02/2025,9,02-03,7.292
2127570400.0,500279486,02/2025,10,02-03,7.293
2127570400.0,500279486,02/2025,11,02-03,7.262
2127570400.0,500279486,02/2025,12,02-03,6.794
2127570400.0,500279486,02/2025,13,02-03,7.368
2127570400.0,500279486,02/2025,14,02-03,7.165
2127570400.0,500279486,02/2025,15,02-03,7.097
2127570400.0,500279486,02/2025,16,02-03,7.207
2127570400.0,500279486,02/2025,17,02-03,7.166
2127570400.0,500279486,02/2025,18,02-03,7.189
2127570400.0,500279486,02/2025,19,02-03,7.168
2127570400.0,500279486,02/2025,20,02-03,7.047
2127570400.0,500279486,02/2025,21,02-03,7.126
2127570400.0,500279486,02/2025,22,02-03,7.092
2127570400.0,500279486,02/2025,23,02-03,7.057
2127570400.0,500279486,02/2025,24,02-03,7.181
2127570400.0,500279486,02/2025,25,02-03,7.117
2127570400.0,500279486,02/2025,26,02-03,7.2
2127570400.0,500279486,02/2025,27,02-03,7.133
2127570400.0,500279486,02/2025,28,02-03,7.169
2127570400.0,500279486,02/2025,1,03-04,7.379
2127570400.0,500279486,02/2025,2,03-04,7.307
2127570400.0,500279486,02/2025,3,03-04,7.328
2127570400.0,500279486,02/2025,4,03-04,7.27
2127570400.0,500279486,02/2025,5,03-04,7.232
2127570400.0,500279486,02/2025,6,03-04,7.263
2127570400.0,500279486,02/2025,7,03-04,7.364
2127570400.0,500279486,02/2025,8,03-04,7.326
2127570400.0,500279486,02/2025,9,03-04,7.33
2127570400.0,500279486,02/2025,10,03-04,7.315
2127570400.0,500279486,02/2025,11,03-04,7.301
2127570400.0,500279486,02/2025,12,03-04,6.118
2127570400.0,500279486,02/2025,13,03-04,7.333
2127570400.0,500279486,02/2025,14,03-04,7.22
2127570400.0,500279486,02/2025,15,03-04,7.147
2127570400.0,500279486,02/2025,16,03-04,7.178
2127570400.0,500279486,02/2025,17,03-04,7.17
2127570400.0,500279486,02/2025,18,03-04,7.194
2127570400.0,500279486,02/2025,19,03-04,7.223
2127570400.0,500279486,02/2025,20,03-04,7.114
2127570400.0,500279486,02/2025,21,03-04,7.136
2127570400.0,500279486,02/2025,22,03-04,7.05
2127570400.0,500279486,02/2025,23,03-04,7.034
2127570400.0,500279486,02/2025,24,03-04,7.217
2127570400.0,500279486,02/2025,25,03-04,7.179
2127570400.0,500279486,02/2025,26,03-04,7.224
2127570400.0,500279486,02/2025,27,03-04,7.153
2127570400.0,500279486,02/2025,28,03-04,7.194
2127570400.0,500279486,02/2025,1,04-05,7.389
2127570400.0,500279486,02/2025,2,04-05,7.29
2127570400.0,500279486,02/2025,3,04-05,7.327
2127570400.0,500279486,02/2025,4,04-05,7.273
2127570400.0,500279486,02/2025,5,04-05,7.282
2127570400.0,500279486,02/2025,6,04-05,7.296
2127570400.0,500279486,02/2025,7,04-05,7.378
2127570400.0,500279486,02/2025,8,04-05,7.342
2127570400.0,500279486,02/2025,9,04-05,7.309
2127570400.0,500279486,02/2025,10,04-05,7.344
2127570400.0,500279486,02/2025,11,04-05,7.33
2127570400.0,500279486,02/2025,12,04-05,6.401
2127570400.0,500279486,02/2025,13,04-05,6.527
2127570400.0,500279486,02/2025,14,04-05,7.24
2127570400.0,500279486,02/2025,15,04-05,7.151
2127570400.0,500279486,02/2025,16,04-05,7.189
2127570400.0,500279486,02/2025,17,04-05,7.183
2127570400.0,500279486,02/2025,18,04-05,7.106
2127570400.0,500279486,02/2025,19,04-05,7.254
2127570400.0,500279486,02/2025,20,04-05,7.163
2127570400.0,500279486,02/2025,21,04-05,7.194
2127570400.0,500279486,02/2025,22,04-05,7.058
2127570400.0,500279486,02/2025,23,04-05,7.064
2127570400.0,500279486,02/2025,24,04-05,7.23
2127570400.0,500279486,02/2025,25,04-05,7.176
2127570400.0,500279486,02/2025,26,04-05,7.255
2127570400.0,500279486,02/2025,27,04-05,7.197
2127570400.0,500279486,02/2025,28,04-05,7.22
2127570400.0,500279486,02/2025,1,05-06,7.399
2127570400.0,500279486,02/2025,2,05-06,7.28
2127570400.0,500279486,02/2025,3,05-06,7.28
2127570400.0,500279486,02/2025,4,05-06,7.233
2127570400.0,500279486,02/2025,5,05-06,7.273
2127570400.0,500279486,02/2025,6,05-06,7.299
2127570400.0,500279486,02/2025,7,05-06,7.331
2127570400.0,500279486,02/2025,8,05-06,7.337
2127570400.0,500279486,02/2025,9,05-06,7.31
2127570400.0,500279486,02/2025,10,05-06,7.323
2127570400.0,500279486,02/2025,11,05-06,7.301
2127570400.0,500279486,02/2025,12,05-06,6.497
2127570400.0,500279486,02/2025,13,05-06,6.225
2127570400.0,500279486,02/2025,14,05-06,7.223
2127570400.0,500279486,02/2025,15,05-06,7.122
2127570400.0,500279486,02/2025,16,05-06,7.121
2127570400.0,500279486,02/2025,17,05-06,7.155
2127570400.0,500279486,02/2025,18,05-06,7.093
2127570400.0,500279486,02/2025,19,05-06,7.264
2127570400.0,500279486,02/2025,20,05-06,7.145
2127570400.0,500279486,02/2025,21,05-06,7.176
2127570400.0,500279486,02/2025,22,05-06,7.029
2127570400.0,500279486,02/2025,23,05-06,7.073
2127570400.0,500279486,02/2025,24,05-06,7.233
2127570400.0,500279486,02/2025,25,05-06,7.074
2127570400.0,500279486,02/2025,26,05-06,7.205
2127570400.0,500279486,02/2025,27,05-06,7.204
2127570400.0,500279486,02/2025,28,05-06,7.179
2127570400.0,500279486,02/2025,1,06-07,7.396
2127570400.0,500279486,02/2025,2,06-07,7.251
2127570400.0,500279486,02/2025,3,06-07,7.227
2127570400.0,500279486,02/2025,4,06-07,7.198
2127570400.0,500279486,02/2025,5,06-07,7.199
2127570400.0,500279486,02/2025,6,06-07,7.248
2127570400.0,500279486,02/2025,7,06-07,7.307
2127570400.0,500279486,02/2025,8,06-07,7.299
2127570400.0,500279486,02/2025,9,06-07,7.298
2127570400.0,500279486,02/2025,10,06-07,7.23
2127570400.0,500279486,02/2025,11,06-07,7.296
2127570400.0,500279486,02/2025,12,06-07,6.441
2127570400.0,500279486,02/2025,13,06-07,6.179
2127570400.0,500279486,02/2025,14,06-07,7.183
2127570400.0,500279486,02/2025,15,06-07,7.107
2127570400.0,500279486,02/2025,16,06-07,7.122
2127570400.0,500279486,02/2025,17,06-07,7.092
2127570400.0,500279486,02/2025,18,06-07,7.052
2127570400.0,500279486,02/2025,19,06-07,7.208
2127570400.0,500279486,02/2025,20,06-07,7.107
2127570400.0,500279486,02/2025,21,06-07,7.122
2127570400.0,500279486,02/2025,22,06-07,7.014
2127570400.0,500279486,02/2025,23,06-07,7.067
2127570400.0,500279486,02/2025,24,06-07,7.161
2127570400.0,500279486,02/2025,25,06-07,7.027
2127570400.0,500279486,02/2025,26,06-07,7.122
2127570400.0,500279486,02/2025,27,06-07,7.16
2127570400.0,500279486,02/2025,28,06-07,7.158
2127570400.0,500279486,02/2025,1,07-08,7.356
2127570400.0,500279486,02/2025,2,07-08,7.236
2127570400.0,500279486,02/2025,3,07-08,7.307
2127570400.0,500279486,02/2025,4,07-08,7.225
2127570400.0,500279486,02/2025,5,07-08,7.188
2127570400.0,500279486,02/2025,6,07-08,7.213
2127570400.0,500279486,02/2025,7,07-08,7.254
2127570400.0,500279486,02/2025,8,07-08,7.262
2127570400.0,500279486,02/2025,9,07-08,7.262
2127570400.0,500279486,02/2025,10,07-08,7.237
2127570400.0,500279486,02/2025,11,07-08,7.235
2127570400.0,500279486,02/2025,12,07-08,6.481
2127570400.0,500279486,02/2025,13,07-08,6.129
2127570400.0,500279486,02/2025,14,07-08,7.099
2127570400.0,500279486,02/2025,15,07-08,6.841
2127570400.0,500279486,02/2025,16,07-08,6.787
2127570400.0,500279486,02/2025,17,07-08,6.54
2127570400.0,500279486,02/2025,18,07-08,6.245
2127570400.0,500279486,02/2025,19,07-08,6.268
2127570400.0,500279486,02/2025,20,07-08,6.082
2127570400.0,500279486,02/2025,21,07-08,5.877
2127570400.0,500279486,02/2025,22,07-08,5.677
2127570400.0,500279486,02/2025,23,07-08,5.498
2127570400.0,500279486,02/2025,24,07-08,5.383
2127570400.0,500279486,02/2025,25,07-08,5.083
2127570400.0,500279486,02/2025,26,07-08,5.039
2127570400.0,500279486,02/2025,27,07-08,4.812
2127570400.0,500279486,02/2025,28,07-08,4.729
2127570400.0,500279486,02/2025,1,08-09,1.739
2127570400.0,500279486,02/2025,2,08-09,1.595
2127570400.0,500279486,02/2025,3,08-09,1.468
2127570400.0,500279486,02/2025,4,08-09,1.336
2127570400.0,500279486,02/2025,5,08-09,1.215
2127570400.0,500279486,02/2025,6,08-09,1.081
2127570400.0,500279486,02/2025,7,08-09,0.965
2127570400.0,500279486,02/2025,8,08-09,0.854
2127570400.0,500279486,02/2025,9,08-09,0.731
2127570400.0,500279486,02/2025,10,08-09,0.607
2127570400.0,500279486,02/2025,11,08-09,0.364
2127570400.0,500279486,02/2025,12,08-09,0.218
2127570400.0,500279486,02/2025,13,08-09,0.099
2127570400.0,500279486,02/2025,14,08-09,0.0
2127570400.0,500279486,02/2025,15,08-09,0.001
2127570400.0,500279486,02/2025,16,08-09,0.0
2127570400.0,500279486,02/2025,17,08-09,0.0
2127570400.0,500279486,02/2025,18,08-09,0.0
2127570400.0,500279486,02/2025,19,08-09,0.001
2127570400.0,500279486,02/2025,20,08-09,0.0
2127570400.0,500279486,02/2025,21,08-09,0.0
2127570400.0,500279486,02/2025,22,08-09,0.0
2127570400.0,500279486,02/2025,23,08-09,0.001
2127570400.0,500279486,02/2025,24,08-09,0.0
2127570400.0,500279486,02/2025,25,08-09,0.001
2127570400.0,500279486,02/2025,26,08-09,0.0
2127570400.0,500279486,02/2025,27,08-09,0.001
2127570400.0,500279486,02/2025,28,08-09,0.001
2127570400.0,500279486,02/2025,1,09-10,0.001
2127570400.0,500279486,02/2025,2,09-10,0.0
2127570400.0,500279486,02/2025,3,09-10,0.001
2127570400.0,500279486,02/2025,4,09-10,0.001
2127570400.0,500279486,02/2025,5,09-10,0.0
2127570400.0,500279486,02/2025,6,09-10,0.0
2127570400.0,500279486,02/2025,7,09-10,0.001
2127570400.0,500279486,02/2025,8,09-10,0.0
2127570400.0,500279486,02/2025,9,09-10,0.001
2127570400.0,500279486,02/2025,10,09-10,0.001
2127570400.0,500279486,02/2025,11,09-10,0.001
2127570400.0,500279486,02/2025,12,09-10,0.0
2127570400.0,500279486,02/2025,13,09-10,0.0
2127570400.0,500279486,02/2025,14,09-10,0.001
2127570400.0,500279486,02/2025,15,09-10,0.0
2127570400.0,500279486,02/2025,16,09-10,0.001
2127570400.0,500279486,02/2025,17,09-10,0.001
2127570400.0,500279486,02/2025,18,09-10,0.001
2127570400.0,500279486,02/2025,19,09-10,0.0
2127570400.0,500279486,02/2025,20,09-10,0.001
2127570400.0,500279486,02/2025,21,09-10,0.001
2127570400.0,500279486,02/2025,22,09-10,0.001
2127570400.0,500279486,02/2025,23,09-10,0.0
2127570400.0,500279486,02/2025,24,09-10,0.001
2127570400.0,500279486,02/2025,25,09-10,0.0
2127570400.0,500279486,02/2025,26,09-10,0.001
2127570400.0,500279486,02/2025,27,09-10,0.0
2127570400.0,500279486,02/2025,28,09-10,0.0
2127570400.0,500279486,02/2025,1,10-11,0.0
2127570400.0,500279486,02/2025,2,10-11,0.001
2127570400.0,500279486,02/2025,3,10-11,0.0
2127570400.0,500279486,02/2025,4,10-11,0.0
2127570400.0,500279486,02/2025,5,10-11,0.001
2127570400.0,500279486,02/2025,6,10-11,0.001
2127570400.0,500279486,02/2025,7,10-11,0.0
2127570400.0,500279486,02/2025,8,10-11,0.001
2127570400.0,500279486,02/2025,9,10-11,0.0
2127570400.0,500279486,02/2025,10,10-11,0.0
2127570400.0,500279486,02/2025,11,10-11,0.0
2127570400.0,500279486,02/2025,12,10-11,0.001
2127570400.0,500279486,02/2025,13,10-11,0.001
2127570400.0,500279486,02/2025,14,10-11,0.0
2127570400.0,500279486,02/2025,15,10-11,0.001
2127570400.0,500279486,02/2025,16,10-11,0.0
2127570400.0,500279486,02/2025,17,10-11,0.0
2127570400.0,500279486,02/2025,18,10-11,0.0
2127570400.0,500279486,02/2025,19,10-11,0.001
2127570400.0,500279486,02/2025,20,10-11,0.0
2127570400.0,500279486,02/2025,21,10-11,0.0
2127570400.0,500279486,02/2025,22,10-11,0.0
2127570400.0,500279486,02/2025,23,10-11,0.001
2127570400.0,500279486,02/2025,24,10-11,0.0
2127570400.0,500279486,02/2025,25,10-11,0.001
2127570400.0,500279486,02/2025,26,10-11,0.0
2127570400.0,500279486,02/2025,27,10-11,0.001
2127570400.0,500279486,02/2025,28,10-11,0.001
2127570400.0,500279486,02/2025,1,11-12,0.001
2127570400.0,500279486,02/2025,2,11-12,0.0
2127570400.0,500279486,02/2025,3,11-12,0.001
2127570400.0,500279486,02/2025,4,11-12,0.001
2127570400.0,500279486,02/2025,5,11-12,0.0
2127570400.0,500279486,02/2025,6,11-12,0.0
2127570400.0,500279486,02/2025,7,11-12,0.001
2127570400.0,500279486,02/2025,8,11-12,0.0
2127570400.0,500279486,02/2025,9,11-12,0.001
2127570400.0,500279486,02/2025,10,11-12,0.0
2127570400.0,500279486,02/2025,11,11-12,0.001
2127570400.0,500279486,02/2025,12,11-12,0.0
2127570400.0,500279486,02/2025,13,11-12,0.0
2127570400.0,500279486,02/2025,14,11-12,0.001
2127570400.0,500279486,02/2025,15,11-12,0.0
2127570400.0,500279486,02/2025,16,11-12,0.001
2127570400.0,500279486,02/2025,17,11-12,0.001
2127570400.0,500279486,02/2025,18,11-12,0.001
2127570400.0,500279486,02/2025,19,11-12,0.0
2127570400.0,500279486,02/2025,20,11-12,0.001
2127570400.0,500279486,02/2025,21,11-12,0.001
2127570400.0,500279486,02/2025,22,11-12,0.001
2127570400.0,500279486,02/2025,23,11-12,0.0
2127570400.0,500279486,02/2025,24,11-12,0.001
2127570400.0,500279486,02/2025,25,11-12,0.0
2127570400.0,500279486,02/2025,26,11-12,0.001
2127570400.0,500279486,02/2025,27,11-12,0.0
2127570400.0,500279486,02/2025,28,11-12,0.0
2127570400.0,500279486,02/2025,1,12-13,0.0
2127570400.0,500279486,02/2025,2,12-13,0.001
2127570400.0,500279486,02/2025,3,12-13,0.0
2127570400.0,500279486,02/2025,4,12-13,0.0
2127570400.0,500279486,02/2025,5,12-13,0.001
2127570400.0,500279486,02/2025,6,12-13,0.001
2127570400.0,500279486,02/2025,7,12-13,0.0
2127570400.0,500279486,02/2025,8,12-13,0.001
2127570400.0,500279486,02/2025,9,12-13,0.0
2127570400.0,500279486,02/2025,10,12-13,0.001
2127570400.0,500279486,02/2025,11,12-13,0.0
2127570400.0,500279486,02/2025,12,12-13,0.001
2127570400.0,500279486,02/2025,13,12-13,0.001
2127570400.0,500279486,02/2025,14,12-13,0.0
2127570400.0,500279486,02/2025,15,12-13,0.001
2127570400.0,500279486,02/2025,16,12-13,0.0
2127570400.0,500279486,02/2025,17,12-13,0.0
2127570400.0,500279486,02/2025,18,12-13,0.0
2127570400.0,500279486,02/2025,19,12-13,0.001
2127570400.0,500279486,02/2025,20,12-13,0.0
2127570400.0,500279486,02/2025,21,12-13,0.0
2127570400.0,500279486,02/2025,22,12-13,0.0
2127570400.0,500279486,02/2025,23,12-13,0.001
2127570400.0,500279486,02/2025,24,12-13,0.0
2127570400.0,500279486,02/2025,25,12-13,0.001
2127570400.0,500279486,02/2025,26,12-13,0.0
2127570400.0,500279486,02/2025,27,12-13,0.001
2127570400.0,500279486,02/2025,28,12-13,0.001
2127570400.0,500279486,02/2025,1,13-14,0.001
2127570400.0,500279486,02/2025,2,13-14,0.0
2127570400.0,500279486,02/2025,3,13-14,0.001
2127570400.0,500279486,02/2025,4,13-14,0.001
2127570400.0,500279486,02/2025,5,13-14,0.0
2127570400.0,500279486,02/2025,6,13-14,0.0
2127570400.0,500279486,02/2025,7,13-14,0.001
2127570400.0,500279486,02/2025,8,13-14,0.0
2127570400.0,500279486,02/2025,9,13-14,0.001
2127570400.0,500279486,02/2025,10,13-14,0.0
2127570400.0,500279486,02/2025,11,13-14,0.001
2127570400.0,500279486,02/2025,12,13-14,0.0
2127570400.0,500279486,02/2025,13,13-14,0.0
2127570400.0,500279486,02/2025,14,13-14,0.001
2127570400.0,500279486,02/2025,15,13-14,0.0
2127570400.0,500279486,02/2025,16,13-14,0.001
2127570400.0,500279486,02/2025,17,13-14,0.0
2127570400.0,500279486,02/2025,18,13-14,0.001
2127570400.0,500279486,02/2025,19,13-14,0.0
2127570400.0,500279486,02/2025,20,13-14,0.001
2127570400.0,500279486,02/2025,21,13-14,0.001
2127570400.0,500279486,02/2025,22,13-14,0.001
2127570400.0,500279486,02/2025,23,13-14,0.0
2127570400.0,500279486,02/2025,24,13-14,0.001
2127570400.0,500279486,02/2025,25,13-14,0.0
2127570400.0,500279486,02/2025,26,13-14,0.001
2127570400.0,500279486,02/2025,27,13-14,0.0
2127570400.0,500279486,02/2025,28,13-14,0.0
2127570400.0,500279486,02/2025,1,14-15,0.0
2127570400.0,500279486,02/2025,2,14-15,0.001
2127570400.0,500279486,02/2025,3,14-15,0.0
2127570400.0,500279486,02/2025,4,14-15,0.0
2127570400.0,500279486,02/2025,5,14-15,0.001
2127570400.0,500279486,02/2025,6,14-15,0.001
2127570400.0,500279486,02/2025,7,14-15,0.0
2127570400.0,500279486,02/2025,8,14-15,0.001
2127570400.0,500279486,02/2025,9,14-15,0.0
2127570400.0,500279486,02/2025,10,14-15,0.001
2127570400.0,500279486,02/2025,11,14-15,0.0
2127570400.0,500279486,02/2025,12,14-15,0.001
2127570400.0,500279486,02/2025,13,14-15,0.001
2127570400.0,500279486,02/2025,14,14-15,0.0
2127570400.0,500279486,02/2025,15,14-15,0.001
2127570400.0,500279486,02/2025,16,14-15,0.0
2127570400.0,500279486,02/2025,17,14-15,0.001
2127570400.0,500279486,02/2025,18,14-15,0.0
2127570400.0,500279486,02/2025,19,14-15,0.001
2127570400.0,500279486,02/2025,20,14-15,0.0
2127570400.0,500279486,02/2025,21,14-15,0.0
2127570400.0,500279486,02/2025,22,14-15,0.0
2127570400.0,500279486,02/2025,23,14-15,0.001
2127570400.0,500279486,02/2025,24,14-15,0.0
2127570400.0,500279486,02/2025,25,14-15,0.001
2127570400.0,500279486,02/2025,26,14-15,0.0
2127570400.0,500279486,02/2025,27,14-15,0.001
2127570400.0,500279486,02/2025,28,14-15,0.001
2127570400.0,500279486,02/2025,1,15-16,0.001
2127570400.0,500279486,02/2025,2,15-16,0.0
2127570400.0,500279486,02/2025,3,15-16,0.001
2127570400.0,500279486,02/2025,4,15-16,0.001
2127570400.0,500279486,02/2025,5,15-16,0.0
2127570400.0,500279486,02/2025,6,15-16,0.0
2127570400.0,500279486,02/2025,7,15-16,0.001
2127570400.0,500279486,02/2025,8,15-16,0.0
2127570400.0,500279486,02/2025,9,15-16,0.001
2127570400.0,500279486,02/2025,10,15-16,0.0
2127570400.0,500279486,02/2025,11,15-16,0.001
2127570400.0,500279486,02/2025,12,15-16,0.0
2127570400.0,500279486,02/2025,13,15-16,0.0
2127570400.0,500279486,02/2025,14,15-16,0.001
2127570400.0,500279486,02/2025,15,15-16,0.0
2127570400.0,500279486,02/2025,16,15-16,0.001
2127570400.0,500279486,02/2025,17,15-16,0.0
2127570400.0,500279486,02/2025,18,15-16,0.001
2127570400.0,500279486,02/2025,19,15-16,0.0
2127570400.0,500279486,02/2025,20,15-16,0.001
2127570400.0,500279486,02/2025,21,15-16,0.001
2127570400.0,500279486,02/2025,22,15-16,0.001
2127570400.0,500279486,02/2025,23,15-16,0.0
2127570400.0,500279486,02/2025,24,15-16,0.001
2127570400.0,500279486,02/2025,25,15-16,0.0
2127570400.0,500279486,02/2025,26,15-16,0.001
2127570400.0,500279486,02/2025,27,15-16,0.0
2127570400.0,500279486,02/2025,28,15-16,0.0
2127570400.0,500279486,02/2025,1,16-17,0.0
2127570400.0,500279486,02/2025,2,16-17,0.001
2127570400.0,500279486,02/2025,3,16-17,0.0
2127570400.0,500279486,02/2025,4,16-17,0.0
2127570400.0,500279486,02/2025,5,16-17,0.001
2127570400.0,500279486,02/2025,6,16-17,0.001
2127570400.0,500279486,02/2025,7,16-17,0.0
2127570400.0,500279486,02/2025,8,16-17,0.001
2127570400.0,500279486,02/2025,9,16-17,0.0
2127570400.0,500279486,02/2025,10,16-17,0.001
2127570400.0,500279486,02/2025,11,16-17,0.0
2127570400.0,500279486,02/2025,12,16-17,0.001
2127570400.0,500279486,02/2025,13,16-17,0.001
2127570400.0,500279486,02/2025,14,16-17,0.0
2127570400.0,500279486,02/2025,15,16-17,0.0
2127570400.0,500279486,02/2025,16,16-17,0.0
2127570400.0,500279486,02/2025,17,16-17,0.001
2127570400.0,500279486,02/2025,18,16-17,0.0
2127570400.0,500279486,02/2025,19,16-17,0.001
2127570400.0,500279486,02/2025,20,16-17,0.0
2127570400.0,500279486,02/2025,21,16-17,0.0
2127570400.0,500279486,02/2025,22,16-17,0.0
2127570400.0,500279486,02/2025,23,16-17,0.001
2127570400.0,500279486,02/2025,24,16-17,0.0
2127570400.0,500279486,02/2025,25,16-17,0.001
2127570400.0,500279486,02/2025,26,16-17,0.0
2127570400.0,500279486,02/2025,27,16-17,0.001
2127570400.0,500279486,02/2025,28,16-17,0.001
2127570400.0,500279486,02/2025,1,17-18,0.001
2127570400.0,500279486,02/2025,2,17-18,0.0
2127570400.0,500279486,02/2025,3,17-18,0.001
2127570400.0,500279486,02/2025,4,17-18,0.001
2127570400.0,500279486,02/2025,5,17-18,0.0
2127570400.0,500279486,02/2025,6,17-18,0.0
2127570400.0,500279486,02/2025,7,17-18,0.001
2127570400.0,500279486,02/2025,8,17-18,0.0
2127570400.0,500279486,02/2025,9,17-18,0.001
2127570400.0,500279486,02/2025,10,17-18,0.0
2127570400.0,500279486,02/2025,11,17-18,0.001
2127570400.0,500279486,02/2025,12,17-18,0.0
2127570400.0,500279486,02/2025,13,17-18,0.0
2127570400.0,500279486,02/2025,14,17-18,0.0
2127570400.0,500279486,02/2025,15,17-18,0.001
2127570400.0,500279486,02/2025,16,17-18,0.001
2127570400.0,500279486,02/2025,17,17-18,0.0
2127570400.0,500279486,02/2025,18,17-18,0.001
2127570400.0,500279486,02/2025,19,17-18,0.0
2127570400.0,500279486,02/2025,20,17-18,0.001
2127570400.0,500279486,02/2025,21,17-18,0.001
2127570400.0,500279486,02/2025,22,17-18,0.001
2127570400.0,500279486,02/2025,23,17-18,0.0
2127570400.0,500279486,02/2025,24,17-18,0.001
2127570400.0,500279486,02/2025,25,17-18,0.0
2127570400.0,500279486,02/2025,26,17-18,0.001
2127570400.0,500279486,02/2025,27,17-18,0.0
2127570400.0,500279486,02/2025,28,17-18,0.0
2127570400.0,500279486,02/2025,1,18-19,4.39
2127570400.0,500279486,02/2025,2,18-19,4.274
2127570400.0,500279486,02/2025,3,18-19,0.0
2127570400.0,500279486,02/2025,4,18-19,3.878
2127570400.0,500279486,02/2025,5,18-19,3.836
2127570400.0,500279486,02/2025,6,18-19,3.688
2127570400.0,500279486,02/2025,7,18-19,3.495
2127570400.0,500279486,02/2025,8,18-19,3.337
2127570400.0,500279486,02/2025,9,18-19,3.21
2127570400.0,500279486,02/2025,10,18-19,3.099
2127570400.0,500279486,02/2025,11,18-19,3.042
2127570400.0,500279486,02/2025,12,18-19,2.808
2127570400.0,500279486,02/2025,13,18-19,2.731
2127570400.0,500279486,02/2025,14,18-19,2.514
2127570400.0,500279486,02/2025,15,18-19,2.425
2127570400.0,500279486,02/2025,16,18-19,2.185
2127570400.0,500279486,02/2025,17,18-19,2.109
2127570400.0,500279486,02/2025,18,18-19,1.978
2127570400.0,500279486,02/2025,19,18-19,1.825
2127570400.0,500279486,02/2025,20,18-19,1.738
2127570400.0,500279486,02/2025,21,18-19,1.515
2127570400.0,500279486,02/2025,22,18-19,1.397
2127570400.0,500279486,02/2025,23,18-19,1.289
2127570400.0,500279486,02/2025,24,18-19,1.188
2127570400.0,500279486,02/2025,25,18-19,1.065
2127570400.0,500279486,02/2025,26,18-19,0.97
2127570400.0,500279486,02/2025,27,18-19,0.749
2127570400.0,500279486,02/2025,28,18-19,0.628
2127570400.0,500279486,02/2025,1,19-20,6.945
2127570400.0,500279486,02/2025,2,19-20,7.001
2127570400.0,500279486,02/2025,4,19-20,6.915
2127570400.0,500279486,02/2025,5,19-20,7.009
2127570400.0,500279486,02/2025,6,19-20,6.969
2127570400.0,500279486,02/2025,7,19-20,7.008
2127570400.0,500279486,02/2025,8,19-20,6.884
2127570400.0,500279486,02/2025,9,19-20,6.876
2127570400.0,500279486,02/2025,10,19-20,6.911
2127570400.0,500279486,02/2025,11,19-20,6.997
2127570400.0,500279486,02/2025,12,19-20,6.962
2127570400.0,500279486,02/2025,13,19-20,7.11
2127570400.0,500279486,02/2025,14,19-20,6.832
2127570400.0,500279486,02/2025,15,19-20,6.83
2127570400.0,500279486,02/2025,16,19-20,6.792
2127570400.0,500279486,02/2025,17,19-20,6.847
2127570400.0,500279486,02/2025,18,19-20,6.783
2127570400.0,500279486,02/2025,19,19-20,6.716
2127570400.0,500279486,02/2025,20,19-20,6.747
2127570400.0,500279486,02/2025,21,19-20,6.703
2127570400.0,500279486,02/2025,22,19-20,6.694
2127570400.0,500279486,02/2025,23,19-20,6.686
2127570400.0,500279486,02/2025,24,19-20,6.816
2127570400.0,500279486,02/2025,25,19-20,6.759
2127570400.0,500279486,02/2025,26,19-20,6.79
2127570400.0,500279486,02/2025,27,19-20,6.845
2127570400.0,500279486,02/2025,28,19-20,6.728
2127570400.0,500279486,02/2025,1,20-21,7.036
2127570400.0,500279486,02/2025,2,20-21,7.009
2127570400.0,500279486,02/2025,4,20-21,6.997
2127570400.0,500279486,02/2025,5,20-21,6.949
2127570400.0,500279486,02/2025,6,20-21,6.974
2127570400.0,500279486,02/2025,7,20-21,7.048
2127570400.0,500279486,02/2025,8,20-21,6.982
2127570400.0,500279486,02/2025,9,20-21,6.968
2127570400.0,500279486,02/2025,10,20-21,6.933
2127570400.0,500279486,02/2025,11,20-21,6.976
2127570400.0,500279486,02/2025,12,20-21,7.012
2127570400.0,500279486,02/2025,13,20-21,7.035
2127570400.0,500279486,02/2025,14,20-21,6.889
2127570400.0,500279486,02/2025,15,20-21,6.872
2127570400.0,500279486,02/2025,16,20-21,6.883
2127570400.0,500279486,02/2025,17,20-21,6.849
2127570400.0,500279486,02/2025,18,20-21,6.857
2127570400.0,500279486,02/2025,19,20-21,6.749
2127570400.0,500279486,02/2025,20,20-21,6.799
2127570400.0,500279486,02/2025,21,20-21,6.792
2127570400.0,500279486,02/2025,22,20-21,6.798
2127570400.0,500279486,02/2025,23,20-21,6.772
2127570400.0,500279486,02/2025,24,20-21,6.823
2127570400.0,500279486,02/2025,25,20-21,6.866
2127570400.0,500279486,02/2025,26,20-21,6.843
2127570400.0,500279486,02/2025,27,20-21,6.933
2127570400.0,500279486,02/2025,28,20-21,6.812
2127570400.0,500279486,02/2025,1,21-22,7.052
2127570400.0,500279486,02/2025,2,21-22,7.019
2127570400.0,500279486,02/2025,3,21-22,0.0
2127570400.0,500279486,02/2025,4,21-22,7.047
2127570400.0,500279486,02/2025,5,21-22,6.972
2127570400.0,500279486,02/2025,6,21-22,7.032
2127570400.0,500279486,02/2025,7,21-22,7.059
2127570400.0,500279486,02/2025,8,21-22,6.982
2127570400.0,500279486,02/2025,9,21-22,7.043
2127570400.0,500279486,02/2025,10,21-22,6.965
2127570400.0,500279486,02/2025,11,21-22,7.05
2127570400.0,500279486,02/2025,12,21-22,7.033
2127570400.0,500279486,02/2025,13,21-22,7.034
2127570400.0,500279486,02/2025,14,21-22,6.893
2127570400.0,500279486,02/2025,15,21-22,6.855
2127570400.0,500279486,02/2025,16,21-22,6.924
2127570400.0,500279486,02/2025,17,21-22,6.919
2127570400.0,500279486,02/2025,18,21-22,6.872
2127570400.0,500279486,02/2025,19,21-22,6.832
2127570400.0,500279486,02/2025,20,21-22,6.768
2127570400.0,500279486,02/2025,21,21-22,6.858
2127570400.0,500279486,02/2025,22,21-22,6.881
2127570400.0,500279486,02/2025,23,21-22,6.858
2127570400.0,500279486,02/2025,24,21-22,6.897
2127570400.0,500279486,02/2025,25,21-22,6.879
2127570400.0,500279486,02/2025,26,21-22,6.902
2127570400.0,500279486,02/2025,27,21-22,6.954
2127570400.0,500279486,02/2025,28,21-22,6.871
2127570400.0,500279486,02/2025,1,22-23,7.109
2127570400.0,500279486,02/2025,2,22-23,7.095
2127570400.0,500279486,02/2025,3,22-23,7.025
2127570400.0,500279486,02/2025,4,22-23,7.073
2127570400.0,500279486,02/2025,5,22-23,7.058
2127570400.0,500279486,02/2025,6,22-23,7.052
2127570400.0,500279486,02/2025,7,22-23,7.122
2127570400.0,500279486,02/2025,8,22-23,7.051
2127570400.0,500279486,02/2025,9,22-23,7.12
2127570400.0,500279486,02/2025,10,22-23,7.019
2127570400.0,500279486,02/2025,11,22-23,7.123
2127570400.0,500279486,02/2025,12,22-23,7.09
2127570400.0,500279486,02/2025,13,22-23,7.002
2127570400.0,500279486,02/2025,14,22-23,6.965
2127570400.0,500279486,02/2025,15,22-23,6.88
2127570400.0,500279486,02/2025,16,22-23,6.997
2127570400.0,500279486,02/2025,17,22-23,6.988
2127570400.0,500279486,02/2025,18,22-23,6.968
2127570400.0,500279486,02/2025,19,22-23,6.955
2127570400.0,500279486,02/2025,20,22-23,6.846
2127570400.0,500279486,02/2025,21,22-23,6.895
2127570400.0,500279486,02/2025,22,22-23,6.958
2127570400.0,500279486,02/2025,23,22-23,6.95
2127570400.0,500279486,02/2025,24,22-23,6.935
2127570400.0,500279486,02/2025,25,22-23,6.944
2127570400.0,500279486,02/2025,26,22-23,6.955
2127570400.0,500279486,02/2025,27,22-23,7.002
2127570400.0,500279486,02/2025,28,22-23,6.936
2127570400.0,500279486,02/2025,1,23-24,7.168
2127570400.0,500279486,02/2025,2,23-24,7.132
2127570400.0,500279486,02/2025,3,23-24,7.044
2127570400.0,500279486,02/2025,4,23-24,7.127
2127570400.0,500279486,02/2025,5,23-24,7.13
2127570400.0,500279486,02/2025,6,23-24,7.114
2127570400.0,500279486,02/2025,7,23-24,7.126
2127570400.0,500279486,02/2025,8,23-24,7.124
2127570400.0,500279486,02/2025,9,23-24,7.192
2127570400.0,500279486,02/2025,10,23-24,7.083
2127570400.0,500279486,02/2025,11,23-24,7.081
2127570400.0,500279486,02/2025,12,23-24,7.152
2127570400.0,500279486,02/2025,13,23-24,7.031
2127570400.0,500279486,02/2025,14,23-24,7.016
2127570400.0,500279486,02/2025,15,23-24,6.943
2127570400.0,500279486,02/2025,16,23-24,7.059
2127570400.0,500279486,02/2025,17,23-24,6.871
2127570400.0,500279486,02/2025,18,23-24,7.022
2127570400.0,500279486,02/2025,19,23-24,7.043
2127570400.0,500279486,02/2025,20,23-24,6.91
2127570400.0,500279486,02/2025,21,23-24,6.906
2127570400.0,500279486,02/2025,22,23-24,6.864
2127570400.0,500279486,02/2025,23,23-24,7.008
2127570400.0,500279486,02/2025,24,23-24,6.987
2127570400.0,500279486,02/2025,25,23-24,6.999
2127570400.0,500279486,02/2025,26,23-24,6.948
2127570400.0,500279486,02/2025,27,23-24,7.002
2127570400.0,500279486,02/2025,28,23-24,6.979
2127570400.0,500279486,02/2025,1,23-24,100.062
2127570400.0,500279486,02/2025,2,23-24,99.172
2127570400.0,500279486,02/2025,3,23-24,73.877
2127570400.0,500279486,02/2025,4,23-24,98.03599999999999
2127570400.0,500279486,02/2025,5,23-24,97.87699999999998
2127570400.0,500279486,02/2025,6,23-24,97.77199999999999
2127570400.0,500279486,02/2025,7,23-24,98.262
2127570400.0,500279486,02/2025,8,23-24,97.342
2127570400.0,500279486,02/2025,9,23-24,97.257
2127570400.0,500279486,02/2025,10,23-24,96.757
2127570400.0,500279486,02/2025,11,23-24,96.60799999999999
2127570400.0,500279486,02/2025,12,23-24,91.22800000000001
2127570400.0,500279486,02/2025,13,23-24,92.25099999999999
2127570400.0,500279486,02/2025,14,23-24,94.417
2127570400.0,500279486,02/2025,15,23-24,93.21399999999998
2127570400.0,500279486,02/2025,16,23-24,93.621
2127570400.0,500279486,02/2025,17,23-24,93.05699999999999
2127570400.0,500279486,02/2025,18,23-24,92.49199999999999
2127570400.0,500279486,02/2025,19,23-24,92.64099999999998
2127570400.0,500279486,02/2025,20,23-24,91.625
2127570400.0,500279486,02/2025,21,23-24,91.32600000000001
2127570400.0,500279486,02/2025,22,23-24,90.439
2127570400.0,500279486,02/2025,23,23-24,90.30799999999999
2127570400.0,500279486,02/2025,24,23-24,91.18499999999999
2127570400.0,500279486,02/2025,25,23-24,90.20599999999999
2127570400.0,500279486,02/2025,26,23-24,90.70399999999998
2127570400.0,500279486,02/2025,27,23-24,90.25599999999996
2127570400.0,500279486,02/2025,28,23-24,89.72999999999998
2127570400.0,500279486,02/2025,29,23-24,0.0
2127570400.0,500279486,02/2025,30,23-24,0.0
2127570400.0,500279486,02/2025,31,23-24,0.0
2127570400.0,500279486,02/2026,1,00-01,7.236
2127570400.0,500279486,02/2026,2,00-01,6.98
2127570400.0,500279486,02/2026,3,00-01,7.268
2127570400.0,500279486,02/2026,4,00-01,7.233
2127570400.0,500279486,02/2026,5,00-01,7.214
2127570400.0,500279486,02/2026,6,00-01,7.282
2127570400.0,500279486,02/2026,7,00-01,7.268
2127570400.0,500279486,02/2026,8,00-01,7.391
2127570400.0,500279486,02/2026,9,00-01,7.398
2127570400.0,500279486,02/2026,10,00-01,7.302
2127570400.0,500279486,02/2026,11,00-01,7.326
2127570400.0,500279486,02/2026,12,00-01,7.287
2127570400.0,500279486,02/2026,13,00-01,7.339
2127570400.0,500279486,02/2026,1,01-02,7.406
2127570400.0,500279486,02/2026,2,01-02,7.06
2127570400.0,500279486,02/2026,3,01-02,7.316
2127570400.0,500279486,02/2026,4,01-02,7.29
2127570400.0,500279486,02/2026,5,01-02,7.266
2127570400.0,500279486,02/2026,6,01-02,7.325
2127570400.0,500279486,02/2026,7,01-02,7.429
2127570400.0,500279486,02/2026,8,01-02,7.434
2127570400.0,500279486,02/2026,9,01-02,7.393
2127570400.0,500279486,02/2026,10,01-02,7.352
2127570400.0,500279486,02/2026,11,01-02,7.387
2127570400.0,500279486,02/2026,12,01-02,7.376
2127570400.0,500279486,02/2026,13,01-02,7.31
2127570400.0,500279486,02/2026,1,02-03,7.393
2127570400.0,500279486,02/2026,2,02-03,7.06
2127570400.0,500279486,02/2026,3,02-03,7.338
2127570400.0,500279486,02/2026,4,02-03,7.33
2127570400.0,500279486,02/2026,5,02-03,7.304
2127570400.0,500279486,02/2026,6,02-03,7.297
2127570400.0,500279486,02/2026,7,02-03,7.439
2127570400.0,500279486,02/2026,8,02-03,7.509
2127570400.0,500279486,02/2026,9,02-03,7.463
2127570400.0,500279486,02/2026,10,02-03,7.413
2127570400.0,500279486,02/2026,11,02-03,7.453
2127570400.0,500279486,02/2026,12,02-03,7.46
2127570400.0,500279486,02/2026,13,02-03,7.386
2127570400.0,500279486,02/2026,1,03-04,7.456
2127570400.0,500279486,02/2026,2,03-04,7.119
2127570400.0,500279486,02/2026,3,03-04,7.345
2127570400.0,500279486,02/2026,4,03-04,7.387
2127570400.0,500279486,02/2026,5,03-04,7.351
2127570400.0,500279486,02/2026,6,03-04,7.339
2127570400.0,500279486,02/2026,7,03-04,7.395
2127570400.0,500279486,02/2026,8,03-04,7.518
2127570400.0,500279486,02/2026,9,03-04,7.459
2127570400.0,500279486,02/2026,10,03-04,7.437
2127570400.0,500279486,02/2026,11,03-04,7.496
2127570400.0,500279486,02/2026,12,03-04,7.466
2127570400.0,500279486,02/2026,13,03-04,7.465
2127570400.0,500279486,02/2026,1,04-05,7.481
2127570400.0,500279486,02/2026,2,04-05,7.135
2127570400.0,500279486,02/2026,3,04-05,7.373
2127570400.0,500279486,02/2026,4,04-05,7.411
2127570400.0,500279486,02/2026,5,04-05,7.355
2127570400.0,500279486,02/2026,6,04-05,7.376
2127570400.0,500279486,02/2026,7,04-05,7.437
2127570400.0,500279486,02/2026,8,04-05,7.575
2127570400.0,500279486,02/2026,9,04-05,7.473
2127570400.0,500279486,02/2026,10,04-05,7.447
2127570400.0,500279486,02/2026,11,04-05,7.53
2127570400.0,500279486,02/2026,12,04-05,7.47
2127570400.0,500279486,02/2026,13,04-05,7.503
2127570400.0,500279486,02/2026,1,05-06,7.242
2127570400.0,500279486,02/2026,2,05-06,7.062
2127570400.0,500279486,02/2026,3,05-06,7.334
2127570400.0,500279486,02/2026,4,05-06,7.367
2127570400.0,500279486,02/2026,5,05-06,7.327
2127570400.0,500279486,02/2026,6,05-06,7.345
2127570400.0,500279486,02/2026,7,05-06,7.399
2127570400.0,500279486,02/2026,8,05-06,7.564
2127570400.0,500279486,02/2026,9,05-06,7.438
2127570400.0,500279486,02/2026,10,05-06,7.411
2127570400.0,500279486,02/2026,11,05-06,7.499
2127570400.0,500279486,02/2026,12,05-06,7.431
2127570400.0,500279486,02/2026,13,05-06,7.446
2127570400.0,500279486,02/2026,1,06-07,7.15
2127570400.0,500279486,02/2026,2,06-07,7.016
2127570400.0,500279486,02/2026,3,06-07,7.275
2127570400.0,500279486,02/2026,4,06-07,7.297
2127570400.0,500279486,02/2026,5,06-07,7.284
2127570400.0,500279486,02/2026,6,06-07,7.315
2127570400.0,500279486,02/2026,7,06-07,7.404
2127570400.0,500279486,02/2026,8,06-07,7.577
2127570400.0,500279486,02/2026,9,06-07,7.363
2127570400.0,500279486,02/2026,10,06-07,7.363
2127570400.0,500279486,02/2026,11,06-07,7.434
2127570400.0,500279486,02/2026,12,06-07,7.394
2127570400.0,500279486,02/2026,13,06-07,7.358
2127570400.0,500279486,02/2026,1,07-08,6.016
2127570400.0,500279486,02/2026,2,07-08,5.761
2127570400.0,500279486,02/2026,3,07-08,5.813
2127570400.0,500279486,02/2026,4,07-08,5.731
2127570400.0,500279486,02/2026,5,07-08,5.542
2127570400.0,500279486,02/2026,6,07-08,5.452
2127570400.0,500279486,02/2026,7,07-08,5.29
2127570400.0,500279486,02/2026,8,07-08,5.319
2127570400.0,500279486,02/2026,9,07-08,5.047
2127570400.0,500279486,02/2026,10,07-08,4.861
2127570400.0,500279486,02/2026,11,07-08,4.814
2127570400.0,500279486,02/2026,12,07-08,4.605
2127570400.0,500279486,02/2026,13,07-08,4.434
2127570400.0,500279486,02/2026,1,08-09,0.001
2127570400.0,500279486,02/2026,2,08-09,0.0
2127570400.0,500279486,02/2026,3,08-09,0.001
2127570400.0,500279486,02/2026,4,08-09,0.0
2127570400.0,500279486,02/2026,5,08-09,0.0
2127570400.0,500279486,02/2026,6,08-09,0.0
2127570400.0,500279486,02/2026,7,08-09,0.001
2127570400.0,500279486,02/2026,8,08-09,0.0
2127570400.0,500279486,02/2026,9,08-09,0.0
2127570400.0,500279486,02/2026,10,08-09,0.001
2127570400.0,500279486,02/2026,11,08-09,0.0
2127570400.0,500279486,02/2026,12,08-09,0.001
2127570400.0,500279486,02/2026,13,08-09,0.001
2127570400.0,500279486,02/2026,1,09-10,0.0
2127570400.0,500279486,02/2026,2,09-10,0.001
2127570400.0,500279486,02/2026,3,09-10,0.0
2127570400.0,500279486,02/2026,4,09-10,0.001
2127570400.0,500279486,02/2026,5,09-10,0.001
2127570400.0,500279486,02/2026,6,09-10,0.001
2127570400.0,500279486,02/2026,7,09-10,0.0
2127570400.0,500279486,02/2026,8,09-10,0.001
2127570400.0,500279486,02/2026,9,09-10,0.001
2127570400.0,500279486,02/2026,10,09-10,0.0
2127570400.0,500279486,02/2026,11,09-10,0.001
2127570400.0,500279486,02/2026,12,09-10,0.0
2127570400.0,500279486,02/2026,13,09-10,0.0
2127570400.0,500279486,02/2026,1,10-11,0.001
2127570400.0,500279486,02/2026,2,10-11,0.0
2127570400.0,500279486,02/2026,3,10-11,0.001
2127570400.0,500279486,02/2026,4,10-11,0.0
2127570400.0,500279486,02/2026,5,10-11,0.0
2127570400.0,500279486,02/2026,6,10-11,0.0
2127570400.0,500279486,02/2026,7,10-11,0.001
2127570400.0,500279486,02/2026,8,10-11,0.0
2127570400.0,500279486,02/2026,9,10-11,0.0
2127570400.0,500279486,02/2026,10,10-11,0.001
2127570400.0,500279486,02/2026,11,10-11,0.0
2127570400.0,500279486,02/2026,12,10-11,0.001
2127570400.0,500279486,02/2026,1,11-12,0.0
2127570400.0,500279486,02/2026,2,11-12,0.0
2127570400.0,500279486,02/2026,3,11-12,0.0
2127570400.0,500279486,02/2026,4,11-12,0.001
2127570400.0,500279486,02/2026,5,11-12,0.001
2127570400.0,500279486,02/2026,6,11-12,0.001
2127570400.0,500279486,02/2026,7,11-12,0.0
2127570400.0,500279486,02/2026,8,11-12,0.001
2127570400.0,500279486,02/2026,9,11-12,0.001
2127570400.0,500279486,02/2026,10,11-12,0.0
2127570400.0,500279486,02/2026,11,11-12,0.001
2127570400.0,500279486,02/2026,12,11-12,0.0
2127570400.0,500279486,02/2026,1,12-13,0.001
2127570400.0,500279486,02/2026,2,12-13,0.001
2127570400.0,500279486,02/2026,3,12-13,0.001
2127570400.0,500279486,02/2026,4,12-13,0.0
2127570400.0,500279486,02/2026,5,12-13,0.0
2127570400.0,500279486,02/2026,6,12-13,0.0
2127570400.0,500279486,02/2026,7,12-13,0.001
2127570400.0,500279486,02/2026,8,12-13,0.0
2127570400.0,500279486,02/2026,9,12-13,0.0
2127570400.0,500279486,02/2026,10,12-13,0.0
2127570400.0,500279486,02/2026,11,12-13,0.0
2127570400.0,500279486,02/2026,1,13-14,0.0
2127570400.0,500279486,02/2026,2,13-14,0.0
2127570400.0,500279486,02/2026,3,13-14,0.0
2127570400.0,500279486,02/2026,4,13-14,0.001
2127570400.0,500279486,02/2026,5,13-14,0.001
2127570400.0,500279486,02/2026,6,13-14,0.001
2127570400.0,500279486,02/2026,7,13-14,0.0
2127570400.0,500279486,02/2026,8,13-14,0.001
2127570400.0,500279486,02/2026,9,13-14,0.001
2127570400.0,500279486,02/2026,10,13-14,0.001
2127570400.0,500279486,02/2026,11,13-14,0.0
2127570400.0,500279486,02/2026,1,14-15,0.001
2127570400.0,500279486,02/2026,2,14-15,0.001
2127570400.0,500279486,02/2026,3,14-15,0.001
2127570400.0,500279486,02/2026,4,14-15,0.0
2127570400.0,500279486,02/2026,5,14-15,0.0
2127570400.0,500279486,02/2026,6,14-15,0.0
2127570400.0,500279486,02/2026,7,14-15,0.001
2127570400.0,500279486,02/2026,8,14-15,0.0
2127570400.0,500279486,02/2026,9,14-15,0.0
2127570400.0,500279486,02/2026,10,14-15,0.0
2127570400.0,500279486,02/2026,11,14-15,0.001
2127570400.0,500279486,02/2026,1,15-16,0.0
2127570400.0,500279486,02/2026,2,15-16,0.0
2127570400.0,500279486,02/2026,3,15-16,0.0
2127570400.0,500279486,02/2026,4,15-16,0.001
2127570400.0,500279486,02/2026,5,15-16,0.001
2127570400.0,500279486,02/2026,6,15-16,0.001
2127570400.0,500279486,02/2026,7,15-16,0.0
2127570400.0,500279486,02/2026,8,15-16,0.001
2127570400.0,500279486,02/2026,9,15-16,0.001
2127570400.0,500279486,02/2026,10,15-16,0.001
2127570400.0,500279486,02/2026,11,15-16,0.0
2127570400.0,500279486,02/2026,1,16-17,0.001
2127570400.0,500279486,02/2026,2,16-17,0.001
2127570400.0,500279486,02/2026,3,16-17,0.001
2127570400.0,500279486,02/2026,4,16-17,0.0
2127570400.0,500279486,02/2026,5,16-17,0.0
2127570400.0,500279486,02/2026,6,16-17,0.0
2127570400.0,500279486,02/2026,7,16-17,0.001
2127570400.0,500279486,02/2026,8,16-17,0.0
2127570400.0,500279486,02/2026,9,16-17,0.0
2127570400.0,500279486,02/2026,10,16-17,0.0
2127570400.0,500279486,02/2026,11,16-17,0.001
2127570400.0,500279486,02/2026,1,17-18,0.343
2127570400.0,500279486,02/2026,2,17-18,0.235
2127570400.0,500279486,02/2026,3,17-18,0.135
2127570400.0,500279486,02/2026,4,17-18,0.05
2127570400.0,500279486,02/2026,5,17-18,0.001
2127570400.0,500279486,02/2026,6,17-18,0.0
2127570400.0,500279486,02/2026,7,17-18,0.0
2127570400.0,500279486,02/2026,8,17-18,0.001
2127570400.0,500279486,02/2026,9,17-18,0.001
2127570400.0,500279486,02/2026,10,17-18,0.001
2127570400.0,500279486,02/2026,11,17-18,0.0
2127570400.0,500279486,02/2026,1,18-19,6.929
2127570400.0,500279486,02/2026,2,18-19,6.973
2127570400.0,500279486,02/2026,3,18-19,6.942
2127570400.0,500279486,02/2026,4,18-19,6.883
2127570400.0,500279486,02/2026,5,18-19,6.673
2127570400.0,500279486,02/2026,6,18-19,6.788
2127570400.0,500279486,02/2026,7,18-19,6.666
2127570400.0,500279486,02/2026,8,18-19,6.434
2127570400.0,500279486,02/2026,9,18-19,6.152
2127570400.0,500279486,02/2026,10,18-19,6.116
2127570400.0,500279486,02/2026,11,18-19,6.038
2127570400.0,500279486,02/2026,1,19-20,7.023
2127570400.0,500279486,02/2026,2,19-20,7.07
2127570400.0,500279486,02/2026,3,19-20,6.983
2127570400.0,500279486,02/2026,4,19-20,6.978
2127570400.0,500279486,02/2026,5,19-20,7.011
2127570400.0,500279486,02/2026,6,19-20,7.199
2127570400.0,500279486,02/2026,7,19-20,7.217
2127570400.0,500279486,02/2026,8,19-20,7.095
2127570400.0,500279486,02/2026,9,19-20,7.081
2127570400.0,500279486,02/2026,10,19-20,7.067
2127570400.0,500279486,02/2026,11,19-20,7.06
2127570400.0,500279486,02/2026,1,20-21,6.91
2127570400.0,500279486,02/2026,2,20-21,7.038
2127570400.0,500279486,02/2026,3,20-21,7.065
2127570400.0,500279486,02/2026,4,20-21,7.002
2127570400.0,500279486,02/2026,5,20-21,7.067
2127570400.0,500279486,02/2026,6,20-21,7.219
2127570400.0,500279486,02/2026,7,20-21,7.264
2127570400.0,500279486,02/2026,8,20-21,7.21
2127570400.0,500279486,02/2026,9,20-21,7.193
2127570400.0,500279486,02/2026,10,20-21,7.174
2127570400.0,500279486,02/2026,11,20-21,7.083
2127570400.0,500279486,02/2026,1,21-22,6.786
2127570400.0,500279486,02/2026,2,21-22,7.067
2127570400.0,500279486,02/2026,3,21-22,7.082
2127570400.0,500279486,02/2026,4,21-22,7.027
2127570400.0,500279486,02/2026,5,21-22,7.143
2127570400.0,500279486,02/2026,6,21-22,7.241
2127570400.0,500279486,02/2026,7,21-22,7.278
2127570400.0,500279486,02/2026,8,21-22,7.234
2127570400.0,500279486,02/2026,9,21-22,7.238
2127570400.0,500279486,02/2026,10,21-22,7.21
2127570400.0,500279486,02/2026,11,21-22,7.146
2127570400.0,500279486,02/2026,12,21-22,5.413
2127570400.0,500279486,02/2026,1,22-23,6.852
2127570400.0,500279486,02/2026,2,22-23,7.126
2127570400.0,500279486,02/2026,3,22-23,7.156
2127570400.0,500279486,02/2026,4,22-23,7.067
2127570400.0,500279486,02/2026,5,22-23,7.157
2127570400.0,500279486,02/2026,6,22-23,7.251
2127570400.0,500279486,02/2026,7,22-23,7.306
2127570400.0,500279486,02/2026,8,22-23,7.32
2127570400.0,500279486,02/2026,9,22-23,7.189
2127570400.0,500279486,02/2026,10,22-23,7.281
2127570400.0,500279486,02/2026,11,22-23,7.208
2127570400.0,500279486,02/2026,12,22-23,7.33
2127570400.0,500279486,02/2026,1,23-24,6.995
2127570400.0,500279486,02/2026,2,23-24,7.233
2127570400.0,500279486,02/2026,3,23-24,7.255
2127570400.0,500279486,02/2026,4,23-24,7.159
2127570400.0,500279486,02/2026,5,23-24,7.211
2127570400.0,500279486,02/2026,6,23-24,7.273
2127570400.0,500279486,02/2026,7,23-24,7.328
2127570400.0,500279486,02/2026,8,23-24,7.322
2127570400.0,500279486,02/2026,9,23-24,7.264
2127570400.0,500279486,02/2026,10,23-24,7.278
2127570400.0,500279486,02/2026,11,23-24,7.3
2127570400.0,500279486,02/2026,12,23-24,7.337
2127570400.0,500279486,02/2026,1,23-24,99.22299999999998
2127570400.0,500279486,02/2026,2,23-24,97.939
2127570400.0,500279486,02/2026,3,23-24,99.68499999999999
2127570400.0,500279486,02/2026,4,23-24,99.216
2127570400.0,500279486,02/2026,5,23-24,98.90999999999997
2127570400.0,500279486,02/2026,6,23-24,99.70599999999997
2127570400.0,500279486,02/2026,7,23-24,100.12499999999999
2127570400.0,500279486,02/2026,8,23-24,100.50699999999998
2127570400.0,500279486,02/2026,9,23-24,99.15599999999999
2127570400.0,500279486,02/2026,10,23-24,98.717
2127570400.0,500279486,02/2026,11,23-24,98.77799999999999
2127570400.0,500279486,02/2026,12,23-24,76.571
2127570400.0,500279486,02/2026,13,23-24,56.24199999999999
2127570400.0,500279486,02/2026,14,23-24,0.0
2127570400.0,500279486,02/2026,15,23-24,0.0
2127570400.0,500279486,02/2026,16,23-24,0.0
2127570400.0,500279486,02/2026,17,23-24,0.0
2127570400.0,500279486,02/2026,18,23-24,0.0
2127570400.0,500279486,02/2026,19,23-24,0.0
2127570400.0,500279486,02/2026,20,23-24,0.0
2127570400.0,500279486,02/2026,21,23-24,0.0
2127570400.0,500279486,02/2026,22,23-24,0.0
2127570400.0,500279486,02/2026,23,23-24,0.0
2127570400.0,500279486,02/2026,24,23-24,0.0
2127570400.0,500279486,02/2026,25,23-24,0.0
2127570400.0,500279486,02/2026,26,23-24,0.0
2127570400.0,500279486,02/2026,27,23-24,0.0
2127570400.0,500279486,02/2026,28,23-24,0.0
2127570400.0,500279486,02/2026,29,23-24,0.0
2127570400.0,500279486,02/2026,30,23-24,0.0
2127570400.0,500279486,02/2026,31,23-24,0.0
2127570400.0,500279486,03/2025,1,00-01,6.986
2127570400.0,500279486,03/2025,2,00-01,7.012
2127570400.0,500279486,03/2025,3,00-01,7.006
2127570400.0,500279486,03/2025,4,00-01,7.041
2127570400.0,500279486,03/2025,5,00-01,7.039
2127570400.0,500279486,03/2025,6,00-01,7.002
2127570400.0,500279486,03/2025,7,00-01,7.059
2127570400.0,500279486,03/2025,8,00-01,6.978
2127570400.0,500279486,03/2025,9,00-01,7.002
2127570400.0,500279486,03/2025,10,00-01,7.06
2127570400.0,500279486,03/2025,11,00-01,7.08
2127570400.0,500279486,03/2025,12,00-01,6.937
2127570400.0,500279486,03/2025,13,00-01,7.067
2127570400.0,500279486,03/2025,14,00-01,7.061
2127570400.0,500279486,03/2025,15,00-01,6.996
2127570400.0,500279486,03/2025,16,00-01,6.855
2127570400.0,500279486,03/2025,17,00-01,7.1
2127570400.0,500279486,03/2025,18,00-01,7.105
2127570400.0,500279486,03/2025,19,00-01,6.951
2127570400.0,500279486,03/2025,20,00-01,7.02
2127570400.0,500279486,03/2025,21,00-01,7.007
2127570400.0,500279486,03/2025,22,00-01,7.035
2127570400.0,500279486,03/2025,23,00-01,6.961
2127570400.0,500279486,03/2025,24,00-01,7.106
2127570400.0,500279486,03/2025,25,00-01,7.088
2127570400.0,500279486,03/2025,26,00-01,7.115
2127570400.0,500279486,03/2025,27,00-01,7.029
2127570400.0,500279486,03/2025,28,00-01,7.023
2127570400.0,500279486,03/2025,29,00-01,7.029
2127570400.0,500279486,03/2025,30,00-01,7.364
2127570400.0,500279486,03/2025,31,00-01,7.303
2127570400.0,500279486,03/2025,1,01-02,7.042
2127570400.0,500279486,03/2025,2,01-02,7.105
2127570400.0,500279486,03/2025,3,01-02,7.013
2127570400.0,500279486,03/2025,4,01-02,7.12
2127570400.0,500279486,03/2025,5,01-02,7.106
2127570400.0,500279486,03/2025,6,01-02,7.081
2127570400.0,500279486,03/2025,7,01-02,7.011
2127570400.0,500279486,03/2025,8,01-02,7.062
2127570400.0,500279486,03/2025,9,01-02,7.112
2127570400.0,500279486,03/2025,10,01-02,7.042
2127570400.0,500279486,03/2025,11,01-02,6.965
2127570400.0,500279486,03/2025,12,01-02,0.0
2127570400.0,500279486,03/2025,13,01-02,7.083
2127570400.0,500279486,03/2025,14,01-02,7.048
2127570400.0,500279486,03/2025,15,01-02,7.065
2127570400.0,500279486,03/2025,16,01-02,6.889
2127570400.0,500279486,03/2025,17,01-02,7.201
2127570400.0,500279486,03/2025,18,01-02,7.152
2127570400.0,500279486,03/2025,19,01-02,7.044
2127570400.0,500279486,03/2025,20,01-02,7.133
2127570400.0,500279486,03/2025,21,01-02,7.107
2127570400.0,500279486,03/2025,22,01-02,7.104
2127570400.0,500279486,03/2025,23,01-02,7.047
2127570400.0,500279486,03/2025,24,01-02,7.167
2127570400.0,500279486,03/2025,25,01-02,7.127
2127570400.0,500279486,03/2025,26,01-02,7.195
2127570400.0,500279486,03/2025,27,01-02,7.097
2127570400.0,500279486,03/2025,28,01-02,6.997
2127570400.0,500279486,03/2025,29,01-02,7.057
2127570400.0,500279486,03/2025,30,01-02,7.441
2127570400.0,500279486,03/2025,31,01-02,7.43
2127570400.0,500279486,03/2025,1,02-03,7.102
2127570400.0,500279486,03/2025,2,02-03,7.171
2127570400.0,500279486,03/2025,3,02-03,7.109
2127570400.0,500279486,03/2025,4,02-03,7.082
2127570400.0,500279486,03/2025,5,02-03,7.102
2127570400.0,500279486,03/2025,6,02-03,7.096
2127570400.0,500279486,03/2025,7,02-03,6.99
2127570400.0,500279486,03/2025,8,02-03,7.153
2127570400.0,500279486,03/2025,9,02-03,7.193
2127570400.0,500279486,03/2025,10,02-03,7.115
2127570400.0,500279486,03/2025,11,02-03,6.992
2127570400.0,500279486,03/2025,13,02-03,7.121
2127570400.0,500279486,03/2025,14,02-03,7.087
2127570400.0,500279486,03/2025,15,02-03,7.16
2127570400.0,500279486,03/2025,16,02-03,6.863
2127570400.0,500279486,03/2025,17,02-03,7.291
2127570400.0,500279486,03/2025,18,02-03,7.218
2127570400.0,500279486,03/2025,19,02-03,7.125
2127570400.0,500279486,03/2025,20,02-03,7.21
2127570400.0,500279486,03/2025,21,02-03,7.196
2127570400.0,500279486,03/2025,22,02-03,7.16
2127570400.0,500279486,03/2025,23,02-03,7.094
2127570400.0,500279486,03/2025,24,02-03,7.19
2127570400.0,500279486,03/2025,25,02-03,7.194
2127570400.0,500279486,03/2025,26,02-03,7.228
2127570400.0,500279486,03/2025,27,02-03,7.143
2127570400.0,500279486,03/2025,28,02-03,7.092
2127570400.0,500279486,03/2025,29,02-03,7.128
2127570400.0,500279486,03/2025,30,02-03,7.418
2127570400.0,500279486,03/2025,31,02-03,7.529
2127570400.0,500279486,03/2025,1,03-04,7.138
2127570400.0,500279486,03/2025,2,03-04,7.2
2127570400.0,500279486,03/2025,3,03-04,7.163
2127570400.0,500279486,03/2025,4,03-04,7.081
2127570400.0,500279486,03/2025,5,03-04,7.144
2127570400.0,500279486,03/2025,6,03-04,7.101
2127570400.0,500279486,03/2025,7,03-04,7.03
2127570400.0,500279486,03/2025,8,03-04,7.157
2127570400.0,500279486,03/2025,9,03-04,7.175
2127570400.0,500279486,03/2025,10,03-04,7.141
2127570400.0,500279486,03/2025,11,03-04,7.051
2127570400.0,500279486,03/2025,13,03-04,7.151
2127570400.0,500279486,03/2025,14,03-04,7.13
2127570400.0,500279486,03/2025,15,03-04,7.219
2127570400.0,500279486,03/2025,16,03-04,6.88
2127570400.0,500279486,03/2025,17,03-04,7.286
2127570400.0,500279486,03/2025,18,03-04,7.253
2127570400.0,500279486,03/2025,19,03-04,7.181
2127570400.0,500279486,03/2025,20,03-04,7.275
2127570400.0,500279486,03/2025,21,03-04,7.23
2127570400.0,500279486,03/2025,22,03-04,7.137
2127570400.0,500279486,03/2025,23,03-04,7.121
2127570400.0,500279486,03/2025,24,03-04,7.226
2127570400.0,500279486,03/2025,25,03-04,7.167
2127570400.0,500279486,03/2025,26,03-04,7.251
2127570400.0,500279486,03/2025,27,03-04,7.117
2127570400.0,500279486,03/2025,28,03-04,7.118
2127570400.0,500279486,03/2025,29,03-04,7.074
2127570400.0,500279486,03/2025,30,03-04,7.441
2127570400.0,500279486,03/2025,31,03-04,7.593
2127570400.0,500279486,03/2025,1,04-05,7.144
2127570400.0,500279486,03/2025,2,04-05,7.168
2127570400.0,500279486,03/2025,3,04-05,7.117
2127570400.0,500279486,03/2025,4,04-05,7.037
2127570400.0,500279486,03/2025,5,04-05,7.12
2127570400.0,500279486,03/2025,6,04-05,7.09
2127570400.0,500279486,03/2025,7,04-05,7.05
2127570400.0,500279486,03/2025,8,04-05,7.119
2127570400.0,500279486,03/2025,9,04-05,7.143
2127570400.0,500279486,03/2025,10,04-05,7.041
2127570400.0,500279486,03/2025,11,04-05,7.053
2127570400.0,500279486,03/2025,12,04-05,0.0
2127570400.0,500279486,03/2025,13,04-05,7.142
2127570400.0,500279486,03/2025,14,04-05,7.122
2127570400.0,500279486,03/2025,15,04-05,7.201
2127570400.0,500279486,03/2025,16,04-05,6.878
2127570400.0,500279486,03/2025,17,04-05,7.267
2127570400.0,500279486,03/2025,18,04-05,7.204
2127570400.0,500279486,03/2025,19,04-05,7.153
2127570400.0,500279486,03/2025,20,04-05,7.285
2127570400.0,500279486,03/2025,21,04-05,7.187
2127570400.0,500279486,03/2025,22,04-05,7.133
2127570400.0,500279486,03/2025,23,04-05,7.142
2127570400.0,500279486,03/2025,24,04-05,7.226
2127570400.0,500279486,03/2025,25,04-05,7.142
2127570400.0,500279486,03/2025,26,04-05,7.213
2127570400.0,500279486,03/2025,27,04-05,7.081
2127570400.0,500279486,03/2025,28,04-05,7.106
2127570400.0,500279486,03/2025,29,04-05,7.075
2127570400.0,500279486,03/2025,30,04-05,7.517
2127570400.0,500279486,03/2025,31,04-05,7.64
2127570400.0,500279486,03/2025,1,05-06,7.126
2127570400.0,500279486,03/2025,2,05-06,7.148
2127570400.0,500279486,03/2025,3,05-06,7.046
2127570400.0,500279486,03/2025,4,05-06,7.087
2127570400.0,500279486,03/2025,5,05-06,7.066
2127570400.0,500279486,03/2025,6,05-06,7.029
2127570400.0,500279486,03/2025,7,05-06,7.051
2127570400.0,500279486,03/2025,8,05-06,7.116
2127570400.0,500279486,03/2025,9,05-06,7.114
2127570400.0,500279486,03/2025,10,05-06,7.015
2127570400.0,500279486,03/2025,11,05-06,7.036
2127570400.0,500279486,03/2025,12,05-06,7.098
2127570400.0,500279486,03/2025,13,05-06,7.122
2127570400.0,500279486,03/2025,14,05-06,7.075
2127570400.0,500279486,03/2025,15,05-06,7.145
2127570400.0,500279486,03/2025,16,05-06,6.862
2127570400.0,500279486,03/2025,17,05-06,7.24
2127570400.0,500279486,03/2025,18,05-06,7.184
2127570400.0,500279486,03/2025,19,05-06,7.09
2127570400.0,500279486,03/2025,20,05-06,7.185
2127570400.0,500279486,03/2025,21,05-06,7.151
2127570400.0,500279486,03/2025,22,05-06,7.119
2127570400.0,500279486,03/2025,23,05-06,7.148
2127570400.0,500279486,03/2025,24,05-06,7.184
2127570400.0,500279486,03/2025,25,05-06,7.13
2127570400.0,500279486,03/2025,26,05-06,7.186
2127570400.0,500279486,03/2025,27,05-06,7.089
2127570400.0,500279486,03/2025,28,05-06,7.09
2127570400.0,500279486,03/2025,29,05-06,7.108
2127570400.0,500279486,03/2025,30,05-06,7.534
2127570400.0,500279486,03/2025,31,05-06,7.668
2127570400.0,500279486,03/2025,1,06-07,7.131
2127570400.0,500279486,03/2025,2,06-07,7.172
2127570400.0,500279486,03/2025,3,06-07,7.147
2127570400.0,500279486,03/2025,4,06-07,7.117
2127570400.0,500279486,03/2025,5,06-07,7.046
2127570400.0,500279486,03/2025,6,06-07,7.0
2127570400.0,500279486,03/2025,7,06-07,7.085
2127570400.0,500279486,03/2025,8,06-07,7.133
2127570400.0,500279486,03/2025,9,06-07,7.173
2127570400.0,500279486,03/2025,10,06-07,7.029
2127570400.0,500279486,03/2025,11,06-07,7.073
2127570400.0,500279486,03/2025,12,06-07,7.111
2127570400.0,500279486,03/2025,13,06-07,7.106
2127570400.0,500279486,03/2025,14,06-07,7.118
2127570400.0,500279486,03/2025,15,06-07,7.179
2127570400.0,500279486,03/2025,16,06-07,6.897
2127570400.0,500279486,03/2025,17,06-07,7.204
2127570400.0,500279486,03/2025,18,06-07,7.161
2127570400.0,500279486,03/2025,19,06-07,7.099
2127570400.0,500279486,03/2025,20,06-07,7.18
2127570400.0,500279486,03/2025,21,06-07,7.117
2127570400.0,500279486,03/2025,22,06-07,7.129
2127570400.0,500279486,03/2025,23,06-07,7.241
2127570400.0,500279486,03/2025,24,06-07,7.154
2127570400.0,500279486,03/2025,25,06-07,6.915
2127570400.0,500279486,03/2025,26,06-07,6.841
2127570400.0,500279486,03/2025,27,06-07,6.516
2127570400.0,500279486,03/2025,28,06-07,6.282
2127570400.0,500279486,03/2025,29,06-07,6.238
2127570400.0,500279486,03/2025,30,06-07,6.243
2127570400.0,500279486,03/2025,31,06-07,6.101
2127570400.0,500279486,03/2025,1,07-08,4.483
2127570400.0,500279486,03/2025,2,07-08,4.421
2127570400.0,500279486,03/2025,3,07-08,4.145
2127570400.0,500279486,03/2025,4,07-08,3.981
2127570400.0,500279486,03/2025,5,07-08,3.756
2127570400.0,500279486,03/2025,6,07-08,3.477
2127570400.0,500279486,03/2025,7,07-08,3.377
2127570400.0,500279486,03/2025,8,07-08,3.168
2127570400.0,500279486,03/2025,9,07-08,3.047
2127570400.0,500279486,03/2025,10,07-08,2.757
2127570400.0,500279486,03/2025,11,07-08,2.529
2127570400.0,500279486,03/2025,12,07-08,2.424
2127570400.0,500279486,03/2025,13,07-08,2.181
2127570400.0,500279486,03/2025,14,07-08,1.95
2127570400.0,500279486,03/2025,15,07-08,1.863
2127570400.0,500279486,03/2025,16,07-08,1.554
2127570400.0,500279486,03/2025,17,07-08,1.357
2127570400.0,500279486,03/2025,18,07-08,1.231
2127570400.0,500279486,03/2025,19,07-08,0.983
2127570400.0,500279486,03/2025,20,07-08,0.872
2127570400.0,500279486,03/2025,21,07-08,0.622
2127570400.0,500279486,03/2025,22,07-08,0.385
2127570400.0,500279486,03/2025,23,07-08,0.27
2127570400.0,500279486,03/2025,24,07-08,0.026
2127570400.0,500279486,03/2025,25,07-08,0.0
2127570400.0,500279486,03/2025,26,07-08,0.0
2127570400.0,500279486,03/2025,27,07-08,0.001
2127570400.0,500279486,03/2025,28,07-08,0.001
2127570400.0,500279486,03/2025,29,07-08,0.001
2127570400.0,500279486,03/2025,30,07-08,0.0
2127570400.0,500279486,03/2025,31,07-08,0.001
2127570400.0,500279486,03/2025,1,08-09,0.001
2127570400.0,500279486,03/2025,2,08-09,0.0
2127570400.0,500279486,03/2025,3,08-09,0.001
2127570400.0,500279486,03/2025,4,08-09,0.0
2127570400.0,500279486,03/2025,5,08-09,0.0
2127570400.0,500279486,03/2025,6,08-09,0.0
2127570400.0,500279486,03/2025,7,08-09,0.0
2127570400.0,500279486,03/2025,8,08-09,0.001
2127570400.0,500279486,03/2025,9,08-09,0.0
2127570400.0,500279486,03/2025,10,08-09,0.001
2127570400.0,500279486,03/2025,11,08-09,0.0
2127570400.0,500279486,03/2025,12,08-09,0.001
2127570400.0,500279486,03/2025,13,08-09,0.0
2127570400.0,500279486,03/2025,14,08-09,0.001
2127570400.0,500279486,03/2025,15,08-09,0.0
2127570400.0,500279486,03/2025,16,08-09,0.0
2127570400.0,500279486,03/2025,17,08-09,0.001
2127570400.0,500279486,03/2025,18,08-09,0.0
2127570400.0,500279486,03/2025,19,08-09,0.001
2127570400.0,500279486,03/2025,20,08-09,0.001
2127570400.0,500279486,03/2025,21,08-09,0.0
2127570400.0,500279486,03/2025,22,08-09,0.0
2127570400.0,500279486,03/2025,23,08-09,0.001
2127570400.0,500279486,03/2025,24,08-09,0.0
2127570400.0,500279486,03/2025,25,08-09,0.001
2127570400.0,500279486,03/2025,26,08-09,0.001
2127570400.0,500279486,03/2025,27,08-09,0.0
2127570400.0,500279486,03/2025,28,08-09,0.0
2127570400.0,500279486,03/2025,29,08-09,0.0
2127570400.0,500279486,03/2025,30,08-09,0.001
2127570400.0,500279486,03/2025,31,08-09,0.0
2127570400.0,500279486,03/2025,1,09-10,0.0
2127570400.0,500279486,03/2025,2,09-10,0.001
2127570400.0,500279486,03/2025,3,09-10,0.0
2127570400.0,500279486,03/2025,4,09-10,0.001
2127570400.0,500279486,03/2025,5,09-10,0.001
2127570400.0,500279486,03/2025,6,09-10,0.001
2127570400.0,500279486,03/2025,7,09-10,0.001
2127570400.0,500279486,03/2025,8,09-10,0.0
2127570400.0,500279486,03/2025,9,09-10,0.001
2127570400.0,500279486,03/2025,10,09-10,0.0
2127570400.0,500279486,03/2025,11,09-10,0.001
2127570400.0,500279486,03/2025,12,09-10,0.0
2127570400.0,500279486,03/2025,13,09-10,0.001
2127570400.0,500279486,03/2025,14,09-10,0.0
2127570400.0,500279486,03/2025,15,09-10,0.001
2127570400.0,500279486,03/2025,17,09-10,0.0
2127570400.0,500279486,03/2025,18,09-10,0.001
2127570400.0,500279486,03/2025,19,09-10,0.0
2127570400.0,500279486,03/2025,20,09-10,0.0
2127570400.0,500279486,03/2025,21,09-10,0.001
2127570400.0,500279486,03/2025,22,09-10,0.001
2127570400.0,500279486,03/2025,23,09-10,0.0
2127570400.0,500279486,03/2025,24,09-10,0.001
2127570400.0,500279486,03/2025,25,09-10,0.0
2127570400.0,500279486,03/2025,26,09-10,0.0
2127570400.0,500279486,03/2025,27,09-10,0.001
2127570400.0,500279486,03/2025,28,09-10,0.001
2127570400.0,500279486,03/2025,29,09-10,0.001
2127570400.0,500279486,03/2025,30,09-10,0.0
2127570400.0,500279486,03/2025,31,09-10,0.001
2127570400.0,500279486,03/2025,1,10-11,0.001
2127570400.0,500279486,03/2025,2,10-11,0.0
2127570400.0,500279486,03/2025,3,10-11,0.001
2127570400.0,500279486,03/2025,4,10-11,0.0
2127570400.0,500279486,03/2025,5,10-11,0.0
2127570400.0,500279486,03/2025,6,10-11,0.0
2127570400.0,500279486,03/2025,7,10-11,0.0
2127570400.0,500279486,03/2025,8,10-11,0.001
2127570400.0,500279486,03/2025,9,10-11,0.0
2127570400.0,500279486,03/2025,10,10-11,0.001
2127570400.0,500279486,03/2025,11,10-11,0.0
2127570400.0,500279486,03/2025,12,10-11,0.001
2127570400.0,500279486,03/2025,13,10-11,0.0
2127570400.0,500279486,03/2025,14,10-11,0.001
2127570400.0,500279486,03/2025,15,10-11,0.0
2127570400.0,500279486,03/2025,17,10-11,0.001
2127570400.0,500279486,03/2025,18,10-11,0.0
2127570400.0,500279486,03/2025,19,10-11,0.001
2127570400.0,500279486,03/2025,20,10-11,0.001
2127570400.0,500279486,03/2025,21,10-11,0.0
2127570400.0,500279486,03/2025,22,10-11,0.0
2127570400.0,500279486,03/2025,23,10-11,0.001
2127570400.0,500279486,03/2025,24,10-11,0.0
2127570400.0,500279486,03/2025,25,10-11,0.001
2127570400.0,500279486,03/2025,26,10-11,0.001
2127570400.0,500279486,03/2025,27,10-11,0.0
2127570400.0,500279486,03/2025,28,10-11,0.0
2127570400.0,500279486,03/2025,29,10-11,0.0
2127570400.0,500279486,03/2025,30,10-11,0.001
2127570400.0,500279486,03/2025,31,10-11,0.0
2127570400.0,500279486,03/2025,1,11-12,0.0
2127570400.0,500279486,03/2025,2,11-12,0.001
2127570400.0,500279486,03/2025,3,11-12,0.592
2127570400.0,500279486,03/2025,4,11-12,0.001
2127570400.0,500279486,03/2025,5,11-12,0.001
2127570400.0,500279486,03/2025,6,11-12,0.001
2127570400.0,500279486,03/2025,7,11-12,0.001
2127570400.0,500279486,03/2025,8,11-12,0.0
2127570400.0,500279486,03/2025,9,11-12,0.001
2127570400.0,500279486,03/2025,10,11-12,0.0
2127570400.0,500279486,03/2025,11,11-12,0.001
2127570400.0,500279486,03/2025,12,11-12,0.0
2127570400.0,500279486,03/2025,13,11-12,0.001
2127570400.0,500279486,03/2025,14,11-12,0.0
2127570400.0,500279486,03/2025,15,11-12,0.0
2127570400.0,500279486,03/2025,16,11-12,0.0
2127570400.0,500279486,03/2025,17,11-12,0.0
2127570400.0,500279486,03/2025,18,11-12,0.001
2127570400.0,500279486,03/2025,19,11-12,0.0
2127570400.0,500279486,03/2025,20,11-12,0.0
2127570400.0,500279486,03/2025,21,11-12,0.001
2127570400.0,500279486,03/2025,22,11-12,0.001
2127570400.0,500279486,03/2025,23,11-12,0.0
2127570400.0,500279486,03/2025,24,11-12,0.001
2127570400.0,500279486,03/2025,25,11-12,0.0
2127570400.0,500279486,03/2025,26,11-12,0.0
2127570400.0,500279486,03/2025,27,11-12,0.001
2127570400.0,500279486,03/2025,28,11-12,0.001
2127570400.0,500279486,03/2025,29,11-12,0.001
2127570400.0,500279486,03/2025,30,11-12,0.0
2127570400.0,500279486,03/2025,31,11-12,0.001
2127570400.0,500279486,03/2025,1,12-13,0.001
2127570400.0,500279486,03/2025,2,12-13,0.0
2127570400.0,500279486,03/2025,3,12-13,0.001
2127570400.0,500279486,03/2025,4,12-13,0.0
2127570400.0,500279486,03/2025,5,12-13,0.0
2127570400.0,500279486,03/2025,6,12-13,0.0
2127570400.0,500279486,03/2025,7,12-13,0.0
2127570400.0,500279486,03/2025,8,12-13,0.001
2127570400.0,500279486,03/2025,9,12-13,0.0
2127570400.0,500279486,03/2025,10,12-13,0.001
2127570400.0,500279486,03/2025,11,12-13,0.0
2127570400.0,500279486,03/2025,12,12-13,0.001
2127570400.0,500279486,03/2025,13,12-13,0.0
2127570400.0,500279486,03/2025,14,12-13,0.001
2127570400.0,500279486,03/2025,15,12-13,0.001
2127570400.0,500279486,03/2025,16,12-13,0.001
2127570400.0,500279486,03/2025,17,12-13,0.001
2127570400.0,500279486,03/2025,18,12-13,0.0
2127570400.0,500279486,03/2025,19,12-13,0.001
2127570400.0,500279486,03/2025,20,12-13,0.001
2127570400.0,500279486,03/2025,21,12-13,0.0
2127570400.0,500279486,03/2025,22,12-13,0.0
2127570400.0,500279486,03/2025,23,12-13,0.001
2127570400.0,500279486,03/2025,24,12-13,0.0
2127570400.0,500279486,03/2025,25,12-13,0.001
2127570400.0,500279486,03/2025,26,12-13,0.001
2127570400.0,500279486,03/2025,27,12-13,0.0
2127570400.0,500279486,03/2025,28,12-13,0.0
2127570400.0,500279486,03/2025,29,12-13,0.0
2127570400.0,500279486,03/2025,30,12-13,0.001
2127570400.0,500279486,03/2025,31,12-13,0.0
2127570400.0,500279486,03/2025,1,13-14,0.0
2127570400.0,500279486,03/2025,2,13-14,0.001
2127570400.0,500279486,03/2025,3,13-14,0.0
2127570400.0,500279486,03/2025,4,13-14,0.001
2127570400.0,500279486,03/2025,6,13-14,0.001
2127570400.0,500279486,03/2025,7,13-14,0.001
2127570400.0,500279486,03/2025,8,13-14,0.0
2127570400.0,500279486,03/2025,9,13-14,0.001
2127570400.0,500279486,03/2025,10,13-14,0.0
2127570400.0,500279486,03/2025,11,13-14,0.001
2127570400.0,500279486,03/2025,12,13-14,0.0
2127570400.0,500279486,03/2025,13,13-14,0.001
2127570400.0,500279486,03/2025,14,13-14,0.0
2127570400.0,500279486,03/2025,15,13-14,0.0
2127570400.0,500279486,03/2025,16,13-14,0.0
2127570400.0,500279486,03/2025,17,13-14,0.0
2127570400.0,500279486,03/2025,18,13-14,0.001
2127570400.0,500279486,03/2025,19,13-14,0.0
2127570400.0,500279486,03/2025,20,13-14,0.0
2127570400.0,500279486,03/2025,21,13-14,0.001
2127570400.0,500279486,03/2025,22,13-14,0.001
2127570400.0,500279486,03/2025,23,13-14,0.0
2127570400.0,500279486,03/2025,24,13-14,0.001
2127570400.0,500279486,03/2025,25,13-14,0.0
2127570400.0,500279486,03/2025,26,13-14,0.0
2127570400.0,500279486,03/2025,27,13-14,0.001
2127570400.0,500279486,03/2025,28,13-14,0.001
2127570400.0,500279486,03/2025,29,13-14,0.001
2127570400.0,500279486,03/2025,30,13-14,0.0
2127570400.0,500279486,03/2025,31,13-14,0.001
2127570400.0,500279486,03/2025,1,14-15,0.001
2127570400.0,500279486,03/2025,2,14-15,0.0
2127570400.0,500279486,03/2025,3,14-15,0.001
2127570400.0,500279486,03/2025,4,14-15,0.0
2127570400.0,500279486,03/2025,5,14-15,0.0
2127570400.0,500279486,03/2025,6,14-15,0.0
2127570400.0,500279486,03/2025,7,14-15,0.0
2127570400.0,500279486,03/2025,8,14-15,0.001
2127570400.0,500279486,03/2025,9,14-15,0.0
2127570400.0,500279486,03/2025,10,14-15,0.001
2127570400.0,500279486,03/2025,11,14-15,0.0
2127570400.0,500279486,03/2025,12,14-15,0.001
2127570400.0,500279486,03/2025,13,14-15,0.0
2127570400.0,500279486,03/2025,14,14-15,0.001
2127570400.0,500279486,03/2025,15,14-15,0.001
2127570400.0,500279486,03/2025,16,14-15,0.001
2127570400.0,500279486,03/2025,17,14-15,0.001
2127570400.0,500279486,03/2025,18,14-15,0.0
2127570400.0,500279486,03/2025,19,14-15,0.001
2127570400.0,500279486,03/2025,20,14-15,0.001
2127570400.0,500279486,03/2025,21,14-15,0.0
2127570400.0,500279486,03/2025,22,14-15,0.0
2127570400.0,500279486,03/2025,23,14-15,0.001
2127570400.0,500279486,03/2025,24,14-15,0.0
2127570400.0,500279486,03/2025,25,14-15,0.001
2127570400.0,500279486,03/2025,26,14-15,0.001
2127570400.0,500279486,03/2025,27,14-15,0.0
2127570400.0,500279486,03/2025,28,14-15,0.0
2127570400.0,500279486,03/2025,29,14-15,0.0
2127570400.0,500279486,03/2025,30,14-15,0.001
2127570400.0,500279486,03/2025,31,14-15,0.0
2127570400.0,500279486,03/2025,1,15-16,0.0
2127570400.0,500279486,03/2025,2,15-16,0.001
2127570400.0,500279486,03/2025,3,15-16,0.0
2127570400.0,500279486,03/2025,4,15-16,0.001
2127570400.0,500279486,03/2025,5,15-16,0.001
2127570400.0,500279486,03/2025,6,15-16,0.001
2127570400.0,500279486,03/2025,7,15-16,0.001
2127570400.0,500279486,03/2025,8,15-16,0.0
2127570400.0,500279486,03/2025,9,15-16,0.001
2127570400.0,500279486,03/2025,10,15-16,0.0
2127570400.0,500279486,03/2025,11,15-16,0.001
2127570400.0,500279486,03/2025,12,15-16,0.0
2127570400.0,500279486,03/2025,13,15-16,0.001
2127570400.0,500279486,03/2025,14,15-16,0.0
2127570400.0,500279486,03/2025,15,15-16,0.0
2127570400.0,500279486,03/2025,16,15-16,0.0
2127570400.0,500279486,03/2025,17,15-16,0.0
2127570400.0,500279486,03/2025,18,15-16,0.001
2127570400.0,500279486,03/2025,19,15-16,0.0
2127570400.0,500279486,03/2025,20,15-16,0.0
2127570400.0,500279486,03/2025,21,15-16,0.0
2127570400.0,500279486,03/2025,22,15-16,0.001
2127570400.0,500279486,03/2025,23,15-16,0.0
2127570400.0,500279486,03/2025,24,15-16,0.001
2127570400.0,500279486,03/2025,25,15-16,0.0
2127570400.0,500279486,03/2025,26,15-16,0.0
2127570400.0,500279486,03/2025,27,15-16,0.001
2127570400.0,500279486,03/2025,28,15-16,0.001
2127570400.0,500279486,03/2025,29,15-16,0.001
2127570400.0,500279486,03/2025,30,15-16,0.0
2127570400.0,500279486,03/2025,31,15-16,0.001
2127570400.0,500279486,03/2025,1,16-17,0.001
2127570400.0,500279486,03/2025,2,16-17,0.0
2127570400.0,500279486,03/2025,3,16-17,0.001
2127570400.0,500279486,03/2025,4,16-17,0.0
2127570400.0,500279486,03/2025,5,16-17,0.0
2127570400.0,500279486,03/2025,6,16-17,0.0
2127570400.0,500279486,03/2025,7,16-17,0.0
2127570400.0,500279486,03/2025,8,16-17,0.001
2127570400.0,500279486,03/2025,9,16-17,0.0
2127570400.0,500279486,03/2025,10,16-17,0.001
2127570400.0,500279486,03/2025,11,16-17,0.0
2127570400.0,500279486,03/2025,12,16-17,0.001
2127570400.0,500279486,03/2025,13,16-17,0.0
2127570400.0,500279486,03/2025,14,16-17,0.001
2127570400.0,500279486,03/2025,15,16-17,0.001
2127570400.0,500279486,03/2025,16,16-17,0.001
2127570400.0,500279486,03/2025,17,16-17,0.001
2127570400.0,500279486,03/2025,18,16-17,0.0
2127570400.0,500279486,03/2025,19,16-17,0.001
2127570400.0,500279486,03/2025,20,16-17,0.001
2127570400.0,500279486,03/2025,21,16-17,0.001
2127570400.0,500279486,03/2025,22,16-17,0.0
2127570400.0,500279486,03/2025,23,16-17,0.001
2127570400.0,500279486,03/2025,24,16-17,0.0
2127570400.0,500279486,03/2025,25,16-17,0.001
2127570400.0,500279486,03/2025,26,16-17,0.001
2127570400.0,500279486,03/2025,27,16-17,0.0
2127570400.0,500279486,03/2025,28,16-17,0.0
2127570400.0,500279486,03/2025,29,16-17,0.0
2127570400.0,500279486,03/2025,30,16-17,0.001
2127570400.0,500279486,03/2025,31,16-17,0.0
2127570400.0,500279486,03/2025,1,17-18,0.0
2127570400.0,500279486,03/2025,2,17-18,0.001
2127570400.0,500279486,03/2025,3,17-18,0.0
2127570400.0,500279486,03/2025,4,17-18,0.001
2127570400.0,500279486,03/2025,5,17-18,0.001
2127570400.0,500279486,03/2025,6,17-18,0.001
2127570400.0,500279486,03/2025,7,17-18,0.001
2127570400.0,500279486,03/2025,8,17-18,0.0
2127570400.0,500279486,03/2025,9,17-18,0.001
2127570400.0,500279486,03/2025,10,17-18,0.0
2127570400.0,500279486,03/2025,11,17-18,0.001
2127570400.0,500279486,03/2025,12,17-18,0.0
2127570400.0,500279486,03/2025,13,17-18,0.001
2127570400.0,500279486,03/2025,14,17-18,0.0
2127570400.0,500279486,03/2025,15,17-18,0.0
2127570400.0,500279486,03/2025,16,17-18,0.0
2127570400.0,500279486,03/2025,17,17-18,0.0
2127570400.0,500279486,03/2025,18,17-18,0.001
2127570400.0,500279486,03/2025,19,17-18,0.0
2127570400.0,500279486,03/2025,20,17-18,0.0
2127570400.0,500279486,03/2025,21,17-18,0.0
2127570400.0,500279486,03/2025,22,17-18,0.001
2127570400.0,500279486,03/2025,23,17-18,0.0
2127570400.0,500279486,03/2025,24,17-18,0.001
2127570400.0,500279486,03/2025,25,17-18,0.0
2127570400.0,500279486,03/2025,26,17-18,0.0
2127570400.0,500279486,03/2025,27,17-18,0.001
2127570400.0,500279486,03/2025,28,17-18,0.001
2127570400.0,500279486,03/2025,29,17-18,0.001
2127570400.0,500279486,03/2025,30,17-18,0.0
2127570400.0,500279486,03/2025,31,17-18,0.001
2127570400.0,500279486,03/2025,1,18-19,0.517
2127570400.0,500279486,03/2025,2,18-19,0.408
2127570400.0,500279486,03/2025,3,18-19,0.313
2127570400.0,500279486,03/2025,4,18-19,0.209
2127570400.0,500279486,03/2025,5,18-19,0.117
2127570400.0,500279486,03/2025,6,18-19,0.0
2127570400.0,500279486,03/2025,7,18-19,0.0
2127570400.0,500279486,03/2025,8,18-19,0.001
2127570400.0,500279486,03/2025,9,18-19,0.0
2127570400.0,500279486,03/2025,10,18-19,0.001
2127570400.0,500279486,03/2025,11,18-19,0.0
2127570400.0,500279486,03/2025,12,18-19,0.001
2127570400.0,500279486,03/2025,13,18-19,0.0
2127570400.0,500279486,03/2025,14,18-19,0.001
2127570400.0,500279486,03/2025,15,18-19,0.001
2127570400.0,500279486,03/2025,16,18-19,0.001
2127570400.0,500279486,03/2025,17,18-19,0.001
2127570400.0,500279486,03/2025,18,18-19,0.0
2127570400.0,500279486,03/2025,19,18-19,0.001
2127570400.0,500279486,03/2025,20,18-19,0.001
2127570400.0,500279486,03/2025,21,18-19,0.001
2127570400.0,500279486,03/2025,22,18-19,0.0
2127570400.0,500279486,03/2025,23,18-19,0.001
2127570400.0,500279486,03/2025,24,18-19,0.0
2127570400.0,500279486,03/2025,25,18-19,0.001
2127570400.0,500279486,03/2025,26,18-19,0.001
2127570400.0,500279486,03/2025,27,18-19,0.0
2127570400.0,500279486,03/2025,28,18-19,0.0
2127570400.0,500279486,03/2025,29,18-19,0.0
2127570400.0,500279486,03/2025,30,18-19,0.001
2127570400.0,500279486,03/2025,31,18-19,0.0
2127570400.0,500279486,03/2025,1,19-20,6.845
2127570400.0,500279486,03/2025,2,19-20,6.766
2127570400.0,500279486,03/2025,3,19-20,6.851
2127570400.0,500279486,03/2025,4,19-20,6.863
2127570400.0,500279486,03/2025,5,19-20,6.805
2127570400.0,500279486,03/2025,6,19-20,6.761
2127570400.0,500279486,03/2025,7,19-20,6.653
2127570400.0,500279486,03/2025,8,19-20,6.434
2127570400.0,500279486,03/2025,9,19-20,6.367
2127570400.0,500279486,03/2025,10,19-20,6.21
2127570400.0,500279486,03/2025,11,19-20,6.195
2127570400.0,500279486,03/2025,12,19-20,6.043
2127570400.0,500279486,03/2025,13,19-20,5.931
2127570400.0,500279486,03/2025,14,19-20,5.848
2127570400.0,500279486,03/2025,15,19-20,5.816
2127570400.0,500279486,03/2025,16,19-20,5.537
2127570400.0,500279486,03/2025,17,19-20,0.0
2127570400.0,500279486,03/2025,18,19-20,5.281
2127570400.0,500279486,03/2025,19,19-20,5.213
2127570400.0,500279486,03/2025,20,19-20,5.074
2127570400.0,500279486,03/2025,21,19-20,4.923
2127570400.0,500279486,03/2025,22,19-20,4.851
2127570400.0,500279486,03/2025,23,19-20,4.734
2127570400.0,500279486,03/2025,24,19-20,4.605
2127570400.0,500279486,03/2025,25,19-20,4.518
2127570400.0,500279486,03/2025,26,19-20,4.414
2127570400.0,500279486,03/2025,27,19-20,4.219
2127570400.0,500279486,03/2025,28,19-20,4.058
2127570400.0,500279486,03/2025,29,19-20,4.12
2127570400.0,500279486,03/2025,30,19-20,4.018
2127570400.0,500279486,03/2025,31,19-20,3.8
2127570400.0,500279486,03/2025,1,20-21,6.791
2127570400.0,500279486,03/2025,2,20-21,6.78
2127570400.0,500279486,03/2025,3,20-21,6.737
2127570400.0,500279486,03/2025,4,20-21,6.841
2127570400.0,500279486,03/2025,5,20-21,6.722
2127570400.0,500279486,03/2025,6,20-21,6.803
2127570400.0,500279486,03/2025,7,20-21,6.865
2127570400.0,500279486,03/2025,8,20-21,6.74
2127570400.0,500279486,03/2025,9,20-21,6.911
2127570400.0,500279486,03/2025,10,20-21,6.8
2127570400.0,500279486,03/2025,11,20-21,6.883
2127570400.0,500279486,03/2025,12,20-21,6.877
2127570400.0,500279486,03/2025,13,20-21,6.845
2127570400.0,500279486,03/2025,14,20-21,6.871
2127570400.0,500279486,03/2025,15,20-21,6.871
2127570400.0,500279486,03/2025,16,20-21,7.002
2127570400.0,500279486,03/2025,18,20-21,6.803
2127570400.0,500279486,03/2025,19,20-21,6.886
2127570400.0,500279486,03/2025,20,20-21,6.833
2127570400.0,500279486,03/2025,21,20-21,6.825
2127570400.0,500279486,03/2025,22,20-21,6.872
2127570400.0,500279486,03/2025,23,20-21,7.033
2127570400.0,500279486,03/2025,24,20-21,6.97
2127570400.0,500279486,03/2025,25,20-21,6.941
2127570400.0,500279486,03/2025,26,20-21,6.909
2127570400.0,500279486,03/2025,27,20-21,6.836
2127570400.0,500279486,03/2025,28,20-21,6.811
2127570400.0,500279486,03/2025,29,20-21,7.108
2127570400.0,500279486,03/2025,30,20-21,7.046
2127570400.0,500279486,03/2025,31,20-21,7.028
2127570400.0,500279486,03/2025,1,21-22,6.839
2127570400.0,500279486,03/2025,2,21-22,6.85
2127570400.0,500279486,03/2025,3,21-22,6.833
2127570400.0,500279486,03/2025,4,21-22,6.894
2127570400.0,500279486,03/2025,5,21-22,6.903
2127570400.0,500279486,03/2025,6,21-22,6.914
2127570400.0,500279486,03/2025,7,21-22,6.882
2127570400.0,500279486,03/2025,8,21-22,6.825
2127570400.0,500279486,03/2025,9,21-22,7.009
2127570400.0,500279486,03/2025,10,21-22,6.914
2127570400.0,500279486,03/2025,11,21-22,6.946
2127570400.0,500279486,03/2025,12,21-22,6.959
2127570400.0,500279486,03/2025,13,21-22,6.932
2127570400.0,500279486,03/2025,14,21-22,6.949
2127570400.0,500279486,03/2025,15,21-22,6.768
2127570400.0,500279486,03/2025,16,21-22,7.077
2127570400.0,500279486,03/2025,18,21-22,6.889
2127570400.0,500279486,03/2025,19,21-22,6.965
2127570400.0,500279486,03/2025,20,21-22,6.992
2127570400.0,500279486,03/2025,21,21-22,6.905
2127570400.0,500279486,03/2025,22,21-22,6.918
2127570400.0,500279486,03/2025,23,21-22,7.039
2127570400.0,500279486,03/2025,24,21-22,6.995
2127570400.0,500279486,03/2025,25,21-22,6.967
2127570400.0,500279486,03/2025,26,21-22,6.91
2127570400.0,500279486,03/2025,27,21-22,6.825
2127570400.0,500279486,03/2025,28,21-22,6.848
2127570400.0,500279486,03/2025,29,21-22,7.156
2127570400.0,500279486,03/2025,30,21-22,7.061
2127570400.0,500279486,03/2025,31,21-22,7.119
2127570400.0,500279486,03/2025,1,22-23,6.908
2127570400.0,500279486,03/2025,2,22-23,6.917
2127570400.0,500279486,03/2025,3,22-23,6.971
2127570400.0,500279486,03/2025,4,22-23,6.962
2127570400.0,500279486,03/2025,5,22-23,6.923
2127570400.0,500279486,03/2025,6,22-23,6.95
2127570400.0,500279486,03/2025,7,22-23,6.863
2127570400.0,500279486,03/2025,8,22-23,6.926
2127570400.0,500279486,03/2025,9,22-23,7.053
2127570400.0,500279486,03/2025,10,22-23,6.963
2127570400.0,500279486,03/2025,11,22-23,6.946
2127570400.0,500279486,03/2025,12,22-23,7.025
2127570400.0,500279486,03/2025,13,22-23,7.017
2127570400.0,500279486,03/2025,14,22-23,7.027
2127570400.0,500279486,03/2025,15,22-23,6.769
2127570400.0,500279486,03/2025,16,22-23,7.08
2127570400.0,500279486,03/2025,17,22-23,0.0
2127570400.0,500279486,03/2025,18,22-23,7.013
2127570400.0,500279486,03/2025,19,22-23,7.055
2127570400.0,500279486,03/2025,20,22-23,7.018
2127570400.0,500279486,03/2025,21,22-23,7.01
2127570400.0,500279486,03/2025,22,22-23,7.007
2127570400.0,500279486,03/2025,23,22-23,7.025
2127570400.0,500279486,03/2025,24,22-23,7.071
2127570400.0,500279486,03/2025,25,22-23,7.024
2127570400.0,500279486,03/2025,26,22-23,6.99
2127570400.0,500279486,03/2025,27,22-23,6.894
2127570400.0,500279486,03/2025,28,22-23,6.895
2127570400.0,500279486,03/2025,29,22-23,7.232
2127570400.0,500279486,03/2025,30,22-23,7.144
2127570400.0,500279486,03/2025,31,22-23,7.181
2127570400.0,500279486,03/2025,1,23-24,6.957
2127570400.0,500279486,03/2025,2,23-24,6.926
2127570400.0,500279486,03/2025,3,23-24,7.035
2127570400.0,500279486,03/2025,4,23-24,7.008
2127570400.0,500279486,03/2025,5,23-24,7.023
2127570400.0,500279486,03/2025,6,23-24,7.055
2127570400.0,500279486,03/2025,7,23-24,6.976
2127570400.0,500279486,03/2025,8,23-24,6.995
2127570400.0,500279486,03/2025,9,23-24,7.067
2127570400.0,500279486,03/2025,10,23-24,7.028
2127570400.0,500279486,03/2025,11,23-24,6.932
2127570400.0,500279486,03/2025,12,23-24,7.059
2127570400.0,500279486,03/2025,13,23-24,7.023
2127570400.0,500279486,03/2025,14,23-24,6.996
2127570400.0,500279486,03/2025,15,23-24,6.793
2127570400.0,500279486,03/2025,16,23-24,7.045
2127570400.0,500279486,03/2025,17,23-24,7.095
2127570400.0,500279486,03/2025,18,23-24,6.947
2127570400.0,500279486,03/2025,19,23-24,7.058
2127570400.0,500279486,03/2025,20,23-24,7.044
2127570400.0,500279486,03/2025,21,23-24,7.001
2127570400.0,500279486,03/2025,22,23-24,7.066
2127570400.0,500279486,03/2025,23,23-24,7.007
2127570400.0,500279486,03/2025,24,23-24,7.064
2127570400.0,500279486,03/2025,25,23-24,7.078
2127570400.0,500279486,03/2025,26,23-24,7.024
2127570400.0,500279486,03/2025,27,23-24,6.975
2127570400.0,500279486,03/2025,28,23-24,7.003
2127570400.0,500279486,03/2025,29,23-24,7.259
2127570400.0,500279486,03/2025,30,23-24,7.222
2127570400.0,500279486,03/2025,31,23-24,7.231
2127570400.0,500279486,03/2025,1,23-24,89.01399999999998
2127570400.0,500279486,03/2025,2,23-24,89.04899999999998
2127570400.0,500279486,03/2025,3,23-24,89.08299999999998
2127570400.0,500279486,03/2025,4,23-24,88.328
2127570400.0,500279486,03/2025,5,23-24,87.87599999999999
2127570400.0,500279486,03/2025,6,23-24,87.364
2127570400.0,500279486,03/2025,7,23-24,86.89699999999999
2127570400.0,500279486,03/2025,8,23-24,86.81199999999998
2127570400.0,500279486,03/2025,9,23-24,87.37099999999998
2127570400.0,500279486,03/2025,10,23-24,86.12099999999998
2127570400.0,500279486,03/2025,11,23-24,85.68599999999998
2127570400.0,500279486,03/2025,12,23-24,57.53900000000001
2127570400.0,500279486,03/2025,13,23-24,85.72599999999998
2127570400.0,500279486,03/2025,14,23-24,85.28799999999998
2127570400.0,500279486,03/2025,15,23-24,84.85000000000001
2127570400.0,500279486,03/2025,16,23-24,83.42299999999999
2127570400.0,500279486,03/2025,17,23-24,59.04699999999999
2127570400.0,500279486,03/2025,18,23-24,84.446
2127570400.0,500279486,03/2025,19,23-24,83.80899999999997
2127570400.0,500279486,03/2025,20,23-24,84.12699999999998
2127570400.0,500279486,03/2025,21,23-24,83.286
2127570400.0,500279486,03/2025,22,23-24,82.92099999999999
2127570400.0,500279486,03/2025,23,23-24,82.86800000000001
2127570400.0,500279486,03/2025,24,23-24,82.989
2127570400.0,500279486,03/2025,25,23-24,82.297
2127570400.0,500279486,03/2025,26,23-24,82.28199999999998
2127570400.0,500279486,03/2025,27,23-24,80.82699999999998
2127570400.0,500279486,03/2025,28,23-24,80.32899999999998
2127570400.0,500279486,03/2025,29,23-24,81.58999999999997
2127570400.0,500279486,03/2025,30,23-24,83.45499999999998
2127570400.0,500279486,03/2025,31,23-24,83.62899999999998
2127570400.0,500279486,04/2025,1,00-01,7.269
2127570400.0,500279486,04/2025,2,00-01,7.143
2127570400.0,500279486,04/2025,3,00-01,7.079
2127570400.0,500279486,04/2025,4,00-01,7.038
2127570400.0,500279486,04/2025,5,00-01,7.159
2127570400.0,500279486,04/2025,6,00-01,7.202
2127570400.0,500279486,04/2025,7,00-01,7.192
2127570400.0,500279486,04/2025,8,00-01,7.064
2127570400.0,500279486,04/2025,9,00-01,7.08
2127570400.0,500279486,04/2025,10,00-01,7.169
2127570400.0,500279486,04/2025,11,00-01,7.051
2127570400.0,500279486,04/2025,12,00-01,6.939
2127570400.0,500279486,04/2025,13,00-01,6.998
2127570400.0,500279486,04/2025,14,00-01,7.181
2127570400.0,500279486,04/2025,15,00-01,7.119
2127570400.0,500279486,04/2025,16,00-01,7.145
2127570400.0,500279486,04/2025,17,00-01,6.98
2127570400.0,500279486,04/2025,18,00-01,7.13
2127570400.0,500279486,04/2025,19,00-01,6.93
2127570400.0,500279486,04/2025,20,00-01,7.156
2127570400.0,500279486,04/2025,21,00-01,7.14
2127570400.0,500279486,04/2025,22,00-01,7.021
2127570400.0,500279486,04/2025,23,00-01,7.008
2127570400.0,500279486,04/2025,24,00-01,7.175
2127570400.0,500279486,04/2025,25,00-01,6.991
2127570400.0,500279486,04/2025,26,00-01,6.982
2127570400.0,500279486,04/2025,27,00-01,6.986
2127570400.0,500279486,04/2025,28,00-01,6.986
2127570400.0,500279486,04/2025,29,00-01,6.986
2127570400.0,500279486,04/2025,30,00-01,7.004
2127570400.0,500279486,04/2025,1,01-02,7.388
2127570400.0,500279486,04/2025,2,01-02,7.222
2127570400.0,500279486,04/2025,3,01-02,7.155
2127570400.0,500279486,04/2025,4,01-02,7.154
2127570400.0,500279486,04/2025,5,01-02,7.258
2127570400.0,500279486,04/2025,6,01-02,7.224
2127570400.0,500279486,04/2025,7,01-02,7.204
2127570400.0,500279486,04/2025,8,01-02,7.143
2127570400.0,500279486,04/2025,9,01-02,7.124
2127570400.0,500279486,04/2025,10,01-02,7.165
2127570400.0,500279486,04/2025,11,01-02,7.118
2127570400.0,500279486,04/2025,12,01-02,7.039
2127570400.0,500279486,04/2025,13,01-02,7.187
2127570400.0,500279486,04/2025,14,01-02,7.203
2127570400.0,500279486,04/2025,15,01-02,7.171
2127570400.0,500279486,04/2025,16,01-02,7.214
2127570400.0,500279486,04/2025,17,01-02,7.053
2127570400.0,500279486,04/2025,18,01-02,7.08
2127570400.0,500279486,04/2025,19,01-02,7.074
2127570400.0,500279486,04/2025,20,01-02,7.231
2127570400.0,500279486,04/2025,21,01-02,7.163
2127570400.0,500279486,04/2025,22,01-02,7.104
2127570400.0,500279486,04/2025,23,01-02,7.044
2127570400.0,500279486,04/2025,24,01-02,7.204
2127570400.0,500279486,04/2025,25,01-02,7.095
2127570400.0,500279486,04/2025,26,01-02,7.016
2127570400.0,500279486,04/2025,27,01-02,7.025
2127570400.0,500279486,04/2025,28,01-02,7.102
2127570400.0,500279486,04/2025,29,01-02,7.005
2127570400.0,500279486,04/2025,30,01-02,7.1
2127570400.0,500279486,04/2025,1,02-03,7.483
2127570400.0,500279486,04/2025,2,02-03,7.306
2127570400.0,500279486,04/2025,3,02-03,7.227
2127570400.0,500279486,04/2025,4,02-03,7.226
2127570400.0,500279486,04/2025,5,02-03,7.279
2127570400.0,500279486,04/2025,6,02-03,7.262
2127570400.0,500279486,04/2025,7,02-03,7.285
2127570400.0,500279486,04/2025,8,02-03,7.237
2127570400.0,500279486,04/2025,9,02-03,7.182
2127570400.0,500279486,04/2025,10,02-03,7.241
2127570400.0,500279486,04/2025,11,02-03,7.189
2127570400.0,500279486,04/2025,12,02-03,7.103
2127570400.0,500279486,04/2025,13,02-03,7.167
2127570400.0,500279486,04/2025,14,02-03,7.302
2127570400.0,500279486,04/2025,15,02-03,7.268
2127570400.0,500279486,04/2025,16,02-03,7.261
2127570400.0,500279486,04/2025,17,02-03,7.11
2127570400.0,500279486,04/2025,18,02-03,7.127
2127570400.0,500279486,04/2025,19,02-03,7.211
2127570400.0,500279486,04/2025,20,02-03,7.217
2127570400.0,500279486,04/2025,21,02-03,7.218
2127570400.0,500279486,04/2025,22,02-03,7.088
2127570400.0,500279486,04/2025,23,02-03,7.05
2127570400.0,500279486,04/2025,24,02-03,7.242
2127570400.0,500279486,04/2025,25,02-03,7.137
2127570400.0,500279486,04/2025,26,02-03,7.1
2127570400.0,500279486,04/2025,27,02-03,6.968
2127570400.0,500279486,04/2025,28,02-03,7.121
2127570400.0,500279486,04/2025,29,02-03,7.073
2127570400.0,500279486,04/2025,30,02-03,7.067
2127570400.0,500279486,04/2025,1,03-04,7.532
2127570400.0,500279486,04/2025,2,03-04,7.318
2127570400.0,500279486,04/2025,3,03-04,7.263
2127570400.0,500279486,04/2025,4,03-04,7.23
2127570400.0,500279486,04/2025,5,03-04,7.314
2127570400.0,500279486,04/2025,6,03-04,7.334
2127570400.0,500279486,04/2025,7,03-04,7.337
2127570400.0,500279486,04/2025,8,03-04,7.123
2127570400.0,500279486,04/2025,9,03-04,7.199
2127570400.0,500279486,04/2025,10,03-04,7.294
2127570400.0,500279486,04/2025,11,03-04,7.235
2127570400.0,500279486,04/2025,12,03-04,7.124
2127570400.0,500279486,04/2025,13,03-04,7.236
2127570400.0,500279486,04/2025,14,03-04,7.349
2127570400.0,500279486,04/2025,15,03-04,7.317
2127570400.0,500279486,04/2025,16,03-04,7.306
2127570400.0,500279486,04/2025,17,03-04,7.15
2127570400.0,500279486,04/2025,18,03-04,7.154
2127570400.0,500279486,04/2025,19,03-04,7.228
2127570400.0,500279486,04/2025,20,03-04,7.215
2127570400.0,500279486,04/2025,21,03-04,7.266
2127570400.0,500279486,04/2025,22,03-04,7.115
2127570400.0,500279486,04/2025,23,03-04,6.998
2127570400.0,500279486,04/2025,24,03-04,7.091
2127570400.0,500279486,04/2025,25,03-04,7.137
2127570400.0,500279486,04/2025,26,03-04,7.141
2127570400.0,500279486,04/2025,27,03-04,6.997
2127570400.0,500279486,04/2025,28,03-04,7.15
2127570400.0,500279486,04/2025,29,03-04,7.127
2127570400.0,500279486,04/2025,30,03-04,7.115
2127570400.0,500279486,04/2025,1,04-05,7.509
2127570400.0,500279486,04/2025,2,04-05,7.288
2127570400.0,500279486,04/2025,3,04-05,7.276
2127570400.0,500279486,04/2025,4,04-05,7.233
2127570400.0,500279486,04/2025,5,04-05,7.358
2127570400.0,500279486,04/2025,6,04-05,7.391
2127570400.0,500279486,04/2025,7,04-05,7.374
2127570400.0,500279486,04/2025,8,04-05,7.153
2127570400.0,500279486,04/2025,9,04-05,7.212
2127570400.0,500279486,04/2025,10,04-05,7.238
2127570400.0,500279486,04/2025,11,04-05,7.263
2127570400.0,500279486,04/2025,12,04-05,7.162
2127570400.0,500279486,04/2025,13,04-05,7.266
2127570400.0,500279486,04/2025,14,04-05,7.359
2127570400.0,500279486,04/2025,15,04-05,7.288
2127570400.0,500279486,04/2025,16,04-05,7.314
2127570400.0,500279486,04/2025,17,04-05,7.18
2127570400.0,500279486,04/2025,18,04-05,7.15
2127570400.0,500279486,04/2025,19,04-05,7.289
2127570400.0,500279486,04/2025,20,04-05,7.243
2127570400.0,500279486,04/2025,21,04-05,7.313
2127570400.0,500279486,04/2025,22,04-05,7.144
2127570400.0,500279486,04/2025,23,04-05,6.736
2127570400.0,500279486,04/2025,24,04-05,7.213
2127570400.0,500279486,04/2025,25,04-05,7.152
2127570400.0,500279486,04/2025,26,04-05,7.233
2127570400.0,500279486,04/2025,27,04-05,7.051
2127570400.0,500279486,04/2025,28,04-05,7.121
2127570400.0,500279486,04/2025,29,04-05,7.137
2127570400.0,500279486,04/2025,30,04-05,7.157
2127570400.0,500279486,04/2025,1,05-06,7.504
2127570400.0,500279486,04/2025,2,05-06,7.232
2127570400.0,500279486,04/2025,3,05-06,7.266
2127570400.0,500279486,04/2025,4,05-06,7.213
2127570400.0,500279486,04/2025,5,05-06,7.349
2127570400.0,500279486,04/2025,6,05-06,7.385
2127570400.0,500279486,04/2025,7,05-06,7.341
2127570400.0,500279486,04/2025,8,05-06,7.133
2127570400.0,500279486,04/2025,9,05-06,7.207
2127570400.0,500279486,04/2025,10,05-06,7.224
2127570400.0,500279486,04/2025,11,05-06,7.241
2127570400.0,500279486,04/2025,12,05-06,7.151
2127570400.0,500279486,04/2025,13,05-06,7.298
2127570400.0,500279486,04/2025,14,05-06,7.336
2127570400.0,500279486,04/2025,15,05-06,7.251
2127570400.0,500279486,04/2025,16,05-06,7.202
2127570400.0,500279486,04/2025,17,05-06,7.171
2127570400.0,500279486,04/2025,18,05-06,7.135
2127570400.0,500279486,04/2025,19,05-06,7.281
2127570400.0,500279486,04/2025,20,05-06,7.231
2127570400.0,500279486,04/2025,21,05-06,7.294
2127570400.0,500279486,04/2025,22,05-06,7.15
2127570400.0,500279486,04/2025,23,05-06,6.722
2127570400.0,500279486,04/2025,24,05-06,7.211
2127570400.0,500279486,04/2025,25,05-06,7.115
2127570400.0,500279486,04/2025,26,05-06,7.308
2127570400.0,500279486,04/2025,27,05-06,7.082
2127570400.0,500279486,04/2025,28,05-06,7.103
2127570400.0,500279486,04/2025,29,05-06,7.136
2127570400.0,500279486,04/2025,30,05-06,7.135
2127570400.0,500279486,04/2025,1,06-07,5.867
2127570400.0,500279486,04/2025,2,06-07,5.402
2127570400.0,500279486,04/2025,3,06-07,5.198
2127570400.0,500279486,04/2025,4,06-07,5.018
2127570400.0,500279486,04/2025,5,06-07,4.888
2127570400.0,500279486,04/2025,6,06-07,4.677
2127570400.0,500279486,04/2025,7,06-07,4.481
2127570400.0,500279486,04/2025,8,06-07,4.13
2127570400.0,500279486,04/2025,9,06-07,4.04
2127570400.0,500279486,04/2025,10,06-07,3.814
2127570400.0,500279486,04/2025,11,06-07,3.589
2127570400.0,500279486,04/2025,12,06-07,3.437
2127570400.0,500279486,04/2025,13,06-07,3.268
2127570400.0,500279486,04/2025,14,06-07,3.14
2127570400.0,500279486,04/2025,15,06-07,2.866
2127570400.0,500279486,04/2025,16,06-07,2.702
2127570400.0,500279486,04/2025,17,06-07,2.468
2127570400.0,500279486,04/2025,18,06-07,2.333
2127570400.0,500279486,04/2025,19,06-07,2.138
2127570400.0,500279486,04/2025,20,06-07,2.0
2127570400.0,500279486,04/2025,21,06-07,1.768
2127570400.0,500279486,04/2025,22,06-07,1.611
2127570400.0,500279486,04/2025,23,06-07,1.312
2127570400.0,500279486,04/2025,24,06-07,1.261
2127570400.0,500279486,04/2025,25,06-07,1.005
2127570400.0,500279486,04/2025,26,06-07,0.915
2127570400.0,500279486,04/2025,27,06-07,0.765
2127570400.0,500279486,04/2025,28,06-07,0.521
2127570400.0,500279486,04/2025,29,06-07,0.403
2127570400.0,500279486,04/2025,30,06-07,0.281
2127570400.0,500279486,04/2025,1,07-08,0.001
2127570400.0,500279486,04/2025,2,07-08,0.001
2127570400.0,500279486,04/2025,3,07-08,0.0
2127570400.0,500279486,04/2025,4,07-08,0.0
2127570400.0,500279486,04/2025,5,07-08,0.001
2127570400.0,500279486,04/2025,6,07-08,0.0
2127570400.0,500279486,04/2025,7,07-08,0.0
2127570400.0,500279486,04/2025,8,07-08,0.0
2127570400.0,500279486,04/2025,9,07-08,0.0
2127570400.0,500279486,04/2025,10,07-08,0.001
2127570400.0,500279486,04/2025,11,07-08,0.0
2127570400.0,500279486,04/2025,12,07-08,0.0
2127570400.0,500279486,04/2025,13,07-08,0.0
2127570400.0,500279486,04/2025,14,07-08,0.001
2127570400.0,500279486,04/2025,15,07-08,0.0
2127570400.0,500279486,04/2025,16,07-08,0.001
2127570400.0,500279486,04/2025,17,07-08,0.0
2127570400.0,500279486,04/2025,18,07-08,0.0
2127570400.0,500279486,04/2025,19,07-08,0.001
2127570400.0,500279486,04/2025,20,07-08,0.0
2127570400.0,500279486,04/2025,21,07-08,0.001
2127570400.0,500279486,04/2025,22,07-08,0.0
2127570400.0,500279486,04/2025,23,07-08,0.0
2127570400.0,500279486,04/2025,24,07-08,0.001
2127570400.0,500279486,04/2025,25,07-08,0.001
2127570400.0,500279486,04/2025,26,07-08,0.0
2127570400.0,500279486,04/2025,27,07-08,0.0
2127570400.0,500279486,04/2025,28,07-08,0.0
2127570400.0,500279486,04/2025,29,07-08,0.001
2127570400.0,500279486,04/2025,30,07-08,0.001
2127570400.0,500279486,04/2025,1,08-09,0.0
2127570400.0,500279486,04/2025,2,08-09,0.0
2127570400.0,500279486,04/2025,3,08-09,0.001
2127570400.0,500279486,04/2025,4,08-09,0.001
2127570400.0,500279486,04/2025,5,08-09,0.0
2127570400.0,500279486,04/2025,6,08-09,0.001
2127570400.0,500279486,04/2025,7,08-09,0.001
2127570400.0,500279486,04/2025,8,08-09,0.001
2127570400.0,500279486,04/2025,9,08-09,0.001
2127570400.0,500279486,04/2025,10,08-09,0.0
2127570400.0,500279486,04/2025,11,08-09,0.001
2127570400.0,500279486,04/2025,12,08-09,0.001
2127570400.0,500279486,04/2025,13,08-09,0.001
2127570400.0,500279486,04/2025,14,08-09,0.0
2127570400.0,500279486,04/2025,15,08-09,0.001
2127570400.0,500279486,04/2025,16,08-09,0.0
2127570400.0,500279486,04/2025,17,08-09,0.001
2127570400.0,500279486,04/2025,18,08-09,0.001
2127570400.0,500279486,04/2025,19,08-09,0.0
2127570400.0,500279486,04/2025,20,08-09,0.001
2127570400.0,500279486,04/2025,21,08-09,0.0
2127570400.0,500279486,04/2025,22,08-09,0.001
2127570400.0,500279486,04/2025,23,08-09,0.001
2127570400.0,500279486,04/2025,24,08-09,0.0
2127570400.0,500279486,04/2025,25,08-09,0.0
2127570400.0,500279486,04/2025,26,08-09,0.001
2127570400.0,500279486,04/2025,27,08-09,0.0
2127570400.0,500279486,04/2025,28,08-09,0.001
2127570400.0,500279486,04/2025,29,08-09,0.0
2127570400.0,500279486,04/2025,30,08-09,0.0
2127570400.0,500279486,04/2025,1,09-10,0.001
2127570400.0,500279486,04/2025,2,09-10,0.0
2127570400.0,500279486,04/2025,3,09-10,0.0
2127570400.0,500279486,04/2025,4,09-10,0.0
2127570400.0,500279486,04/2025,5,09-10,0.001
2127570400.0,500279486,04/2025,6,09-10,0.0
2127570400.0,500279486,04/2025,7,09-10,0.0
2127570400.0,500279486,04/2025,8,09-10,0.0
2127570400.0,500279486,04/2025,9,09-10,0.0
2127570400.0,500279486,04/2025,10,09-10,0.001
2127570400.0,500279486,04/2025,11,09-10,0.0
2127570400.0,500279486,04/2025,12,09-10,0.0
2127570400.0,500279486,04/2025,13,09-10,0.0
2127570400.0,500279486,04/2025,14,09-10,0.001
2127570400.0,500279486,04/2025,15,09-10,0.0
2127570400.0,500279486,04/2025,16,09-10,0.001
2127570400.0,500279486,04/2025,17,09-10,0.0
2127570400.0,500279486,04/2025,18,09-10,0.0
2127570400.0,500279486,04/2025,19,09-10,0.001
2127570400.0,500279486,04/2025,20,09-10,0.0
2127570400.0,500279486,04/2025,21,09-10,0.001
2127570400.0,500279486,04/2025,22,09-10,0.0
2127570400.0,500279486,04/2025,23,09-10,0.0
2127570400.0,500279486,04/2025,24,09-10,0.0
2127570400.0,500279486,04/2025,25,09-10,0.001
2127570400.0,500279486,04/2025,26,09-10,0.0
2127570400.0,500279486,04/2025,27,09-10,0.001
2127570400.0,500279486,04/2025,28,09-10,0.0
2127570400.0,500279486,04/2025,29,09-10,0.001
2127570400.0,500279486,04/2025,30,09-10,0.001
2127570400.0,500279486,04/2025,1,10-11,0.0
2127570400.0,500279486,04/2025,2,10-11,0.001
2127570400.0,500279486,04/2025,3,10-11,0.001
2127570400.0,500279486,04/2025,4,10-11,0.001
2127570400.0,500279486,04/2025,5,10-11,0.0
2127570400.0,500279486,04/2025,6,10-11,0.001
2127570400.0,500279486,04/2025,7,10-11,0.001
2127570400.0,500279486,04/2025,8,10-11,0.001
2127570400.0,500279486,04/2025,9,10-11,0.001
2127570400.0,500279486,04/2025,10,10-11,0.0
2127570400.0,500279486,04/2025,11,10-11,0.001
2127570400.0,500279486,04/2025,12,10-11,0.001
2127570400.0,500279486,04/2025,13,10-11,0.001
2127570400.0,500279486,04/2025,14,10-11,0.0
2127570400.0,500279486,04/2025,15,10-11,0.001
2127570400.0,500279486,04/2025,16,10-11,0.0
2127570400.0,500279486,04/2025,17,10-11,0.0
2127570400.0,500279486,04/2025,18,10-11,0.001
2127570400.0,500279486,04/2025,19,10-11,0.0
2127570400.0,500279486,04/2025,20,10-11,0.001
2127570400.0,500279486,04/2025,21,10-11,0.0
2127570400.0,500279486,04/2025,22,10-11,0.001
2127570400.0,500279486,04/2025,23,10-11,0.001
2127570400.0,500279486,04/2025,24,10-11,0.001
2127570400.0,500279486,04/2025,25,10-11,0.0
2127570400.0,500279486,04/2025,26,10-11,0.001
2127570400.0,500279486,04/2025,27,10-11,0.0
2127570400.0,500279486,04/2025,28,10-11,0.001
2127570400.0,500279486,04/2025,29,10-11,0.0
2127570400.0,500279486,04/2025,30,10-11,0.0
2127570400.0,500279486,04/2025,1,11-12,0.001
2127570400.0,500279486,04/2025,2,11-12,0.0
2127570400.0,500279486,04/2025,3,11-12,0.0
2127570400.0,500279486,04/2025,4,11-12,0.0
2127570400.0,500279486,04/2025,5,11-12,0.001
2127570400.0,500279486,04/2025,6,11-12,0.0
2127570400.0,500279486,04/2025,7,11-12,0.0
2127570400.0,500279486,04/2025,8,11-12,0.0
2127570400.0,500279486,04/2025,9,11-12,0.0
2127570400.0,500279486,04/2025,10,11-12,0.001
2127570400.0,500279486,04/2025,11,11-12,0.0
2127570400.0,500279486,04/2025,12,11-12,0.0
2127570400.0,500279486,04/2025,13,11-12,0.0
2127570400.0,500279486,04/2025,14,11-12,0.001
2127570400.0,500279486,04/2025,15,11-12,0.0
2127570400.0,500279486,04/2025,16,11-12,0.001
2127570400.0,500279486,04/2025,17,11-12,0.001
2127570400.0,500279486,04/2025,18,11-12,0.0
2127570400.0,500279486,04/2025,19,11-12,0.001
2127570400.0,500279486,04/2025,20,11-12,0.0
2127570400.0,500279486,04/2025,21,11-12,0.001
2127570400.0,500279486,04/2025,22,11-12,0.0
2127570400.0,500279486,04/2025,23,11-12,0.0
2127570400.0,500279486,04/2025,24,11-12,0.0
2127570400.0,500279486,04/2025,25,11-12,0.001
2127570400.0,500279486,04/2025,26,11-12,0.0
2127570400.0,500279486,04/2025,27,11-12,0.001
2127570400.0,500279486,04/2025,28,11-12,0.0
2127570400.0,500279486,04/2025,29,11-12,0.001
2127570400.0,500279486,04/2025,30,11-12,0.001
2127570400.0,500279486,04/2025,1,12-13,0.0
2127570400.0,500279486,04/2025,2,12-13,0.001
2127570400.0,500279486,04/2025,3,12-13,0.001
2127570400.0,500279486,04/2025,4,12-13,0.001
2127570400.0,500279486,04/2025,5,12-13,0.0
2127570400.0,500279486,04/2025,6,12-13,0.001
2127570400.0,500279486,04/2025,7,12-13,0.001
2127570400.0,500279486,04/2025,8,12-13,0.001
2127570400.0,500279486,04/2025,9,12-13,0.001
2127570400.0,500279486,04/2025,10,12-13,0.0
2127570400.0,500279486,04/2025,11,12-13,0.001
2127570400.0,500279486,04/2025,12,12-13,0.001
2127570400.0,500279486,04/2025,13,12-13,0.001
2127570400.0,500279486,04/2025,14,12-13,0.0
2127570400.0,500279486,04/2025,15,12-13,0.0
2127570400.0,500279486,04/2025,16,12-13,0.0
2127570400.0,500279486,04/2025,17,12-13,0.0
2127570400.0,500279486,04/2025,18,12-13,0.001
2127570400.0,500279486,04/2025,19,12-13,0.0
2127570400.0,500279486,04/2025,20,12-13,0.001
2127570400.0,500279486,04/2025,21,12-13,0.0
2127570400.0,500279486,04/2025,22,12-13,0.001
2127570400.0,500279486,04/2025,23,12-13,0.001
2127570400.0,500279486,04/2025,24,12-13,0.001
2127570400.0,500279486,04/2025,25,12-13,0.0
2127570400.0,500279486,04/2025,26,12-13,0.001
2127570400.0,500279486,04/2025,27,12-13,0.0
2127570400.0,500279486,04/2025,28,12-13,0.001
2127570400.0,500279486,04/2025,29,12-13,0.0
2127570400.0,500279486,04/2025,30,12-13,0.0
2127570400.0,500279486,04/2025,1,13-14,0.001
2127570400.0,500279486,04/2025,2,13-14,0.0
2127570400.0,500279486,04/2025,3,13-14,0.0
2127570400.0,500279486,04/2025,4,13-14,0.0
2127570400.0,500279486,04/2025,5,13-14,0.001
2127570400.0,500279486,04/2025,6,13-14,0.0
2127570400.0,500279486,04/2025,7,13-14,0.0
2127570400.0,500279486,04/2025,8,13-14,0.0
2127570400.0,500279486,04/2025,9,13-14,0.0
2127570400.0,500279486,04/2025,10,13-14,0.001
2127570400.0,500279486,04/2025,11,13-14,0.0
2127570400.0,500279486,04/2025,12,13-14,0.0
2127570400.0,500279486,04/2025,13,13-14,0.0
2127570400.0,500279486,04/2025,14,13-14,0.001
2127570400.0,500279486,04/2025,15,13-14,0.001
2127570400.0,500279486,04/2025,16,13-14,0.001
2127570400.0,500279486,04/2025,17,13-14,0.001
2127570400.0,500279486,04/2025,18,13-14,0.0
2127570400.0,500279486,04/2025,19,13-14,0.001
2127570400.0,500279486,04/2025,20,13-14,0.0
2127570400.0,500279486,04/2025,21,13-14,0.001
2127570400.0,500279486,04/2025,22,13-14,0.0
2127570400.0,500279486,04/2025,23,13-14,0.0
2127570400.0,500279486,04/2025,24,13-14,0.0
2127570400.0,500279486,04/2025,25,13-14,0.001
2127570400.0,500279486,04/2025,26,13-14,0.0
2127570400.0,500279486,04/2025,27,13-14,0.001
2127570400.0,500279486,04/2025,28,13-14,0.0
2127570400.0,500279486,04/2025,29,13-14,0.001
2127570400.0,500279486,04/2025,30,13-14,0.001
2127570400.0,500279486,04/2025,1,14-15,0.0
2127570400.0,500279486,04/2025,2,14-15,0.001
2127570400.0,500279486,04/2025,3,14-15,0.001
2127570400.0,500279486,04/2025,4,14-15,0.001
2127570400.0,500279486,04/2025,5,14-15,0.0
2127570400.0,500279486,04/2025,6,14-15,0.001
2127570400.0,500279486,04/2025,7,14-15,0.001
2127570400.0,500279486,04/2025,8,14-15,0.0
2127570400.0,500279486,04/2025,9,14-15,0.001
2127570400.0,500279486,04/2025,10,14-15,0.0
2127570400.0,500279486,04/2025,11,14-15,0.001
2127570400.0,500279486,04/2025,12,14-15,0.001
2127570400.0,500279486,04/2025,13,14-15,0.001
2127570400.0,500279486,04/2025,14,14-15,0.0
2127570400.0,500279486,04/2025,15,14-15,0.0
2127570400.0,500279486,04/2025,16,14-15,0.0
2127570400.0,500279486,04/2025,17,14-15,0.0
2127570400.0,500279486,04/2025,18,14-15,0.001
2127570400.0,500279486,04/2025,19,14-15,0.0
2127570400.0,500279486,04/2025,20,14-15,0.001
2127570400.0,500279486,04/2025,21,14-15,0.0
2127570400.0,500279486,04/2025,22,14-15,0.0
2127570400.0,500279486,04/2025,23,14-15,0.001
2127570400.0,500279486,04/2025,24,14-15,0.001
2127570400.0,500279486,04/2025,25,14-15,0.0
2127570400.0,500279486,04/2025,26,14-15,0.001
2127570400.0,500279486,04/2025,27,14-15,0.0
2127570400.0,500279486,04/2025,28,14-15,0.001
2127570400.0,500279486,04/2025,29,14-15,0.0
2127570400.0,500279486,04/2025,30,14-15,0.0
2127570400.0,500279486,04/2025,1,15-16,0.001
2127570400.0,500279486,04/2025,2,15-16,0.0
2127570400.0,500279486,04/2025,3,15-16,0.0
2127570400.0,500279486,04/2025,4,15-16,0.0
2127570400.0,500279486,04/2025,5,15-16,0.001
2127570400.0,500279486,04/2025,6,15-16,0.0
2127570400.0,500279486,04/2025,7,15-16,0.0
2127570400.0,500279486,04/2025,8,15-16,0.001
2127570400.0,500279486,04/2025,9,15-16,0.0
2127570400.0,500279486,04/2025,10,15-16,0.001
2127570400.0,500279486,04/2025,11,15-16,0.0
2127570400.0,500279486,04/2025,12,15-16,0.0
2127570400.0,500279486,04/2025,13,15-16,0.0
2127570400.0,500279486,04/2025,14,15-16,0.001
2127570400.0,500279486,04/2025,15,15-16,0.001
2127570400.0,500279486,04/2025,16,15-16,0.001
2127570400.0,500279486,04/2025,17,15-16,0.001
2127570400.0,500279486,04/2025,18,15-16,0.0
2127570400.0,500279486,04/2025,19,15-16,0.001
2127570400.0,500279486,04/2025,20,15-16,0.0
2127570400.0,500279486,04/2025,21,15-16,0.001
2127570400.0,500279486,04/2025,22,15-16,0.001
2127570400.0,500279486,04/2025,23,15-16,0.0
2127570400.0,500279486,04/2025,24,15-16,0.0
2127570400.0,500279486,04/2025,25,15-16,0.001
2127570400.0,500279486,04/2025,26,15-16,0.0
2127570400.0,500279486,04/2025,27,15-16,0.001
2127570400.0,500279486,04/2025,28,15-16,0.0
2127570400.0,500279486,04/2025,29,15-16,0.001
2127570400.0,500279486,04/2025,30,15-16,0.001
2127570400.0,500279486,04/2025,1,16-17,0.0
2127570400.0,500279486,04/2025,2,16-17,0.001
2127570400.0,500279486,04/2025,3,16-17,0.001
2127570400.0,500279486,04/2025,4,16-17,0.001
2127570400.0,500279486,04/2025,5,16-17,0.0
2127570400.0,500279486,04/2025,6,16-17,0.001
2127570400.0,500279486,04/2025,7,16-17,0.001
2127570400.0,500279486,04/2025,8,16-17,0.0
2127570400.0,500279486,04/2025,9,16-17,0.001
2127570400.0,500279486,04/2025,10,16-17,0.0
2127570400.0,500279486,04/2025,11,16-17,0.001
2127570400.0,500279486,04/2025,12,16-17,0.001
2127570400.0,500279486,04/2025,13,16-17,0.001
2127570400.0,500279486,04/2025,14,16-17,0.0
2127570400.0,500279486,04/2025,15,16-17,0.0
2127570400.0,500279486,04/2025,16,16-17,0.0
2127570400.0,500279486,04/2025,17,16-17,0.0
2127570400.0,500279486,04/2025,18,16-17,0.001
2127570400.0,500279486,04/2025,19,16-17,0.0
2127570400.0,500279486,04/2025,20,16-17,0.001
2127570400.0,500279486,04/2025,21,16-17,0.0
2127570400.0,500279486,04/2025,22,16-17,0.0
2127570400.0,500279486,04/2025,23,16-17,0.001
2127570400.0,500279486,04/2025,24,16-17,0.001
2127570400.0,500279486,04/2025,25,16-17,0.0
2127570400.0,500279486,04/2025,26,16-17,0.001
2127570400.0,500279486,04/2025,27,16-17,0.0
2127570400.0,500279486,04/2025,28,16-17,0.001
2127570400.0,500279486,04/2025,29,16-17,0.0
2127570400.0,500279486,04/2025,30,16-17,0.0
2127570400.0,500279486,04/2025,1,17-18,0.001
2127570400.0,500279486,04/2025,2,17-18,0.0
2127570400.0,500279486,04/2025,3,17-18,0.0
2127570400.0,500279486,04/2025,4,17-18,0.0
2127570400.0,500279486,04/2025,5,17-18,0.001
2127570400.0,500279486,04/2025,6,17-18,0.0
2127570400.0,500279486,04/2025,7,17-18,0.0
2127570400.0,500279486,04/2025,8,17-18,0.001
2127570400.0,500279486,04/2025,9,17-18,0.0
2127570400.0,500279486,04/2025,10,17-18,0.0
2127570400.0,500279486,04/2025,11,17-18,0.0
2127570400.0,500279486,04/2025,12,17-18,0.0
2127570400.0,500279486,04/2025,13,17-18,0.0
2127570400.0,500279486,04/2025,14,17-18,0.001
2127570400.0,500279486,04/2025,15,17-18,0.001
2127570400.0,500279486,04/2025,16,17-18,0.001
2127570400.0,500279486,04/2025,17,17-18,0.001
2127570400.0,500279486,04/2025,18,17-18,0.0
2127570400.0,500279486,04/2025,19,17-18,0.001
2127570400.0,500279486,04/2025,20,17-18,0.0
2127570400.0,500279486,04/2025,21,17-18,0.001
2127570400.0,500279486,04/2025,22,17-18,0.001
2127570400.0,500279486,04/2025,23,17-18,0.0
2127570400.0,500279486,04/2025,24,17-18,0.0
2127570400.0,500279486,04/2025,25,17-18,0.001
2127570400.0,500279486,04/2025,26,17-18,0.0
2127570400.0,500279486,04/2025,27,17-18,0.001
2127570400.0,500279486,04/2025,28,17-18,0.0
2127570400.0,500279486,04/2025,29,17-18,0.001
2127570400.0,500279486,04/2025,30,17-18,0.0
2127570400.0,500279486,04/2025,1,18-19,0.0
2127570400.0,500279486,04/2025,2,18-19,0.001
2127570400.0,500279486,04/2025,3,18-19,0.001
2127570400.0,500279486,04/2025,4,18-19,0.001
2127570400.0,500279486,04/2025,5,18-19,0.0
2127570400.0,500279486,04/2025,6,18-19,0.001
2127570400.0,500279486,04/2025,7,18-19,0.001
2127570400.0,500279486,04/2025,8,18-19,0.0
2127570400.0,500279486,04/2025,9,18-19,0.001
2127570400.0,500279486,04/2025,10,18-19,0.001
2127570400.0,500279486,04/2025,11,18-19,0.001
2127570400.0,500279486,04/2025,12,18-19,0.001
2127570400.0,500279486,04/2025,13,18-19,0.001
2127570400.0,500279486,04/2025,14,18-19,0.0
2127570400.0,500279486,04/2025,15,18-19,0.0
2127570400.0,500279486,04/2025,16,18-19,0.0
2127570400.0,500279486,04/2025,17,18-19,0.0
2127570400.0,500279486,04/2025,18,18-19,0.001
2127570400.0,500279486,04/2025,19,18-19,0.0
2127570400.0,500279486,04/2025,20,18-19,0.0
2127570400.0,500279486,04/2025,21,18-19,0.0
2127570400.0,500279486,04/2025,22,18-19,0.0
2127570400.0,500279486,04/2025,23,18-19,0.001
2127570400.0,500279486,04/2025,24,18-19,0.001
2127570400.0,500279486,04/2025,25,18-19,0.0
2127570400.0,500279486,04/2025,26,18-19,0.001
2127570400.0,500279486,04/2025,27,18-19,0.0
2127570400.0,500279486,04/2025,28,18-19,0.001
2127570400.0,500279486,04/2025,29,18-19,0.0
2127570400.0,500279486,04/2025,30,18-19,0.001
2127570400.0,500279486,04/2025,1,19-20,3.663
2127570400.0,500279486,04/2025,2,19-20,3.47
2127570400.0,500279486,04/2025,3,19-20,3.357
2127570400.0,500279486,04/2025,4,19-20,3.263
2127570400.0,500279486,04/2025,5,19-20,3.123
2127570400.0,500279486,04/2025,6,19-20,2.995
2127570400.0,500279486,04/2025,7,19-20,2.859
2127570400.0,500279486,04/2025,8,19-20,2.765
2127570400.0,500279486,04/2025,9,19-20,2.635
2127570400.0,500279486,04/2025,10,19-20,2.556
2127570400.0,500279486,04/2025,11,19-20,2.413
2127570400.0,500279486,04/2025,12,19-20,2.313
2127570400.0,500279486,04/2025,13,19-20,2.228
2127570400.0,500279486,04/2025,14,19-20,2.132
2127570400.0,500279486,04/2025,15,19-20,2.056
2127570400.0,500279486,04/2025,16,19-20,1.883
2127570400.0,500279486,04/2025,17,19-20,1.661
2127570400.0,500279486,04/2025,18,19-20,1.554
2127570400.0,500279486,04/2025,19,19-20,1.437
2127570400.0,500279486,04/2025,20,19-20,1.333
2127570400.0,500279486,04/2025,21,19-20,1.23
2127570400.0,500279486,04/2025,22,19-20,1.116
2127570400.0,500279486,04/2025,23,19-20,1.009
2127570400.0,500279486,04/2025,24,19-20,0.882
2127570400.0,500279486,04/2025,25,19-20,0.769
2127570400.0,500279486,04/2025,26,19-20,0.662
2127570400.0,500279486,04/2025,27,19-20,0.549
2127570400.0,500279486,04/2025,28,19-20,0.44
2127570400.0,500279486,04/2025,29,19-20,0.331
2127570400.0,500279486,04/2025,30,19-20,0.225
2127570400.0,500279486,04/2025,1,20-21,6.954
2127570400.0,500279486,04/2025,2,20-21,6.885
2127570400.0,500279486,04/2025,3,20-21,6.895
2127570400.0,500279486,04/2025,4,20-21,6.923
2127570400.0,500279486,04/2025,5,20-21,6.891
2127570400.0,500279486,04/2025,6,20-21,6.862
2127570400.0,500279486,04/2025,7,20-21,6.771
2127570400.0,500279486,04/2025,8,20-21,6.806
2127570400.0,500279486,04/2025,9,20-21,6.711
2127570400.0,500279486,04/2025,10,20-21,6.848
2127570400.0,500279486,04/2025,11,20-21,6.752
2127570400.0,500279486,04/2025,12,20-21,6.803
2127570400.0,500279486,04/2025,13,20-21,6.895
2127570400.0,500279486,04/2025,14,20-21,6.839
2127570400.0,500279486,04/2025,15,20-21,6.901
2127570400.0,500279486,04/2025,16,20-21,6.779
2127570400.0,500279486,04/2025,17,20-21,6.802
2127570400.0,500279486,04/2025,18,20-21,6.794
2127570400.0,500279486,04/2025,19,20-21,6.863
2127570400.0,500279486,04/2025,20,20-21,6.835
2127570400.0,500279486,04/2025,21,20-21,6.828
2127570400.0,500279486,04/2025,22,20-21,6.73
2127570400.0,500279486,04/2025,23,20-21,6.941
2127570400.0,500279486,04/2025,24,20-21,6.743
2127570400.0,500279486,04/2025,25,20-21,6.719
2127570400.0,500279486,04/2025,26,20-21,6.788
2127570400.0,500279486,04/2025,27,20-21,6.696
2127570400.0,500279486,04/2025,28,20-21,6.65
2127570400.0,500279486,04/2025,29,20-21,6.663
2127570400.0,500279486,04/2025,30,20-21,6.551
2127570400.0,500279486,04/2025,1,21-22,7.004
2127570400.0,500279486,04/2025,2,21-22,6.961
2127570400.0,500279486,04/2025,3,21-22,7.007
2127570400.0,500279486,04/2025,4,21-22,7.009
2127570400.0,500279486,04/2025,5,21-22,7.004
2127570400.0,500279486,04/2025,6,21-22,6.973
2127570400.0,500279486,04/2025,7,21-22,6.944
2127570400.0,500279486,04/2025,8,21-22,6.896
2127570400.0,500279486,04/2025,9,21-22,6.813
2127570400.0,500279486,04/2025,10,21-22,6.913
2127570400.0,500279486,04/2025,11,21-22,6.853
2127570400.0,500279486,04/2025,12,21-22,6.897
2127570400.0,500279486,04/2025,13,21-22,6.951
2127570400.0,500279486,04/2025,14,21-22,6.921
2127570400.0,500279486,04/2025,15,21-22,6.941
2127570400.0,500279486,04/2025,16,21-22,6.829
2127570400.0,500279486,04/2025,17,21-22,6.892
2127570400.0,500279486,04/2025,18,21-22,6.854
2127570400.0,500279486,04/2025,19,21-22,6.948
2127570400.0,500279486,04/2025,20,21-22,6.891
2127570400.0,500279486,04/2025,21,21-22,6.907
2127570400.0,500279486,04/2025,22,21-22,6.769
2127570400.0,500279486,04/2025,23,21-22,6.982
2127570400.0,500279486,04/2025,24,21-22,6.799
2127570400.0,500279486,04/2025,25,21-22,6.81
2127570400.0,500279486,04/2025,26,21-22,6.867
2127570400.0,500279486,04/2025,27,21-22,6.775
2127570400.0,500279486,04/2025,28,21-22,6.753
2127570400.0,500279486,04/2025,29,21-22,6.744
2127570400.0,500279486,04/2025,30,21-22,6.683
2127570400.0,500279486,04/2025,1,22-23,7.099
2127570400.0,500279486,04/2025,2,22-23,6.909
2127570400.0,500279486,04/2025,3,22-23,7.07
2127570400.0,500279486,04/2025,4,22-23,7.086
2127570400.0,500279486,04/2025,5,22-23,7.137
2127570400.0,500279486,04/2025,6,22-23,7.014
2127570400.0,500279486,04/2025,7,22-23,6.907
2127570400.0,500279486,04/2025,8,22-23,7.016
2127570400.0,500279486,04/2025,9,22-23,6.989
2127570400.0,500279486,04/2025,10,22-23,6.964
2127570400.0,500279486,04/2025,11,22-23,6.894
2127570400.0,500279486,04/2025,12,22-23,6.978
2127570400.0,500279486,04/2025,13,22-23,7.057
2127570400.0,500279486,04/2025,14,22-23,7.023
2127570400.0,500279486,04/2025,15,22-23,7.058
2127570400.0,500279486,04/2025,16,22-23,6.903
2127570400.0,500279486,04/2025,17,22-23,6.972
2127570400.0,500279486,04/2025,18,22-23,6.935
2127570400.0,500279486,04/2025,19,22-23,7.044
2127570400.0,500279486,04/2025,20,22-23,7.004
2127570400.0,500279486,04/2025,21,22-23,6.966
2127570400.0,500279486,04/2025,22,22-23,6.839
2127570400.0,500279486,04/2025,23,22-23,7.024
2127570400.0,500279486,04/2025,24,22-23,6.909
2127570400.0,500279486,04/2025,25,22-23,6.91
2127570400.0,500279486,04/2025,26,22-23,6.912
2127570400.0,500279486,04/2025,27,22-23,6.829
2127570400.0,500279486,04/2025,28,22-23,6.89
2127570400.0,500279486,04/2025,29,22-23,6.907
2127570400.0,500279486,04/2025,30,22-23,6.829
2127570400.0,500279486,04/2025,1,23-24,7.102
2127570400.0,500279486,04/2025,2,23-24,6.986
2127570400.0,500279486,04/2025,3,23-24,7.068
2127570400.0,500279486,04/2025,4,23-24,7.116
2127570400.0,500279486,04/2025,5,23-24,7.156
2127570400.0,500279486,04/2025,6,23-24,7.123
2127570400.0,500279486,04/2025,7,23-24,7.047
2127570400.0,500279486,04/2025,8,23-24,7.076
2127570400.0,500279486,04/2025,9,23-24,7.088
2127570400.0,500279486,04/2025,10,23-24,6.989
2127570400.0,500279486,04/2025,11,23-24,6.902
2127570400.0,500279486,04/2025,12,23-24,7.005
2127570400.0,500279486,04/2025,13,23-24,7.126
2127570400.0,500279486,04/2025,14,23-24,7.021
2127570400.0,500279486,04/2025,15,23-24,7.126
2127570400.0,500279486,04/2025,16,23-24,6.932
2127570400.0,500279486,04/2025,17,23-24,7.033
2127570400.0,500279486,04/2025,18,23-24,6.917
2127570400.0,500279486,04/2025,19,23-24,7.083
2127570400.0,500279486,04/2025,20,23-24,7.09
2127570400.0,500279486,04/2025,21,23-24,6.957
2127570400.0,500279486,04/2025,22,23-24,6.897
2127570400.0,500279486,04/2025,23,23-24,7.11
2127570400.0,500279486,04/2025,24,23-24,6.987
2127570400.0,500279486,04/2025,25,23-24,6.962
2127570400.0,500279486,04/2025,26,23-24,6.971
2127570400.0,500279486,04/2025,27,23-24,6.917
2127570400.0,500279486,04/2025,28,23-24,6.977
2127570400.0,500279486,04/2025,29,23-24,6.887
2127570400.0,500279486,04/2025,30,23-24,6.88
2127570400.0,500279486,04/2025,1,23-24,82.37999999999998
2127570400.0,500279486,04/2025,2,23-24,80.128
2127570400.0,500279486,04/2025,3,23-24,79.86699999999998
2127570400.0,500279486,04/2025,4,23-24,79.51499999999999
2127570400.0,500279486,04/2025,5,23-24,79.92199999999998
2127570400.0,500279486,04/2025,6,23-24,79.44799999999998
2127570400.0,500279486,04/2025,7,23-24,78.74799999999999
2127570400.0,500279486,04/2025,8,23-24,77.547
2127570400.0,500279486,04/2025,9,23-24,77.28599999999997
2127570400.0,500279486,04/2025,10,23-24,77.42099999999999
2127570400.0,500279486,04/2025,11,23-24,76.50599999999999
2127570400.0,500279486,04/2025,12,23-24,75.95699999999998
2127570400.0,500279486,04/2025,13,23-24,76.68299999999999
2127570400.0,500279486,04/2025,14,23-24,76.81199999999998
2127570400.0,500279486,04/2025,15,23-24,76.36699999999999
2127570400.0,500279486,04/2025,16,23-24,75.47599999999998
2127570400.0,500279486,04/2025,17,23-24,74.47699999999999
2127570400.0,500279486,04/2025,18,23-24,74.16899999999998
2127570400.0,500279486,04/2025,19,23-24,74.53199999999998
2127570400.0,500279486,04/2025,20,23-24,74.451
2127570400.0,500279486,04/2025,21,23-24,74.05599999999997
2127570400.0,500279486,04/2025,22,23-24,72.589
2127570400.0,500279486,04/2025,23,23-24,71.94199999999998
2127570400.0,500279486,04/2025,24,23-24,72.72299999999998
2127570400.0,500279486,04/2025,25,23-24,71.80799999999999
2127570400.0,500279486,04/2025,26,23-24,71.90099999999998
2127570400.0,500279486,04/2025,27,23-24,70.64499999999998
2127570400.0,500279486,04/2025,28,23-24,70.82
2127570400.0,500279486,04/2025,29,23-24,70.40499999999999
2127570400.0,500279486,04/2025,30,23-24,70.03299999999999
2127570400.0,500279486,04/2025,31,23-24,0.0
2127570400.0,500279486,05/2025,1,00-01,6.892
2127570400.0,500279486,05/2025,2,00-01,6.948
2127570400.0,500279486,05/2025,3,00-01,6.927
2127570400.0,500279486,05/2025,4,00-01,6.958
2127570400.0,500279486,05/2025,5,00-01,7.006
2127570400.0,500279486,05/2025,6,00-01,6.91
2127570400.0,500279486,05/2025,7,00-01,7.031
2127570400.0,500279486,05/2025,8,00-01,6.787
2127570400.0,500279486,05/2025,9,00-01,6.807
2127570400.0,500279486,05/2025,10,00-01,6.718
2127570400.0,500279486,05/2025,11,00-01,6.744
2127570400.0,500279486,05/2025,12,00-01,6.886
2127570400.0,500279486,05/2025,13,00-01,6.893
2127570400.0,500279486,05/2025,14,00-01,6.841
2127570400.0,500279486,05/2025,15,00-01,6.825
2127570400.0,500279486,05/2025,16,00-01,6.876
2127570400.0,500279486,05/2025,17,00-01,6.731
2127570400.0,500279486,05/2025,18,00-01,6.827
2127570400.0,500279486,05/2025,19,00-01,6.936
2127570400.0,500279486,05/2025,20,00-01,6.947
2127570400.0,500279486,05/2025,21,00-01,7.11
2127570400.0,500279486,05/2025,22,00-01,7.034
2127570400.0,500279486,05/2025,23,00-01,7.042
2127570400.0,500279486,05/2025,24,00-01,6.94
2127570400.0,500279486,05/2025,25,00-01,6.997
2127570400.0,500279486,05/2025,26,00-01,7.102
2127570400.0,500279486,05/2025,27,00-01,7.079
2127570400.0,500279486,05/2025,28,00-01,7.045
2127570400.0,500279486,05/2025,29,00-01,7.04
2127570400.0,500279486,05/2025,30,00-01,7.055
2127570400.0,500279486,05/2025,31,00-01,7.033
2127570400.0,500279486,05/2025,1,01-02,6.955
2127570400.0,500279486,05/2025,2,01-02,7.058
2127570400.0,500279486,05/2025,3,01-02,7.009
2127570400.0,500279486,05/2025,4,01-02,7.003
2127570400.0,500279486,05/2025,5,01-02,7.045
2127570400.0,500279486,05/2025,6,01-02,6.965
2127570400.0,500279486,05/2025,7,01-02,7.042
2127570400.0,500279486,05/2025,8,01-02,6.863
2127570400.0,500279486,05/2025,9,01-02,6.915
2127570400.0,500279486,05/2025,10,01-02,6.785
2127570400.0,500279486,05/2025,11,01-02,6.817
2127570400.0,500279486,05/2025,12,01-02,6.949
2127570400.0,500279486,05/2025,13,01-02,6.98
2127570400.0,500279486,05/2025,14,01-02,6.874
2127570400.0,500279486,05/2025,15,01-02,6.902
2127570400.0,500279486,05/2025,16,01-02,6.962
2127570400.0,500279486,05/2025,17,01-02,6.831
2127570400.0,500279486,05/2025,18,01-02,6.866
2127570400.0,500279486,05/2025,19,01-02,6.974
2127570400.0,500279486,05/2025,20,01-02,7.045
2127570400.0,500279486,05/2025,21,01-02,7.163
2127570400.0,500279486,05/2025,22,01-02,7.106
2127570400.0,500279486,05/2025,23,01-02,7.061
2127570400.0,500279486,05/2025,24,01-02,7.041
2127570400.0,500279486,05/2025,25,01-02,7.084
2127570400.0,500279486,05/2025,26,01-02,7.112
2127570400.0,500279486,05/2025,27,01-02,7.069
2127570400.0,500279486,05/2025,28,01-02,7.124
2127570400.0,500279486,05/2025,29,01-02,7.075
2127570400.0,500279486,05/2025,30,01-02,7.155
2127570400.0,500279486,05/2025,31,01-02,7.159
2127570400.0,500279486,05/2025,1,02-03,7.073
2127570400.0,500279486,05/2025,2,02-03,7.029
2127570400.0,500279486,05/2025,3,02-03,7.066
2127570400.0,500279486,05/2025,4,02-03,7.083
2127570400.0,500279486,05/2025,5,02-03,7.114
2127570400.0,500279486,05/2025,6,02-03,7.039
2127570400.0,500279486,05/2025,7,02-03,7.072
2127570400.0,500279486,05/2025,8,02-03,6.94
2127570400.0,500279486,05/2025,9,02-03,6.921
2127570400.0,500279486,05/2025,10,02-03,6.867
2127570400.0,500279486,05/2025,11,02-03,6.943
2127570400.0,500279486,05/2025,12,02-03,7.02
2127570400.0,500279486,05/2025,13,02-03,7.016
2127570400.0,500279486,05/2025,14,02-03,6.936
2127570400.0,500279486,05/2025,15,02-03,6.907
2127570400.0,500279486,05/2025,16,02-03,6.899
2127570400.0,500279486,05/2025,17,02-03,6.913
2127570400.0,500279486,05/2025,18,02-03,6.875
2127570400.0,500279486,05/2025,19,02-03,6.979
2127570400.0,500279486,05/2025,20,02-03,7.08
2127570400.0,500279486,05/2025,21,02-03,7.109
2127570400.0,500279486,05/2025,22,02-03,7.122
2127570400.0,500279486,05/2025,23,02-03,7.103
2127570400.0,500279486,05/2025,24,02-03,7.066
2127570400.0,500279486,05/2025,25,02-03,7.053
2127570400.0,500279486,05/2025,26,02-03,7.1
2127570400.0,500279486,05/2025,27,02-03,7.075
2127570400.0,500279486,05/2025,28,02-03,7.171
2127570400.0,500279486,05/2025,29,02-03,7.13
2127570400.0,500279486,05/2025,30,02-03,7.062
2127570400.0,500279486,05/2025,31,02-03,7.195
2127570400.0,500279486,05/2025,1,03-04,7.088
2127570400.0,500279486,05/2025,2,03-04,7.062
2127570400.0,500279486,05/2025,3,03-04,7.034
2127570400.0,500279486,05/2025,4,03-04,7.064
2127570400.0,500279486,05/2025,5,03-04,7.15
2127570400.0,500279486,05/2025,6,03-04,7.089
2127570400.0,500279486,05/2025,7,03-04,7.111
2127570400.0,500279486,05/2025,8,03-04,6.945
2127570400.0,500279486,05/2025,9,03-04,6.943
2127570400.0,500279486,05/2025,10,03-04,6.81
2127570400.0,500279486,05/2025,11,03-04,6.941
2127570400.0,500279486,05/2025,12,03-04,7.058
2127570400.0,500279486,05/2025,13,03-04,7.038
2127570400.0,500279486,05/2025,14,03-04,6.975
2127570400.0,500279486,05/2025,15,03-04,6.865
2127570400.0,500279486,05/2025,16,03-04,6.946
2127570400.0,500279486,05/2025,17,03-04,6.925
2127570400.0,500279486,05/2025,18,03-04,6.943
2127570400.0,500279486,05/2025,19,03-04,7.165
2127570400.0,500279486,05/2025,20,03-04,7.12
2127570400.0,500279486,05/2025,21,03-04,7.123
2127570400.0,500279486,05/2025,22,03-04,7.155
2127570400.0,500279486,05/2025,23,03-04,7.13
2127570400.0,500279486,05/2025,24,03-04,7.111
2127570400.0,500279486,05/2025,25,03-04,7.08
2127570400.0,500279486,05/2025,26,03-04,7.163
2127570400.0,500279486,05/2025,27,03-04,7.117
2127570400.0,500279486,05/2025,28,03-04,7.173
2127570400.0,500279486,05/2025,29,03-04,7.143
2127570400.0,500279486,05/2025,30,03-04,7.1
2127570400.0,500279486,05/2025,31,03-04,7.152
2127570400.0,500279486,05/2025,1,04-05,7.113
2127570400.0,500279486,05/2025,2,04-05,7.096
2127570400.0,500279486,05/2025,3,04-05,7.031
2127570400.0,500279486,05/2025,4,04-05,7.098
2127570400.0,500279486,05/2025,5,04-05,7.142
2127570400.0,500279486,05/2025,6,04-05,7.125
2127570400.0,500279486,05/2025,7,04-05,7.113
2127570400.0,500279486,05/2025,8,04-05,6.98
2127570400.0,500279486,05/2025,9,04-05,6.938
2127570400.0,500279486,05/2025,10,04-05,6.945
2127570400.0,500279486,05/2025,11,04-05,6.922
2127570400.0,500279486,05/2025,12,04-05,5.584
2127570400.0,500279486,05/2025,13,04-05,7.06
2127570400.0,500279486,05/2025,14,04-05,6.991
2127570400.0,500279486,05/2025,15,04-05,6.898
2127570400.0,500279486,05/2025,16,04-05,6.964
2127570400.0,500279486,05/2025,17,04-05,6.894
2127570400.0,500279486,05/2025,18,04-05,6.991
2127570400.0,500279486,05/2025,19,04-05,7.296
2127570400.0,500279486,05/2025,20,04-05,7.129
2127570400.0,500279486,05/2025,21,04-05,7.119
2127570400.0,500279486,05/2025,22,04-05,7.161
2127570400.0,500279486,05/2025,23,04-05,7.163
2127570400.0,500279486,05/2025,24,04-05,7.147
2127570400.0,500279486,05/2025,25,04-05,7.11
2127570400.0,500279486,05/2025,26,04-05,7.089
2127570400.0,500279486,05/2025,27,04-05,7.135
2127570400.0,500279486,05/2025,28,04-05,7.189
2127570400.0,500279486,05/2025,29,04-05,7.149
2127570400.0,500279486,05/2025,30,04-05,7.123
2127570400.0,500279486,05/2025,31,04-05,7.161
2127570400.0,500279486,05/2025,1,05-06,7.059
2127570400.0,500279486,05/2025,2,05-06,6.546
2127570400.0,500279486,05/2025,3,05-06,6.832
2127570400.0,500279486,05/2025,4,05-06,6.792
2127570400.0,500279486,05/2025,5,05-06,6.663
2127570400.0,500279486,05/2025,6,05-06,6.428
2127570400.0,500279486,05/2025,7,05-06,6.286
2127570400.0,500279486,05/2025,8,05-06,6.061
2127570400.0,500279486,05/2025,9,05-06,5.904
2127570400.0,500279486,05/2025,10,05-06,5.806
2127570400.0,500279486,05/2025,11,05-06,5.67
2127570400.0,500279486,05/2025,12,05-06,0.0
2127570400.0,500279486,05/2025,13,05-06,5.536
2127570400.0,500279486,05/2025,14,05-06,3.355
2127570400.0,500279486,05/2025,15,05-06,3.192
2127570400.0,500279486,05/2025,16,05-06,3.101
2127570400.0,500279486,05/2025,17,05-06,2.954
2127570400.0,500279486,05/2025,18,05-06,2.896
2127570400.0,500279486,05/2025,19,05-06,2.904
2127570400.0,500279486,05/2025,20,05-06,2.703
2127570400.0,500279486,05/2025,21,05-06,2.58
2127570400.0,500279486,05/2025,22,05-06,2.589
2127570400.0,500279486,05/2025,23,05-06,2.475
2127570400.0,500279486,05/2025,24,05-06,2.351
2127570400.0,500279486,05/2025,25,05-06,2.216
2127570400.0,500279486,05/2025,26,05-06,2.198
2127570400.0,500279486,05/2025,27,05-06,2.099
2127570400.0,500279486,05/2025,28,05-06,2.105
2127570400.0,500279486,05/2025,29,05-06,1.973
2127570400.0,500279486,05/2025,30,05-06,1.846
2127570400.0,500279486,05/2025,31,05-06,1.849
2127570400.0,500279486,05/2025,1,06-07,0.045
2127570400.0,500279486,05/2025,2,06-07,0.0
2127570400.0,500279486,05/2025,3,06-07,0.001
2127570400.0,500279486,05/2025,4,06-07,0.001
2127570400.0,500279486,05/2025,5,06-07,0.001
2127570400.0,500279486,05/2025,6,06-07,0.001
2127570400.0,500279486,05/2025,7,06-07,0.0
2127570400.0,500279486,05/2025,8,06-07,0.0
2127570400.0,500279486,05/2025,9,06-07,0.0
2127570400.0,500279486,05/2025,10,06-07,0.0
2127570400.0,500279486,05/2025,11,06-07,0.0
2127570400.0,500279486,05/2025,12,06-07,0.0
2127570400.0,500279486,05/2025,13,06-07,0.0
2127570400.0,500279486,05/2025,14,06-07,0.001
2127570400.0,500279486,05/2025,15,06-07,0.001
2127570400.0,500279486,05/2025,16,06-07,0.0
2127570400.0,500279486,05/2025,17,06-07,0.001
2127570400.0,500279486,05/2025,18,06-07,0.0
2127570400.0,500279486,05/2025,19,06-07,0.0
2127570400.0,500279486,05/2025,20,06-07,0.0
2127570400.0,500279486,05/2025,21,06-07,0.0
2127570400.0,500279486,05/2025,22,06-07,0.0
2127570400.0,500279486,05/2025,23,06-07,0.0
2127570400.0,500279486,05/2025,24,06-07,0.0
2127570400.0,500279486,05/2025,25,06-07,0.0
2127570400.0,500279486,05/2025,26,06-07,0.0
2127570400.0,500279486,05/2025,27,06-07,0.0
2127570400.0,500279486,05/2025,28,06-07,0.0
2127570400.0,500279486,05/2025,29,06-07,0.0
2127570400.0,500279486,05/2025,30,06-07,0.0
2127570400.0,500279486,05/2025,31,06-07,0.0
2127570400.0,500279486,05/2025,1,07-08,0.001
2127570400.0,500279486,05/2025,2,07-08,0.001
2127570400.0,500279486,05/2025,3,07-08,0.0
2127570400.0,500279486,05/2025,4,07-08,0.0
2127570400.0,500279486,05/2025,5,07-08,0.0
2127570400.0,500279486,05/2025,6,07-08,0.0
2127570400.0,500279486,05/2025,7,07-08,0.001
2127570400.0,500279486,05/2025,8,07-08,0.001
2127570400.0,500279486,05/2025,9,07-08,0.001
2127570400.0,500279486,05/2025,10,07-08,0.001
2127570400.0,500279486,05/2025,11,07-08,0.001
2127570400.0,500279486,05/2025,12,07-08,0.0
2127570400.0,500279486,05/2025,13,07-08,0.001
2127570400.0,500279486,05/2025,14,07-08,0.0
2127570400.0,500279486,05/2025,15,07-08,0.0
2127570400.0,500279486,05/2025,16,07-08,0.001
2127570400.0,500279486,05/2025,17,07-08,0.001
2127570400.0,500279486,05/2025,18,07-08,0.001
2127570400.0,500279486,05/2025,19,07-08,0.001
2127570400.0,500279486,05/2025,20,07-08,0.001
2127570400.0,500279486,05/2025,21,07-08,0.001
2127570400.0,500279486,05/2025,22,07-08,0.001
2127570400.0,500279486,05/2025,23,07-08,0.001
2127570400.0,500279486,05/2025,24,07-08,0.001
2127570400.0,500279486,05/2025,25,07-08,0.001
2127570400.0,500279486,05/2025,26,07-08,0.001
2127570400.0,500279486,05/2025,27,07-08,0.001
2127570400.0,500279486,05/2025,28,07-08,0.001
2127570400.0,500279486,05/2025,29,07-08,0.001
2127570400.0,500279486,05/2025,30,07-08,0.001
2127570400.0,500279486,05/2025,31,07-08,0.001
2127570400.0,500279486,05/2025,1,08-09,0.0
2127570400.0,500279486,05/2025,2,08-09,0.0
2127570400.0,500279486,05/2025,3,08-09,0.001
2127570400.0,500279486,05/2025,4,08-09,0.001
2127570400.0,500279486,05/2025,5,08-09,0.001
2127570400.0,500279486,05/2025,6,08-09,0.001
2127570400.0,500279486,05/2025,7,08-09,0.0
2127570400.0,500279486,05/2025,8,08-09,0.0
2127570400.0,500279486,05/2025,9,08-09,0.0
2127570400.0,500279486,05/2025,10,08-09,0.0
2127570400.0,500279486,05/2025,11,08-09,0.0
2127570400.0,500279486,05/2025,12,08-09,0.001
2127570400.0,500279486,05/2025,13,08-09,0.0
2127570400.0,500279486,05/2025,14,08-09,0.001
2127570400.0,500279486,05/2025,15,08-09,0.001
2127570400.0,500279486,05/2025,16,08-09,0.0
2127570400.0,500279486,05/2025,17,08-09,0.0
2127570400.0,500279486,05/2025,18,08-09,0.0
2127570400.0,500279486,05/2025,19,08-09,0.0
2127570400.0,500279486,05/2025,20,08-09,0.0
2127570400.0,500279486,05/2025,21,08-09,0.0
2127570400.0,500279486,05/2025,22,08-09,0.0
2127570400.0,500279486,05/2025,23,08-09,0.0
2127570400.0,500279486,05/2025,24,08-09,0.0
2127570400.0,500279486,05/2025,25,08-09,0.0
2127570400.0,500279486,05/2025,26,08-09,0.0
2127570400.0,500279486,05/2025,27,08-09,0.0
2127570400.0,500279486,05/2025,28,08-09,0.0
2127570400.0,500279486,05/2025,29,08-09,0.0
2127570400.0,500279486,05/2025,30,08-09,0.0
2127570400.0,500279486,05/2025,31,08-09,0.0
2127570400.0,500279486,05/2025,1,09-10,0.001
2127570400.0,500279486,05/2025,2,09-10,0.001
2127570400.0,500279486,05/2025,3,09-10,0.0
2127570400.0,500279486,05/2025,4,09-10,0.0
2127570400.0,500279486,05/2025,5,09-10,0.0
2127570400.0,500279486,05/2025,6,09-10,0.0
2127570400.0,500279486,05/2025,7,09-10,0.001
2127570400.0,500279486,05/2025,8,09-10,0.001
2127570400.0,500279486,05/2025,9,09-10,0.001
2127570400.0,500279486,05/2025,10,09-10,0.001
2127570400.0,500279486,05/2025,11,09-10,0.001
2127570400.0,500279486,05/2025,12,09-10,0.0
2127570400.0,500279486,05/2025,13,09-10,0.001
2127570400.0,500279486,05/2025,14,09-10,0.001
2127570400.0,500279486,05/2025,15,09-10,0.0
2127570400.0,500279486,05/2025,16,09-10,0.001
2127570400.0,500279486,05/2025,17,09-10,0.001
2127570400.0,500279486,05/2025,18,09-10,0.001
2127570400.0,500279486,05/2025,19,09-10,0.001
2127570400.0,500279486,05/2025,20,09-10,0.001
2127570400.0,500279486,05/2025,21,09-10,0.001
2127570400.0,500279486,05/2025,22,09-10,0.001
2127570400.0,500279486,05/2025,23,09-10,0.001
2127570400.0,500279486,05/2025,24,09-10,0.001
2127570400.0,500279486,05/2025,25,09-10,0.001
2127570400.0,500279486,05/2025,26,09-10,0.001
2127570400.0,500279486,05/2025,27,09-10,0.001
2127570400.0,500279486,05/2025,28,09-10,0.001
2127570400.0,500279486,05/2025,29,09-10,0.001
2127570400.0,500279486,05/2025,30,09-10,0.001
2127570400.0,500279486,05/2025,31,09-10,0.001
2127570400.0,500279486,05/2025,1,10-11,0.0
2127570400.0,500279486,05/2025,2,10-11,0.0
2127570400.0,500279486,05/2025,3,10-11,0.001
2127570400.0,500279486,05/2025,4,10-11,0.001
2127570400.0,500279486,05/2025,5,10-11,0.001
2127570400.0,500279486,05/2025,6,10-11,0.001
2127570400.0,500279486,05/2025,7,10-11,0.0
2127570400.0,500279486,05/2025,8,10-11,0.0
2127570400.0,500279486,05/2025,9,10-11,0.0
2127570400.0,500279486,05/2025,10,10-11,0.0
2127570400.0,500279486,05/2025,11,10-11,0.0
2127570400.0,500279486,05/2025,12,10-11,0.001
2127570400.0,500279486,05/2025,13,10-11,0.0
2127570400.0,500279486,05/2025,14,10-11,0.0
2127570400.0,500279486,05/2025,15,10-11,0.001
2127570400.0,500279486,05/2025,16,10-11,0.0
2127570400.0,500279486,05/2025,17,10-11,0.0
2127570400.0,500279486,05/2025,18,10-11,0.001
2127570400.0,500279486,05/2025,19,10-11,0.001
2127570400.0,500279486,05/2025,20,10-11,0.001
2127570400.0,500279486,05/2025,21,10-11,0.001
2127570400.0,500279486,05/2025,22,10-11,0.001
2127570400.0,500279486,05/2025,23,10-11,0.001
2127570400.0,500279486,05/2025,24,10-11,0.001
2127570400.0,500279486,05/2025,25,10-11,0.001
2127570400.0,500279486,05/2025,26,10-11,0.001
2127570400.0,500279486,05/2025,27,10-11,0.001
2127570400.0,500279486,05/2025,28,10-11,0.001
2127570400.0,500279486,05/2025,29,10-11,0.001
2127570400.0,500279486,05/2025,30,10-11,0.001
2127570400.0,500279486,05/2025,31,10-11,0.001
2127570400.0,500279486,05/2025,1,11-12,0.001
2127570400.0,500279486,05/2025,2,11-12,0.001
2127570400.0,500279486,05/2025,3,11-12,0.0
2127570400.0,500279486,05/2025,4,11-12,0.0
2127570400.0,500279486,05/2025,5,11-12,0.0
2127570400.0,500279486,05/2025,6,11-12,0.0
2127570400.0,500279486,05/2025,7,11-12,0.001
2127570400.0,500279486,05/2025,8,11-12,0.001
2127570400.0,500279486,05/2025,9,11-12,0.001
2127570400.0,500279486,05/2025,10,11-12,0.001
2127570400.0,500279486,05/2025,11,11-12,0.001
2127570400.0,500279486,05/2025,12,11-12,0.0
2127570400.0,500279486,05/2025,13,11-12,0.001
2127570400.0,500279486,05/2025,14,11-12,0.001
2127570400.0,500279486,05/2025,15,11-12,0.0
2127570400.0,500279486,05/2025,16,11-12,0.001
2127570400.0,500279486,05/2025,17,11-12,0.001
2127570400.0,500279486,05/2025,18,11-12,0.0
2127570400.0,500279486,05/2025,19,11-12,0.0
2127570400.0,500279486,05/2025,20,11-12,0.0
2127570400.0,500279486,05/2025,21,11-12,0.0
2127570400.0,500279486,05/2025,22,11-12,0.0
2127570400.0,500279486,05/2025,23,11-12,0.0
2127570400.0,500279486,05/2025,24,11-12,0.0
2127570400.0,500279486,05/2025,25,11-12,0.0
2127570400.0,500279486,05/2025,26,11-12,0.0
2127570400.0,500279486,05/2025,27,11-12,0.0
2127570400.0,500279486,05/2025,28,11-12,0.0
2127570400.0,500279486,05/2025,29,11-12,0.0
2127570400.0,500279486,05/2025,30,11-12,0.0
2127570400.0,500279486,05/2025,31,11-12,0.0
2127570400.0,500279486,05/2025,1,12-13,0.0
2127570400.0,500279486,05/2025,2,12-13,0.0
2127570400.0,500279486,05/2025,3,12-13,0.001
2127570400.0,500279486,05/2025,4,12-13,0.001
2127570400.0,500279486,05/2025,5,12-13,0.001
2127570400.0,500279486,05/2025,6,12-13,0.0
2127570400.0,500279486,05/2025,7,12-13,0.0
2127570400.0,500279486,05/2025,8,12-13,0.0
2127570400.0,500279486,05/2025,9,12-13,0.0
2127570400.0,500279486,05/2025,10,12-13,0.0
2127570400.0,500279486,05/2025,11,12-13,0.0
2127570400.0,500279486,05/2025,12,12-13,0.001
2127570400.0,500279486,05/2025,13,12-13,0.0
2127570400.0,500279486,05/2025,14,12-13,0.0
2127570400.0,500279486,05/2025,15,12-13,0.001
2127570400.0,500279486,05/2025,16,12-13,0.0
2127570400.0,500279486,05/2025,17,12-13,0.0
2127570400.0,500279486,05/2025,18,12-13,0.001
2127570400.0,500279486,05/2025,19,12-13,0.001
2127570400.0,500279486,05/2025,20,12-13,0.001
2127570400.0,500279486,05/2025,21,12-13,0.001
2127570400.0,500279486,05/2025,22,12-13,0.001
2127570400.0,500279486,05/2025,23,12-13,0.001
2127570400.0,500279486,05/2025,24,12-13,0.001
2127570400.0,500279486,05/2025,25,12-13,0.001
2127570400.0,500279486,05/2025,26,12-13,0.001
2127570400.0,500279486,05/2025,27,12-13,0.001
2127570400.0,500279486,05/2025,28,12-13,0.001
2127570400.0,500279486,05/2025,29,12-13,0.001
2127570400.0,500279486,05/2025,30,12-13,0.001
2127570400.0,500279486,05/2025,31,12-13,0.001
2127570400.0,500279486,05/2025,1,13-14,0.001
2127570400.0,500279486,05/2025,2,13-14,0.001
2127570400.0,500279486,05/2025,3,13-14,0.0
2127570400.0,500279486,05/2025,4,13-14,0.0
2127570400.0,500279486,05/2025,5,13-14,0.0
2127570400.0,500279486,05/2025,6,13-14,0.001
2127570400.0,500279486,05/2025,7,13-14,0.001
2127570400.0,500279486,05/2025,8,13-14,0.0
2127570400.0,500279486,05/2025,9,13-14,0.001
2127570400.0,500279486,05/2025,10,13-14,0.001
2127570400.0,500279486,05/2025,11,13-14,0.001
2127570400.0,500279486,05/2025,12,13-14,0.0
2127570400.0,500279486,05/2025,13,13-14,0.0
2127570400.0,500279486,05/2025,14,13-14,0.001
2127570400.0,500279486,05/2025,15,13-14,0.0
2127570400.0,500279486,05/2025,16,13-14,0.001
2127570400.0,500279486,05/2025,17,13-14,0.001
2127570400.0,500279486,05/2025,18,13-14,0.0
2127570400.0,500279486,05/2025,19,13-14,0.0
2127570400.0,500279486,05/2025,20,13-14,0.0
2127570400.0,500279486,05/2025,21,13-14,0.0
2127570400.0,500279486,05/2025,22,13-14,0.0
2127570400.0,500279486,05/2025,23,13-14,0.0
2127570400.0,500279486,05/2025,24,13-14,0.0
2127570400.0,500279486,05/2025,25,13-14,0.0
2127570400.0,500279486,05/2025,26,13-14,0.0
2127570400.0,500279486,05/2025,27,13-14,0.0
2127570400.0,500279486,05/2025,28,13-14,0.0
2127570400.0,500279486,05/2025,29,13-14,0.0
2127570400.0,500279486,05/2025,30,13-14,0.0
2127570400.0,500279486,05/2025,31,13-14,0.0
2127570400.0,500279486,05/2025,1,14-15,0.0
2127570400.0,500279486,05/2025,2,14-15,0.0
2127570400.0,500279486,05/2025,3,14-15,0.001
2127570400.0,500279486,05/2025,4,14-15,0.001
2127570400.0,500279486,05/2025,5,14-15,0.001
2127570400.0,500279486,05/2025,6,14-15,0.0
2127570400.0,500279486,05/2025,7,14-15,0.0
2127570400.0,500279486,05/2025,8,14-15,0.001
2127570400.0,500279486,05/2025,9,14-15,0.0
2127570400.0,500279486,05/2025,10,14-15,0.0
2127570400.0,500279486,05/2025,11,14-15,0.0
2127570400.0,500279486,05/2025,12,14-15,0.001
2127570400.0,500279486,05/2025,13,14-15,0.001
2127570400.0,500279486,05/2025,14,14-15,0.0
2127570400.0,500279486,05/2025,15,14-15,0.001
2127570400.0,500279486,05/2025,16,14-15,0.001
2127570400.0,500279486,05/2025,17,14-15,0.0
2127570400.0,500279486,05/2025,18,14-15,0.001
2127570400.0,500279486,05/2025,19,14-15,0.001
2127570400.0,500279486,05/2025,20,14-15,0.001
2127570400.0,500279486,05/2025,21,14-15,0.001
2127570400.0,500279486,05/2025,22,14-15,0.001
2127570400.0,500279486,05/2025,23,14-15,0.001
2127570400.0,500279486,05/2025,24,14-15,0.001
2127570400.0,500279486,05/2025,25,14-15,0.001
2127570400.0,500279486,05/2025,26,14-15,0.001
2127570400.0,500279486,05/2025,27,14-15,0.001
2127570400.0,500279486,05/2025,28,14-15,0.001
2127570400.0,500279486,05/2025,29,14-15,0.001
2127570400.0,500279486,05/2025,30,14-15,0.001
2127570400.0,500279486,05/2025,31,14-15,0.001
2127570400.0,500279486,05/2025,1,15-16,0.001
2127570400.0,500279486,05/2025,2,15-16,0.0
2127570400.0,500279486,05/2025,3,15-16,0.0
2127570400.0,500279486,05/2025,4,15-16,0.0
2127570400.0,500279486,05/2025,5,15-16,0.0
2127570400.0,500279486,05/2025,6,15-16,0.001
2127570400.0,500279486,05/2025,7,15-16,0.001
2127570400.0,500279486,05/2025,8,15-16,0.0
2127570400.0,500279486,05/2025,9,15-16,0.001
2127570400.0,500279486,05/2025,10,15-16,0.001
2127570400.0,500279486,05/2025,11,15-16,0.001
2127570400.0,500279486,05/2025,12,15-16,0.0
2127570400.0,500279486,05/2025,13,15-16,0.0
2127570400.0,500279486,05/2025,14,15-16,0.001
2127570400.0,500279486,05/2025,15,15-16,0.001
2127570400.0,500279486,05/2025,16,15-16,0.0
2127570400.0,500279486,05/2025,17,15-16,0.001
2127570400.0,500279486,05/2025,18,15-16,0.0
2127570400.0,500279486,05/2025,19,15-16,0.0
2127570400.0,500279486,05/2025,20,15-16,0.0
2127570400.0,500279486,05/2025,21,15-16,0.0
2127570400.0,500279486,05/2025,22,15-16,0.0
2127570400.0,500279486,05/2025,23,15-16,0.0
2127570400.0,500279486,05/2025,24,15-16,0.0
2127570400.0,500279486,05/2025,25,15-16,0.0
2127570400.0,500279486,05/2025,26,15-16,0.0
2127570400.0,500279486,05/2025,27,15-16,0.0
2127570400.0,500279486,05/2025,28,15-16,0.0
2127570400.0,500279486,05/2025,29,15-16,0.0
2127570400.0,500279486,05/2025,30,15-16,0.0
2127570400.0,500279486,05/2025,31,15-16,0.0
2127570400.0,500279486,05/2025,1,16-17,0.0
2127570400.0,500279486,05/2025,2,16-17,0.001
2127570400.0,500279486,05/2025,3,16-17,0.0
2127570400.0,500279486,05/2025,4,16-17,0.001
2127570400.0,500279486,05/2025,5,16-17,0.0
2127570400.0,500279486,05/2025,6,16-17,0.0
2127570400.0,500279486,05/2025,7,16-17,0.0
2127570400.0,500279486,05/2025,8,16-17,0.001
2127570400.0,500279486,05/2025,9,16-17,0.0
2127570400.0,500279486,05/2025,10,16-17,0.0
2127570400.0,500279486,05/2025,11,16-17,0.0
2127570400.0,500279486,05/2025,12,16-17,0.001
2127570400.0,500279486,05/2025,13,16-17,0.001
2127570400.0,500279486,05/2025,14,16-17,0.0
2127570400.0,500279486,05/2025,15,16-17,0.0
2127570400.0,500279486,05/2025,16,16-17,0.001
2127570400.0,500279486,05/2025,17,16-17,0.001
2127570400.0,500279486,05/2025,18,16-17,0.001
2127570400.0,500279486,05/2025,19,16-17,0.001
2127570400.0,500279486,05/2025,20,16-17,0.001
2127570400.0,500279486,05/2025,21,16-17,0.001
2127570400.0,500279486,05/2025,22,16-17,0.001
2127570400.0,500279486,05/2025,23,16-17,0.001
2127570400.0,500279486,05/2025,24,16-17,0.001
2127570400.0,500279486,05/2025,25,16-17,0.001
2127570400.0,500279486,05/2025,26,16-17,0.001
2127570400.0,500279486,05/2025,27,16-17,0.001
2127570400.0,500279486,05/2025,28,16-17,0.001
2127570400.0,500279486,05/2025,29,16-17,0.001
2127570400.0,500279486,05/2025,30,16-17,0.001
2127570400.0,500279486,05/2025,31,16-17,0.001
2127570400.0,500279486,05/2025,1,17-18,0.001
2127570400.0,500279486,05/2025,2,17-18,0.0
2127570400.0,500279486,05/2025,3,17-18,0.001
2127570400.0,500279486,05/2025,4,17-18,0.0
2127570400.0,500279486,05/2025,5,17-18,0.001
2127570400.0,500279486,05/2025,6,17-18,0.001
2127570400.0,500279486,05/2025,7,17-18,0.001
2127570400.0,500279486,05/2025,8,17-18,0.0
2127570400.0,500279486,05/2025,9,17-18,0.001
2127570400.0,500279486,05/2025,10,17-18,0.001
2127570400.0,500279486,05/2025,11,17-18,0.001
2127570400.0,500279486,05/2025,12,17-18,0.0
2127570400.0,500279486,05/2025,13,17-18,0.001
2127570400.0,500279486,05/2025,14,17-18,0.001
2127570400.0,500279486,05/2025,15,17-18,0.001
2127570400.0,500279486,05/2025,16,17-18,0.0
2127570400.0,500279486,05/2025,17,17-18,0.0
2127570400.0,500279486,05/2025,18,17-18,0.0
2127570400.0,500279486,05/2025,19,17-18,0.0
2127570400.0,500279486,05/2025,20,17-18,0.0
2127570400.0,500279486,05/2025,21,17-18,0.0
2127570400.0,500279486,05/2025,22,17-18,0.0
2127570400.0,500279486,05/2025,23,17-18,0.0
2127570400.0,500279486,05/2025,24,17-18,0.0
2127570400.0,500279486,05/2025,25,17-18,0.0
2127570400.0,500279486,05/2025,26,17-18,0.0
2127570400.0,500279486,05/2025,27,17-18,0.0
2127570400.0,500279486,05/2025,28,17-18,0.0
2127570400.0,500279486,05/2025,29,17-18,0.0
2127570400.0,500279486,05/2025,30,17-18,0.0
2127570400.0,500279486,05/2025,31,17-18,0.0
2127570400.0,500279486,05/2025,1,18-19,0.0
2127570400.0,500279486,05/2025,2,18-19,0.001
2127570400.0,500279486,05/2025,3,18-19,0.0
2127570400.0,500279486,05/2025,4,18-19,0.001
2127570400.0,500279486,05/2025,5,18-19,0.0
2127570400.0,500279486,05/2025,6,18-19,0.0
2127570400.0,500279486,05/2025,7,18-19,0.0
2127570400.0,500279486,05/2025,8,18-19,0.001
2127570400.0,500279486,05/2025,9,18-19,0.0
2127570400.0,500279486,05/2025,10,18-19,0.0
2127570400.0,500279486,05/2025,11,18-19,0.0
2127570400.0,500279486,05/2025,12,18-19,0.0
2127570400.0,500279486,05/2025,13,18-19,0.0
2127570400.0,500279486,05/2025,14,18-19,0.001
2127570400.0,500279486,05/2025,15,18-19,0.0
2127570400.0,500279486,05/2025,16,18-19,0.001
2127570400.0,500279486,05/2025,17,18-19,0.001
2127570400.0,500279486,05/2025,18,18-19,0.001
2127570400.0,500279486,05/2025,19,18-19,0.001
2127570400.0,500279486,05/2025,20,18-19,0.001
2127570400.0,500279486,05/2025,21,18-19,0.001
2127570400.0,500279486,05/2025,22,18-19,0.001
2127570400.0,500279486,05/2025,23,18-19,0.001
2127570400.0,500279486,05/2025,24,18-19,0.001
2127570400.0,500279486,05/2025,25,18-19,0.001
2127570400.0,500279486,05/2025,26,18-19,0.001
2127570400.0,500279486,05/2025,27,18-19,0.001
2127570400.0,500279486,05/2025,28,18-19,0.001
2127570400.0,500279486,05/2025,29,18-19,0.001
2127570400.0,500279486,05/2025,30,18-19,0.001
2127570400.0,500279486,05/2025,31,18-19,0.001
2127570400.0,500279486,05/2025,1,19-20,0.138
2127570400.0,500279486,05/2025,2,19-20,0.055
2127570400.0,500279486,05/2025,3,19-20,0.001
2127570400.0,500279486,05/2025,4,19-20,0.0
2127570400.0,500279486,05/2025,5,19-20,0.001
2127570400.0,500279486,05/2025,6,19-20,0.001
2127570400.0,500279486,05/2025,7,19-20,0.001
2127570400.0,500279486,05/2025,8,19-20,0.0
2127570400.0,500279486,05/2025,9,19-20,0.001
2127570400.0,500279486,05/2025,10,19-20,0.001
2127570400.0,500279486,05/2025,11,19-20,0.001
2127570400.0,500279486,05/2025,12,19-20,0.001
2127570400.0,500279486,05/2025,13,19-20,0.594
2127570400.0,500279486,05/2025,14,19-20,0.492
2127570400.0,500279486,05/2025,15,19-20,0.382
2127570400.0,500279486,05/2025,16,19-20,0.283
2127570400.0,500279486,05/2025,17,19-20,0.282
2127570400.0,500279486,05/2025,18,19-20,0.186
2127570400.0,500279486,05/2025,19,19-20,0.097
2127570400.0,500279486,05/2025,20,19-20,0.017
2127570400.0,500279486,05/2025,21,19-20,0.0
2127570400.0,500279486,05/2025,22,19-20,0.0
2127570400.0,500279486,05/2025,23,19-20,0.0
2127570400.0,500279486,05/2025,24,19-20,0.0
2127570400.0,500279486,05/2025,25,19-20,0.0
2127570400.0,500279486,05/2025,26,19-20,0.001
2127570400.0,500279486,05/2025,27,19-20,0.001
2127570400.0,500279486,05/2025,28,19-20,0.001
2127570400.0,500279486,05/2025,29,19-20,0.001
2127570400.0,500279486,05/2025,30,19-20,0.001
2127570400.0,500279486,05/2025,31,19-20,0.001
2127570400.0,500279486,05/2025,1,20-21,6.658
2127570400.0,500279486,05/2025,2,20-21,6.53
2127570400.0,500279486,05/2025,3,20-21,6.633
2127570400.0,500279486,05/2025,4,20-21,6.514
2127570400.0,500279486,05/2025,5,20-21,6.392
2127570400.0,500279486,05/2025,6,20-21,6.298
2127570400.0,500279486,05/2025,7,20-21,5.904
2127570400.0,500279486,05/2025,8,20-21,5.855
2127570400.0,500279486,05/2025,9,20-21,5.754
2127570400.0,500279486,05/2025,10,20-21,5.568
2127570400.0,500279486,05/2025,11,20-21,5.527
2127570400.0,500279486,05/2025,12,20-21,5.423
2127570400.0,500279486,05/2025,13,20-21,6.554
2127570400.0,500279486,05/2025,14,20-21,6.61
2127570400.0,500279486,05/2025,15,20-21,6.578
2127570400.0,500279486,05/2025,16,20-21,6.618
2127570400.0,500279486,05/2025,17,20-21,6.609
2127570400.0,500279486,05/2025,18,20-21,6.662
2127570400.0,500279486,05/2025,19,20-21,6.74
2127570400.0,500279486,05/2025,20,20-21,6.802
2127570400.0,500279486,05/2025,21,20-21,6.69
2127570400.0,500279486,05/2025,22,20-21,6.61
2127570400.0,500279486,05/2025,23,20-21,6.43
2127570400.0,500279486,05/2025,24,20-21,6.346
2127570400.0,500279486,05/2025,25,20-21,6.171
2127570400.0,500279486,05/2025,26,20-21,6.104
2127570400.0,500279486,05/2025,27,20-21,6.108
2127570400.0,500279486,05/2025,28,20-21,6.035
2127570400.0,500279486,05/2025,29,20-21,5.882
2127570400.0,500279486,05/2025,30,20-21,5.753
2127570400.0,500279486,05/2025,31,20-21,5.644
2127570400.0,500279486,05/2025,1,21-22,6.781
2127570400.0,500279486,05/2025,2,21-22,6.674
2127570400.0,500279486,05/2025,3,21-22,6.795
2127570400.0,500279486,05/2025,4,21-22,6.735
2127570400.0,500279486,05/2025,5,21-22,6.774
2127570400.0,500279486,05/2025,6,21-22,6.762
2127570400.0,500279486,05/2025,7,21-22,6.608
2127570400.0,500279486,05/2025,8,21-22,6.643
2127570400.0,500279486,05/2025,9,21-22,6.657
2127570400.0,500279486,05/2025,10,21-22,6.583
2127570400.0,500279486,05/2025,11,21-22,6.658
2127570400.0,500279486,05/2025,12,21-22,6.715
2127570400.0,500279486,05/2025,13,21-22,6.656
2127570400.0,500279486,05/2025,14,21-22,6.664
2127570400.0,500279486,05/2025,15,21-22,6.699
2127570400.0,500279486,05/2025,16,21-22,6.686
2127570400.0,500279486,05/2025,17,21-22,6.677
2127570400.0,500279486,05/2025,18,21-22,6.744
2127570400.0,500279486,05/2025,19,21-22,6.82
2127570400.0,500279486,05/2025,20,21-22,6.955
2127570400.0,500279486,05/2025,21,21-22,6.918
2127570400.0,500279486,05/2025,22,21-22,6.933
2127570400.0,500279486,05/2025,23,21-22,6.871
2127570400.0,500279486,05/2025,24,21-22,6.892
2127570400.0,500279486,05/2025,25,21-22,6.815
2127570400.0,500279486,05/2025,26,21-22,6.897
2127570400.0,500279486,05/2025,27,21-22,6.858
2127570400.0,500279486,05/2025,28,21-22,6.938
2127570400.0,500279486,05/2025,29,21-22,6.869
2127570400.0,500279486,05/2025,30,21-22,6.897
2127570400.0,500279486,05/2025,31,21-22,6.9
2127570400.0,500279486,05/2025,1,22-23,6.837
2127570400.0,500279486,05/2025,2,22-23,6.787
2127570400.0,500279486,05/2025,3,22-23,6.934
2127570400.0,500279486,05/2025,4,22-23,6.82
2127570400.0,500279486,05/2025,5,22-23,6.846
2127570400.0,500279486,05/2025,6,22-23,6.908
2127570400.0,500279486,05/2025,7,22-23,6.721
2127570400.0,500279486,05/2025,8,22-23,6.738
2127570400.0,500279486,05/2025,9,22-23,6.731
2127570400.0,500279486,05/2025,10,22-23,6.68
2127570400.0,500279486,05/2025,11,22-23,6.737
2127570400.0,500279486,05/2025,12,22-23,6.808
2127570400.0,500279486,05/2025,13,22-23,6.772
2127570400.0,500279486,05/2025,14,22-23,6.781
2127570400.0,500279486,05/2025,15,22-23,6.769
2127570400.0,500279486,05/2025,16,22-23,6.77
2127570400.0,500279486,05/2025,17,22-23,6.799
2127570400.0,500279486,05/2025,18,22-23,6.825
2127570400.0,500279486,05/2025,19,22-23,6.935
2127570400.0,500279486,05/2025,20,22-23,7.016
2127570400.0,500279486,05/2025,21,22-23,6.991
2127570400.0,500279486,05/2025,22,22-23,6.977
2127570400.0,500279486,05/2025,23,22-23,6.902
2127570400.0,500279486,05/2025,24,22-23,6.977
2127570400.0,500279486,05/2025,25,22-23,6.89
2127570400.0,500279486,05/2025,26,22-23,6.98
2127570400.0,500279486,05/2025,27,22-23,6.965
2127570400.0,500279486,05/2025,28,22-23,6.998
2127570400.0,500279486,05/2025,29,22-23,6.945
2127570400.0,500279486,05/2025,30,22-23,6.98
2127570400.0,500279486,05/2025,31,22-23,6.971
2127570400.0,500279486,05/2025,1,23-24,6.865
2127570400.0,500279486,05/2025,2,23-24,6.864
2127570400.0,500279486,05/2025,3,23-24,6.983
2127570400.0,500279486,05/2025,4,23-24,6.921
2127570400.0,500279486,05/2025,5,23-24,6.879
2127570400.0,500279486,05/2025,6,23-24,6.97
2127570400.0,500279486,05/2025,7,23-24,6.81
2127570400.0,500279486,05/2025,8,23-24,6.729
2127570400.0,500279486,05/2025,9,23-24,6.803
2127570400.0,500279486,05/2025,10,23-24,6.78
2127570400.0,500279486,05/2025,11,23-24,6.798
2127570400.0,500279486,05/2025,12,23-24,6.825
2127570400.0,500279486,05/2025,13,23-24,6.858
2127570400.0,500279486,05/2025,14,23-24,6.782
2127570400.0,500279486,05/2025,15,23-24,6.836
2127570400.0,500279486,05/2025,16,23-24,6.756
2127570400.0,500279486,05/2025,17,23-24,6.881
2127570400.0,500279486,05/2025,18,23-24,6.899
2127570400.0,500279486,05/2025,19,23-24,6.95
2127570400.0,500279486,05/2025,20,23-24,7.04
2127570400.0,500279486,05/2025,21,23-24,7.04
2127570400.0,500279486,05/2025,22,23-24,7.055
2127570400.0,500279486,05/2025,23,23-24,6.984
2127570400.0,500279486,05/2025,24,23-24,6.993
2127570400.0,500279486,05/2025,25,23-24,6.987
2127570400.0,500279486,05/2025,26,23-24,7.048
2127570400.0,500279486,05/2025,27,23-24,7.027
2127570400.0,500279486,05/2025,28,23-24,7.043
2127570400.0,500279486,05/2025,29,23-24,7.017
2127570400.0,500279486,05/2025,30,23-24,7.027
2127570400.0,500279486,05/2025,31,23-24,7.033
2127570400.0,500279486,05/2025,1,23-24,69.50999999999998
2127570400.0,500279486,05/2025,2,23-24,68.65499999999999
2127570400.0,500279486,05/2025,3,23-24,69.25099999999999
2127570400.0,500279486,05/2025,4,23-24,68.99499999999999
2127570400.0,500279486,05/2025,5,23-24,69.018
2127570400.0,500279486,05/2025,6,23-24,68.50099999999999
2127570400.0,500279486,05/2025,7,23-24,67.70499999999998
2127570400.0,500279486,05/2025,8,23-24,66.54699999999998
2127570400.0,500279486,05/2025,9,23-24,66.37999999999998
2127570400.0,500279486,05/2025,10,23-24,65.54899999999998
2127570400.0,500279486,05/2025,11,23-24,65.76399999999998
2127570400.0,500279486,05/2025,12,23-24,59.273999999999994
2127570400.0,500279486,05/2025,13,23-24,67.963
2127570400.0,500279486,05/2025,14,23-24,65.30899999999997
2127570400.0,500279486,05/2025,15,23-24,64.85999999999999
2127570400.0,500279486,05/2025,16,23-24,64.86799999999998
2127570400.0,500279486,05/2025,17,23-24,64.50399999999999
2127570400.0,500279486,05/2025,18,23-24,64.72099999999998
2127570400.0,500279486,05/2025,19,23-24,65.803
2127570400.0,500279486,05/2025,20,23-24,65.86099999999999
2127570400.0,500279486,05/2025,21,23-24,65.84999999999998
2127570400.0,500279486,05/2025,22,23-24,65.749
2127570400.0,500279486,05/2025,23,23-24,65.16799999999998
2127570400.0,500279486,05/2025,24,23-24,64.87099999999998
2127570400.0,500279486,05/2025,25,23-24,64.40999999999998
2127570400.0,500279486,05/2025,26,23-24,64.80099999999999
2127570400.0,500279486,05/2025,27,23-24,64.53999999999998
2127570400.0,500279486,05/2025,28,23-24,64.82899999999998
2127570400.0,500279486,05/2025,29,23-24,64.23099999999998
2127570400.0,500279486,05/2025,30,23-24,64.00599999999997
2127570400.0,500279486,05/2025,31,23-24,64.10499999999998
2127570400.0,500279486,06/2025,1,00-01,7.139
2127570400.0,500279486,06/2025,2,00-01,7.064
2127570400.0,500279486,06/2025,3,00-01,6.983
2127570400.0,500279486,06/2025,4,00-01,7.073
2127570400.0,500279486,06/2025,5,00-01,7.082
2127570400.0,500279486,06/2025,6,00-01,7.041
2127570400.0,500279486,06/2025,7,00-01,7.038
2127570400.0,500279486,06/2025,8,00-01,7.108
2127570400.0,500279486,06/2025,9,00-01,7.077
2127570400.0,500279486,06/2025,10,00-01,7.036
2127570400.0,500279486,06/2025,11,00-01,7.116
2127570400.0,500279486,06/2025,12,00-01,6.623
2127570400.0,500279486,06/2025,13,00-01,6.828
2127570400.0,500279486,06/2025,14,00-01,6.628
2127570400.0,500279486,06/2025,15,00-01,6.604
2127570400.0,500279486,06/2025,16,00-01,6.747
2127570400.0,500279486,06/2025,17,00-01,6.637
2127570400.0,500279486,06/2025,18,00-01,6.558
2127570400.0,500279486,06/2025,19,00-01,6.603
2127570400.0,500279486,06/2025,20,00-01,6.535
2127570400.0,500279486,06/2025,21,00-01,6.503
2127570400.0,500279486,06/2025,22,00-01,6.613
2127570400.0,500279486,06/2025,23,00-01,6.617
2127570400.0,500279486,06/2025,24,00-01,6.521
2127570400.0,500279486,06/2025,25,00-01,6.64
2127570400.0,500279486,06/2025,26,00-01,6.536
2127570400.0,500279486,06/2025,27,00-01,6.726
2127570400.0,500279486,06/2025,28,00-01,6.579
2127570400.0,500279486,06/2025,29,00-01,6.707
2127570400.0,500279486,06/2025,30,00-01,6.826
2127570400.0,500279486,06/2025,1,01-02,7.125
2127570400.0,500279486,06/2025,2,01-02,7.173
2127570400.0,500279486,06/2025,3,01-02,7.099
2127570400.0,500279486,06/2025,4,01-02,7.177
2127570400.0,500279486,06/2025,5,01-02,7.197
2127570400.0,500279486,06/2025,6,01-02,7.17
2127570400.0,500279486,06/2025,7,01-02,7.164
2127570400.0,500279486,06/2025,8,01-02,7.233
2127570400.0,500279486,06/2025,9,01-02,7.157
2127570400.0,500279486,06/2025,10,01-02,7.141
2127570400.0,500279486,06/2025,11,01-02,7.15
2127570400.0,500279486,06/2025,12,01-02,6.717
2127570400.0,500279486,06/2025,13,01-02,6.821
2127570400.0,500279486,06/2025,14,01-02,6.712
2127570400.0,500279486,06/2025,15,01-02,6.703
2127570400.0,500279486,06/2025,16,01-02,6.763
2127570400.0,500279486,06/2025,17,01-02,6.676
2127570400.0,500279486,06/2025,18,01-02,6.644
2127570400.0,500279486,06/2025,19,01-02,6.67
2127570400.0,500279486,06/2025,20,01-02,6.635
2127570400.0,500279486,06/2025,21,01-02,6.555
2127570400.0,500279486,06/2025,22,01-02,6.618
2127570400.0,500279486,06/2025,23,01-02,6.698
2127570400.0,500279486,06/2025,24,01-02,6.598
2127570400.0,500279486,06/2025,25,01-02,6.572
2127570400.0,500279486,06/2025,26,01-02,6.596
2127570400.0,500279486,06/2025,27,01-02,6.878
2127570400.0,500279486,06/2025,28,01-02,6.683
2127570400.0,500279486,06/2025,29,01-02,6.763
2127570400.0,500279486,06/2025,30,01-02,6.781
2127570400.0,500279486,06/2025,1,02-03,7.236
2127570400.0,500279486,06/2025,2,02-03,7.211
2127570400.0,500279486,06/2025,3,02-03,7.174
2127570400.0,500279486,06/2025,4,02-03,7.194
2127570400.0,500279486,06/2025,5,02-03,7.202
2127570400.0,500279486,06/2025,6,02-03,7.224
2127570400.0,500279486,06/2025,7,02-03,7.251
2127570400.0,500279486,06/2025,8,02-03,7.167
2127570400.0,500279486,06/2025,9,02-03,7.23
2127570400.0,500279486,06/2025,10,02-03,7.207
2127570400.0,500279486,06/2025,11,02-03,7.192
2127570400.0,500279486,06/2025,12,02-03,6.8
2127570400.0,500279486,06/2025,13,02-03,6.805
2127570400.0,500279486,06/2025,14,02-03,6.799
2127570400.0,500279486,06/2025,15,02-03,6.745
2127570400.0,500279486,06/2025,16,02-03,6.812
2127570400.0,500279486,06/2025,17,02-03,6.716
2127570400.0,500279486,06/2025,18,02-03,6.675
2127570400.0,500279486,06/2025,19,02-03,6.691
2127570400.0,500279486,06/2025,20,02-03,6.693
2127570400.0,500279486,06/2025,21,02-03,6.647
2127570400.0,500279486,06/2025,22,02-03,6.573
2127570400.0,500279486,06/2025,23,02-03,6.725
2127570400.0,500279486,06/2025,24,02-03,6.642
2127570400.0,500279486,06/2025,25,02-03,6.702
2127570400.0,500279486,06/2025,26,02-03,6.63
2127570400.0,500279486,06/2025,27,02-03,6.958
2127570400.0,500279486,06/2025,28,02-03,6.777
2127570400.0,500279486,06/2025,29,02-03,6.855
2127570400.0,500279486,06/2025,30,02-03,6.815
2127570400.0,500279486,06/2025,1,03-04,7.278
2127570400.0,500279486,06/2025,2,03-04,7.227
2127570400.0,500279486,06/2025,3,03-04,7.212
2127570400.0,500279486,06/2025,4,03-04,7.233
2127570400.0,500279486,06/2025,5,03-04,7.261
2127570400.0,500279486,06/2025,6,03-04,7.25
2127570400.0,500279486,06/2025,7,03-04,7.213
2127570400.0,500279486,06/2025,8,03-04,7.226
2127570400.0,500279486,06/2025,9,03-04,7.298
2127570400.0,500279486,06/2025,10,03-04,7.24
2127570400.0,500279486,06/2025,11,03-04,7.216
2127570400.0,500279486,06/2025,12,03-04,6.676
2127570400.0,500279486,06/2025,13,03-04,6.83
2127570400.0,500279486,06/2025,14,03-04,6.851
2127570400.0,500279486,06/2025,15,03-04,6.881
2127570400.0,500279486,06/2025,16,03-04,6.766
2127570400.0,500279486,06/2025,17,03-04,6.733
2127570400.0,500279486,06/2025,18,03-04,6.702
2127570400.0,500279486,06/2025,19,03-04,6.726
2127570400.0,500279486,06/2025,20,03-04,6.718
2127570400.0,500279486,06/2025,21,03-04,6.692
2127570400.0,500279486,06/2025,22,03-04,6.587
2127570400.0,500279486,06/2025,23,03-04,6.682
2127570400.0,500279486,06/2025,24,03-04,6.682
2127570400.0,500279486,06/2025,25,03-04,6.732
2127570400.0,500279486,06/2025,26,03-04,6.646
2127570400.0,500279486,06/2025,27,03-04,6.909
2127570400.0,500279486,06/2025,28,03-04,6.836
2127570400.0,500279486,06/2025,29,03-04,6.828
2127570400.0,500279486,06/2025,30,03-04,6.836
2127570400.0,500279486,06/2025,1,04-05,7.217
2127570400.0,500279486,06/2025,2,04-05,7.232
2127570400.0,500279486,06/2025,3,04-05,7.247
2127570400.0,500279486,06/2025,4,04-05,7.247
2127570400.0,500279486,06/2025,5,04-05,7.351
2127570400.0,500279486,06/2025,6,04-05,7.27
2127570400.0,500279486,06/2025,7,04-05,7.249
2127570400.0,500279486,06/2025,8,04-05,7.262
2127570400.0,500279486,06/2025,9,04-05,7.348
2127570400.0,500279486,06/2025,10,04-05,7.251
2127570400.0,500279486,06/2025,11,04-05,7.251
2127570400.0,500279486,06/2025,12,04-05,6.82
2127570400.0,500279486,06/2025,13,04-05,6.846
2127570400.0,500279486,06/2025,14,04-05,6.774
2127570400.0,500279486,06/2025,15,04-05,6.815
2127570400.0,500279486,06/2025,16,04-05,6.725
2127570400.0,500279486,06/2025,17,04-05,6.72
2127570400.0,500279486,06/2025,18,04-05,6.731
2127570400.0,500279486,06/2025,19,04-05,6.752
2127570400.0,500279486,06/2025,20,04-05,6.728
2127570400.0,500279486,06/2025,21,04-05,6.615
2127570400.0,500279486,06/2025,22,04-05,6.622
2127570400.0,500279486,06/2025,23,04-05,6.688
2127570400.0,500279486,06/2025,24,04-05,6.7
2127570400.0,500279486,06/2025,25,04-05,6.761
2127570400.0,500279486,06/2025,26,04-05,6.668
2127570400.0,500279486,06/2025,27,04-05,6.916
2127570400.0,500279486,06/2025,28,04-05,6.877
2127570400.0,500279486,06/2025,29,04-05,6.861
2127570400.0,500279486,06/2025,30,04-05,6.863
2127570400.0,500279486,06/2025,1,05-06,1.862
2127570400.0,500279486,06/2025,2,05-06,1.739
2127570400.0,500279486,06/2025,3,05-06,1.751
2127570400.0,500279486,06/2025,4,05-06,1.627
2127570400.0,500279486,06/2025,5,05-06,1.65
2127570400.0,500279486,06/2025,6,05-06,1.627
2127570400.0,500279486,06/2025,7,05-06,1.493
2127570400.0,500279486,06/2025,8,05-06,1.498
2127570400.0,500279486,06/2025,9,05-06,1.513
2127570400.0,500279486,06/2025,10,05-06,1.486
2127570400.0,500279486,06/2025,11,05-06,1.485
2127570400.0,500279486,06/2025,12,05-06,1.399
2127570400.0,500279486,06/2025,13,05-06,1.397
2127570400.0,500279486,06/2025,14,05-06,1.268
2127570400.0,500279486,06/2025,15,05-06,1.278
2127570400.0,500279486,06/2025,16,05-06,1.364
2127570400.0,500279486,06/2025,17,05-06,1.363
2127570400.0,500279486,06/2025,18,05-06,1.363
2127570400.0,500279486,06/2025,19,05-06,1.363
2127570400.0,500279486,06/2025,20,05-06,1.359
2127570400.0,500279486,06/2025,21,05-06,1.332
2127570400.0,500279486,06/2025,22,05-06,1.331
2127570400.0,500279486,06/2025,23,05-06,1.454
2127570400.0,500279486,06/2025,24,05-06,1.452
2127570400.0,500279486,06/2025,25,05-06,1.467
2127570400.0,500279486,06/2025,26,05-06,1.553
2127570400.0,500279486,06/2025,27,05-06,1.613
2127570400.0,500279486,06/2025,28,05-06,1.599
2127570400.0,500279486,06/2025,29,05-06,1.705
2127570400.0,500279486,06/2025,30,05-06,1.707
2127570400.0,500279486,06/2025,1,06-07,0.0
2127570400.0,500279486,06/2025,2,06-07,0.0
2127570400.0,500279486,06/2025,3,06-07,0.0
2127570400.0,500279486,06/2025,4,06-07,0.0
2127570400.0,500279486,06/2025,5,06-07,0.0
2127570400.0,500279486,06/2025,6,06-07,0.0
2127570400.0,500279486,06/2025,7,06-07,0.0
2127570400.0,500279486,06/2025,8,06-07,0.0
2127570400.0,500279486,06/2025,9,06-07,0.0
2127570400.0,500279486,06/2025,10,06-07,0.0
2127570400.0,500279486,06/2025,11,06-07,0.0
2127570400.0,500279486,06/2025,12,06-07,0.0
2127570400.0,500279486,06/2025,13,06-07,0.0
2127570400.0,500279486,06/2025,14,06-07,0.0
2127570400.0,500279486,06/2025,15,06-07,0.0
2127570400.0,500279486,06/2025,16,06-07,0.0
2127570400.0,500279486,06/2025,17,06-07,0.0
2127570400.0,500279486,06/2025,18,06-07,0.0
2127570400.0,500279486,06/2025,19,06-07,0.0
2127570400.0,500279486,06/2025,20,06-07,0.0
2127570400.0,500279486,06/2025,21,06-07,0.0
2127570400.0,500279486,06/2025,22,06-07,0.0
2127570400.0,500279486,06/2025,23,06-07,0.0
2127570400.0,500279486,06/2025,24,06-07,0.0
2127570400.0,500279486,06/2025,25,06-07,0.0
2127570400.0,500279486,06/2025,26,06-07,0.0
2127570400.0,500279486,06/2025,27,06-07,0.0
2127570400.0,500279486,06/2025,28,06-07,0.0
2127570400.0,500279486,06/2025,29,06-07,0.0
2127570400.0,500279486,06/2025,30,06-07,0.0
2127570400.0,500279486,06/2025,1,07-08,0.001
2127570400.0,500279486,06/2025,2,07-08,0.001
2127570400.0,500279486,06/2025,3,07-08,0.001
2127570400.0,500279486,06/2025,4,07-08,0.001
2127570400.0,500279486,06/2025,5,07-08,0.001
2127570400.0,500279486,06/2025,6,07-08,0.001
2127570400.0,500279486,06/2025,7,07-08,0.001
2127570400.0,500279486,06/2025,8,07-08,0.001
2127570400.0,500279486,06/2025,9,07-08,0.001
2127570400.0,500279486,06/2025,10,07-08,0.001
2127570400.0,500279486,06/2025,11,07-08,0.001
2127570400.0,500279486,06/2025,12,07-08,0.001
2127570400.0,500279486,06/2025,13,07-08,0.001
2127570400.0,500279486,06/2025,14,07-08,0.001
2127570400.0,500279486,06/2025,15,07-08,0.001
2127570400.0,500279486,06/2025,16,07-08,0.001
2127570400.0,500279486,06/2025,17,07-08,0.001
2127570400.0,500279486,06/2025,18,07-08,0.001
2127570400.0,500279486,06/2025,19,07-08,0.001
2127570400.0,500279486,06/2025,20,07-08,0.001
2127570400.0,500279486,06/2025,21,07-08,0.001
2127570400.0,500279486,06/2025,22,07-08,0.001
2127570400.0,500279486,06/2025,23,07-08,0.001
2127570400.0,500279486,06/2025,24,07-08,0.001
2127570400.0,500279486,06/2025,25,07-08,0.001
2127570400.0,500279486,06/2025,26,07-08,0.001
2127570400.0,500279486,06/2025,27,07-08,0.001
2127570400.0,500279486,06/2025,28,07-08,0.001
2127570400.0,500279486,06/2025,29,07-08,0.001
2127570400.0,500279486,06/2025,30,07-08,0.001
2127570400.0,500279486,06/2025,1,08-09,0.0
2127570400.0,500279486,06/2025,2,08-09,0.0
2127570400.0,500279486,06/2025,3,08-09,0.0
2127570400.0,500279486,06/2025,4,08-09,0.0
2127570400.0,500279486,06/2025,5,08-09,0.0
2127570400.0,500279486,06/2025,6,08-09,0.001
2127570400.0,500279486,06/2025,7,08-09,0.0
2127570400.0,500279486,06/2025,8,08-09,0.001
2127570400.0,500279486,06/2025,9,08-09,0.0
2127570400.0,500279486,06/2025,10,08-09,0.0
2127570400.0,500279486,06/2025,11,08-09,0.0
2127570400.0,500279486,06/2025,12,08-09,0.0
2127570400.0,500279486,06/2025,13,08-09,0.0
2127570400.0,500279486,06/2025,14,08-09,0.0
2127570400.0,500279486,06/2025,15,08-09,0.0
2127570400.0,500279486,06/2025,16,08-09,0.0
2127570400.0,500279486,06/2025,17,08-09,0.0
2127570400.0,500279486,06/2025,18,08-09,0.0
2127570400.0,500279486,06/2025,19,08-09,0.0
2127570400.0,500279486,06/2025,20,08-09,0.0
2127570400.0,500279486,06/2025,21,08-09,0.0
2127570400.0,500279486,06/2025,22,08-09,0.0
2127570400.0,500279486,06/2025,23,08-09,0.0
2127570400.0,500279486,06/2025,24,08-09,0.0
2127570400.0,500279486,06/2025,25,08-09,0.0
2127570400.0,500279486,06/2025,26,08-09,0.0
2127570400.0,500279486,06/2025,27,08-09,0.0
2127570400.0,500279486,06/2025,28,08-09,0.0
2127570400.0,500279486,06/2025,29,08-09,0.0
2127570400.0,500279486,06/2025,30,08-09,0.0
2127570400.0,500279486,06/2025,1,09-10,0.001
2127570400.0,500279486,06/2025,2,09-10,0.001
2127570400.0,500279486,06/2025,3,09-10,0.001
2127570400.0,500279486,06/2025,4,09-10,0.001
2127570400.0,500279486,06/2025,5,09-10,0.001
2127570400.0,500279486,06/2025,6,09-10,0.0
2127570400.0,500279486,06/2025,7,09-10,0.001
2127570400.0,500279486,06/2025,8,09-10,0.0
2127570400.0,500279486,06/2025,9,09-10,0.001
2127570400.0,500279486,06/2025,10,09-10,0.001
2127570400.0,500279486,06/2025,11,09-10,0.001
2127570400.0,500279486,06/2025,12,09-10,0.001
2127570400.0,500279486,06/2025,13,09-10,0.001
2127570400.0,500279486,06/2025,14,09-10,0.001
2127570400.0,500279486,06/2025,15,09-10,0.001
2127570400.0,500279486,06/2025,16,09-10,0.001
2127570400.0,500279486,06/2025,17,09-10,0.001
2127570400.0,500279486,06/2025,18,09-10,0.001
2127570400.0,500279486,06/2025,19,09-10,0.001
2127570400.0,500279486,06/2025,20,09-10,0.061
2127570400.0,500279486,06/2025,21,09-10,0.001
2127570400.0,500279486,06/2025,22,09-10,0.001
2127570400.0,500279486,06/2025,23,09-10,0.001
2127570400.0,500279486,06/2025,24,09-10,0.001
2127570400.0,500279486,06/2025,25,09-10,0.001
2127570400.0,500279486,06/2025,26,09-10,0.001
2127570400.0,500279486,06/2025,27,09-10,0.001
2127570400.0,500279486,06/2025,28,09-10,0.001
2127570400.0,500279486,06/2025,29,09-10,0.001
2127570400.0,500279486,06/2025,30,09-10,0.001
2127570400.0,500279486,06/2025,1,10-11,0.001
2127570400.0,500279486,06/2025,2,10-11,0.001
2127570400.0,500279486,06/2025,3,10-11,0.001
2127570400.0,500279486,06/2025,4,10-11,0.001
2127570400.0,500279486,06/2025,5,10-11,0.001
2127570400.0,500279486,06/2025,6,10-11,0.001
2127570400.0,500279486,06/2025,7,10-11,0.001
2127570400.0,500279486,06/2025,8,10-11,0.001
2127570400.0,500279486,06/2025,9,10-11,0.001
2127570400.0,500279486,06/2025,10,10-11,0.001
2127570400.0,500279486,06/2025,11,10-11,0.001
2127570400.0,500279486,06/2025,12,10-11,0.001
2127570400.0,500279486,06/2025,13,10-11,0.001
2127570400.0,500279486,06/2025,14,10-11,0.001
2127570400.0,500279486,06/2025,15,10-11,0.001
2127570400.0,500279486,06/2025,16,10-11,0.001
2127570400.0,500279486,06/2025,17,10-11,0.001
2127570400.0,500279486,06/2025,18,10-11,0.001
2127570400.0,500279486,06/2025,19,10-11,0.001
2127570400.0,500279486,06/2025,20,10-11,0.001
2127570400.0,500279486,06/2025,21,10-11,0.0
2127570400.0,500279486,06/2025,22,10-11,0.0
2127570400.0,500279486,06/2025,23,10-11,0.0
2127570400.0,500279486,06/2025,24,10-11,0.0
2127570400.0,500279486,06/2025,25,10-11,0.0
2127570400.0,500279486,06/2025,26,10-11,0.0
2127570400.0,500279486,06/2025,27,10-11,0.0
2127570400.0,500279486,06/2025,28,10-11,0.0
2127570400.0,500279486,06/2025,29,10-11,0.0
2127570400.0,500279486,06/2025,30,10-11,0.0
2127570400.0,500279486,06/2025,1,11-12,0.0
2127570400.0,500279486,06/2025,2,11-12,0.0
2127570400.0,500279486,06/2025,3,11-12,0.0
2127570400.0,500279486,06/2025,4,11-12,0.0
2127570400.0,500279486,06/2025,5,11-12,0.0
2127570400.0,500279486,06/2025,6,11-12,0.0
2127570400.0,500279486,06/2025,7,11-12,0.0
2127570400.0,500279486,06/2025,8,11-12,0.0
2127570400.0,500279486,06/2025,9,11-12,0.0
2127570400.0,500279486,06/2025,10,11-12,0.0
2127570400.0,500279486,06/2025,11,11-12,0.0
2127570400.0,500279486,06/2025,12,11-12,0.0
2127570400.0,500279486,06/2025,13,11-12,0.0
2127570400.0,500279486,06/2025,14,11-12,0.0
2127570400.0,500279486,06/2025,15,11-12,0.0
2127570400.0,500279486,06/2025,16,11-12,0.0
2127570400.0,500279486,06/2025,17,11-12,0.0
2127570400.0,500279486,06/2025,18,11-12,0.0
2127570400.0,500279486,06/2025,19,11-12,0.0
2127570400.0,500279486,06/2025,20,11-12,0.0
2127570400.0,500279486,06/2025,21,11-12,0.001
2127570400.0,500279486,06/2025,22,11-12,0.001
2127570400.0,500279486,06/2025,23,11-12,0.001
2127570400.0,500279486,06/2025,24,11-12,0.001
2127570400.0,500279486,06/2025,25,11-12,0.001
2127570400.0,500279486,06/2025,26,11-12,0.001
2127570400.0,500279486,06/2025,27,11-12,0.001
2127570400.0,500279486,06/2025,28,11-12,0.001
2127570400.0,500279486,06/2025,29,11-12,0.001
2127570400.0,500279486,06/2025,30,11-12,0.001
2127570400.0,500279486,06/2025,1,12-13,0.001
2127570400.0,500279486,06/2025,2,12-13,0.001
2127570400.0,500279486,06/2025,3,12-13,0.001
2127570400.0,500279486,06/2025,4,12-13,0.001
2127570400.0,500279486,06/2025,5,12-13,0.001
2127570400.0,500279486,06/2025,6,12-13,0.001
2127570400.0,500279486,06/2025,7,12-13,0.001
2127570400.0,500279486,06/2025,8,12-13,0.001
2127570400.0,500279486,06/2025,9,12-13,0.001
2127570400.0,500279486,06/2025,10,12-13,0.001
2127570400.0,500279486,06/2025,11,12-13,0.001
2127570400.0,500279486,06/2025,12,12-13,0.001
2127570400.0,500279486,06/2025,13,12-13,0.001
2127570400.0,500279486,06/2025,14,12-13,0.001
2127570400.0,500279486,06/2025,15,12-13,0.001
2127570400.0,500279486,06/2025,16,12-13,0.001
2127570400.0,500279486,06/2025,17,12-13,0.001
2127570400.0,500279486,06/2025,18,12-13,0.001
2127570400.0,500279486,06/2025,19,12-13,0.001
2127570400.0,500279486,06/2025,20,12-13,0.001
2127570400.0,500279486,06/2025,21,12-13,0.001
2127570400.0,500279486,06/2025,22,12-13,0.001
2127570400.0,500279486,06/2025,23,12-13,0.001
2127570400.0,500279486,06/2025,24,12-13,0.001
2127570400.0,500279486,06/2025,25,12-13,0.001
2127570400.0,500279486,06/2025,26,12-13,0.001
2127570400.0,500279486,06/2025,27,12-13,0.001
2127570400.0,500279486,06/2025,28,12-13,0.001
2127570400.0,500279486,06/2025,29,12-13,0.001
2127570400.0,500279486,06/2025,30,12-13,0.001
2127570400.0,500279486,06/2025,1,13-14,0.0
2127570400.0,500279486,06/2025,2,13-14,0.0
2127570400.0,500279486,06/2025,3,13-14,0.0
2127570400.0,500279486,06/2025,4,13-14,0.0
2127570400.0,500279486,06/2025,5,13-14,0.0
2127570400.0,500279486,06/2025,6,13-14,0.0
2127570400.0,500279486,06/2025,7,13-14,0.0
2127570400.0,500279486,06/2025,8,13-14,0.0
2127570400.0,500279486,06/2025,9,13-14,0.0
2127570400.0,500279486,06/2025,10,13-14,0.0
2127570400.0,500279486,06/2025,11,13-14,0.0
2127570400.0,500279486,06/2025,12,13-14,0.0
2127570400.0,500279486,06/2025,13,13-14,0.0
2127570400.0,500279486,06/2025,14,13-14,0.0
2127570400.0,500279486,06/2025,15,13-14,0.0
2127570400.0,500279486,06/2025,16,13-14,0.0
2127570400.0,500279486,06/2025,17,13-14,0.0
2127570400.0,500279486,06/2025,18,13-14,0.0
2127570400.0,500279486,06/2025,19,13-14,0.0
2127570400.0,500279486,06/2025,20,13-14,0.0
2127570400.0,500279486,06/2025,21,13-14,0.0
2127570400.0,500279486,06/2025,22,13-14,0.0
2127570400.0,500279486,06/2025,23,13-14,0.0
2127570400.0,500279486,06/2025,24,13-14,0.0
2127570400.0,500279486,06/2025,25,13-14,0.0
2127570400.0,500279486,06/2025,26,13-14,0.0
2127570400.0,500279486,06/2025,27,13-14,0.0
2127570400.0,500279486,06/2025,28,13-14,0.0
2127570400.0,500279486,06/2025,29,13-14,0.0
2127570400.0,500279486,06/2025,30,13-14,0.0
2127570400.0,500279486,06/2025,1,14-15,0.001
2127570400.0,500279486,06/2025,2,14-15,0.001
2127570400.0,500279486,06/2025,3,14-15,0.001
2127570400.0,500279486,06/2025,4,14-15,0.001
2127570400.0,500279486,06/2025,5,14-15,0.001
2127570400.0,500279486,06/2025,6,14-15,0.001
2127570400.0,500279486,06/2025,7,14-15,0.001
2127570400.0,500279486,06/2025,8,14-15,0.001
2127570400.0,500279486,06/2025,9,14-15,0.001
2127570400.0,500279486,06/2025,10,14-15,0.001
2127570400.0,500279486,06/2025,11,14-15,0.001
2127570400.0,500279486,06/2025,12,14-15,0.001
2127570400.0,500279486,06/2025,13,14-15,0.001
2127570400.0,500279486,06/2025,14,14-15,0.001
2127570400.0,500279486,06/2025,15,14-15,0.001
2127570400.0,500279486,06/2025,16,14-15,0.001
2127570400.0,500279486,06/2025,17,14-15,0.001
2127570400.0,500279486,06/2025,18,14-15,0.001
2127570400.0,500279486,06/2025,19,14-15,0.001
2127570400.0,500279486,06/2025,20,14-15,0.001
2127570400.0,500279486,06/2025,21,14-15,0.001
2127570400.0,500279486,06/2025,22,14-15,0.001
2127570400.0,500279486,06/2025,23,14-15,0.001
2127570400.0,500279486,06/2025,24,14-15,0.001
2127570400.0,500279486,06/2025,25,14-15,0.001
2127570400.0,500279486,06/2025,26,14-15,0.001
2127570400.0,500279486,06/2025,27,14-15,0.001
2127570400.0,500279486,06/2025,28,14-15,0.001
2127570400.0,500279486,06/2025,29,14-15,0.001
2127570400.0,500279486,06/2025,30,14-15,0.001
2127570400.0,500279486,06/2025,1,15-16,0.0
2127570400.0,500279486,06/2025,2,15-16,0.0
2127570400.0,500279486,06/2025,3,15-16,0.0
2127570400.0,500279486,06/2025,4,15-16,0.0
2127570400.0,500279486,06/2025,5,15-16,0.0
2127570400.0,500279486,06/2025,6,15-16,0.0
2127570400.0,500279486,06/2025,7,15-16,0.0
2127570400.0,500279486,06/2025,8,15-16,0.0
2127570400.0,500279486,06/2025,9,15-16,0.0
2127570400.0,500279486,06/2025,10,15-16,0.0
2127570400.0,500279486,06/2025,11,15-16,0.0
2127570400.0,500279486,06/2025,12,15-16,0.0
2127570400.0,500279486,06/2025,13,15-16,0.0
2127570400.0,500279486,06/2025,14,15-16,0.0
2127570400.0,500279486,06/2025,15,15-16,0.0
2127570400.0,500279486,06/2025,16,15-16,0.0
2127570400.0,500279486,06/2025,17,15-16,0.0
2127570400.0,500279486,06/2025,18,15-16,0.0
2127570400.0,500279486,06/2025,19,15-16,0.0
2127570400.0,500279486,06/2025,20,15-16,0.0
2127570400.0,500279486,06/2025,21,15-16,0.0
2127570400.0,500279486,06/2025,22,15-16,0.0
2127570400.0,500279486,06/2025,23,15-16,0.0
2127570400.0,500279486,06/2025,24,15-16,0.0
2127570400.0,500279486,06/2025,25,15-16,0.0
2127570400.0,500279486,06/2025,26,15-16,0.0
2127570400.0,500279486,06/2025,27,15-16,0.0
2127570400.0,500279486,06/2025,28,15-16,0.0
2127570400.0,500279486,06/2025,29,15-16,0.0
2127570400.0,500279486,06/2025,30,15-16,0.0
2127570400.0,500279486,06/2025,1,16-17,0.001
2127570400.0,500279486,06/2025,2,16-17,0.001
2127570400.0,500279486,06/2025,3,16-17,0.001
2127570400.0,500279486,06/2025,4,16-17,0.001
2127570400.0,500279486,06/2025,5,16-17,0.001
2127570400.0,500279486,06/2025,6,16-17,0.001
2127570400.0,500279486,06/2025,7,16-17,0.001
2127570400.0,500279486,06/2025,8,16-17,0.001
2127570400.0,500279486,06/2025,9,16-17,0.001
2127570400.0,500279486,06/2025,10,16-17,0.001
2127570400.0,500279486,06/2025,11,16-17,0.001
2127570400.0,500279486,06/2025,12,16-17,0.001
2127570400.0,500279486,06/2025,13,16-17,0.001
2127570400.0,500279486,06/2025,14,16-17,0.001
2127570400.0,500279486,06/2025,15,16-17,0.001
2127570400.0,500279486,06/2025,16,16-17,0.001
2127570400.0,500279486,06/2025,17,16-17,0.001
2127570400.0,500279486,06/2025,18,16-17,0.001
2127570400.0,500279486,06/2025,19,16-17,0.001
2127570400.0,500279486,06/2025,20,16-17,0.001
2127570400.0,500279486,06/2025,21,16-17,0.001
2127570400.0,500279486,06/2025,22,16-17,0.001
2127570400.0,500279486,06/2025,23,16-17,0.001
2127570400.0,500279486,06/2025,24,16-17,0.001
2127570400.0,500279486,06/2025,25,16-17,0.001
2127570400.0,500279486,06/2025,26,16-17,0.001
2127570400.0,500279486,06/2025,27,16-17,0.001
2127570400.0,500279486,06/2025,28,16-17,0.001
2127570400.0,500279486,06/2025,29,16-17,0.001
2127570400.0,500279486,06/2025,30,16-17,0.001
2127570400.0,500279486,06/2025,1,17-18,0.0
2127570400.0,500279486,06/2025,2,17-18,0.0
2127570400.0,500279486,06/2025,3,17-18,0.0
2127570400.0,500279486,06/2025,4,17-18,0.0
2127570400.0,500279486,06/2025,5,17-18,0.0
2127570400.0,500279486,06/2025,6,17-18,0.0
2127570400.0,500279486,06/2025,7,17-18,0.0
2127570400.0,500279486,06/2025,8,17-18,0.0
2127570400.0,500279486,06/2025,9,17-18,0.0
2127570400.0,500279486,06/2025,10,17-18,0.0
2127570400.0,500279486,06/2025,11,17-18,0.0
2127570400.0,500279486,06/2025,12,17-18,0.0
2127570400.0,500279486,06/2025,13,17-18,0.0
2127570400.0,500279486,06/2025,14,17-18,0.0
2127570400.0,500279486,06/2025,15,17-18,0.0
2127570400.0,500279486,06/2025,16,17-18,0.0
2127570400.0,500279486,06/2025,17,17-18,0.0
2127570400.0,500279486,06/2025,18,17-18,0.0
2127570400.0,500279486,06/2025,19,17-18,0.0
2127570400.0,500279486,06/2025,20,17-18,0.0
2127570400.0,500279486,06/2025,21,17-18,0.0
2127570400.0,500279486,06/2025,22,17-18,0.0
2127570400.0,500279486,06/2025,23,17-18,0.0
2127570400.0,500279486,06/2025,24,17-18,0.0
2127570400.0,500279486,06/2025,25,17-18,0.0
2127570400.0,500279486,06/2025,26,17-18,0.0
2127570400.0,500279486,06/2025,27,17-18,0.0
2127570400.0,500279486,06/2025,28,17-18,0.0
2127570400.0,500279486,06/2025,29,17-18,0.0
2127570400.0,500279486,06/2025,30,17-18,0.0
2127570400.0,500279486,06/2025,1,18-19,0.001
2127570400.0,500279486,06/2025,2,18-19,0.001
2127570400.0,500279486,06/2025,3,18-19,0.001
2127570400.0,500279486,06/2025,4,18-19,0.001
2127570400.0,500279486,06/2025,5,18-19,0.001
2127570400.0,500279486,06/2025,6,18-19,0.001
2127570400.0,500279486,06/2025,7,18-19,0.001
2127570400.0,500279486,06/2025,8,18-19,0.001
2127570400.0,500279486,06/2025,9,18-19,0.001
2127570400.0,500279486,06/2025,10,18-19,0.001
2127570400.0,500279486,06/2025,11,18-19,0.001
2127570400.0,500279486,06/2025,12,18-19,0.001
2127570400.0,500279486,06/2025,13,18-19,0.001
2127570400.0,500279486,06/2025,14,18-19,0.001
2127570400.0,500279486,06/2025,15,18-19,0.001
2127570400.0,500279486,06/2025,16,18-19,0.001
2127570400.0,500279486,06/2025,17,18-19,0.001
2127570400.0,500279486,06/2025,18,18-19,0.001
2127570400.0,500279486,06/2025,19,18-19,0.001
2127570400.0,500279486,06/2025,20,18-19,0.001
2127570400.0,500279486,06/2025,21,18-19,0.001
2127570400.0,500279486,06/2025,22,18-19,0.001
2127570400.0,500279486,06/2025,23,18-19,0.001
2127570400.0,500279486,06/2025,24,18-19,0.001
2127570400.0,500279486,06/2025,25,18-19,0.001
2127570400.0,500279486,06/2025,26,18-19,0.001
2127570400.0,500279486,06/2025,27,18-19,0.001
2127570400.0,500279486,06/2025,28,18-19,0.001
2127570400.0,500279486,06/2025,29,18-19,0.001
2127570400.0,500279486,06/2025,30,18-19,0.001
2127570400.0,500279486,06/2025,1,19-20,0.001
2127570400.0,500279486,06/2025,2,19-20,0.0
2127570400.0,500279486,06/2025,3,19-20,0.001
2127570400.0,500279486,06/2025,4,19-20,0.0
2127570400.0,500279486,06/2025,5,19-20,0.001
2127570400.0,500279486,06/2025,6,19-20,0.001
2127570400.0,500279486,06/2025,7,19-20,0.001
2127570400.0,500279486,06/2025,8,19-20,0.001
2127570400.0,500279486,06/2025,9,19-20,0.001
2127570400.0,500279486,06/2025,10,19-20,0.0
2127570400.0,500279486,06/2025,11,19-20,0.0
2127570400.0,500279486,06/2025,12,19-20,0.0
2127570400.0,500279486,06/2025,13,19-20,0.0
2127570400.0,500279486,06/2025,14,19-20,0.0
2127570400.0,500279486,06/2025,15,19-20,0.0
2127570400.0,500279486,06/2025,16,19-20,0.0
2127570400.0,500279486,06/2025,17,19-20,0.0
2127570400.0,500279486,06/2025,18,19-20,0.0
2127570400.0,500279486,06/2025,19,19-20,0.0
2127570400.0,500279486,06/2025,20,19-20,0.0
2127570400.0,500279486,06/2025,21,19-20,0.0
2127570400.0,500279486,06/2025,22,19-20,0.0
2127570400.0,500279486,06/2025,23,19-20,0.0
2127570400.0,500279486,06/2025,24,19-20,0.0
2127570400.0,500279486,06/2025,25,19-20,0.0
2127570400.0,500279486,06/2025,26,19-20,0.0
2127570400.0,500279486,06/2025,27,19-20,0.0
2127570400.0,500279486,06/2025,28,19-20,0.0
2127570400.0,500279486,06/2025,29,19-20,0.0
2127570400.0,500279486,06/2025,30,19-20,0.0
2127570400.0,500279486,06/2025,1,20-21,5.677
2127570400.0,500279486,06/2025,2,20-21,5.553
2127570400.0,500279486,06/2025,3,20-21,5.493
2127570400.0,500279486,06/2025,4,20-21,5.367
2127570400.0,500279486,06/2025,5,20-21,5.372
2127570400.0,500279486,06/2025,6,20-21,5.338
2127570400.0,500279486,06/2025,7,20-21,5.362
2127570400.0,500279486,06/2025,8,20-21,5.158
2127570400.0,500279486,06/2025,9,20-21,5.064
2127570400.0,500279486,06/2025,10,20-21,5.104
2127570400.0,500279486,06/2025,11,20-21,5.499
2127570400.0,500279486,06/2025,12,20-21,5.468
2127570400.0,500279486,06/2025,13,20-21,4.775
2127570400.0,500279486,06/2025,14,20-21,4.707
2127570400.0,500279486,06/2025,15,20-21,4.559
2127570400.0,500279486,06/2025,16,20-21,4.446
2127570400.0,500279486,06/2025,17,20-21,4.374
2127570400.0,500279486,06/2025,18,20-21,4.393
2127570400.0,500279486,06/2025,19,20-21,4.27
2127570400.0,500279486,06/2025,20,20-21,4.207
2127570400.0,500279486,06/2025,21,20-21,4.319
2127570400.0,500279486,06/2025,22,20-21,4.321
2127570400.0,500279486,06/2025,23,20-21,4.136
2127570400.0,500279486,06/2025,24,20-21,4.111
2127570400.0,500279486,06/2025,25,20-21,4.146
2127570400.0,500279486,06/2025,26,20-21,4.265
2127570400.0,500279486,06/2025,27,20-21,4.251
2127570400.0,500279486,06/2025,28,20-21,4.327
2127570400.0,500279486,06/2025,29,20-21,4.342
2127570400.0,500279486,06/2025,30,20-21,4.369
2127570400.0,500279486,06/2025,1,21-22,6.925
2127570400.0,500279486,06/2025,2,21-22,6.867
2127570400.0,500279486,06/2025,3,21-22,6.94
2127570400.0,500279486,06/2025,4,21-22,6.893
2127570400.0,500279486,06/2025,5,21-22,6.902
2127570400.0,500279486,06/2025,6,21-22,7.029
2127570400.0,500279486,06/2025,7,21-22,7.014
2127570400.0,500279486,06/2025,8,21-22,6.89
2127570400.0,500279486,06/2025,9,21-22,6.901
2127570400.0,500279486,06/2025,10,21-22,6.995
2127570400.0,500279486,06/2025,11,21-22,6.568
2127570400.0,500279486,06/2025,12,21-22,6.722
2127570400.0,500279486,06/2025,13,21-22,6.62
2127570400.0,500279486,06/2025,14,21-22,6.621
2127570400.0,500279486,06/2025,15,21-22,6.498
2127570400.0,500279486,06/2025,16,21-22,6.514
2127570400.0,500279486,06/2025,17,21-22,6.448
2127570400.0,500279486,06/2025,18,21-22,6.427
2127570400.0,500279486,06/2025,19,21-22,6.393
2127570400.0,500279486,06/2025,20,21-22,6.386
2127570400.0,500279486,06/2025,21,21-22,6.528
2127570400.0,500279486,06/2025,22,21-22,6.458
2127570400.0,500279486,06/2025,23,21-22,6.362
2127570400.0,500279486,06/2025,24,21-22,6.419
2127570400.0,500279486,06/2025,25,21-22,6.34
2127570400.0,500279486,06/2025,26,21-22,6.524
2127570400.0,500279486,06/2025,27,21-22,6.554
2127570400.0,500279486,06/2025,28,21-22,6.604
2127570400.0,500279486,06/2025,29,21-22,6.621
2127570400.0,500279486,06/2025,30,21-22,6.654
2127570400.0,500279486,06/2025,1,22-23,6.983
2127570400.0,500279486,06/2025,2,22-23,6.998
2127570400.0,500279486,06/2025,3,22-23,7.046
2127570400.0,500279486,06/2025,4,22-23,7.047
2127570400.0,500279486,06/2025,5,22-23,6.955
2127570400.0,500279486,06/2025,6,22-23,7.12
2127570400.0,500279486,06/2025,7,22-23,7.103
2127570400.0,500279486,06/2025,8,22-23,6.975
2127570400.0,500279486,06/2025,9,22-23,7.037
2127570400.0,500279486,06/2025,10,22-23,7.105
2127570400.0,500279486,06/2025,11,22-23,6.644
2127570400.0,500279486,06/2025,12,22-23,6.749
2127570400.0,500279486,06/2025,13,22-23,6.701
2127570400.0,500279486,06/2025,14,22-23,6.704
2127570400.0,500279486,06/2025,15,22-23,6.617
2127570400.0,500279486,06/2025,16,22-23,6.572
2127570400.0,500279486,06/2025,17,22-23,6.566
2127570400.0,500279486,06/2025,18,22-23,6.495
2127570400.0,500279486,06/2025,19,22-23,6.447
2127570400.0,500279486,06/2025,20,22-23,6.458
2127570400.0,500279486,06/2025,21,22-23,6.563
2127570400.0,500279486,06/2025,22,22-23,6.542
2127570400.0,500279486,06/2025,23,22-23,6.443
2127570400.0,500279486,06/2025,24,22-23,6.516
2127570400.0,500279486,06/2025,25,22-23,6.44
2127570400.0,500279486,06/2025,26,22-23,6.579
2127570400.0,500279486,06/2025,27,22-23,6.622
2127570400.0,500279486,06/2025,28,22-23,6.678
2127570400.0,500279486,06/2025,29,22-23,6.689
2127570400.0,500279486,06/2025,30,22-23,6.721
2127570400.0,500279486,06/2025,1,23-24,7.043
2127570400.0,500279486,06/2025,2,23-24,7.087
2127570400.0,500279486,06/2025,3,23-24,7.073
2127570400.0,500279486,06/2025,4,23-24,7.011
2127570400.0,500279486,06/2025,5,23-24,7.023
2127570400.0,500279486,06/2025,6,23-24,7.144
2127570400.0,500279486,06/2025,7,23-24,7.13
2127570400.0,500279486,06/2025,8,23-24,7.04
2127570400.0,500279486,06/2025,9,23-24,7.135
2127570400.0,500279486,06/2025,10,23-24,7.094
2127570400.0,500279486,06/2025,11,23-24,6.675
2127570400.0,500279486,06/2025,12,23-24,6.775
2127570400.0,500279486,06/2025,13,23-24,6.742
2127570400.0,500279486,06/2025,14,23-24,6.692
2127570400.0,500279486,06/2025,15,23-24,6.7
2127570400.0,500279486,06/2025,16,23-24,6.612
2127570400.0,500279486,06/2025,17,23-24,6.584
2127570400.0,500279486,06/2025,18,23-24,6.569
2127570400.0,500279486,06/2025,19,23-24,6.508
2127570400.0,500279486,06/2025,20,23-24,6.538
2127570400.0,500279486,06/2025,21,23-24,6.632
2127570400.0,500279486,06/2025,22,23-24,6.597
2127570400.0,500279486,06/2025,23,23-24,6.507
2127570400.0,500279486,06/2025,24,23-24,6.588
2127570400.0,500279486,06/2025,25,23-24,6.5
2127570400.0,500279486,06/2025,26,23-24,6.673
2127570400.0,500279486,06/2025,27,23-24,6.684
2127570400.0,500279486,06/2025,28,23-24,6.741
2127570400.0,500279486,06/2025,29,23-24,6.758
2127570400.0,500279486,06/2025,30,23-24,6.695
2127570400.0,500279486,06/2025,1,23-24,64.49299999999998
2127570400.0,500279486,06/2025,2,23-24,64.15799999999997
2127570400.0,500279486,06/2025,3,23-24,64.02599999999998
2127570400.0,500279486,06/2025,4,23-24,63.87599999999998
2127570400.0,500279486,06/2025,5,23-24,64.00299999999999
2127570400.0,500279486,06/2025,6,23-24,64.22099999999998
2127570400.0,500279486,06/2025,7,23-24,64.02499999999999
2127570400.0,500279486,06/2025,8,23-24,63.564999999999976
2127570400.0,500279486,06/2025,9,23-24,63.76799999999997
2127570400.0,500279486,06/2025,10,23-24,63.665999999999976
2127570400.0,500279486,06/2025,11,23-24,62.802999999999976
2127570400.0,500279486,06/2025,12,23-24,60.75599999999999
2127570400.0,500279486,06/2025,13,23-24,60.37199999999997
2127570400.0,500279486,06/2025,14,23-24,59.762999999999984
2127570400.0,500279486,06/2025,15,23-24,59.406999999999975
2127570400.0,500279486,06/2025,16,23-24,59.32799999999999
2127570400.0,500279486,06/2025,17,23-24,58.823999999999984
2127570400.0,500279486,06/2025,18,23-24,58.563999999999986
2127570400.0,500279486,06/2025,19,23-24,58.429999999999986
2127570400.0,500279486,06/2025,20,23-24,58.323999999999984
2127570400.0,500279486,06/2025,21,23-24,58.39299999999999
2127570400.0,500279486,06/2025,22,23-24,58.26899999999999
2127570400.0,500279486,06/2025,23,23-24,58.31899999999999
2127570400.0,500279486,06/2025,24,23-24,58.235999999999976
2127570400.0,500279486,06/2025,25,23-24,58.30699999999999
2127570400.0,500279486,06/2025,26,23-24,58.676999999999985
2127570400.0,500279486,06/2025,27,23-24,60.11799999999998
2127570400.0,500279486,06/2025,28,23-24,59.70799999999998
2127570400.0,500279486,06/2025,29,23-24,60.13599999999998
2127570400.0,500279486,06/2025,30,23-24,60.273999999999994
2127570400.0,500279486,06/2025,31,23-24,0.0
2127570400.0,500279486,07/2025,1,00-01,6.694
2127570400.0,500279486,07/2025,2,00-01,6.804
2127570400.0,500279486,07/2025,3,00-01,6.812
2127570400.0,500279486,07/2025,4,00-01,7.167
2127570400.0,500279486,07/2025,5,00-01,7.083
2127570400.0,500279486,07/2025,6,00-01,6.948
2127570400.0,500279486,07/2025,7,00-01,7.01
2127570400.0,500279486,07/2025,8,00-01,6.324
2127570400.0,500279486,07/2025,9,00-01,6.304
2127570400.0,500279486,07/2025,10,00-01,6.257
2127570400.0,500279486,07/2025,11,00-01,6.296
2127570400.0,500279486,07/2025,12,00-01,6.265
2127570400.0,500279486,07/2025,13,00-01,6.375
2127570400.0,500279486,07/2025,14,00-01,6.443
2127570400.0,500279486,07/2025,15,00-01,6.272
2127570400.0,500279486,07/2025,16,00-01,6.298
2127570400.0,500279486,07/2025,17,00-01,5.684
2127570400.0,500279486,07/2025,18,00-01,6.208
2127570400.0,500279486,07/2025,19,00-01,6.174
2127570400.0,500279486,07/2025,20,00-01,6.231
2127570400.0,500279486,07/2025,21,00-01,6.343
2127570400.0,500279486,07/2025,22,00-01,6.288
2127570400.0,500279486,07/2025,23,00-01,7.281
2127570400.0,500279486,07/2025,24,00-01,7.328
2127570400.0,500279486,07/2025,25,00-01,6.967
2127570400.0,500279486,07/2025,26,00-01,7.038
2127570400.0,500279486,07/2025,27,00-01,6.896
2127570400.0,500279486,07/2025,28,00-01,7.03
2127570400.0,500279486,07/2025,29,00-01,6.956
2127570400.0,500279486,07/2025,30,00-01,6.998
2127570400.0,500279486,07/2025,31,00-01,7.046
2127570400.0,500279486,07/2025,1,01-02,6.758
2127570400.0,500279486,07/2025,2,01-02,6.767
2127570400.0,500279486,07/2025,3,01-02,6.813
2127570400.0,500279486,07/2025,4,01-02,7.203
2127570400.0,500279486,07/2025,5,01-02,6.856
2127570400.0,500279486,07/2025,6,01-02,7.027
2127570400.0,500279486,07/2025,7,01-02,7.111
2127570400.0,500279486,07/2025,8,01-02,6.403
2127570400.0,500279486,07/2025,9,01-02,6.376
2127570400.0,500279486,07/2025,10,01-02,6.316
2127570400.0,500279486,07/2025,11,01-02,6.362
2127570400.0,500279486,07/2025,12,01-02,6.323
2127570400.0,500279486,07/2025,13,01-02,6.43
2127570400.0,500279486,07/2025,14,01-02,6.477
2127570400.0,500279486,07/2025,15,01-02,6.334
2127570400.0,500279486,07/2025,16,01-02,6.362
2127570400.0,500279486,07/2025,17,01-02,6.042
2127570400.0,500279486,07/2025,18,01-02,6.281
2127570400.0,500279486,07/2025,19,01-02,6.266
2127570400.0,500279486,07/2025,20,01-02,6.313
2127570400.0,500279486,07/2025,21,01-02,6.394
2127570400.0,500279486,07/2025,22,01-02,6.334
2127570400.0,500279486,07/2025,23,01-02,7.39
2127570400.0,500279486,07/2025,24,01-02,7.41
2127570400.0,500279486,07/2025,25,01-02,7.098
2127570400.0,500279486,07/2025,26,01-02,7.143
2127570400.0,500279486,07/2025,27,01-02,7.003
2127570400.0,500279486,07/2025,28,01-02,7.086
2127570400.0,500279486,07/2025,29,01-02,7.089
2127570400.0,500279486,07/2025,30,01-02,7.096
2127570400.0,500279486,07/2025,31,01-02,7.14
2127570400.0,500279486,07/2025,1,02-03,6.818
2127570400.0,500279486,07/2025,2,02-03,6.808
2127570400.0,500279486,07/2025,3,02-03,6.849
2127570400.0,500279486,07/2025,4,02-03,7.263
2127570400.0,500279486,07/2025,5,02-03,7.051
2127570400.0,500279486,07/2025,6,02-03,7.086
2127570400.0,500279486,07/2025,7,02-03,7.138
2127570400.0,500279486,07/2025,8,02-03,6.436
2127570400.0,500279486,07/2025,9,02-03,6.447
2127570400.0,500279486,07/2025,10,02-03,6.394
2127570400.0,500279486,07/2025,11,02-03,6.429
2127570400.0,500279486,07/2025,12,02-03,6.385
2127570400.0,500279486,07/2025,13,02-03,6.451
2127570400.0,500279486,07/2025,14,02-03,6.494
2127570400.0,500279486,07/2025,15,02-03,6.515
2127570400.0,500279486,07/2025,16,02-03,6.439
2127570400.0,500279486,07/2025,17,02-03,6.349
2127570400.0,500279486,07/2025,18,02-03,6.323
2127570400.0,500279486,07/2025,19,02-03,6.322
2127570400.0,500279486,07/2025,20,02-03,6.35
2127570400.0,500279486,07/2025,21,02-03,6.429
2127570400.0,500279486,07/2025,22,02-03,6.683
2127570400.0,500279486,07/2025,23,02-03,7.448
2127570400.0,500279486,07/2025,24,02-03,7.489
2127570400.0,500279486,07/2025,25,02-03,7.174
2127570400.0,500279486,07/2025,26,02-03,7.169
2127570400.0,500279486,07/2025,27,02-03,7.034
2127570400.0,500279486,07/2025,28,02-03,7.14
2127570400.0,500279486,07/2025,29,02-03,7.168
2127570400.0,500279486,07/2025,30,02-03,7.184
2127570400.0,500279486,07/2025,31,02-03,7.197
2127570400.0,500279486,07/2025,1,03-04,6.829
2127570400.0,500279486,07/2025,2,03-04,6.817
2127570400.0,500279486,07/2025,3,03-04,6.877
2127570400.0,500279486,07/2025,4,03-04,7.273
2127570400.0,500279486,07/2025,5,03-04,7.076
2127570400.0,500279486,07/2025,6,03-04,7.156
2127570400.0,500279486,07/2025,7,03-04,7.131
2127570400.0,500279486,07/2025,8,03-04,6.444
2127570400.0,500279486,07/2025,9,03-04,6.488
2127570400.0,500279486,07/2025,10,03-04,6.446
2127570400.0,500279486,07/2025,11,03-04,6.465
2127570400.0,500279486,07/2025,12,03-04,6.412
2127570400.0,500279486,07/2025,13,03-04,6.467
2127570400.0,500279486,07/2025,14,03-04,6.505
2127570400.0,500279486,07/2025,15,03-04,6.545
2127570400.0,500279486,07/2025,16,03-04,6.437
2127570400.0,500279486,07/2025,17,03-04,6.381
2127570400.0,500279486,07/2025,18,03-04,6.384
2127570400.0,500279486,07/2025,19,03-04,6.385
2127570400.0,500279486,07/2025,20,03-04,6.381
2127570400.0,500279486,07/2025,21,03-04,6.438
2127570400.0,500279486,07/2025,22,03-04,7.304
2127570400.0,500279486,07/2025,23,03-04,7.53
2127570400.0,500279486,07/2025,24,03-04,7.528
2127570400.0,500279486,07/2025,25,03-04,7.235
2127570400.0,500279486,07/2025,26,03-04,7.229
2127570400.0,500279486,07/2025,27,03-04,7.083
2127570400.0,500279486,07/2025,28,03-04,7.204
2127570400.0,500279486,07/2025,29,03-04,7.208
2127570400.0,500279486,07/2025,30,03-04,7.229
2127570400.0,500279486,07/2025,31,03-04,7.229
2127570400.0,500279486,07/2025,1,04-05,6.853
2127570400.0,500279486,07/2025,2,04-05,6.847
2127570400.0,500279486,07/2025,3,04-05,6.909
2127570400.0,500279486,07/2025,4,04-05,7.301
2127570400.0,500279486,07/2025,5,04-05,7.093
2127570400.0,500279486,07/2025,6,04-05,7.162
2127570400.0,500279486,07/2025,7,04-05,7.147
2127570400.0,500279486,07/2025,8,04-05,6.474
2127570400.0,500279486,07/2025,9,04-05,6.537
2127570400.0,500279486,07/2025,10,04-05,6.499
2127570400.0,500279486,07/2025,11,04-05,6.439
2127570400.0,500279486,07/2025,12,04-05,6.46
2127570400.0,500279486,07/2025,13,04-05,6.525
2127570400.0,500279486,07/2025,14,04-05,6.095
2127570400.0,500279486,07/2025,15,04-05,6.6
2127570400.0,500279486,07/2025,16,04-05,6.467
2127570400.0,500279486,07/2025,17,04-05,6.414
2127570400.0,500279486,07/2025,18,04-05,6.459
2127570400.0,500279486,07/2025,19,04-05,6.41
2127570400.0,500279486,07/2025,20,04-05,6.403
2127570400.0,500279486,07/2025,21,04-05,6.467
2127570400.0,500279486,07/2025,22,04-05,7.367
2127570400.0,500279486,07/2025,23,04-05,7.566
2127570400.0,500279486,07/2025,24,04-05,7.549
2127570400.0,500279486,07/2025,25,04-05,7.288
2127570400.0,500279486,07/2025,26,04-05,7.285
2127570400.0,500279486,07/2025,27,04-05,7.14
2127570400.0,500279486,07/2025,28,04-05,6.508
2127570400.0,500279486,07/2025,29,04-05,7.253
2127570400.0,500279486,07/2025,30,04-05,7.282
2127570400.0,500279486,07/2025,31,04-05,7.275
2127570400.0,500279486,07/2025,1,05-06,1.79
2127570400.0,500279486,07/2025,2,05-06,1.812
2127570400.0,500279486,07/2025,3,05-06,1.931
2127570400.0,500279486,07/2025,4,05-06,2.015
2127570400.0,500279486,07/2025,5,05-06,1.864
2127570400.0,500279486,07/2025,6,05-06,2.107
2127570400.0,500279486,07/2025,7,05-06,2.225
2127570400.0,500279486,07/2025,8,05-06,2.125
2127570400.0,500279486,07/2025,9,05-06,2.138
2127570400.0,500279486,07/2025,10,05-06,2.228
2127570400.0,500279486,07/2025,11,05-06,2.315
2127570400.0,500279486,07/2025,12,05-06,2.331
2127570400.0,500279486,07/2025,13,05-06,2.448
2127570400.0,500279486,07/2025,14,05-06,2.075
2127570400.0,500279486,07/2025,15,05-06,2.709
2127570400.0,500279486,07/2025,16,05-06,2.734
2127570400.0,500279486,07/2025,17,05-06,2.711
2127570400.0,500279486,07/2025,18,05-06,2.831
2127570400.0,500279486,07/2025,19,05-06,2.926
2127570400.0,500279486,07/2025,20,05-06,3.031
2127570400.0,500279486,07/2025,21,05-06,3.161
2127570400.0,500279486,07/2025,22,05-06,3.723
2127570400.0,500279486,07/2025,23,05-06,3.814
2127570400.0,500279486,07/2025,24,05-06,3.919
2127570400.0,500279486,07/2025,25,05-06,3.913
2127570400.0,500279486,07/2025,26,05-06,4.046
2127570400.0,500279486,07/2025,27,05-06,4.066
2127570400.0,500279486,07/2025,28,05-06,3.513
2127570400.0,500279486,07/2025,29,05-06,4.359
2127570400.0,500279486,07/2025,30,05-06,4.478
2127570400.0,500279486,07/2025,31,05-06,4.615
2127570400.0,500279486,07/2025,1,06-07,0.0
2127570400.0,500279486,07/2025,2,06-07,0.0
2127570400.0,500279486,07/2025,3,06-07,0.0
2127570400.0,500279486,07/2025,4,06-07,0.0
2127570400.0,500279486,07/2025,5,06-07,0.0
2127570400.0,500279486,07/2025,6,06-07,0.0
2127570400.0,500279486,07/2025,7,06-07,0.0
2127570400.0,500279486,07/2025,8,06-07,0.0
2127570400.0,500279486,07/2025,9,06-07,0.0
2127570400.0,500279486,07/2025,10,06-07,0.0
2127570400.0,500279486,07/2025,11,06-07,0.0
2127570400.0,500279486,07/2025,12,06-07,0.0
2127570400.0,500279486,07/2025,13,06-07,0.0
2127570400.0,500279486,07/2025,14,06-07,0.0
2127570400.0,500279486,07/2025,15,06-07,0.0
2127570400.0,500279486,07/2025,16,06-07,0.001
2127570400.0,500279486,07/2025,17,06-07,0.0
2127570400.0,500279486,07/2025,18,06-07,0.0
2127570400.0,500279486,07/2025,19,06-07,0.001
2127570400.0,500279486,07/2025,20,06-07,0.0
2127570400.0,500279486,07/2025,21,06-07,0.001
2127570400.0,500279486,07/2025,22,06-07,0.001
2127570400.0,500279486,07/2025,23,06-07,0.0
2127570400.0,500279486,07/2025,24,06-07,0.001
2127570400.0,500279486,07/2025,25,06-07,0.0
2127570400.0,500279486,07/2025,26,06-07,0.0
2127570400.0,500279486,07/2025,27,06-07,0.0
2127570400.0,500279486,07/2025,28,06-07,0.001
2127570400.0,500279486,07/2025,29,06-07,0.0
2127570400.0,500279486,07/2025,30,06-07,0.001
2127570400.0,500279486,07/2025,31,06-07,0.001
2127570400.0,500279486,07/2025,1,07-08,0.001
2127570400.0,500279486,07/2025,2,07-08,0.001
2127570400.0,500279486,07/2025,3,07-08,0.001
2127570400.0,500279486,07/2025,4,07-08,0.001
2127570400.0,500279486,07/2025,5,07-08,0.001
2127570400.0,500279486,07/2025,6,07-08,0.001
2127570400.0,500279486,07/2025,7,07-08,0.001
2127570400.0,500279486,07/2025,8,07-08,0.001
2127570400.0,500279486,07/2025,9,07-08,0.001
2127570400.0,500279486,07/2025,10,07-08,0.001
2127570400.0,500279486,07/2025,11,07-08,0.001
2127570400.0,500279486,07/2025,12,07-08,0.001
2127570400.0,500279486,07/2025,13,07-08,0.001
2127570400.0,500279486,07/2025,14,07-08,0.001
2127570400.0,500279486,07/2025,15,07-08,0.001
2127570400.0,500279486,07/2025,16,07-08,0.0
2127570400.0,500279486,07/2025,17,07-08,0.001
2127570400.0,500279486,07/2025,18,07-08,0.001
2127570400.0,500279486,07/2025,19,07-08,0.0
2127570400.0,500279486,07/2025,20,07-08,0.001
2127570400.0,500279486,07/2025,21,07-08,0.0
2127570400.0,500279486,07/2025,22,07-08,0.0
2127570400.0,500279486,07/2025,23,07-08,0.001
2127570400.0,500279486,07/2025,24,07-08,0.0
2127570400.0,500279486,07/2025,25,07-08,0.001
2127570400.0,500279486,07/2025,26,07-08,0.001
2127570400.0,500279486,07/2025,27,07-08,0.001
2127570400.0,500279486,07/2025,28,07-08,0.0
2127570400.0,500279486,07/2025,29,07-08,0.001
2127570400.0,500279486,07/2025,30,07-08,0.0
2127570400.0,500279486,07/2025,31,07-08,0.0
2127570400.0,500279486,07/2025,1,08-09,0.0
2127570400.0,500279486,07/2025,2,08-09,0.0
2127570400.0,500279486,07/2025,3,08-09,0.0
2127570400.0,500279486,07/2025,4,08-09,0.0
2127570400.0,500279486,07/2025,5,08-09,0.0
2127570400.0,500279486,07/2025,6,08-09,0.0
2127570400.0,500279486,07/2025,7,08-09,0.0
2127570400.0,500279486,07/2025,8,08-09,0.0
2127570400.0,500279486,07/2025,9,08-09,0.0
2127570400.0,500279486,07/2025,10,08-09,0.0
2127570400.0,500279486,07/2025,11,08-09,0.0
2127570400.0,500279486,07/2025,12,08-09,0.0
2127570400.0,500279486,07/2025,13,08-09,0.0
2127570400.0,500279486,07/2025,14,08-09,0.0
2127570400.0,500279486,07/2025,15,08-09,0.0
2127570400.0,500279486,07/2025,16,08-09,0.001
2127570400.0,500279486,07/2025,17,08-09,0.0
2127570400.0,500279486,07/2025,18,08-09,0.0
2127570400.0,500279486,07/2025,19,08-09,0.001
2127570400.0,500279486,07/2025,20,08-09,0.0
2127570400.0,500279486,07/2025,21,08-09,0.001
2127570400.0,500279486,07/2025,22,08-09,0.001
2127570400.0,500279486,07/2025,23,08-09,0.0
2127570400.0,500279486,07/2025,24,08-09,0.001
2127570400.0,500279486,07/2025,25,08-09,0.0
2127570400.0,500279486,07/2025,26,08-09,0.0
2127570400.0,500279486,07/2025,27,08-09,0.0
2127570400.0,500279486,07/2025,28,08-09,0.001
2127570400.0,500279486,07/2025,29,08-09,0.0
2127570400.0,500279486,07/2025,30,08-09,0.001
2127570400.0,500279486,07/2025,31,08-09,0.001
2127570400.0,500279486,07/2025,1,09-10,0.001
2127570400.0,500279486,07/2025,2,09-10,0.001
2127570400.0,500279486,07/2025,3,09-10,0.001
2127570400.0,500279486,07/2025,4,09-10,0.001
2127570400.0,500279486,07/2025,5,09-10,0.001
2127570400.0,500279486,07/2025,6,09-10,0.001
2127570400.0,500279486,07/2025,7,09-10,0.001
2127570400.0,500279486,07/2025,8,09-10,0.001
2127570400.0,500279486,07/2025,9,09-10,0.001
2127570400.0,500279486,07/2025,10,09-10,0.001
2127570400.0,500279486,07/2025,11,09-10,0.001
2127570400.0,500279486,07/2025,12,09-10,0.001
2127570400.0,500279486,07/2025,13,09-10,0.001
2127570400.0,500279486,07/2025,14,09-10,0.001
2127570400.0,500279486,07/2025,15,09-10,0.001
2127570400.0,500279486,07/2025,16,09-10,0.0
2127570400.0,500279486,07/2025,17,09-10,0.001
2127570400.0,500279486,07/2025,18,09-10,0.001
2127570400.0,500279486,07/2025,19,09-10,0.0
2127570400.0,500279486,07/2025,20,09-10,0.001
2127570400.0,500279486,07/2025,21,09-10,0.0
2127570400.0,500279486,07/2025,22,09-10,0.0
2127570400.0,500279486,07/2025,23,09-10,0.001
2127570400.0,500279486,07/2025,24,09-10,0.0
2127570400.0,500279486,07/2025,25,09-10,0.001
2127570400.0,500279486,07/2025,26,09-10,0.001
2127570400.0,500279486,07/2025,27,09-10,0.001
2127570400.0,500279486,07/2025,28,09-10,0.0
2127570400.0,500279486,07/2025,29,09-10,0.001
2127570400.0,500279486,07/2025,30,09-10,0.0
2127570400.0,500279486,07/2025,31,09-10,0.0
2127570400.0,500279486,07/2025,1,10-11,0.0
2127570400.0,500279486,07/2025,2,10-11,0.0
2127570400.0,500279486,07/2025,3,10-11,0.0
2127570400.0,500279486,07/2025,4,10-11,0.0
2127570400.0,500279486,07/2025,5,10-11,0.0
2127570400.0,500279486,07/2025,6,10-11,0.0
2127570400.0,500279486,07/2025,7,10-11,0.0
2127570400.0,500279486,07/2025,8,10-11,0.0
2127570400.0,500279486,07/2025,9,10-11,0.0
2127570400.0,500279486,07/2025,10,10-11,0.0
2127570400.0,500279486,07/2025,11,10-11,0.0
2127570400.0,500279486,07/2025,12,10-11,0.0
2127570400.0,500279486,07/2025,13,10-11,0.0
2127570400.0,500279486,07/2025,14,10-11,0.0
2127570400.0,500279486,07/2025,15,10-11,0.0
2127570400.0,500279486,07/2025,16,10-11,0.001
2127570400.0,500279486,07/2025,17,10-11,0.0
2127570400.0,500279486,07/2025,18,10-11,0.0
2127570400.0,500279486,07/2025,19,10-11,0.001
2127570400.0,500279486,07/2025,20,10-11,0.0
2127570400.0,500279486,07/2025,21,10-11,0.001
2127570400.0,500279486,07/2025,22,10-11,0.001
2127570400.0,500279486,07/2025,23,10-11,0.0
2127570400.0,500279486,07/2025,24,10-11,0.001
2127570400.0,500279486,07/2025,25,10-11,0.0
2127570400.0,500279486,07/2025,26,10-11,0.0
2127570400.0,500279486,07/2025,27,10-11,0.0
2127570400.0,500279486,07/2025,28,10-11,0.001
2127570400.0,500279486,07/2025,29,10-11,0.0
2127570400.0,500279486,07/2025,30,10-11,0.001
2127570400.0,500279486,07/2025,31,10-11,0.001
2127570400.0,500279486,07/2025,1,11-12,0.001
2127570400.0,500279486,07/2025,2,11-12,0.001
2127570400.0,500279486,07/2025,3,11-12,0.001
2127570400.0,500279486,07/2025,4,11-12,0.001
2127570400.0,500279486,07/2025,5,11-12,0.001
2127570400.0,500279486,07/2025,6,11-12,0.001
2127570400.0,500279486,07/2025,7,11-12,0.001
2127570400.0,500279486,07/2025,8,11-12,0.001
2127570400.0,500279486,07/2025,9,11-12,0.001
2127570400.0,500279486,07/2025,10,11-12,0.001
2127570400.0,500279486,07/2025,11,11-12,0.001
2127570400.0,500279486,07/2025,12,11-12,0.001
2127570400.0,500279486,07/2025,13,11-12,0.001
2127570400.0,500279486,07/2025,14,11-12,0.001
2127570400.0,500279486,07/2025,15,11-12,0.001
2127570400.0,500279486,07/2025,16,11-12,0.0
2127570400.0,500279486,07/2025,17,11-12,0.001
2127570400.0,500279486,07/2025,18,11-12,0.001
2127570400.0,500279486,07/2025,19,11-12,0.0
2127570400.0,500279486,07/2025,20,11-12,0.001
2127570400.0,500279486,07/2025,21,11-12,0.0
2127570400.0,500279486,07/2025,22,11-12,0.0
2127570400.0,500279486,07/2025,23,11-12,0.001
2127570400.0,500279486,07/2025,24,11-12,0.0
2127570400.0,500279486,07/2025,25,11-12,0.001
2127570400.0,500279486,07/2025,26,11-12,0.001
2127570400.0,500279486,07/2025,27,11-12,0.001
2127570400.0,500279486,07/2025,28,11-12,0.0
2127570400.0,500279486,07/2025,29,11-12,0.001
2127570400.0,500279486,07/2025,30,11-12,0.0
2127570400.0,500279486,07/2025,31,11-12,0.0
2127570400.0,500279486,07/2025,1,12-13,0.0
2127570400.0,500279486,07/2025,2,12-13,0.001
2127570400.0,500279486,07/2025,3,12-13,0.001
2127570400.0,500279486,07/2025,4,12-13,0.001
2127570400.0,500279486,07/2025,5,12-13,0.0
2127570400.0,500279486,07/2025,6,12-13,0.0
2127570400.0,500279486,07/2025,7,12-13,0.0
2127570400.0,500279486,07/2025,8,12-13,0.0
2127570400.0,500279486,07/2025,9,12-13,0.0
2127570400.0,500279486,07/2025,10,12-13,0.0
2127570400.0,500279486,07/2025,11,12-13,0.0
2127570400.0,500279486,07/2025,12,12-13,0.0
2127570400.0,500279486,07/2025,13,12-13,0.0
2127570400.0,500279486,07/2025,14,12-13,0.0
2127570400.0,500279486,07/2025,15,12-13,0.0
2127570400.0,500279486,07/2025,16,12-13,0.001
2127570400.0,500279486,07/2025,17,12-13,0.0
2127570400.0,500279486,07/2025,18,12-13,0.0
2127570400.0,500279486,07/2025,19,12-13,0.001
2127570400.0,500279486,07/2025,20,12-13,0.0
2127570400.0,500279486,07/2025,21,12-13,0.001
2127570400.0,500279486,07/2025,22,12-13,0.001
2127570400.0,500279486,07/2025,23,12-13,0.0
2127570400.0,500279486,07/2025,24,12-13,0.001
2127570400.0,500279486,07/2025,25,12-13,0.0
2127570400.0,500279486,07/2025,26,12-13,0.0
2127570400.0,500279486,07/2025,27,12-13,0.0
2127570400.0,500279486,07/2025,28,12-13,0.001
2127570400.0,500279486,07/2025,29,12-13,0.0
2127570400.0,500279486,07/2025,30,12-13,0.001
2127570400.0,500279486,07/2025,31,12-13,0.001
2127570400.0,500279486,07/2025,1,13-14,0.001
2127570400.0,500279486,07/2025,2,13-14,0.0
2127570400.0,500279486,07/2025,3,13-14,0.0
2127570400.0,500279486,07/2025,4,13-14,0.0
2127570400.0,500279486,07/2025,5,13-14,0.001
2127570400.0,500279486,07/2025,6,13-14,0.001
2127570400.0,500279486,07/2025,7,13-14,0.001
2127570400.0,500279486,07/2025,8,13-14,0.001
2127570400.0,500279486,07/2025,9,13-14,0.001
2127570400.0,500279486,07/2025,10,13-14,0.001
2127570400.0,500279486,07/2025,11,13-14,0.001
2127570400.0,500279486,07/2025,12,13-14,0.001
2127570400.0,500279486,07/2025,13,13-14,0.001
2127570400.0,500279486,07/2025,14,13-14,0.001
2127570400.0,500279486,07/2025,15,13-14,0.001
2127570400.0,500279486,07/2025,16,13-14,0.0
2127570400.0,500279486,07/2025,17,13-14,0.001
2127570400.0,500279486,07/2025,18,13-14,0.001
2127570400.0,500279486,07/2025,19,13-14,0.0
2127570400.0,500279486,07/2025,20,13-14,0.001
2127570400.0,500279486,07/2025,21,13-14,0.0
2127570400.0,500279486,07/2025,22,13-14,0.0
2127570400.0,500279486,07/2025,23,13-14,0.001
2127570400.0,500279486,07/2025,24,13-14,0.0
2127570400.0,500279486,07/2025,25,13-14,0.001
2127570400.0,500279486,07/2025,26,13-14,0.001
2127570400.0,500279486,07/2025,27,13-14,0.001
2127570400.0,500279486,07/2025,28,13-14,0.0
2127570400.0,500279486,07/2025,29,13-14,0.001
2127570400.0,500279486,07/2025,30,13-14,0.0
2127570400.0,500279486,07/2025,31,13-14,0.0
2127570400.0,500279486,07/2025,1,14-15,0.001
2127570400.0,500279486,07/2025,2,14-15,0.001
2127570400.0,500279486,07/2025,3,14-15,0.001
2127570400.0,500279486,07/2025,4,14-15,0.001
2127570400.0,500279486,07/2025,5,14-15,0.0
2127570400.0,500279486,07/2025,6,14-15,0.0
2127570400.0,500279486,07/2025,7,14-15,0.0
2127570400.0,500279486,07/2025,8,14-15,0.0
2127570400.0,500279486,07/2025,9,14-15,0.0
2127570400.0,500279486,07/2025,10,14-15,0.0
2127570400.0,500279486,07/2025,11,14-15,0.0
2127570400.0,500279486,07/2025,12,14-15,0.0
2127570400.0,500279486,07/2025,13,14-15,0.0
2127570400.0,500279486,07/2025,14,14-15,0.0
2127570400.0,500279486,07/2025,15,14-15,0.0
2127570400.0,500279486,07/2025,16,14-15,0.001
2127570400.0,500279486,07/2025,17,14-15,0.0
2127570400.0,500279486,07/2025,18,14-15,0.0
2127570400.0,500279486,07/2025,19,14-15,0.001
2127570400.0,500279486,07/2025,20,14-15,0.0
2127570400.0,500279486,07/2025,21,14-15,0.001
2127570400.0,500279486,07/2025,22,14-15,0.001
2127570400.0,500279486,07/2025,23,14-15,0.0
2127570400.0,500279486,07/2025,24,14-15,0.001
2127570400.0,500279486,07/2025,25,14-15,0.0
2127570400.0,500279486,07/2025,26,14-15,0.0
2127570400.0,500279486,07/2025,27,14-15,0.0
2127570400.0,500279486,07/2025,28,14-15,0.001
2127570400.0,500279486,07/2025,29,14-15,0.0
2127570400.0,500279486,07/2025,30,14-15,0.001
2127570400.0,500279486,07/2025,31,14-15,0.001
2127570400.0,500279486,07/2025,1,15-16,0.0
2127570400.0,500279486,07/2025,2,15-16,0.0
2127570400.0,500279486,07/2025,3,15-16,0.0
2127570400.0,500279486,07/2025,4,15-16,0.0
2127570400.0,500279486,07/2025,5,15-16,0.001
2127570400.0,500279486,07/2025,6,15-16,0.001
2127570400.0,500279486,07/2025,7,15-16,0.001
2127570400.0,500279486,07/2025,8,15-16,0.001
2127570400.0,500279486,07/2025,9,15-16,0.001
2127570400.0,500279486,07/2025,10,15-16,0.001
2127570400.0,500279486,07/2025,11,15-16,0.001
2127570400.0,500279486,07/2025,12,15-16,0.001
2127570400.0,500279486,07/2025,13,15-16,0.001
2127570400.0,500279486,07/2025,14,15-16,0.001
2127570400.0,500279486,07/2025,15,15-16,0.001
2127570400.0,500279486,07/2025,16,15-16,0.0
2127570400.0,500279486,07/2025,17,15-16,0.001
2127570400.0,500279486,07/2025,18,15-16,0.001
2127570400.0,500279486,07/2025,19,15-16,0.0
2127570400.0,500279486,07/2025,20,15-16,0.001
2127570400.0,500279486,07/2025,21,15-16,0.0
2127570400.0,500279486,07/2025,22,15-16,0.0
2127570400.0,500279486,07/2025,23,15-16,0.001
2127570400.0,500279486,07/2025,24,15-16,0.0
2127570400.0,500279486,07/2025,25,15-16,0.001
2127570400.0,500279486,07/2025,26,15-16,0.001
2127570400.0,500279486,07/2025,27,15-16,0.001
2127570400.0,500279486,07/2025,28,15-16,0.0
2127570400.0,500279486,07/2025,29,15-16,0.001
2127570400.0,500279486,07/2025,30,15-16,0.0
2127570400.0,500279486,07/2025,31,15-16,0.0
2127570400.0,500279486,07/2025,1,16-17,0.001
2127570400.0,500279486,07/2025,2,16-17,0.001
2127570400.0,500279486,07/2025,3,16-17,0.001
2127570400.0,500279486,07/2025,4,16-17,0.001
2127570400.0,500279486,07/2025,5,16-17,0.0
2127570400.0,500279486,07/2025,6,16-17,0.0
2127570400.0,500279486,07/2025,7,16-17,0.001
2127570400.0,500279486,07/2025,8,16-17,0.001
2127570400.0,500279486,07/2025,9,16-17,0.001
2127570400.0,500279486,07/2025,10,16-17,0.0
2127570400.0,500279486,07/2025,11,16-17,0.0
2127570400.0,500279486,07/2025,12,16-17,0.0
2127570400.0,500279486,07/2025,13,16-17,0.0
2127570400.0,500279486,07/2025,14,16-17,0.0
2127570400.0,500279486,07/2025,15,16-17,0.0
2127570400.0,500279486,07/2025,16,16-17,0.001
2127570400.0,500279486,07/2025,17,16-17,0.0
2127570400.0,500279486,07/2025,18,16-17,0.0
2127570400.0,500279486,07/2025,19,16-17,0.001
2127570400.0,500279486,07/2025,20,16-17,0.0
2127570400.0,500279486,07/2025,21,16-17,0.001
2127570400.0,500279486,07/2025,22,16-17,0.001
2127570400.0,500279486,07/2025,23,16-17,0.0
2127570400.0,500279486,07/2025,24,16-17,0.001
2127570400.0,500279486,07/2025,25,16-17,0.0
2127570400.0,500279486,07/2025,26,16-17,0.0
2127570400.0,500279486,07/2025,27,16-17,0.0
2127570400.0,500279486,07/2025,28,16-17,0.001
2127570400.0,500279486,07/2025,29,16-17,0.0
2127570400.0,500279486,07/2025,30,16-17,0.001
2127570400.0,500279486,07/2025,31,16-17,0.001
2127570400.0,500279486,07/2025,1,17-18,0.0
2127570400.0,500279486,07/2025,2,17-18,0.0
2127570400.0,500279486,07/2025,3,17-18,0.0
2127570400.0,500279486,07/2025,4,17-18,0.0
2127570400.0,500279486,07/2025,5,17-18,0.001
2127570400.0,500279486,07/2025,6,17-18,0.001
2127570400.0,500279486,07/2025,7,17-18,0.0
2127570400.0,500279486,07/2025,8,17-18,0.0
2127570400.0,500279486,07/2025,9,17-18,0.0
2127570400.0,500279486,07/2025,10,17-18,0.001
2127570400.0,500279486,07/2025,11,17-18,0.001
2127570400.0,500279486,07/2025,12,17-18,0.001
2127570400.0,500279486,07/2025,13,17-18,0.001
2127570400.0,500279486,07/2025,14,17-18,0.001
2127570400.0,500279486,07/2025,15,17-18,0.001
2127570400.0,500279486,07/2025,16,17-18,0.0
2127570400.0,500279486,07/2025,17,17-18,0.001
2127570400.0,500279486,07/2025,18,17-18,0.001
2127570400.0,500279486,07/2025,19,17-18,0.0
2127570400.0,500279486,07/2025,20,17-18,0.001
2127570400.0,500279486,07/2025,21,17-18,0.0
2127570400.0,500279486,07/2025,22,17-18,0.0
2127570400.0,500279486,07/2025,23,17-18,0.001
2127570400.0,500279486,07/2025,24,17-18,0.0
2127570400.0,500279486,07/2025,25,17-18,0.001
2127570400.0,500279486,07/2025,26,17-18,0.001
2127570400.0,500279486,07/2025,27,17-18,0.001
2127570400.0,500279486,07/2025,28,17-18,0.0
2127570400.0,500279486,07/2025,29,17-18,0.001
2127570400.0,500279486,07/2025,30,17-18,0.0
2127570400.0,500279486,07/2025,31,17-18,0.0
2127570400.0,500279486,07/2025,1,18-19,0.001
2127570400.0,500279486,07/2025,2,18-19,0.001
2127570400.0,500279486,07/2025,3,18-19,0.001
2127570400.0,500279486,07/2025,4,18-19,0.001
2127570400.0,500279486,07/2025,5,18-19,0.001
2127570400.0,500279486,07/2025,6,18-19,0.001
2127570400.0,500279486,07/2025,7,18-19,0.001
2127570400.0,500279486,07/2025,8,18-19,0.001
2127570400.0,500279486,07/2025,9,18-19,0.001
2127570400.0,500279486,07/2025,10,18-19,0.0
2127570400.0,500279486,07/2025,11,18-19,0.0
2127570400.0,500279486,07/2025,12,18-19,0.0
2127570400.0,500279486,07/2025,13,18-19,0.0
2127570400.0,500279486,07/2025,14,18-19,0.0
2127570400.0,500279486,07/2025,15,18-19,0.0
2127570400.0,500279486,07/2025,16,18-19,0.001
2127570400.0,500279486,07/2025,17,18-19,0.0
2127570400.0,500279486,07/2025,18,18-19,0.0
2127570400.0,500279486,07/2025,19,18-19,0.001
2127570400.0,500279486,07/2025,20,18-19,0.0
2127570400.0,500279486,07/2025,21,18-19,0.001
2127570400.0,500279486,07/2025,22,18-19,0.001
2127570400.0,500279486,07/2025,23,18-19,0.0
2127570400.0,500279486,07/2025,24,18-19,0.001
2127570400.0,500279486,07/2025,25,18-19,0.0
2127570400.0,500279486,07/2025,26,18-19,0.0
2127570400.0,500279486,07/2025,27,18-19,0.0
2127570400.0,500279486,07/2025,28,18-19,0.001
2127570400.0,500279486,07/2025,29,18-19,0.0
2127570400.0,500279486,07/2025,30,18-19,0.001
2127570400.0,500279486,07/2025,31,18-19,0.001
2127570400.0,500279486,07/2025,1,19-20,0.0
2127570400.0,500279486,07/2025,2,19-20,0.0
2127570400.0,500279486,07/2025,3,19-20,0.0
2127570400.0,500279486,07/2025,4,19-20,0.0
2127570400.0,500279486,07/2025,5,19-20,0.0
2127570400.0,500279486,07/2025,6,19-20,0.0
2127570400.0,500279486,07/2025,7,19-20,0.0
2127570400.0,500279486,07/2025,8,19-20,0.0
2127570400.0,500279486,07/2025,9,19-20,0.0
2127570400.0,500279486,07/2025,10,19-20,0.001
2127570400.0,500279486,07/2025,11,19-20,0.001
2127570400.0,500279486,07/2025,12,19-20,0.001
2127570400.0,500279486,07/2025,13,19-20,0.001
2127570400.0,500279486,07/2025,14,19-20,0.001
2127570400.0,500279486,07/2025,15,19-20,0.001
2127570400.0,500279486,07/2025,16,19-20,0.0
2127570400.0,500279486,07/2025,17,19-20,0.001
2127570400.0,500279486,07/2025,18,19-20,0.001
2127570400.0,500279486,07/2025,19,19-20,0.0
2127570400.0,500279486,07/2025,20,19-20,0.001
2127570400.0,500279486,07/2025,21,19-20,0.0
2127570400.0,500279486,07/2025,22,19-20,0.0
2127570400.0,500279486,07/2025,23,19-20,0.001
2127570400.0,500279486,07/2025,24,19-20,0.0
2127570400.0,500279486,07/2025,25,19-20,0.001
2127570400.0,500279486,07/2025,26,19-20,0.001
2127570400.0,500279486,07/2025,27,19-20,0.001
2127570400.0,500279486,07/2025,28,19-20,0.0
2127570400.0,500279486,07/2025,29,19-20,0.001
2127570400.0,500279486,07/2025,30,19-20,0.0
2127570400.0,500279486,07/2025,31,19-20,0.0
2127570400.0,500279486,07/2025,1,20-21,4.345
2127570400.0,500279486,07/2025,2,20-21,4.439
2127570400.0,500279486,07/2025,3,20-21,4.442
2127570400.0,500279486,07/2025,4,20-21,4.746
2127570400.0,500279486,07/2025,5,20-21,4.647
2127570400.0,500279486,07/2025,6,20-21,4.598
2127570400.0,500279486,07/2025,7,20-21,4.205
2127570400.0,500279486,07/2025,8,20-21,4.301
2127570400.0,500279486,07/2025,9,20-21,4.21
2127570400.0,500279486,07/2025,10,20-21,4.417
2127570400.0,500279486,07/2025,11,20-21,4.412
2127570400.0,500279486,07/2025,12,20-21,4.541
2127570400.0,500279486,07/2025,13,20-21,4.581
2127570400.0,500279486,07/2025,14,20-21,4.619
2127570400.0,500279486,07/2025,15,20-21,4.571
2127570400.0,500279486,07/2025,16,20-21,4.223
2127570400.0,500279486,07/2025,17,20-21,4.764
2127570400.0,500279486,07/2025,18,20-21,4.743
2127570400.0,500279486,07/2025,19,20-21,4.887
2127570400.0,500279486,07/2025,20,20-21,4.991
2127570400.0,500279486,07/2025,21,20-21,5.199
2127570400.0,500279486,07/2025,22,20-21,5.763
2127570400.0,500279486,07/2025,23,20-21,5.83
2127570400.0,500279486,07/2025,24,20-21,5.843
2127570400.0,500279486,07/2025,25,20-21,6.051
2127570400.0,500279486,07/2025,26,20-21,6.2
2127570400.0,500279486,07/2025,27,20-21,6.394
2127570400.0,500279486,07/2025,28,20-21,6.327
2127570400.0,500279486,07/2025,29,20-21,6.557
2127570400.0,500279486,07/2025,30,20-21,6.605
2127570400.0,500279486,07/2025,31,20-21,6.759
2127570400.0,500279486,07/2025,1,21-22,6.657
2127570400.0,500279486,07/2025,2,21-22,6.601
2127570400.0,500279486,07/2025,3,21-22,6.746
2127570400.0,500279486,07/2025,4,21-22,7.001
2127570400.0,500279486,07/2025,5,21-22,6.905
2127570400.0,500279486,07/2025,6,21-22,6.79
2127570400.0,500279486,07/2025,7,21-22,6.139
2127570400.0,500279486,07/2025,8,21-22,6.228
2127570400.0,500279486,07/2025,9,21-22,6.108
2127570400.0,500279486,07/2025,10,21-22,6.212
2127570400.0,500279486,07/2025,11,21-22,6.187
2127570400.0,500279486,07/2025,12,21-22,6.214
2127570400.0,500279486,07/2025,13,21-22,6.238
2127570400.0,500279486,07/2025,14,21-22,6.212
2127570400.0,500279486,07/2025,15,21-22,6.115
2127570400.0,500279486,07/2025,16,21-22,5.548
2127570400.0,500279486,07/2025,17,21-22,6.126
2127570400.0,500279486,07/2025,18,21-22,6.084
2127570400.0,500279486,07/2025,19,21-22,6.152
2127570400.0,500279486,07/2025,20,21-22,6.152
2127570400.0,500279486,07/2025,21,21-22,6.27
2127570400.0,500279486,07/2025,22,21-22,6.94
2127570400.0,500279486,07/2025,23,21-22,6.893
2127570400.0,500279486,07/2025,24,21-22,6.77
2127570400.0,500279486,07/2025,25,21-22,6.943
2127570400.0,500279486,07/2025,26,21-22,6.915
2127570400.0,500279486,07/2025,27,21-22,6.968
2127570400.0,500279486,07/2025,28,21-22,6.831
2127570400.0,500279486,07/2025,29,21-22,6.915
2127570400.0,500279486,07/2025,30,21-22,6.892
2127570400.0,500279486,07/2025,31,21-22,6.884
2127570400.0,500279486,07/2025,1,22-23,6.739
2127570400.0,500279486,07/2025,2,22-23,6.658
2127570400.0,500279486,07/2025,3,22-23,7.083
2127570400.0,500279486,07/2025,4,22-23,7.069
2127570400.0,500279486,07/2025,5,22-23,7.025
2127570400.0,500279486,07/2025,6,22-23,6.851
2127570400.0,500279486,07/2025,7,22-23,6.23
2127570400.0,500279486,07/2025,8,22-23,6.288
2127570400.0,500279486,07/2025,9,22-23,6.157
2127570400.0,500279486,07/2025,10,22-23,6.294
2127570400.0,500279486,07/2025,11,22-23,6.183
2127570400.0,500279486,07/2025,12,22-23,6.3
2127570400.0,500279486,07/2025,13,22-23,6.332
2127570400.0,500279486,07/2025,14,22-23,6.188
2127570400.0,500279486,07/2025,15,22-23,6.176
2127570400.0,500279486,07/2025,16,22-23,5.604
2127570400.0,500279486,07/2025,17,22-23,6.178
2127570400.0,500279486,07/2025,18,22-23,6.149
2127570400.0,500279486,07/2025,19,22-23,6.212
2127570400.0,500279486,07/2025,20,22-23,6.226
2127570400.0,500279486,07/2025,21,22-23,6.238
2127570400.0,500279486,07/2025,22,22-23,7.293
2127570400.0,500279486,07/2025,23,22-23,7.267
2127570400.0,500279486,07/2025,24,22-23,6.832
2127570400.0,500279486,07/2025,25,22-23,7.009
2127570400.0,500279486,07/2025,26,22-23,6.973
2127570400.0,500279486,07/2025,27,22-23,7.027
2127570400.0,500279486,07/2025,28,22-23,6.907
2127570400.0,500279486,07/2025,29,22-23,7.012
2127570400.0,500279486,07/2025,30,22-23,6.963
2127570400.0,500279486,07/2025,31,22-23,6.947
2127570400.0,500279486,07/2025,1,23-24,6.78
2127570400.0,500279486,07/2025,2,23-24,6.741
2127570400.0,500279486,07/2025,3,23-24,7.179
2127570400.0,500279486,07/2025,4,23-24,7.145
2127570400.0,500279486,07/2025,5,23-24,7.064
2127570400.0,500279486,07/2025,6,23-24,6.91
2127570400.0,500279486,07/2025,7,23-24,6.286
2127570400.0,500279486,07/2025,8,23-24,6.34
2127570400.0,500279486,07/2025,9,23-24,6.21
2127570400.0,500279486,07/2025,10,23-24,6.263
2127570400.0,500279486,07/2025,11,23-24,6.247
2127570400.0,500279486,07/2025,12,23-24,6.32
2127570400.0,500279486,07/2025,13,23-24,6.369
2127570400.0,500279486,07/2025,14,23-24,6.221
2127570400.0,500279486,07/2025,15,23-24,6.22
2127570400.0,500279486,07/2025,16,23-24,5.668
2127570400.0,500279486,07/2025,17,23-24,6.218
2127570400.0,500279486,07/2025,18,23-24,6.169
2127570400.0,500279486,07/2025,19,23-24,6.234
2127570400.0,500279486,07/2025,20,23-24,6.249
2127570400.0,500279486,07/2025,21,23-24,6.279
2127570400.0,500279486,07/2025,22,23-24,7.175
2127570400.0,500279486,07/2025,23,23-24,7.275
2127570400.0,500279486,07/2025,24,23-24,6.902
2127570400.0,500279486,07/2025,25,23-24,7.059
2127570400.0,500279486,07/2025,26,23-24,7.033
2127570400.0,500279486,07/2025,27,23-24,7.084
2127570400.0,500279486,07/2025,28,23-24,6.95
2127570400.0,500279486,07/2025,29,23-24,6.978
2127570400.0,500279486,07/2025,30,23-24,7.019
2127570400.0,500279486,07/2025,31,23-24,7.007
2127570400.0,500279486,07/2025,1,23-24,60.269999999999975
2127570400.0,500279486,07/2025,2,23-24,60.30099999999998
2127570400.0,500279486,07/2025,3,23-24,61.64799999999998
2127570400.0,500279486,07/2025,4,23-24,64.18999999999998
2127570400.0,500279486,07/2025,5,23-24,62.670999999999985
2127570400.0,500279486,07/2025,6,23-24,62.64199999999998
2127570400.0,500279486,07/2025,7,23-24,60.62899999999999
2127570400.0,500279486,07/2025,8,23-24,57.36999999999999
2127570400.0,500279486,07/2025,9,23-24,56.98199999999998
2127570400.0,500279486,07/2025,10,23-24,57.33299999999998
2127570400.0,500279486,07/2025,11,23-24,57.341999999999985
2127570400.0,500279486,07/2025,12,23-24,57.557999999999986
2127570400.0,500279486,07/2025,13,23-24,58.222999999999985
2127570400.0,500279486,07/2025,14,23-24,57.336
2127570400.0,500279486,07/2025,15,23-24,58.063999999999986
2127570400.0,500279486,07/2025,16,23-24,55.786999999999985
2127570400.0,500279486,07/2025,17,23-24,56.87399999999998
2127570400.0,500279486,07/2025,18,23-24,57.63799999999999
2127570400.0,500279486,07/2025,19,23-24,57.97499999999999
2127570400.0,500279486,07/2025,20,23-24,58.33399999999998
2127570400.0,500279486,07/2025,21,23-24,59.22499999999998
2127570400.0,500279486,07/2025,22,23-24,64.87699999999998
2127570400.0,500279486,07/2025,23,23-24,68.30099999999999
2127570400.0,500279486,07/2025,24,23-24,67.57699999999997
2127570400.0,500279486,07/2025,25,23-24,66.74399999999999
2127570400.0,500279486,07/2025,26,23-24,67.03799999999998
2127570400.0,500279486,07/2025,27,23-24,66.70199999999998
2127570400.0,500279486,07/2025,28,23-24,65.50299999999999
2127570400.0,500279486,07/2025,29,23-24,67.50199999999998
2127570400.0,500279486,07/2025,30,23-24,67.753
2127570400.0,500279486,07/2025,31,23-24,68.106
2127570400.0,500279486,08/2025,1,00-01,7.039
2127570400.0,500279486,08/2025,2,00-01,7.045
2127570400.0,500279486,08/2025,3,00-01,7.084
2127570400.0,500279486,08/2025,4,00-01,7.195
2127570400.0,500279486,08/2025,5,00-01,7.009
2127570400.0,500279486,08/2025,6,00-01,7.069
2127570400.0,500279486,08/2025,7,00-01,7.075
2127570400.0,500279486,08/2025,8,00-01,7.073
2127570400.0,500279486,08/2025,9,00-01,7.032
2127570400.0,500279486,08/2025,10,00-01,7.064
2127570400.0,500279486,08/2025,11,00-01,7.212
2127570400.0,500279486,08/2025,12,00-01,7.154
2127570400.0,500279486,08/2025,13,00-01,6.247
2127570400.0,500279486,08/2025,14,00-01,6.258
2127570400.0,500279486,08/2025,15,00-01,6.297
2127570400.0,500279486,08/2025,16,00-01,6.281
2127570400.0,500279486,08/2025,17,00-01,6.322
2127570400.0,500279486,08/2025,18,00-01,6.34
2127570400.0,500279486,08/2025,19,00-01,6.31
2127570400.0,500279486,08/2025,20,00-01,6.339
2127570400.0,500279486,08/2025,21,00-01,6.387
2127570400.0,500279486,08/2025,22,00-01,6.458
2127570400.0,500279486,08/2025,23,00-01,6.311
2127570400.0,500279486,08/2025,24,00-01,6.325
2127570400.0,500279486,08/2025,25,00-01,6.514
2127570400.0,500279486,08/2025,26,00-01,6.476
2127570400.0,500279486,08/2025,27,00-01,6.508
2127570400.0,500279486,08/2025,28,00-01,7.324
2127570400.0,500279486,08/2025,29,00-01,7.361
2127570400.0,500279486,08/2025,30,00-01,6.004
2127570400.0,500279486,08/2025,31,00-01,7.162
2127570400.0,500279486,08/2025,1,01-02,7.112
2127570400.0,500279486,08/2025,2,01-02,7.078
2127570400.0,500279486,08/2025,3,01-02,7.151
2127570400.0,500279486,08/2025,4,01-02,7.305
2127570400.0,500279486,08/2025,5,01-02,7.121
2127570400.0,500279486,08/2025,6,01-02,7.155
2127570400.0,500279486,08/2025,7,01-02,7.16
2127570400.0,500279486,08/2025,8,01-02,7.164
2127570400.0,500279486,08/2025,9,01-02,7.143
2127570400.0,500279486,08/2025,10,01-02,7.148
2127570400.0,500279486,08/2025,11,01-02,7.252
2127570400.0,500279486,08/2025,12,01-02,7.23
2127570400.0,500279486,08/2025,13,01-02,6.278
2127570400.0,500279486,08/2025,14,01-02,6.331
2127570400.0,500279486,08/2025,15,01-02,6.375
2127570400.0,500279486,08/2025,16,01-02,6.372
2127570400.0,500279486,08/2025,17,01-02,6.478
2127570400.0,500279486,08/2025,18,01-02,6.416
2127570400.0,500279486,08/2025,19,01-02,6.372
2127570400.0,500279486,08/2025,20,01-02,6.414
2127570400.0,500279486,08/2025,21,01-02,6.452
2127570400.0,500279486,08/2025,22,01-02,6.482
2127570400.0,500279486,08/2025,23,01-02,6.377
2127570400.0,500279486,08/2025,24,01-02,6.4
2127570400.0,500279486,08/2025,25,01-02,6.442
2127570400.0,500279486,08/2025,26,01-02,6.53
2127570400.0,500279486,08/2025,27,01-02,6.567
2127570400.0,500279486,08/2025,28,01-02,7.387
2127570400.0,500279486,08/2025,29,01-02,7.399
2127570400.0,500279486,08/2025,30,01-02,6.053
2127570400.0,500279486,08/2025,31,01-02,7.275
2127570400.0,500279486,08/2025,1,02-03,7.22
2127570400.0,500279486,08/2025,2,02-03,7.171
2127570400.0,500279486,08/2025,3,02-03,7.232
2127570400.0,500279486,08/2025,4,02-03,7.357
2127570400.0,500279486,08/2025,5,02-03,7.155
2127570400.0,500279486,08/2025,6,02-03,7.227
2127570400.0,500279486,08/2025,7,02-03,7.26
2127570400.0,500279486,08/2025,8,02-03,7.246
2127570400.0,500279486,08/2025,9,02-03,7.216
2127570400.0,500279486,08/2025,10,02-03,7.188
2127570400.0,500279486,08/2025,11,02-03,7.264
2127570400.0,500279486,08/2025,12,02-03,7.293
2127570400.0,500279486,08/2025,13,02-03,6.369
2127570400.0,500279486,08/2025,14,02-03,6.407
2127570400.0,500279486,08/2025,15,02-03,6.418
2127570400.0,500279486,08/2025,16,02-03,6.419
2127570400.0,500279486,08/2025,17,02-03,6.504
2127570400.0,500279486,08/2025,18,02-03,6.488
2127570400.0,500279486,08/2025,19,02-03,6.454
2127570400.0,500279486,08/2025,20,02-03,6.462
2127570400.0,500279486,08/2025,21,02-03,6.453
2127570400.0,500279486,08/2025,22,02-03,6.467
2127570400.0,500279486,08/2025,23,02-03,6.419
2127570400.0,500279486,08/2025,24,02-03,6.464
2127570400.0,500279486,08/2025,25,02-03,6.45
2127570400.0,500279486,08/2025,26,02-03,6.542
2127570400.0,500279486,08/2025,27,02-03,6.599
2127570400.0,500279486,08/2025,28,02-03,7.414
2127570400.0,500279486,08/2025,29,02-03,7.403
2127570400.0,500279486,08/2025,30,02-03,6.199
2127570400.0,500279486,08/2025,31,02-03,7.362
2127570400.0,500279486,08/2025,1,03-04,7.257
2127570400.0,500279486,08/2025,2,03-04,7.249
2127570400.0,500279486,08/2025,3,03-04,7.265
2127570400.0,500279486,08/2025,4,03-04,7.377
2127570400.0,500279486,08/2025,5,03-04,7.211
2127570400.0,500279486,08/2025,6,03-04,7.252
2127570400.0,500279486,08/2025,7,03-04,7.214
2127570400.0,500279486,08/2025,8,03-04,7.227
2127570400.0,500279486,08/2025,9,03-04,7.232
2127570400.0,500279486,08/2025,10,03-04,7.258
2127570400.0,500279486,08/2025,11,03-04,7.309
2127570400.0,500279486,08/2025,12,03-04,7.348
2127570400.0,500279486,08/2025,13,03-04,6.417
2127570400.0,500279486,08/2025,14,03-04,6.431
2127570400.0,500279486,08/2025,15,03-04,6.437
2127570400.0,500279486,08/2025,16,03-04,6.465
2127570400.0,500279486,08/2025,17,03-04,6.513
2127570400.0,500279486,08/2025,18,03-04,6.532
2127570400.0,500279486,08/2025,19,03-04,6.235
2127570400.0,500279486,08/2025,20,03-04,6.489
2127570400.0,500279486,08/2025,21,03-04,6.403
2127570400.0,500279486,08/2025,22,03-04,6.534
2127570400.0,500279486,08/2025,23,03-04,6.483
2127570400.0,500279486,08/2025,24,03-04,6.515
2127570400.0,500279486,08/2025,25,03-04,6.022
2127570400.0,500279486,08/2025,26,03-04,6.568
2127570400.0,500279486,08/2025,27,03-04,6.581
2127570400.0,500279486,08/2025,28,03-04,7.441
2127570400.0,500279486,08/2025,29,03-04,7.425
2127570400.0,500279486,08/2025,30,03-04,6.436
2127570400.0,500279486,08/2025,31,03-04,7.391
2127570400.0,500279486,08/2025,1,04-05,7.332
2127570400.0,500279486,08/2025,2,04-05,7.273
2127570400.0,500279486,08/2025,3,04-05,7.3
2127570400.0,500279486,08/2025,4,04-05,7.408
2127570400.0,500279486,08/2025,5,04-05,7.241
2127570400.0,500279486,08/2025,6,04-05,7.324
2127570400.0,500279486,08/2025,7,04-05,7.314
2127570400.0,500279486,08/2025,8,04-05,7.289
2127570400.0,500279486,08/2025,9,04-05,7.186
2127570400.0,500279486,08/2025,10,04-05,7.353
2127570400.0,500279486,08/2025,11,04-05,7.344
2127570400.0,500279486,08/2025,12,04-05,7.419
2127570400.0,500279486,08/2025,13,04-05,6.439
2127570400.0,500279486,08/2025,14,04-05,6.488
2127570400.0,500279486,08/2025,15,04-05,6.466
2127570400.0,500279486,08/2025,16,04-05,6.489
2127570400.0,500279486,08/2025,17,04-05,6.526
2127570400.0,500279486,08/2025,18,04-05,6.552
2127570400.0,500279486,08/2025,19,04-05,6.239
2127570400.0,500279486,08/2025,20,04-05,6.523
2127570400.0,500279486,08/2025,21,04-05,6.439
2127570400.0,500279486,08/2025,22,04-05,6.563
2127570400.0,500279486,08/2025,23,04-05,6.505
2127570400.0,500279486,08/2025,24,04-05,6.578
2127570400.0,500279486,08/2025,25,04-05,6.533
2127570400.0,500279486,08/2025,26,04-05,6.584
2127570400.0,500279486,08/2025,27,04-05,6.58
2127570400.0,500279486,08/2025,28,04-05,7.426
2127570400.0,500279486,08/2025,29,04-05,7.436
2127570400.0,500279486,08/2025,30,04-05,6.734
2127570400.0,500279486,08/2025,31,04-05,7.43
2127570400.0,500279486,08/2025,1,05-06,4.768
2127570400.0,500279486,08/2025,2,05-06,4.819
2127570400.0,500279486,08/2025,3,05-06,5.003
2127570400.0,500279486,08/2025,4,05-06,5.181
2127570400.0,500279486,08/2025,5,05-06,5.199
2127570400.0,500279486,08/2025,6,05-06,5.338
2127570400.0,500279486,08/2025,7,05-06,5.46
2127570400.0,500279486,08/2025,8,05-06,5.566
2127570400.0,500279486,08/2025,9,05-06,5.691
2127570400.0,500279486,08/2025,10,05-06,5.852
2127570400.0,500279486,08/2025,11,05-06,5.947
2127570400.0,500279486,08/2025,12,05-06,6.142
2127570400.0,500279486,08/2025,13,05-06,5.458
2127570400.0,500279486,08/2025,14,05-06,5.598
2127570400.0,500279486,08/2025,15,05-06,5.665
2127570400.0,500279486,08/2025,16,05-06,5.788
2127570400.0,500279486,08/2025,17,05-06,5.914
2127570400.0,500279486,08/2025,18,05-06,6.076
2127570400.0,500279486,08/2025,19,05-06,5.867
2127570400.0,500279486,08/2025,20,05-06,6.253
2127570400.0,500279486,08/2025,21,05-06,6.197
2127570400.0,500279486,08/2025,22,05-06,6.512
2127570400.0,500279486,08/2025,23,05-06,6.494
2127570400.0,500279486,08/2025,24,05-06,6.581
2127570400.0,500279486,08/2025,25,05-06,6.541
2127570400.0,500279486,08/2025,26,05-06,6.6
2127570400.0,500279486,08/2025,27,05-06,6.562
2127570400.0,500279486,08/2025,28,05-06,7.411
2127570400.0,500279486,08/2025,29,05-06,7.381
2127570400.0,500279486,08/2025,30,05-06,6.994
2127570400.0,500279486,08/2025,31,05-06,7.347
2127570400.0,500279486,08/2025,1,06-07,0.0
2127570400.0,500279486,08/2025,2,06-07,0.0
2127570400.0,500279486,08/2025,3,06-07,0.001
2127570400.0,500279486,08/2025,4,06-07,0.0
2127570400.0,500279486,08/2025,5,06-07,0.001
2127570400.0,500279486,08/2025,6,06-07,0.0
2127570400.0,500279486,08/2025,7,06-07,0.0
2127570400.0,500279486,08/2025,8,06-07,0.0
2127570400.0,500279486,08/2025,9,06-07,0.0
2127570400.0,500279486,08/2025,10,06-07,0.0
2127570400.0,500279486,08/2025,11,06-07,0.001
2127570400.0,500279486,08/2025,12,06-07,0.0
2127570400.0,500279486,08/2025,13,06-07,0.0
2127570400.0,500279486,08/2025,14,06-07,0.0
2127570400.0,500279486,08/2025,15,06-07,0.0
2127570400.0,500279486,08/2025,16,06-07,0.001
2127570400.0,500279486,08/2025,17,06-07,0.001
2127570400.0,500279486,08/2025,18,06-07,0.001
2127570400.0,500279486,08/2025,19,06-07,0.001
2127570400.0,500279486,08/2025,20,06-07,0.0
2127570400.0,500279486,08/2025,21,06-07,0.001
2127570400.0,500279486,08/2025,22,06-07,0.001
2127570400.0,500279486,08/2025,23,06-07,0.074
2127570400.0,500279486,08/2025,24,06-07,0.182
2127570400.0,500279486,08/2025,25,06-07,0.288
2127570400.0,500279486,08/2025,26,06-07,0.393
2127570400.0,500279486,08/2025,27,06-07,0.502
2127570400.0,500279486,08/2025,28,06-07,0.688
2127570400.0,500279486,08/2025,29,06-07,0.806
2127570400.0,500279486,08/2025,30,06-07,0.98
2127570400.0,500279486,08/2025,31,06-07,1.118
2127570400.0,500279486,08/2025,1,07-08,0.001
2127570400.0,500279486,08/2025,2,07-08,0.001
2127570400.0,500279486,08/2025,3,07-08,0.0
2127570400.0,500279486,08/2025,4,07-08,0.001
2127570400.0,500279486,08/2025,5,07-08,0.0
2127570400.0,500279486,08/2025,6,07-08,0.001
2127570400.0,500279486,08/2025,7,07-08,0.001
2127570400.0,500279486,08/2025,8,07-08,0.001
2127570400.0,500279486,08/2025,9,07-08,0.001
2127570400.0,500279486,08/2025,10,07-08,0.001
2127570400.0,500279486,08/2025,11,07-08,0.0
2127570400.0,500279486,08/2025,12,07-08,0.001
2127570400.0,500279486,08/2025,13,07-08,0.001
2127570400.0,500279486,08/2025,14,07-08,0.001
2127570400.0,500279486,08/2025,15,07-08,0.001
2127570400.0,500279486,08/2025,16,07-08,0.0
2127570400.0,500279486,08/2025,17,07-08,0.0
2127570400.0,500279486,08/2025,18,07-08,0.0
2127570400.0,500279486,08/2025,19,07-08,0.0
2127570400.0,500279486,08/2025,20,07-08,0.001
2127570400.0,500279486,08/2025,21,07-08,0.0
2127570400.0,500279486,08/2025,22,07-08,0.0
2127570400.0,500279486,08/2025,23,07-08,0.0
2127570400.0,500279486,08/2025,24,07-08,0.0
2127570400.0,500279486,08/2025,25,07-08,0.0
2127570400.0,500279486,08/2025,26,07-08,0.0
2127570400.0,500279486,08/2025,27,07-08,0.001
2127570400.0,500279486,08/2025,28,07-08,0.0
2127570400.0,500279486,08/2025,29,07-08,0.0
2127570400.0,500279486,08/2025,30,07-08,0.0
2127570400.0,500279486,08/2025,31,07-08,0.0
2127570400.0,500279486,08/2025,1,08-09,0.0
2127570400.0,500279486,08/2025,2,08-09,0.0
2127570400.0,500279486,08/2025,3,08-09,0.001
2127570400.0,500279486,08/2025,4,08-09,0.0
2127570400.0,500279486,08/2025,5,08-09,0.001
2127570400.0,500279486,08/2025,6,08-09,0.0
2127570400.0,500279486,08/2025,7,08-09,0.0
2127570400.0,500279486,08/2025,8,08-09,0.0
2127570400.0,500279486,08/2025,9,08-09,0.0
2127570400.0,500279486,08/2025,10,08-09,0.0
2127570400.0,500279486,08/2025,11,08-09,0.001
2127570400.0,500279486,08/2025,12,08-09,0.001
2127570400.0,500279486,08/2025,13,08-09,0.0
2127570400.0,500279486,08/2025,14,08-09,0.0
2127570400.0,500279486,08/2025,15,08-09,0.0
2127570400.0,500279486,08/2025,16,08-09,0.001
2127570400.0,500279486,08/2025,17,08-09,0.001
2127570400.0,500279486,08/2025,18,08-09,0.001
2127570400.0,500279486,08/2025,19,08-09,0.001
2127570400.0,500279486,08/2025,20,08-09,0.001
2127570400.0,500279486,08/2025,21,08-09,0.001
2127570400.0,500279486,08/2025,22,08-09,0.001
2127570400.0,500279486,08/2025,23,08-09,0.001
2127570400.0,500279486,08/2025,24,08-09,0.0
2127570400.0,500279486,08/2025,25,08-09,0.001
2127570400.0,500279486,08/2025,26,08-09,0.001
2127570400.0,500279486,08/2025,27,08-09,0.221
2127570400.0,500279486,08/2025,28,08-09,0.001
2127570400.0,500279486,08/2025,29,08-09,0.001
2127570400.0,500279486,08/2025,30,08-09,0.001
2127570400.0,500279486,08/2025,31,08-09,0.001
2127570400.0,500279486,08/2025,1,09-10,0.001
2127570400.0,500279486,08/2025,2,09-10,0.001
2127570400.0,500279486,08/2025,3,09-10,0.0
2127570400.0,500279486,08/2025,4,09-10,0.001
2127570400.0,500279486,08/2025,5,09-10,0.0
2127570400.0,500279486,08/2025,6,09-10,0.001
2127570400.0,500279486,08/2025,7,09-10,0.001
2127570400.0,500279486,08/2025,8,09-10,0.001
2127570400.0,500279486,08/2025,9,09-10,0.001
2127570400.0,500279486,08/2025,10,09-10,0.001
2127570400.0,500279486,08/2025,11,09-10,0.0
2127570400.0,500279486,08/2025,12,09-10,0.0
2127570400.0,500279486,08/2025,13,09-10,0.001
2127570400.0,500279486,08/2025,14,09-10,0.001
2127570400.0,500279486,08/2025,15,09-10,0.001
2127570400.0,500279486,08/2025,16,09-10,0.0
2127570400.0,500279486,08/2025,17,09-10,0.0
2127570400.0,500279486,08/2025,18,09-10,0.0
2127570400.0,500279486,08/2025,19,09-10,0.0
2127570400.0,500279486,08/2025,20,09-10,0.0
2127570400.0,500279486,08/2025,21,09-10,0.0
2127570400.0,500279486,08/2025,22,09-10,0.0
2127570400.0,500279486,08/2025,23,09-10,0.0
2127570400.0,500279486,08/2025,24,09-10,0.0
2127570400.0,500279486,08/2025,25,09-10,0.0
2127570400.0,500279486,08/2025,26,09-10,0.0
2127570400.0,500279486,08/2025,27,09-10,0.001
2127570400.0,500279486,08/2025,28,09-10,0.0
2127570400.0,500279486,08/2025,29,09-10,0.0
2127570400.0,500279486,08/2025,30,09-10,0.0
2127570400.0,500279486,08/2025,31,09-10,0.0
2127570400.0,500279486,08/2025,1,10-11,0.0
2127570400.0,500279486,08/2025,2,10-11,0.0
2127570400.0,500279486,08/2025,3,10-11,0.001
2127570400.0,500279486,08/2025,4,10-11,0.0
2127570400.0,500279486,08/2025,5,10-11,0.001
2127570400.0,500279486,08/2025,6,10-11,0.0
2127570400.0,500279486,08/2025,7,10-11,0.0
2127570400.0,500279486,08/2025,8,10-11,0.0
2127570400.0,500279486,08/2025,9,10-11,0.001
2127570400.0,500279486,08/2025,10,10-11,0.0
2127570400.0,500279486,08/2025,11,10-11,0.001
2127570400.0,500279486,08/2025,12,10-11,0.001
2127570400.0,500279486,08/2025,13,10-11,0.0
2127570400.0,500279486,08/2025,14,10-11,0.0
2127570400.0,500279486,08/2025,15,10-11,0.0
2127570400.0,500279486,08/2025,16,10-11,0.001
2127570400.0,500279486,08/2025,17,10-11,0.001
2127570400.0,500279486,08/2025,18,10-11,0.001
2127570400.0,500279486,08/2025,19,10-11,0.001
2127570400.0,500279486,08/2025,20,10-11,0.001
2127570400.0,500279486,08/2025,21,10-11,0.001
2127570400.0,500279486,08/2025,22,10-11,0.001
2127570400.0,500279486,08/2025,23,10-11,0.333
2127570400.0,500279486,08/2025,24,10-11,0.0
2127570400.0,500279486,08/2025,25,10-11,0.001
2127570400.0,500279486,08/2025,26,10-11,0.001
2127570400.0,500279486,08/2025,27,10-11,0.0
2127570400.0,500279486,08/2025,28,10-11,0.001
2127570400.0,500279486,08/2025,29,10-11,0.0
2127570400.0,500279486,08/2025,30,10-11,0.001
2127570400.0,500279486,08/2025,31,10-11,0.001
2127570400.0,500279486,08/2025,1,11-12,0.0
2127570400.0,500279486,08/2025,2,11-12,0.001
2127570400.0,500279486,08/2025,3,11-12,0.0
2127570400.0,500279486,08/2025,4,11-12,0.001
2127570400.0,500279486,08/2025,5,11-12,0.0
2127570400.0,500279486,08/2025,6,11-12,0.001
2127570400.0,500279486,08/2025,7,11-12,0.001
2127570400.0,500279486,08/2025,8,11-12,0.001
2127570400.0,500279486,08/2025,9,11-12,0.0
2127570400.0,500279486,08/2025,10,11-12,0.001
2127570400.0,500279486,08/2025,11,11-12,0.001
2127570400.0,500279486,08/2025,12,11-12,0.0
2127570400.0,500279486,08/2025,13,11-12,0.001
2127570400.0,500279486,08/2025,14,11-12,0.001
2127570400.0,500279486,08/2025,15,11-12,0.001
2127570400.0,500279486,08/2025,16,11-12,0.0
2127570400.0,500279486,08/2025,17,11-12,0.0
2127570400.0,500279486,08/2025,18,11-12,0.0
2127570400.0,500279486,08/2025,19,11-12,0.0
2127570400.0,500279486,08/2025,20,11-12,0.0
2127570400.0,500279486,08/2025,21,11-12,0.0
2127570400.0,500279486,08/2025,22,11-12,0.0
2127570400.0,500279486,08/2025,23,11-12,1.78
2127570400.0,500279486,08/2025,24,11-12,0.001
2127570400.0,500279486,08/2025,25,11-12,0.0
2127570400.0,500279486,08/2025,26,11-12,0.0
2127570400.0,500279486,08/2025,27,11-12,0.001
2127570400.0,500279486,08/2025,28,11-12,0.0
2127570400.0,500279486,08/2025,29,11-12,0.001
2127570400.0,500279486,08/2025,30,11-12,0.0
2127570400.0,500279486,08/2025,31,11-12,0.0
2127570400.0,500279486,08/2025,1,12-13,0.0
2127570400.0,500279486,08/2025,2,12-13,0.0
2127570400.0,500279486,08/2025,3,12-13,0.001
2127570400.0,500279486,08/2025,4,12-13,0.0
2127570400.0,500279486,08/2025,5,12-13,0.001
2127570400.0,500279486,08/2025,6,12-13,0.0
2127570400.0,500279486,08/2025,7,12-13,0.0
2127570400.0,500279486,08/2025,8,12-13,0.0
2127570400.0,500279486,08/2025,9,12-13,0.001
2127570400.0,500279486,08/2025,10,12-13,0.0
2127570400.0,500279486,08/2025,11,12-13,0.0
2127570400.0,500279486,08/2025,12,12-13,0.001
2127570400.0,500279486,08/2025,13,12-13,0.001
2127570400.0,500279486,08/2025,14,12-13,0.0
2127570400.0,500279486,08/2025,15,12-13,0.0
2127570400.0,500279486,08/2025,16,12-13,0.001
2127570400.0,500279486,08/2025,17,12-13,0.001
2127570400.0,500279486,08/2025,18,12-13,0.001
2127570400.0,500279486,08/2025,19,12-13,0.001
2127570400.0,500279486,08/2025,20,12-13,0.001
2127570400.0,500279486,08/2025,21,12-13,0.001
2127570400.0,500279486,08/2025,22,12-13,0.001
2127570400.0,500279486,08/2025,23,12-13,0.001
2127570400.0,500279486,08/2025,24,12-13,0.0
2127570400.0,500279486,08/2025,25,12-13,0.001
2127570400.0,500279486,08/2025,26,12-13,0.001
2127570400.0,500279486,08/2025,27,12-13,0.0
2127570400.0,500279486,08/2025,28,12-13,0.001
2127570400.0,500279486,08/2025,29,12-13,0.0
2127570400.0,500279486,08/2025,30,12-13,0.0
2127570400.0,500279486,08/2025,31,12-13,0.001
2127570400.0,500279486,08/2025,1,13-14,0.001
2127570400.0,500279486,08/2025,2,13-14,0.001
2127570400.0,500279486,08/2025,3,13-14,0.0
2127570400.0,500279486,08/2025,4,13-14,0.001
2127570400.0,500279486,08/2025,5,13-14,0.001
2127570400.0,500279486,08/2025,6,13-14,0.001
2127570400.0,500279486,08/2025,7,13-14,0.001
2127570400.0,500279486,08/2025,8,13-14,0.001
2127570400.0,500279486,08/2025,9,13-14,0.0
2127570400.0,500279486,08/2025,10,13-14,0.001
2127570400.0,500279486,08/2025,11,13-14,0.001
2127570400.0,500279486,08/2025,12,13-14,0.0
2127570400.0,500279486,08/2025,13,13-14,0.0
2127570400.0,500279486,08/2025,14,13-14,0.001
2127570400.0,500279486,08/2025,15,13-14,0.001
2127570400.0,500279486,08/2025,16,13-14,0.0
2127570400.0,500279486,08/2025,17,13-14,0.001
2127570400.0,500279486,08/2025,18,13-14,0.0
2127570400.0,500279486,08/2025,19,13-14,0.0
2127570400.0,500279486,08/2025,20,13-14,0.0
2127570400.0,500279486,08/2025,21,13-14,0.0
2127570400.0,500279486,08/2025,22,13-14,0.001
2127570400.0,500279486,08/2025,23,13-14,0.0
2127570400.0,500279486,08/2025,24,13-14,0.001
2127570400.0,500279486,08/2025,25,13-14,0.0
2127570400.0,500279486,08/2025,26,13-14,0.0
2127570400.0,500279486,08/2025,27,13-14,0.001
2127570400.0,500279486,08/2025,28,13-14,0.0
2127570400.0,500279486,08/2025,29,13-14,0.001
2127570400.0,500279486,08/2025,30,13-14,0.001
2127570400.0,500279486,08/2025,31,13-14,0.0
2127570400.0,500279486,08/2025,1,14-15,0.0
2127570400.0,500279486,08/2025,2,14-15,0.0
2127570400.0,500279486,08/2025,3,14-15,0.001
2127570400.0,500279486,08/2025,4,14-15,0.0
2127570400.0,500279486,08/2025,5,14-15,0.0
2127570400.0,500279486,08/2025,6,14-15,0.0
2127570400.0,500279486,08/2025,7,14-15,0.0
2127570400.0,500279486,08/2025,8,14-15,0.0
2127570400.0,500279486,08/2025,9,14-15,0.001
2127570400.0,500279486,08/2025,10,14-15,0.0
2127570400.0,500279486,08/2025,11,14-15,0.0
2127570400.0,500279486,08/2025,12,14-15,0.001
2127570400.0,500279486,08/2025,13,14-15,0.001
2127570400.0,500279486,08/2025,14,14-15,0.0
2127570400.0,500279486,08/2025,15,14-15,0.0
2127570400.0,500279486,08/2025,16,14-15,0.001
2127570400.0,500279486,08/2025,17,14-15,0.0
2127570400.0,500279486,08/2025,18,14-15,0.001
2127570400.0,500279486,08/2025,19,14-15,0.001
2127570400.0,500279486,08/2025,20,14-15,0.001
2127570400.0,500279486,08/2025,21,14-15,0.001
2127570400.0,500279486,08/2025,22,14-15,0.0
2127570400.0,500279486,08/2025,23,14-15,0.001
2127570400.0,500279486,08/2025,24,14-15,0.0
2127570400.0,500279486,08/2025,25,14-15,0.001
2127570400.0,500279486,08/2025,26,14-15,0.001
2127570400.0,500279486,08/2025,27,14-15,0.0
2127570400.0,500279486,08/2025,28,14-15,0.001
2127570400.0,500279486,08/2025,29,14-15,0.0
2127570400.0,500279486,08/2025,30,14-15,0.0
2127570400.0,500279486,08/2025,31,14-15,0.001
2127570400.0,500279486,08/2025,1,15-16,0.001
2127570400.0,500279486,08/2025,2,15-16,0.001
2127570400.0,500279486,08/2025,3,15-16,0.0
2127570400.0,500279486,08/2025,4,15-16,0.001
2127570400.0,500279486,08/2025,5,15-16,0.001
2127570400.0,500279486,08/2025,6,15-16,0.001
2127570400.0,500279486,08/2025,7,15-16,0.001
2127570400.0,500279486,08/2025,8,15-16,0.001
2127570400.0,500279486,08/2025,9,15-16,0.0
2127570400.0,500279486,08/2025,10,15-16,0.001
2127570400.0,500279486,08/2025,11,15-16,0.001
2127570400.0,500279486,08/2025,12,15-16,0.0
2127570400.0,500279486,08/2025,13,15-16,0.0
2127570400.0,500279486,08/2025,14,15-16,0.001
2127570400.0,500279486,08/2025,15,15-16,0.001
2127570400.0,500279486,08/2025,16,15-16,0.0
2127570400.0,500279486,08/2025,17,15-16,0.001
2127570400.0,500279486,08/2025,18,15-16,0.0
2127570400.0,500279486,08/2025,19,15-16,0.0
2127570400.0,500279486,08/2025,20,15-16,0.0
2127570400.0,500279486,08/2025,21,15-16,0.0
2127570400.0,500279486,08/2025,22,15-16,0.001
2127570400.0,500279486,08/2025,23,15-16,0.0
2127570400.0,500279486,08/2025,24,15-16,0.001
2127570400.0,500279486,08/2025,25,15-16,0.0
2127570400.0,500279486,08/2025,26,15-16,0.0
2127570400.0,500279486,08/2025,27,15-16,0.001
2127570400.0,500279486,08/2025,28,15-16,0.0
2127570400.0,500279486,08/2025,29,15-16,0.001
2127570400.0,500279486,08/2025,30,15-16,0.001
2127570400.0,500279486,08/2025,31,15-16,0.0
2127570400.0,500279486,08/2025,1,16-17,0.0
2127570400.0,500279486,08/2025,2,16-17,0.0
2127570400.0,500279486,08/2025,3,16-17,0.001
2127570400.0,500279486,08/2025,4,16-17,0.0
2127570400.0,500279486,08/2025,5,16-17,0.0
2127570400.0,500279486,08/2025,6,16-17,0.0
2127570400.0,500279486,08/2025,7,16-17,0.0
2127570400.0,500279486,08/2025,8,16-17,0.0
2127570400.0,500279486,08/2025,9,16-17,0.001
2127570400.0,500279486,08/2025,10,16-17,0.0
2127570400.0,500279486,08/2025,11,16-17,0.0
2127570400.0,500279486,08/2025,12,16-17,0.001
2127570400.0,500279486,08/2025,13,16-17,0.001
2127570400.0,500279486,08/2025,14,16-17,0.0
2127570400.0,500279486,08/2025,15,16-17,0.0
2127570400.0,500279486,08/2025,16,16-17,0.001
2127570400.0,500279486,08/2025,17,16-17,0.0
2127570400.0,500279486,08/2025,18,16-17,0.001
2127570400.0,500279486,08/2025,19,16-17,0.001
2127570400.0,500279486,08/2025,20,16-17,0.001
2127570400.0,500279486,08/2025,21,16-17,0.001
2127570400.0,500279486,08/2025,22,16-17,0.0
2127570400.0,500279486,08/2025,23,16-17,0.001
2127570400.0,500279486,08/2025,24,16-17,0.001
2127570400.0,500279486,08/2025,25,16-17,0.001
2127570400.0,500279486,08/2025,26,16-17,0.001
2127570400.0,500279486,08/2025,27,16-17,0.0
2127570400.0,500279486,08/2025,28,16-17,0.001
2127570400.0,500279486,08/2025,29,16-17,0.0
2127570400.0,500279486,08/2025,30,16-17,0.0
2127570400.0,500279486,08/2025,31,16-17,0.001
2127570400.0,500279486,08/2025,1,17-18,0.001
2127570400.0,500279486,08/2025,2,17-18,0.001
2127570400.0,500279486,08/2025,3,17-18,0.0
2127570400.0,500279486,08/2025,4,17-18,0.001
2127570400.0,500279486,08/2025,5,17-18,0.001
2127570400.0,500279486,08/2025,6,17-18,0.001
2127570400.0,500279486,08/2025,7,17-18,0.001
2127570400.0,500279486,08/2025,8,17-18,0.001
2127570400.0,500279486,08/2025,9,17-18,0.0
2127570400.0,500279486,08/2025,10,17-18,0.001
2127570400.0,500279486,08/2025,11,17-18,0.001
2127570400.0,500279486,08/2025,12,17-18,0.0
2127570400.0,500279486,08/2025,13,17-18,0.0
2127570400.0,500279486,08/2025,14,17-18,0.001
2127570400.0,500279486,08/2025,15,17-18,0.001
2127570400.0,500279486,08/2025,16,17-18,0.0
2127570400.0,500279486,08/2025,17,17-18,0.001
2127570400.0,500279486,08/2025,18,17-18,0.0
2127570400.0,500279486,08/2025,19,17-18,0.0
2127570400.0,500279486,08/2025,20,17-18,0.0
2127570400.0,500279486,08/2025,21,17-18,0.001
2127570400.0,500279486,08/2025,22,17-18,0.001
2127570400.0,500279486,08/2025,23,17-18,0.0
2127570400.0,500279486,08/2025,24,17-18,0.0
2127570400.0,500279486,08/2025,25,17-18,0.001
2127570400.0,500279486,08/2025,26,17-18,0.001
2127570400.0,500279486,08/2025,27,17-18,0.001
2127570400.0,500279486,08/2025,28,17-18,0.001
2127570400.0,500279486,08/2025,29,17-18,0.001
2127570400.0,500279486,08/2025,30,17-18,0.001
2127570400.0,500279486,08/2025,31,17-18,0.0
2127570400.0,500279486,08/2025,1,18-19,0.0
2127570400.0,500279486,08/2025,2,18-19,0.0
2127570400.0,500279486,08/2025,3,18-19,0.001
2127570400.0,500279486,08/2025,4,18-19,0.0
2127570400.0,500279486,08/2025,5,18-19,0.0
2127570400.0,500279486,08/2025,6,18-19,0.001
2127570400.0,500279486,08/2025,7,18-19,0.0
2127570400.0,500279486,08/2025,8,18-19,0.0
2127570400.0,500279486,08/2025,9,18-19,0.001
2127570400.0,500279486,08/2025,10,18-19,0.0
2127570400.0,500279486,08/2025,11,18-19,0.0
2127570400.0,500279486,08/2025,12,18-19,0.001
2127570400.0,500279486,08/2025,13,18-19,0.001
2127570400.0,500279486,08/2025,14,18-19,0.0
2127570400.0,500279486,08/2025,15,18-19,0.0
2127570400.0,500279486,08/2025,16,18-19,0.001
2127570400.0,500279486,08/2025,17,18-19,0.0
2127570400.0,500279486,08/2025,18,18-19,0.001
2127570400.0,500279486,08/2025,19,18-19,0.001
2127570400.0,500279486,08/2025,20,18-19,0.001
2127570400.0,500279486,08/2025,21,18-19,0.0
2127570400.0,500279486,08/2025,22,18-19,0.0
2127570400.0,500279486,08/2025,23,18-19,0.001
2127570400.0,500279486,08/2025,24,18-19,0.001
2127570400.0,500279486,08/2025,25,18-19,0.0
2127570400.0,500279486,08/2025,26,18-19,0.0
2127570400.0,500279486,08/2025,27,18-19,0.0
2127570400.0,500279486,08/2025,28,18-19,0.0
2127570400.0,500279486,08/2025,29,18-19,0.0
2127570400.0,500279486,08/2025,30,18-19,0.0
2127570400.0,500279486,08/2025,31,18-19,0.001
2127570400.0,500279486,08/2025,1,19-20,0.072
2127570400.0,500279486,08/2025,2,19-20,0.163
2127570400.0,500279486,08/2025,3,19-20,0.274
2127570400.0,500279486,08/2025,4,19-20,0.383
2127570400.0,500279486,08/2025,5,19-20,0.61
2127570400.0,500279486,08/2025,6,19-20,0.724
2127570400.0,500279486,08/2025,7,19-20,0.851
2127570400.0,500279486,08/2025,8,19-20,0.965
2127570400.0,500279486,08/2025,9,19-20,1.207
2127570400.0,500279486,08/2025,10,19-20,1.325
2127570400.0,500279486,08/2025,11,19-20,1.447
2127570400.0,500279486,08/2025,12,19-20,1.385
2127570400.0,500279486,08/2025,13,19-20,1.581
2127570400.0,500279486,08/2025,14,19-20,1.718
2127570400.0,500279486,08/2025,15,19-20,1.881
2127570400.0,500279486,08/2025,16,19-20,2.022
2127570400.0,500279486,08/2025,17,19-20,2.14
2127570400.0,500279486,08/2025,18,19-20,2.33
2127570400.0,500279486,08/2025,19,19-20,2.475
2127570400.0,500279486,08/2025,20,19-20,2.631
2127570400.0,500279486,08/2025,21,19-20,2.776
2127570400.0,500279486,08/2025,22,19-20,2.976
2127570400.0,500279486,08/2025,23,19-20,3.085
2127570400.0,500279486,08/2025,24,19-20,3.315
2127570400.0,500279486,08/2025,25,19-20,3.452
2127570400.0,500279486,08/2025,26,19-20,3.695
2127570400.0,500279486,08/2025,27,19-20,4.284
2127570400.0,500279486,08/2025,28,19-20,4.525
2127570400.0,500279486,08/2025,29,19-20,4.641
2127570400.0,500279486,08/2025,30,19-20,4.762
2127570400.0,500279486,08/2025,31,19-20,5.023
2127570400.0,500279486,08/2025,1,20-21,6.905
2127570400.0,500279486,08/2025,2,20-21,6.91
2127570400.0,500279486,08/2025,3,20-21,6.939
2127570400.0,500279486,08/2025,4,20-21,6.877
2127570400.0,500279486,08/2025,5,20-21,6.879
2127570400.0,500279486,08/2025,6,20-21,6.864
2127570400.0,500279486,08/2025,7,20-21,6.979
2127570400.0,500279486,08/2025,8,20-21,6.942
2127570400.0,500279486,08/2025,9,20-21,6.979
2127570400.0,500279486,08/2025,10,20-21,7.016
2127570400.0,500279486,08/2025,11,20-21,6.925
2127570400.0,500279486,08/2025,12,20-21,6.146
2127570400.0,500279486,08/2025,13,20-21,6.148
2127570400.0,500279486,08/2025,14,20-21,6.136
2127570400.0,500279486,08/2025,15,20-21,6.108
2127570400.0,500279486,08/2025,16,20-21,6.212
2127570400.0,500279486,08/2025,17,20-21,6.228
2127570400.0,500279486,08/2025,18,20-21,6.178
2127570400.0,500279486,08/2025,19,20-21,6.202
2127570400.0,500279486,08/2025,20,20-21,6.165
2127570400.0,500279486,08/2025,21,20-21,6.279
2127570400.0,500279486,08/2025,22,20-21,6.234
2127570400.0,500279486,08/2025,23,20-21,6.274
2127570400.0,500279486,08/2025,24,20-21,6.283
2127570400.0,500279486,08/2025,25,20-21,6.334
2127570400.0,500279486,08/2025,26,20-21,6.391
2127570400.0,500279486,08/2025,27,20-21,7.211
2127570400.0,500279486,08/2025,28,20-21,7.15
2127570400.0,500279486,08/2025,29,20-21,7.156
2127570400.0,500279486,08/2025,30,20-21,7.17
2127570400.0,500279486,08/2025,31,20-21,7.152
2127570400.0,500279486,08/2025,1,21-22,6.972
2127570400.0,500279486,08/2025,2,21-22,6.973
2127570400.0,500279486,08/2025,3,21-22,6.953
2127570400.0,500279486,08/2025,4,21-22,6.906
2127570400.0,500279486,08/2025,5,21-22,6.912
2127570400.0,500279486,08/2025,6,21-22,6.869
2127570400.0,500279486,08/2025,7,21-22,6.987
2127570400.0,500279486,08/2025,8,21-22,7.012
2127570400.0,500279486,08/2025,9,21-22,7.014
2127570400.0,500279486,08/2025,10,21-22,6.997
2127570400.0,500279486,08/2025,11,21-22,6.967
2127570400.0,500279486,08/2025,12,21-22,6.197
2127570400.0,500279486,08/2025,13,21-22,6.142
2127570400.0,500279486,08/2025,14,21-22,6.177
2127570400.0,500279486,08/2025,15,21-22,6.159
2127570400.0,500279486,08/2025,16,21-22,6.225
2127570400.0,500279486,08/2025,17,21-22,6.212
2127570400.0,500279486,08/2025,18,21-22,6.233
2127570400.0,500279486,08/2025,19,21-22,6.277
2127570400.0,500279486,08/2025,20,21-22,6.217
2127570400.0,500279486,08/2025,21,21-22,6.322
2127570400.0,500279486,08/2025,22,21-22,6.276
2127570400.0,500279486,08/2025,23,21-22,6.252
2127570400.0,500279486,08/2025,24,21-22,6.289
2127570400.0,500279486,08/2025,25,21-22,6.384
2127570400.0,500279486,08/2025,26,21-22,6.406
2127570400.0,500279486,08/2025,27,21-22,7.183
2127570400.0,500279486,08/2025,28,21-22,7.216
2127570400.0,500279486,08/2025,29,21-22,7.209
2127570400.0,500279486,08/2025,30,21-22,7.218
2127570400.0,500279486,08/2025,31,21-22,7.127
2127570400.0,500279486,08/2025,1,22-23,7.044
2127570400.0,500279486,08/2025,2,22-23,7.023
2127570400.0,500279486,08/2025,3,22-23,7.018
2127570400.0,500279486,08/2025,4,22-23,6.964
2127570400.0,500279486,08/2025,5,22-23,7.007
2127570400.0,500279486,08/2025,6,22-23,6.96
2127570400.0,500279486,08/2025,7,22-23,7.084
2127570400.0,500279486,08/2025,8,22-23,7.01
2127570400.0,500279486,08/2025,9,22-23,7.077
2127570400.0,500279486,08/2025,10,22-23,7.043
2127570400.0,500279486,08/2025,11,22-23,7.044
2127570400.0,500279486,08/2025,12,22-23,6.179
2127570400.0,500279486,08/2025,13,22-23,6.179
2127570400.0,500279486,08/2025,14,22-23,6.229
2127570400.0,500279486,08/2025,15,22-23,6.241
2127570400.0,500279486,08/2025,16,22-23,6.324
2127570400.0,500279486,08/2025,17,22-23,6.263
2127570400.0,500279486,08/2025,18,22-23,6.27
2127570400.0,500279486,08/2025,19,22-23,6.353
2127570400.0,500279486,08/2025,20,22-23,6.287
2127570400.0,500279486,08/2025,21,22-23,6.388
2127570400.0,500279486,08/2025,22,22-23,6.3
2127570400.0,500279486,08/2025,23,22-23,6.317
2127570400.0,500279486,08/2025,24,22-23,6.369
2127570400.0,500279486,08/2025,25,22-23,6.424
2127570400.0,500279486,08/2025,26,22-23,6.409
2127570400.0,500279486,08/2025,27,22-23,7.215
2127570400.0,500279486,08/2025,28,22-23,7.204
2127570400.0,500279486,08/2025,29,22-23,7.229
2127570400.0,500279486,08/2025,30,22-23,7.287
2127570400.0,500279486,08/2025,31,22-23,7.188
2127570400.0,500279486,08/2025,1,23-24,7.061
2127570400.0,500279486,08/2025,2,23-24,7.088
2127570400.0,500279486,08/2025,3,23-24,7.047
2127570400.0,500279486,08/2025,4,23-24,7.012
2127570400.0,500279486,08/2025,5,23-24,7.038
2127570400.0,500279486,08/2025,6,23-24,6.996
2127570400.0,500279486,08/2025,7,23-24,7.017
2127570400.0,500279486,08/2025,8,23-24,7.017
2127570400.0,500279486,08/2025,9,23-24,7.071
2127570400.0,500279486,08/2025,10,23-24,7.102
2127570400.0,500279486,08/2025,11,23-24,7.09
2127570400.0,500279486,08/2025,12,23-24,6.224
2127570400.0,500279486,08/2025,13,23-24,6.227
2127570400.0,500279486,08/2025,14,23-24,6.252
2127570400.0,500279486,08/2025,15,23-24,6.249
2127570400.0,500279486,08/2025,16,23-24,6.345
2127570400.0,500279486,08/2025,17,23-24,6.253
2127570400.0,500279486,08/2025,18,23-24,6.271
2127570400.0,500279486,08/2025,19,23-24,6.34
2127570400.0,500279486,08/2025,20,23-24,6.328
2127570400.0,500279486,08/2025,21,23-24,6.436
2127570400.0,500279486,08/2025,22,23-24,6.301
2127570400.0,500279486,08/2025,23,23-24,6.345
2127570400.0,500279486,08/2025,24,23-24,6.425
2127570400.0,500279486,08/2025,25,23-24,6.463
2127570400.0,500279486,08/2025,26,23-24,6.473
2127570400.0,500279486,08/2025,27,23-24,7.303
2127570400.0,500279486,08/2025,28,23-24,7.261
2127570400.0,500279486,08/2025,29,23-24,6.39
2127570400.0,500279486,08/2025,30,23-24,7.273
2127570400.0,500279486,08/2025,31,23-24,7.262
2127570400.0,500279486,08/2025,1,23-24,68.78699999999999
2127570400.0,500279486,08/2025,2,23-24,68.79799999999997
2127570400.0,500279486,08/2025,3,23-24,69.27299999999998
2127570400.0,500279486,08/2025,4,23-24,69.97099999999998
2127570400.0,500279486,08/2025,5,23-24,69.38899999999998
2127570400.0,500279486,08/2025,6,23-24,69.78499999999998
2127570400.0,500279486,08/2025,7,23-24,70.40699999999998
2127570400.0,500279486,08/2025,8,23-24,70.517
2127570400.0,500279486,08/2025,9,23-24,70.85499999999999
2127570400.0,500279486,08/2025,10,23-24,71.35199999999999
2127570400.0,500279486,08/2025,11,23-24,71.80799999999999
2127570400.0,500279486,08/2025,12,23-24,68.72399999999999
2127570400.0,500279486,08/2025,13,23-24,63.49199999999999
2127570400.0,500279486,08/2025,14,23-24,64.03099999999999
2127570400.0,500279486,08/2025,15,23-24,64.30199999999998
2127570400.0,500279486,08/2025,16,23-24,64.94899999999998
2127570400.0,500279486,08/2025,17,23-24,65.35999999999999
2127570400.0,500279486,08/2025,18,23-24,65.69299999999998
2127570400.0,500279486,08/2025,19,23-24,65.13099999999999
2127570400.0,500279486,08/2025,20,23-24,66.11499999999998
2127570400.0,500279486,08/2025,21,23-24,66.53899999999999
2127570400.0,500279486,08/2025,22,23-24,67.10999999999999
2127570400.0,500279486,08/2025,23,23-24,69.05399999999999
2127570400.0,500279486,08/2025,24,23-24,67.731
2127570400.0,500279486,08/2025,25,23-24,67.85299999999998
2127570400.0,500279486,08/2025,26,23-24,69.073
2127570400.0,500279486,08/2025,27,23-24,73.32199999999997
2127570400.0,500279486,08/2025,28,23-24,78.45299999999997
2127570400.0,500279486,08/2025,29,23-24,77.84099999999998
2127570400.0,500279486,08/2025,30,23-24,73.115
2127570400.0,500279486,08/2025,31,23-24,78.84299999999999
2127570400.0,500279486,09/2025,1,00-01,7.291
2127570400.0,500279486,09/2025,2,00-01,7.27
2127570400.0,500279486,09/2025,3,00-01,7.26
2127570400.0,500279486,09/2025,4,00-01,7.32
2127570400.0,500279486,09/2025,5,00-01,7.301
2127570400.0,500279486,09/2025,6,00-01,7.314
2127570400.0,500279486,09/2025,7,00-01,7.343
2127570400.0,500279486,09/2025,8,00-01,7.393
2127570400.0,500279486,09/2025,9,00-01,7.359
2127570400.0,500279486,09/2025,10,00-01,7.428
2127570400.0,500279486,09/2025,11,00-01,7.291
2127570400.0,500279486,09/2025,12,00-01,7.374
2127570400.0,500279486,09/2025,13,00-01,7.257
2127570400.0,500279486,09/2025,14,00-01,7.382
2127570400.0,500279486,09/2025,15,00-01,7.429
2127570400.0,500279486,09/2025,16,00-01,7.434
2127570400.0,500279486,09/2025,17,00-01,7.306
2127570400.0,500279486,09/2025,18,00-01,7.431
2127570400.0,500279486,09/2025,19,00-01,7.468
2127570400.0,500279486,09/2025,20,00-01,7.319
2127570400.0,500279486,09/2025,21,00-01,7.394
2127570400.0,500279486,09/2025,22,00-01,7.447
2127570400.0,500279486,09/2025,23,00-01,7.462
2127570400.0,500279486,09/2025,24,00-01,7.43
2127570400.0,500279486,09/2025,25,00-01,7.443
2127570400.0,500279486,09/2025,26,00-01,7.403
2127570400.0,500279486,09/2025,27,00-01,7.294
2127570400.0,500279486,09/2025,28,00-01,7.416
2127570400.0,500279486,09/2025,29,00-01,7.495
2127570400.0,500279486,09/2025,30,00-01,7.394
2127570400.0,500279486,09/2025,1,01-02,7.374
2127570400.0,500279486,09/2025,2,01-02,7.397
2127570400.0,500279486,09/2025,3,01-02,7.333
2127570400.0,500279486,09/2025,4,01-02,7.371
2127570400.0,500279486,09/2025,5,01-02,7.354
2127570400.0,500279486,09/2025,6,01-02,7.366
2127570400.0,500279486,09/2025,7,01-02,7.419
2127570400.0,500279486,09/2025,8,01-02,7.398
2127570400.0,500279486,09/2025,9,01-02,7.395
2127570400.0,500279486,09/2025,10,01-02,7.452
2127570400.0,500279486,09/2025,11,01-02,7.382
2127570400.0,500279486,09/2025,12,01-02,7.397
2127570400.0,500279486,09/2025,13,01-02,7.384
2127570400.0,500279486,09/2025,14,01-02,7.44
2127570400.0,500279486,09/2025,15,01-02,7.492
2127570400.0,500279486,09/2025,16,01-02,7.462
2127570400.0,500279486,09/2025,17,01-02,7.441
2127570400.0,500279486,09/2025,18,01-02,7.482
2127570400.0,500279486,09/2025,19,01-02,7.495
2127570400.0,500279486,09/2025,20,01-02,7.427
2127570400.0,500279486,09/2025,21,01-02,7.444
2127570400.0,500279486,09/2025,22,01-02,7.47
2127570400.0,500279486,09/2025,23,01-02,7.534
2127570400.0,500279486,09/2025,24,01-02,7.504
2127570400.0,500279486,09/2025,25,01-02,7.502
2127570400.0,500279486,09/2025,26,01-02,7.485
2127570400.0,500279486,09/2025,27,01-02,7.383
2127570400.0,500279486,09/2025,28,01-02,7.361
2127570400.0,500279486,09/2025,29,01-02,7.59
2127570400.0,500279486,09/2025,30,01-02,7.469
2127570400.0,500279486,09/2025,1,02-03,7.453
2127570400.0,500279486,09/2025,2,02-03,7.481
2127570400.0,500279486,09/2025,3,02-03,7.234
2127570400.0,500279486,09/2025,4,02-03,7.191
2127570400.0,500279486,09/2025,5,02-03,7.37
2127570400.0,500279486,09/2025,6,02-03,7.35
2127570400.0,500279486,09/2025,7,02-03,7.372
2127570400.0,500279486,09/2025,8,02-03,7.446
2127570400.0,500279486,09/2025,9,02-03,7.407
2127570400.0,500279486,09/2025,10,02-03,7.447
2127570400.0,500279486,09/2025,11,02-03,7.453
2127570400.0,500279486,09/2025,12,02-03,7.363
2127570400.0,500279486,09/2025,13,02-03,7.499
2127570400.0,500279486,09/2025,14,02-03,7.443
2127570400.0,500279486,09/2025,15,02-03,7.565
2127570400.0,500279486,09/2025,16,02-03,7.434
2127570400.0,500279486,09/2025,17,02-03,7.527
2127570400.0,500279486,09/2025,18,02-03,7.529
2127570400.0,500279486,09/2025,19,02-03,7.472
2127570400.0,500279486,09/2025,20,02-03,7.533
2127570400.0,500279486,09/2025,21,02-03,7.403
2127570400.0,500279486,09/2025,22,02-03,7.567
2127570400.0,500279486,09/2025,23,02-03,7.404
2127570400.0,500279486,09/2025,24,02-03,7.492
2127570400.0,500279486,09/2025,25,02-03,7.486
2127570400.0,500279486,09/2025,26,02-03,7.432
2127570400.0,500279486,09/2025,27,02-03,7.522
2127570400.0,500279486,09/2025,28,02-03,7.446
2127570400.0,500279486,09/2025,29,02-03,7.527
2127570400.0,500279486,09/2025,30,02-03,7.49
2127570400.0,500279486,09/2025,1,03-04,7.321
2127570400.0,500279486,09/2025,2,03-04,7.539
2127570400.0,500279486,09/2025,3,03-04,7.094
2127570400.0,500279486,09/2025,4,03-04,6.941
2127570400.0,500279486,09/2025,5,03-04,7.373
2127570400.0,500279486,09/2025,6,03-04,7.385
2127570400.0,500279486,09/2025,7,03-04,7.391
2127570400.0,500279486,09/2025,8,03-04,7.467
2127570400.0,500279486,09/2025,9,03-04,7.441
2127570400.0,500279486,09/2025,10,03-04,7.426
2127570400.0,500279486,09/2025,11,03-04,7.499
2127570400.0,500279486,09/2025,12,03-04,7.44
2127570400.0,500279486,09/2025,13,03-04,7.54
2127570400.0,500279486,09/2025,14,03-04,7.443
2127570400.0,500279486,09/2025,15,03-04,7.553
2127570400.0,500279486,09/2025,16,03-04,7.502
2127570400.0,500279486,09/2025,17,03-04,7.537
2127570400.0,500279486,09/2025,18,03-04,7.545
2127570400.0,500279486,09/2025,19,03-04,7.512
2127570400.0,500279486,09/2025,20,03-04,7.569
2127570400.0,500279486,09/2025,21,03-04,7.466
2127570400.0,500279486,09/2025,22,03-04,7.569
2127570400.0,500279486,09/2025,23,03-04,7.437
2127570400.0,500279486,09/2025,24,03-04,7.508
2127570400.0,500279486,09/2025,25,03-04,7.46
2127570400.0,500279486,09/2025,26,03-04,7.469
2127570400.0,500279486,09/2025,27,03-04,7.567
2127570400.0,500279486,09/2025,28,03-04,7.548
2127570400.0,500279486,09/2025,29,03-04,7.272
2127570400.0,500279486,09/2025,30,03-04,7.507
2127570400.0,500279486,09/2025,1,04-05,7.168
2127570400.0,500279486,09/2025,2,04-05,7.55
2127570400.0,500279486,09/2025,3,04-05,7.134
2127570400.0,500279486,09/2025,4,04-05,7.023
2127570400.0,500279486,09/2025,5,04-05,7.398
2127570400.0,500279486,09/2025,6,04-05,7.451
2127570400.0,500279486,09/2025,7,04-05,7.412
2127570400.0,500279486,09/2025,8,04-05,7.477
2127570400.0,500279486,09/2025,9,04-05,7.469
2127570400.0,500279486,09/2025,10,04-05,7.453
2127570400.0,500279486,09/2025,11,04-05,7.542
2127570400.0,500279486,09/2025,12,04-05,7.42
2127570400.0,500279486,09/2025,13,04-05,7.507
2127570400.0,500279486,09/2025,14,04-05,7.442
2127570400.0,500279486,09/2025,15,04-05,7.551
2127570400.0,500279486,09/2025,16,04-05,7.508
2127570400.0,500279486,09/2025,17,04-05,7.566
2127570400.0,500279486,09/2025,18,04-05,7.495
2127570400.0,500279486,09/2025,19,04-05,7.566
2127570400.0,500279486,09/2025,20,04-05,7.578
2127570400.0,500279486,09/2025,21,04-05,7.507
2127570400.0,500279486,09/2025,22,04-05,7.572
2127570400.0,500279486,09/2025,23,04-05,7.447
2127570400.0,500279486,09/2025,24,04-05,7.487
2127570400.0,500279486,09/2025,25,04-05,7.454
2127570400.0,500279486,09/2025,26,04-05,7.455
2127570400.0,500279486,09/2025,27,04-05,7.569
2127570400.0,500279486,09/2025,28,04-05,7.543
2127570400.0,500279486,09/2025,29,04-05,6.573
2127570400.0,500279486,09/2025,30,04-05,7.538
2127570400.0,500279486,09/2025,1,05-06,7.342
2127570400.0,500279486,09/2025,2,05-06,7.51
2127570400.0,500279486,09/2025,3,05-06,7.108
2127570400.0,500279486,09/2025,4,05-06,7.01
2127570400.0,500279486,09/2025,5,05-06,7.382
2127570400.0,500279486,09/2025,6,05-06,7.429
2127570400.0,500279486,09/2025,7,05-06,7.379
2127570400.0,500279486,09/2025,8,05-06,7.439
2127570400.0,500279486,09/2025,9,05-06,7.45
2127570400.0,500279486,09/2025,10,05-06,7.203
2127570400.0,500279486,09/2025,11,05-06,7.478
2127570400.0,500279486,09/2025,12,05-06,7.399
2127570400.0,500279486,09/2025,13,05-06,7.446
2127570400.0,500279486,09/2025,14,05-06,7.435
2127570400.0,500279486,09/2025,15,05-06,7.467
2127570400.0,500279486,09/2025,16,05-06,7.47
2127570400.0,500279486,09/2025,17,05-06,7.523
2127570400.0,500279486,09/2025,18,05-06,7.448
2127570400.0,500279486,09/2025,19,05-06,7.542
2127570400.0,500279486,09/2025,20,05-06,7.532
2127570400.0,500279486,09/2025,21,05-06,7.472
2127570400.0,500279486,09/2025,22,05-06,7.521
2127570400.0,500279486,09/2025,23,05-06,7.379
2127570400.0,500279486,09/2025,24,05-06,7.436
2127570400.0,500279486,09/2025,25,05-06,7.412
2127570400.0,500279486,09/2025,26,05-06,7.385
2127570400.0,500279486,09/2025,27,05-06,7.538
2127570400.0,500279486,09/2025,28,05-06,7.529
2127570400.0,500279486,09/2025,29,05-06,6.543
2127570400.0,500279486,09/2025,30,05-06,7.483
2127570400.0,500279486,09/2025,1,06-07,1.261
2127570400.0,500279486,09/2025,2,06-07,1.416
2127570400.0,500279486,09/2025,3,06-07,1.326
2127570400.0,500279486,09/2025,4,06-07,1.548
2127570400.0,500279486,09/2025,5,06-07,1.75
2127570400.0,500279486,09/2025,6,06-07,1.885
2127570400.0,500279486,09/2025,7,06-07,1.878
2127570400.0,500279486,09/2025,8,06-07,2.0
2127570400.0,500279486,09/2025,9,06-07,2.123
2127570400.0,500279486,09/2025,10,06-07,2.152
2127570400.0,500279486,09/2025,11,06-07,2.379
2127570400.0,500279486,09/2025,12,06-07,2.437
2127570400.0,500279486,09/2025,13,06-07,2.612
2127570400.0,500279486,09/2025,14,06-07,2.77
2127570400.0,500279486,09/2025,15,06-07,2.862
2127570400.0,500279486,09/2025,16,06-07,2.976
2127570400.0,500279486,09/2025,17,06-07,3.118
2127570400.0,500279486,09/2025,18,06-07,3.211
2127570400.0,500279486,09/2025,19,06-07,3.356
2127570400.0,500279486,09/2025,20,06-07,3.503
2127570400.0,500279486,09/2025,21,06-07,3.599
2127570400.0,500279486,09/2025,22,06-07,3.721
2127570400.0,500279486,09/2025,23,06-07,3.783
2127570400.0,500279486,09/2025,24,06-07,3.926
2127570400.0,500279486,09/2025,25,06-07,4.03
2127570400.0,500279486,09/2025,26,06-07,4.141
2127570400.0,500279486,09/2025,27,06-07,4.358
2127570400.0,500279486,09/2025,28,06-07,4.513
2127570400.0,500279486,09/2025,29,06-07,3.996
2127570400.0,500279486,09/2025,30,06-07,4.675
2127570400.0,500279486,09/2025,1,07-08,0.001
2127570400.0,500279486,09/2025,2,07-08,0.001
2127570400.0,500279486,09/2025,3,07-08,0.001
2127570400.0,500279486,09/2025,4,07-08,0.001
2127570400.0,500279486,09/2025,5,07-08,0.0
2127570400.0,500279486,09/2025,6,07-08,0.0
2127570400.0,500279486,09/2025,7,07-08,0.0
2127570400.0,500279486,09/2025,8,07-08,0.0
2127570400.0,500279486,09/2025,9,07-08,0.001
2127570400.0,500279486,09/2025,10,07-08,0.0
2127570400.0,500279486,09/2025,11,07-08,0.001
2127570400.0,500279486,09/2025,12,07-08,0.0
2127570400.0,500279486,09/2025,13,07-08,0.001
2127570400.0,500279486,09/2025,14,07-08,0.001
2127570400.0,500279486,09/2025,15,07-08,0.001
2127570400.0,500279486,09/2025,16,07-08,0.001
2127570400.0,500279486,09/2025,17,07-08,0.001
2127570400.0,500279486,09/2025,18,07-08,0.0
2127570400.0,500279486,09/2025,19,07-08,0.0
2127570400.0,500279486,09/2025,20,07-08,0.001
2127570400.0,500279486,09/2025,21,07-08,0.0
2127570400.0,500279486,09/2025,22,07-08,0.001
2127570400.0,500279486,09/2025,23,07-08,0.0
2127570400.0,500279486,09/2025,24,07-08,0.0
2127570400.0,500279486,09/2025,25,07-08,0.0
2127570400.0,500279486,09/2025,26,07-08,0.0
2127570400.0,500279486,09/2025,27,07-08,0.001
2127570400.0,500279486,09/2025,28,07-08,0.0
2127570400.0,500279486,09/2025,29,07-08,0.0
2127570400.0,500279486,09/2025,30,07-08,0.001
2127570400.0,500279486,09/2025,1,08-09,0.0
2127570400.0,500279486,09/2025,2,08-09,0.0
2127570400.0,500279486,09/2025,3,08-09,0.0
2127570400.0,500279486,09/2025,4,08-09,0.0
2127570400.0,500279486,09/2025,5,08-09,0.001
2127570400.0,500279486,09/2025,6,08-09,0.001
2127570400.0,500279486,09/2025,7,08-09,0.001
2127570400.0,500279486,09/2025,8,08-09,0.001
2127570400.0,500279486,09/2025,9,08-09,0.0
2127570400.0,500279486,09/2025,10,08-09,0.001
2127570400.0,500279486,09/2025,11,08-09,0.0
2127570400.0,500279486,09/2025,12,08-09,0.001
2127570400.0,500279486,09/2025,13,08-09,0.0
2127570400.0,500279486,09/2025,14,08-09,0.0
2127570400.0,500279486,09/2025,15,08-09,0.0
2127570400.0,500279486,09/2025,16,08-09,0.0
2127570400.0,500279486,09/2025,17,08-09,0.0
2127570400.0,500279486,09/2025,18,08-09,0.001
2127570400.0,500279486,09/2025,19,08-09,0.001
2127570400.0,500279486,09/2025,20,08-09,0.0
2127570400.0,500279486,09/2025,21,08-09,0.0
2127570400.0,500279486,09/2025,22,08-09,0.0
2127570400.0,500279486,09/2025,23,08-09,0.001
2127570400.0,500279486,09/2025,24,08-09,0.001
2127570400.0,500279486,09/2025,25,08-09,0.0
2127570400.0,500279486,09/2025,26,08-09,0.001
2127570400.0,500279486,09/2025,27,08-09,0.0
2127570400.0,500279486,09/2025,28,08-09,0.001
2127570400.0,500279486,09/2025,29,08-09,0.001
2127570400.0,500279486,09/2025,30,08-09,0.0
2127570400.0,500279486,09/2025,1,09-10,0.001
2127570400.0,500279486,09/2025,2,09-10,0.001
2127570400.0,500279486,09/2025,3,09-10,0.001
2127570400.0,500279486,09/2025,4,09-10,0.001
2127570400.0,500279486,09/2025,5,09-10,0.0
2127570400.0,500279486,09/2025,6,09-10,0.0
2127570400.0,500279486,09/2025,7,09-10,0.0
2127570400.0,500279486,09/2025,8,09-10,0.0
2127570400.0,500279486,09/2025,9,09-10,0.001
2127570400.0,500279486,09/2025,10,09-10,0.0
2127570400.0,500279486,09/2025,11,09-10,0.001
2127570400.0,500279486,09/2025,12,09-10,0.0
2127570400.0,500279486,09/2025,13,09-10,0.001
2127570400.0,500279486,09/2025,14,09-10,0.0
2127570400.0,500279486,09/2025,15,09-10,0.0
2127570400.0,500279486,09/2025,16,09-10,0.001
2127570400.0,500279486,09/2025,17,09-10,0.001
2127570400.0,500279486,09/2025,18,09-10,0.0
2127570400.0,500279486,09/2025,19,09-10,0.0
2127570400.0,500279486,09/2025,20,09-10,0.001
2127570400.0,500279486,09/2025,21,09-10,0.001
2127570400.0,500279486,09/2025,22,09-10,0.001
2127570400.0,500279486,09/2025,23,09-10,0.0
2127570400.0,500279486,09/2025,24,09-10,0.0
2127570400.0,500279486,09/2025,25,09-10,0.001
2127570400.0,500279486,09/2025,26,09-10,0.0
2127570400.0,500279486,09/2025,27,09-10,0.001
2127570400.0,500279486,09/2025,28,09-10,0.0
2127570400.0,500279486,09/2025,29,09-10,0.0
2127570400.0,500279486,09/2025,30,09-10,0.001
2127570400.0,500279486,09/2025,1,10-11,0.0
2127570400.0,500279486,09/2025,2,10-11,0.0
2127570400.0,500279486,09/2025,3,10-11,0.0
2127570400.0,500279486,09/2025,4,10-11,0.0
2127570400.0,500279486,09/2025,5,10-11,0.001
2127570400.0,500279486,09/2025,6,10-11,0.001
2127570400.0,500279486,09/2025,7,10-11,0.001
2127570400.0,500279486,09/2025,8,10-11,0.001
2127570400.0,500279486,09/2025,9,10-11,0.0
2127570400.0,500279486,09/2025,10,10-11,0.001
2127570400.0,500279486,09/2025,11,10-11,0.0
2127570400.0,500279486,09/2025,12,10-11,0.001
2127570400.0,500279486,09/2025,13,10-11,0.0
2127570400.0,500279486,09/2025,14,10-11,0.001
2127570400.0,500279486,09/2025,15,10-11,0.001
2127570400.0,500279486,09/2025,16,10-11,0.0
2127570400.0,500279486,09/2025,17,10-11,0.0
2127570400.0,500279486,09/2025,18,10-11,0.0
2127570400.0,500279486,09/2025,19,10-11,0.001
2127570400.0,500279486,09/2025,20,10-11,0.0
2127570400.0,500279486,09/2025,21,10-11,0.0
2127570400.0,500279486,09/2025,22,10-11,0.0
2127570400.0,500279486,09/2025,23,10-11,0.001
2127570400.0,500279486,09/2025,24,10-11,0.001
2127570400.0,500279486,09/2025,25,10-11,0.0
2127570400.0,500279486,09/2025,26,10-11,0.001
2127570400.0,500279486,09/2025,27,10-11,0.0
2127570400.0,500279486,09/2025,28,10-11,0.001
2127570400.0,500279486,09/2025,29,10-11,0.001
2127570400.0,500279486,09/2025,30,10-11,0.0
2127570400.0,500279486,09/2025,1,11-12,0.001
2127570400.0,500279486,09/2025,2,11-12,0.001
2127570400.0,500279486,09/2025,3,11-12,0.001
2127570400.0,500279486,09/2025,4,11-12,0.001
2127570400.0,500279486,09/2025,5,11-12,0.0
2127570400.0,500279486,09/2025,6,11-12,0.0
2127570400.0,500279486,09/2025,7,11-12,0.0
2127570400.0,500279486,09/2025,8,11-12,0.0
2127570400.0,500279486,09/2025,9,11-12,0.001
2127570400.0,500279486,09/2025,10,11-12,0.0
2127570400.0,500279486,09/2025,11,11-12,0.001
2127570400.0,500279486,09/2025,12,11-12,0.0
2127570400.0,500279486,09/2025,13,11-12,0.0
2127570400.0,500279486,09/2025,14,11-12,0.0
2127570400.0,500279486,09/2025,15,11-12,0.0
2127570400.0,500279486,09/2025,16,11-12,0.001
2127570400.0,500279486,09/2025,17,11-12,0.0
2127570400.0,500279486,09/2025,18,11-12,0.001
2127570400.0,500279486,09/2025,19,11-12,0.0
2127570400.0,500279486,09/2025,20,11-12,0.001
2127570400.0,500279486,09/2025,21,11-12,0.001
2127570400.0,500279486,09/2025,22,11-12,0.001
2127570400.0,500279486,09/2025,23,11-12,0.0
2127570400.0,500279486,09/2025,24,11-12,0.0
2127570400.0,500279486,09/2025,25,11-12,0.001
2127570400.0,500279486,09/2025,26,11-12,0.0
2127570400.0,500279486,09/2025,27,11-12,0.001
2127570400.0,500279486,09/2025,28,11-12,0.0
2127570400.0,500279486,09/2025,29,11-12,0.0
2127570400.0,500279486,09/2025,30,11-12,0.001
2127570400.0,500279486,09/2025,1,12-13,0.0
2127570400.0,500279486,09/2025,2,12-13,0.0
2127570400.0,500279486,09/2025,3,12-13,0.0
2127570400.0,500279486,09/2025,4,12-13,0.0
2127570400.0,500279486,09/2025,5,12-13,0.001
2127570400.0,500279486,09/2025,6,12-13,0.001
2127570400.0,500279486,09/2025,7,12-13,0.001
2127570400.0,500279486,09/2025,8,12-13,0.001
2127570400.0,500279486,09/2025,9,12-13,0.0
2127570400.0,500279486,09/2025,10,12-13,0.001
2127570400.0,500279486,09/2025,11,12-13,0.0
2127570400.0,500279486,09/2025,12,12-13,0.001
2127570400.0,500279486,09/2025,13,12-13,0.001
2127570400.0,500279486,09/2025,14,12-13,0.001
2127570400.0,500279486,09/2025,15,12-13,0.001
2127570400.0,500279486,09/2025,16,12-13,0.0
2127570400.0,500279486,09/2025,17,12-13,0.001
2127570400.0,500279486,09/2025,18,12-13,0.0
2127570400.0,500279486,09/2025,19,12-13,0.001
2127570400.0,500279486,09/2025,20,12-13,0.0
2127570400.0,500279486,09/2025,21,12-13,0.0
2127570400.0,500279486,09/2025,22,12-13,0.0
2127570400.0,500279486,09/2025,23,12-13,0.001
2127570400.0,500279486,09/2025,24,12-13,0.001
2127570400.0,500279486,09/2025,25,12-13,0.0
2127570400.0,500279486,09/2025,26,12-13,0.0
2127570400.0,500279486,09/2025,27,12-13,0.0
2127570400.0,500279486,09/2025,28,12-13,0.001
2127570400.0,500279486,09/2025,29,12-13,0.001
2127570400.0,500279486,09/2025,30,12-13,0.0
2127570400.0,500279486,09/2025,1,13-14,0.001
2127570400.0,500279486,09/2025,2,13-14,0.001
2127570400.0,500279486,09/2025,3,13-14,0.001
2127570400.0,500279486,09/2025,4,13-14,0.001
2127570400.0,500279486,09/2025,5,13-14,0.0
2127570400.0,500279486,09/2025,6,13-14,0.0
2127570400.0,500279486,09/2025,7,13-14,0.0
2127570400.0,500279486,09/2025,8,13-14,0.0
2127570400.0,500279486,09/2025,9,13-14,0.001
2127570400.0,500279486,09/2025,10,13-14,0.0
2127570400.0,500279486,09/2025,11,13-14,0.001
2127570400.0,500279486,09/2025,12,13-14,0.0
2127570400.0,500279486,09/2025,13,13-14,0.0
2127570400.0,500279486,09/2025,14,13-14,0.0
2127570400.0,500279486,09/2025,15,13-14,0.0
2127570400.0,500279486,09/2025,16,13-14,0.001
2127570400.0,500279486,09/2025,17,13-14,0.0
2127570400.0,500279486,09/2025,18,13-14,0.001
2127570400.0,500279486,09/2025,19,13-14,0.7
2127570400.0,500279486,09/2025,20,13-14,0.001
2127570400.0,500279486,09/2025,21,13-14,0.001
2127570400.0,500279486,09/2025,22,13-14,0.0
2127570400.0,500279486,09/2025,23,13-14,0.0
2127570400.0,500279486,09/2025,24,13-14,0.0
2127570400.0,500279486,09/2025,25,13-14,0.001
2127570400.0,500279486,09/2025,26,13-14,0.001
2127570400.0,500279486,09/2025,27,13-14,0.001
2127570400.0,500279486,09/2025,28,13-14,0.0
2127570400.0,500279486,09/2025,29,13-14,0.0
2127570400.0,500279486,09/2025,30,13-14,0.001
2127570400.0,500279486,09/2025,1,14-15,0.0
2127570400.0,500279486,09/2025,2,14-15,0.0
2127570400.0,500279486,09/2025,3,14-15,0.0
2127570400.0,500279486,09/2025,4,14-15,0.0
2127570400.0,500279486,09/2025,5,14-15,0.0
2127570400.0,500279486,09/2025,6,14-15,0.001
2127570400.0,500279486,09/2025,7,14-15,0.0
2127570400.0,500279486,09/2025,8,14-15,0.001
2127570400.0,500279486,09/2025,9,14-15,0.0
2127570400.0,500279486,09/2025,10,14-15,0.001
2127570400.0,500279486,09/2025,11,14-15,0.0
2127570400.0,500279486,09/2025,12,14-15,0.001
2127570400.0,500279486,09/2025,13,14-15,0.001
2127570400.0,500279486,09/2025,14,14-15,0.001
2127570400.0,500279486,09/2025,15,14-15,0.001
2127570400.0,500279486,09/2025,16,14-15,0.0
2127570400.0,500279486,09/2025,17,14-15,0.001
2127570400.0,500279486,09/2025,18,14-15,0.0
2127570400.0,500279486,09/2025,19,14-15,0.0
2127570400.0,500279486,09/2025,20,14-15,0.0
2127570400.0,500279486,09/2025,21,14-15,0.0
2127570400.0,500279486,09/2025,22,14-15,0.001
2127570400.0,500279486,09/2025,23,14-15,0.001
2127570400.0,500279486,09/2025,24,14-15,0.001
2127570400.0,500279486,09/2025,25,14-15,0.0
2127570400.0,500279486,09/2025,26,14-15,0.0
2127570400.0,500279486,09/2025,27,14-15,0.0
2127570400.0,500279486,09/2025,28,14-15,0.001
2127570400.0,500279486,09/2025,29,14-15,0.001
2127570400.0,500279486,09/2025,30,14-15,0.0
2127570400.0,500279486,09/2025,1,15-16,0.001
2127570400.0,500279486,09/2025,2,15-16,0.001
2127570400.0,500279486,09/2025,3,15-16,0.001
2127570400.0,500279486,09/2025,4,15-16,0.001
2127570400.0,500279486,09/2025,5,15-16,0.001
2127570400.0,500279486,09/2025,6,15-16,0.0
2127570400.0,500279486,09/2025,7,15-16,0.001
2127570400.0,500279486,09/2025,8,15-16,0.0
2127570400.0,500279486,09/2025,9,15-16,0.001
2127570400.0,500279486,09/2025,10,15-16,0.0
2127570400.0,500279486,09/2025,11,15-16,0.001
2127570400.0,500279486,09/2025,12,15-16,0.0
2127570400.0,500279486,09/2025,13,15-16,0.0
2127570400.0,500279486,09/2025,14,15-16,0.0
2127570400.0,500279486,09/2025,15,15-16,0.0
2127570400.0,500279486,09/2025,16,15-16,0.0
2127570400.0,500279486,09/2025,17,15-16,0.0
2127570400.0,500279486,09/2025,18,15-16,0.001
2127570400.0,500279486,09/2025,19,15-16,0.001
2127570400.0,500279486,09/2025,20,15-16,0.001
2127570400.0,500279486,09/2025,21,15-16,0.001
2127570400.0,500279486,09/2025,22,15-16,0.0
2127570400.0,500279486,09/2025,23,15-16,0.0
2127570400.0,500279486,09/2025,24,15-16,0.0
2127570400.0,500279486,09/2025,25,15-16,0.001
2127570400.0,500279486,09/2025,26,15-16,0.001
2127570400.0,500279486,09/2025,27,15-16,0.001
2127570400.0,500279486,09/2025,28,15-16,0.0
2127570400.0,500279486,09/2025,29,15-16,0.0
2127570400.0,500279486,09/2025,30,15-16,0.001
2127570400.0,500279486,09/2025,1,16-17,0.0
2127570400.0,500279486,09/2025,2,16-17,0.0
2127570400.0,500279486,09/2025,3,16-17,0.0
2127570400.0,500279486,09/2025,4,16-17,0.0
2127570400.0,500279486,09/2025,5,16-17,0.0
2127570400.0,500279486,09/2025,6,16-17,0.001
2127570400.0,500279486,09/2025,7,16-17,0.0
2127570400.0,500279486,09/2025,8,16-17,0.001
2127570400.0,500279486,09/2025,9,16-17,0.0
2127570400.0,500279486,09/2025,10,16-17,0.001
2127570400.0,500279486,09/2025,11,16-17,0.0
2127570400.0,500279486,09/2025,12,16-17,0.001
2127570400.0,500279486,09/2025,13,16-17,0.001
2127570400.0,500279486,09/2025,14,16-17,0.001
2127570400.0,500279486,09/2025,15,16-17,0.001
2127570400.0,500279486,09/2025,16,16-17,0.001
2127570400.0,500279486,09/2025,17,16-17,0.001
2127570400.0,500279486,09/2025,18,16-17,0.0
2127570400.0,500279486,09/2025,19,16-17,0.0
2127570400.0,500279486,09/2025,20,16-17,0.0
2127570400.0,500279486,09/2025,21,16-17,0.0
2127570400.0,500279486,09/2025,22,16-17,0.001
2127570400.0,500279486,09/2025,23,16-17,0.001
2127570400.0,500279486,09/2025,24,16-17,0.001
2127570400.0,500279486,09/2025,25,16-17,0.0
2127570400.0,500279486,09/2025,26,16-17,0.0
2127570400.0,500279486,09/2025,27,16-17,0.0
2127570400.0,500279486,09/2025,28,16-17,0.001
2127570400.0,500279486,09/2025,29,16-17,0.001
2127570400.0,500279486,09/2025,30,16-17,0.0
2127570400.0,500279486,09/2025,1,17-18,0.001
2127570400.0,500279486,09/2025,2,17-18,0.001
2127570400.0,500279486,09/2025,3,17-18,0.001
2127570400.0,500279486,09/2025,4,17-18,0.001
2127570400.0,500279486,09/2025,5,17-18,0.001
2127570400.0,500279486,09/2025,6,17-18,0.0
2127570400.0,500279486,09/2025,7,17-18,0.001
2127570400.0,500279486,09/2025,8,17-18,0.0
2127570400.0,500279486,09/2025,9,17-18,0.001
2127570400.0,500279486,09/2025,10,17-18,0.0
2127570400.0,500279486,09/2025,11,17-18,0.0
2127570400.0,500279486,09/2025,12,17-18,0.0
2127570400.0,500279486,09/2025,13,17-18,0.0
2127570400.0,500279486,09/2025,14,17-18,0.0
2127570400.0,500279486,09/2025,15,17-18,0.0
2127570400.0,500279486,09/2025,16,17-18,0.0
2127570400.0,500279486,09/2025,17,17-18,0.0
2127570400.0,500279486,09/2025,18,17-18,0.001
2127570400.0,500279486,09/2025,19,17-18,0.001
2127570400.0,500279486,09/2025,20,17-18,0.0
2127570400.0,500279486,09/2025,21,17-18,0.001
2127570400.0,500279486,09/2025,22,17-18,0.0
2127570400.0,500279486,09/2025,23,17-18,0.0
2127570400.0,500279486,09/2025,24,17-18,0.0
2127570400.0,500279486,09/2025,25,17-18,0.001
2127570400.0,500279486,09/2025,26,17-18,0.001
2127570400.0,500279486,09/2025,27,17-18,0.001
2127570400.0,500279486,09/2025,28,17-18,0.0
2127570400.0,500279486,09/2025,29,17-18,0.0
2127570400.0,500279486,09/2025,30,17-18,0.001
2127570400.0,500279486,09/2025,1,18-19,0.0
2127570400.0,500279486,09/2025,2,18-19,0.0
2127570400.0,500279486,09/2025,3,18-19,0.0
2127570400.0,500279486,09/2025,4,18-19,0.0
2127570400.0,500279486,09/2025,5,18-19,0.0
2127570400.0,500279486,09/2025,6,18-19,0.001
2127570400.0,500279486,09/2025,7,18-19,0.0
2127570400.0,500279486,09/2025,8,18-19,0.001
2127570400.0,500279486,09/2025,9,18-19,0.0
2127570400.0,500279486,09/2025,10,18-19,0.001
2127570400.0,500279486,09/2025,11,18-19,0.078
2127570400.0,500279486,09/2025,12,18-19,0.285
2127570400.0,500279486,09/2025,13,18-19,0.403
2127570400.0,500279486,09/2025,14,18-19,0.643
2127570400.0,500279486,09/2025,15,18-19,0.887
2127570400.0,500279486,09/2025,16,18-19,1.018
2127570400.0,500279486,09/2025,17,18-19,1.279
2127570400.0,500279486,09/2025,18,18-19,1.521
2127570400.0,500279486,09/2025,19,18-19,1.753
2127570400.0,500279486,09/2025,20,18-19,1.865
2127570400.0,500279486,09/2025,21,18-19,2.089
2127570400.0,500279486,09/2025,22,18-19,2.372
2127570400.0,500279486,09/2025,23,18-19,2.492
2127570400.0,500279486,09/2025,24,18-19,2.704
2127570400.0,500279486,09/2025,25,18-19,2.936
2127570400.0,500279486,09/2025,26,18-19,3.066
2127570400.0,500279486,09/2025,27,18-19,3.306
2127570400.0,500279486,09/2025,28,18-19,3.56
2127570400.0,500279486,09/2025,29,18-19,3.76
2127570400.0,500279486,09/2025,30,18-19,3.935
2127570400.0,500279486,09/2025,1,19-20,5.103
2127570400.0,500279486,09/2025,2,19-20,5.358
2127570400.0,500279486,09/2025,3,19-20,5.626
2127570400.0,500279486,09/2025,4,19-20,5.632
2127570400.0,500279486,09/2025,5,19-20,5.985
2127570400.0,500279486,09/2025,6,19-20,6.213
2127570400.0,500279486,09/2025,7,19-20,6.326
2127570400.0,500279486,09/2025,8,19-20,6.572
2127570400.0,500279486,09/2025,9,19-20,6.834
2127570400.0,500279486,09/2025,10,19-20,6.927
2127570400.0,500279486,09/2025,11,19-20,7.049
2127570400.0,500279486,09/2025,12,19-20,7.194
2127570400.0,500279486,09/2025,13,19-20,7.157
2127570400.0,500279486,09/2025,14,19-20,7.191
2127570400.0,500279486,09/2025,15,19-20,7.221
2127570400.0,500279486,09/2025,16,19-20,7.253
2127570400.0,500279486,09/2025,17,19-20,7.358
2127570400.0,500279486,09/2025,18,19-20,7.302
2127570400.0,500279486,09/2025,19,19-20,7.278
2127570400.0,500279486,09/2025,20,19-20,7.192
2127570400.0,500279486,09/2025,21,19-20,7.228
2127570400.0,500279486,09/2025,22,19-20,7.299
2127570400.0,500279486,09/2025,23,19-20,7.227
2127570400.0,500279486,09/2025,24,19-20,7.235
2127570400.0,500279486,09/2025,25,19-20,7.157
2127570400.0,500279486,09/2025,26,19-20,7.222
2127570400.0,500279486,09/2025,27,19-20,7.174
2127570400.0,500279486,09/2025,28,19-20,7.185
2127570400.0,500279486,09/2025,29,19-20,7.173
2127570400.0,500279486,09/2025,30,19-20,7.273
2127570400.0,500279486,09/2025,1,20-21,7.137
2127570400.0,500279486,09/2025,2,20-21,7.197
2127570400.0,500279486,09/2025,3,20-21,7.155
2127570400.0,500279486,09/2025,4,20-21,7.081
2127570400.0,500279486,09/2025,5,20-21,7.194
2127570400.0,500279486,09/2025,6,20-21,7.197
2127570400.0,500279486,09/2025,7,20-21,7.22
2127570400.0,500279486,09/2025,8,20-21,7.224
2127570400.0,500279486,09/2025,9,20-21,7.222
2127570400.0,500279486,09/2025,10,20-21,7.181
2127570400.0,500279486,09/2025,11,20-21,7.164
2127570400.0,500279486,09/2025,12,20-21,7.211
2127570400.0,500279486,09/2025,13,20-21,7.219
2127570400.0,500279486,09/2025,14,20-21,7.142
2127570400.0,500279486,09/2025,15,20-21,7.206
2127570400.0,500279486,09/2025,16,20-21,7.111
2127570400.0,500279486,09/2025,17,20-21,7.39
2127570400.0,500279486,09/2025,18,20-21,7.358
2127570400.0,500279486,09/2025,19,20-21,7.323
2127570400.0,500279486,09/2025,20,20-21,7.279
2127570400.0,500279486,09/2025,21,20-21,7.305
2127570400.0,500279486,09/2025,22,20-21,7.307
2127570400.0,500279486,09/2025,23,20-21,7.298
2127570400.0,500279486,09/2025,24,20-21,7.192
2127570400.0,500279486,09/2025,25,20-21,7.191
2127570400.0,500279486,09/2025,26,20-21,7.245
2127570400.0,500279486,09/2025,27,20-21,7.288
2127570400.0,500279486,09/2025,28,20-21,7.216
2127570400.0,500279486,09/2025,29,20-21,7.308
2127570400.0,500279486,09/2025,30,20-21,7.352
2127570400.0,500279486,09/2025,1,21-22,7.196
2127570400.0,500279486,09/2025,2,21-22,7.233
2127570400.0,500279486,09/2025,3,21-22,7.167
2127570400.0,500279486,09/2025,4,21-22,7.124
2127570400.0,500279486,09/2025,5,21-22,7.233
2127570400.0,500279486,09/2025,6,21-22,7.248
2127570400.0,500279486,09/2025,7,21-22,7.243
2127570400.0,500279486,09/2025,8,21-22,7.272
2127570400.0,500279486,09/2025,9,21-22,7.18
2127570400.0,500279486,09/2025,10,21-22,7.059
2127570400.0,500279486,09/2025,11,21-22,7.249
2127570400.0,500279486,09/2025,12,21-22,7.244
2127570400.0,500279486,09/2025,13,21-22,7.274
2127570400.0,500279486,09/2025,14,21-22,7.16
2127570400.0,500279486,09/2025,15,21-22,7.257
2127570400.0,500279486,09/2025,16,21-22,7.159
2127570400.0,500279486,09/2025,17,21-22,7.251
2127570400.0,500279486,09/2025,18,21-22,7.373
2127570400.0,500279486,09/2025,19,21-22,7.374
2127570400.0,500279486,09/2025,20,21-22,7.349
2127570400.0,500279486,09/2025,21,21-22,7.322
2127570400.0,500279486,09/2025,22,21-22,7.301
2127570400.0,500279486,09/2025,23,21-22,7.364
2127570400.0,500279486,09/2025,24,21-22,7.246
2127570400.0,500279486,09/2025,25,21-22,7.219
2127570400.0,500279486,09/2025,26,21-22,7.258
2127570400.0,500279486,09/2025,27,21-22,7.342
2127570400.0,500279486,09/2025,28,21-22,7.266
2127570400.0,500279486,09/2025,29,21-22,7.339
2127570400.0,500279486,09/2025,30,21-22,7.386
2127570400.0,500279486,09/2025,1,22-23,7.242
2127570400.0,500279486,09/2025,2,22-23,7.282
2127570400.0,500279486,09/2025,3,22-23,7.218
2127570400.0,500279486,09/2025,4,22-23,7.192
2127570400.0,500279486,09/2025,5,22-23,7.238
2127570400.0,500279486,09/2025,6,22-23,7.321
2127570400.0,500279486,09/2025,7,22-23,7.317
2127570400.0,500279486,09/2025,8,22-23,7.307
2127570400.0,500279486,09/2025,9,22-23,7.246
2127570400.0,500279486,09/2025,10,22-23,7.208
2127570400.0,500279486,09/2025,11,22-23,7.269
2127570400.0,500279486,09/2025,12,22-23,7.295
2127570400.0,500279486,09/2025,13,22-23,7.315
2127570400.0,500279486,09/2025,14,22-23,7.254
2127570400.0,500279486,09/2025,15,22-23,7.291
2127570400.0,500279486,09/2025,16,22-23,7.284
2127570400.0,500279486,09/2025,17,22-23,7.345
2127570400.0,500279486,09/2025,18,22-23,7.445
2127570400.0,500279486,09/2025,19,22-23,7.408
2127570400.0,500279486,09/2025,20,22-23,7.402
2127570400.0,500279486,09/2025,21,22-23,7.372
2127570400.0,500279486,09/2025,22,22-23,7.317
2127570400.0,500279486,09/2025,23,22-23,7.402
2127570400.0,500279486,09/2025,24,22-23,7.319
2127570400.0,500279486,09/2025,25,22-23,7.223
2127570400.0,500279486,09/2025,26,22-23,7.338
2127570400.0,500279486,09/2025,27,22-23,7.368
2127570400.0,500279486,09/2025,28,22-23,7.348
2127570400.0,500279486,09/2025,29,22-23,7.392
2127570400.0,500279486,09/2025,30,22-23,7.381
2127570400.0,500279486,09/2025,1,23-24,7.224
2127570400.0,500279486,09/2025,2,23-24,7.313
2127570400.0,500279486,09/2025,3,23-24,7.275
2127570400.0,500279486,09/2025,4,23-24,7.218
2127570400.0,500279486,09/2025,5,23-24,7.276
2127570400.0,500279486,09/2025,6,23-24,7.35
2127570400.0,500279486,09/2025,7,23-24,7.395
2127570400.0,500279486,09/2025,8,23-24,7.313
2127570400.0,500279486,09/2025,9,23-24,7.319
2127570400.0,500279486,09/2025,10,23-24,7.271
2127570400.0,500279486,09/2025,11,23-24,7.319
2127570400.0,500279486,09/2025,12,23-24,7.3
2127570400.0,500279486,09/2025,13,23-24,7.371
2127570400.0,500279486,09/2025,14,23-24,7.267
2127570400.0,500279486,09/2025,15,23-24,7.378
2127570400.0,500279486,09/2025,16,23-24,7.348
2127570400.0,500279486,09/2025,17,23-24,7.45
2127570400.0,500279486,09/2025,18,23-24,7.44
2127570400.0,500279486,09/2025,19,23-24,7.363
2127570400.0,500279486,09/2025,20,23-24,7.468
2127570400.0,500279486,09/2025,21,23-24,7.422
2127570400.0,500279486,09/2025,22,23-24,7.412
2127570400.0,500279486,09/2025,23,23-24,7.438
2127570400.0,500279486,09/2025,24,23-24,7.386
2127570400.0,500279486,09/2025,25,23-24,7.349
2127570400.0,500279486,09/2025,26,23-24,7.315
2127570400.0,500279486,09/2025,27,23-24,7.342
2127570400.0,500279486,09/2025,28,23-24,7.402
2127570400.0,500279486,09/2025,29,23-24,7.409
2127570400.0,500279486,09/2025,30,23-24,7.416
2127570400.0,500279486,09/2025,1,23-24,79.118
2127570400.0,500279486,09/2025,2,23-24,80.55199999999998
2127570400.0,500279486,09/2025,3,23-24,78.93599999999999
2127570400.0,500279486,09/2025,4,23-24,78.657
2127570400.0,500279486,09/2025,5,23-24,80.859
2127570400.0,500279486,09/2025,6,23-24,81.51499999999999
2127570400.0,500279486,09/2025,7,23-24,81.69999999999997
2127570400.0,500279486,09/2025,8,23-24,82.314
2127570400.0,500279486,09/2025,9,23-24,82.45099999999998
2127570400.0,500279486,09/2025,10,23-24,82.213
2127570400.0,500279486,09/2025,11,23-24,83.157
2127570400.0,500279486,09/2025,12,23-24,83.36399999999998
2127570400.0,500279486,09/2025,13,23-24,83.98899999999998
2127570400.0,500279486,09/2025,14,23-24,84.017
2127570400.0,500279486,09/2025,15,23-24,85.164
2127570400.0,500279486,09/2025,16,23-24,84.964
2127570400.0,500279486,09/2025,17,23-24,86.09599999999999
2127570400.0,500279486,09/2025,18,23-24,86.58499999999998
2127570400.0,500279486,09/2025,19,23-24,87.615
2127570400.0,500279486,09/2025,20,23-24,87.021
2127570400.0,500279486,09/2025,21,23-24,87.02799999999998
2127570400.0,500279486,09/2025,22,23-24,87.88
2127570400.0,500279486,09/2025,23,23-24,87.672
2127570400.0,500279486,09/2025,24,23-24,87.86999999999998
2127570400.0,500279486,09/2025,25,23-24,87.86699999999999
2127570400.0,500279486,09/2025,26,23-24,88.21899999999998
2127570400.0,500279486,09/2025,27,23-24,89.05699999999997
2127570400.0,500279486,09/2025,28,23-24,89.338
2127570400.0,500279486,09/2025,29,23-24,87.38199999999999
2127570400.0,500279486,09/2025,30,23-24,90.30499999999998
2127570400.0,500279486,09/2025,31,23-24,0.0
2127570400.0,500279486,10/2025,1,00-01,7.347
2127570400.0,500279486,10/2025,2,00-01,6.68
2127570400.0,500279486,10/2025,3,00-01,6.471
2127570400.0,500279486,10/2025,4,00-01,6.411
2127570400.0,500279486,10/2025,5,00-01,6.457
2127570400.0,500279486,10/2025,6,00-01,6.197
2127570400.0,500279486,10/2025,7,00-01,6.724
2127570400.0,500279486,10/2025,8,00-01,6.616
2127570400.0,500279486,10/2025,9,00-01,6.608
2127570400.0,500279486,10/2025,10,00-01,6.631
2127570400.0,500279486,10/2025,11,00-01,6.665
2127570400.0,500279486,10/2025,12,00-01,6.714
2127570400.0,500279486,10/2025,13,00-01,6.732
2127570400.0,500279486,10/2025,14,00-01,6.621
2127570400.0,500279486,10/2025,15,00-01,6.655
2127570400.0,500279486,10/2025,16,00-01,6.656
2127570400.0,500279486,10/2025,17,00-01,5.776
2127570400.0,500279486,10/2025,18,00-01,6.671
2127570400.0,500279486,10/2025,19,00-01,6.616
2127570400.0,500279486,10/2025,20,00-01,6.777
2127570400.0,500279486,10/2025,21,00-01,6.653
2127570400.0,500279486,10/2025,22,00-01,6.692
2127570400.0,500279486,10/2025,23,00-01,6.7
2127570400.0,500279486,10/2025,24,00-01,6.602
2127570400.0,500279486,10/2025,25,00-01,6.551
2127570400.0,500279486,10/2025,26,00-01,6.639
2127570400.0,500279486,10/2025,27,00-01,6.665
2127570400.0,500279486,10/2025,28,00-01,6.648
2127570400.0,500279486,10/2025,29,00-01,6.633
2127570400.0,500279486,10/2025,30,00-01,6.679
2127570400.0,500279486,10/2025,31,00-01,6.698
2127570400.0,500279486,10/2025,1,01-02,7.42
2127570400.0,500279486,10/2025,2,01-02,6.728
2127570400.0,500279486,10/2025,3,01-02,6.537
2127570400.0,500279486,10/2025,4,01-02,6.513
2127570400.0,500279486,10/2025,5,01-02,6.753
2127570400.0,500279486,10/2025,6,01-02,6.279
2127570400.0,500279486,10/2025,7,01-02,6.816
2127570400.0,500279486,10/2025,8,01-02,6.708
2127570400.0,500279486,10/2025,9,01-02,6.687
2127570400.0,500279486,10/2025,10,01-02,6.682
2127570400.0,500279486,10/2025,11,01-02,6.797
2127570400.0,500279486,10/2025,12,01-02,6.794
2127570400.0,500279486,10/2025,13,01-02,6.824
2127570400.0,500279486,10/2025,14,01-02,6.662
2127570400.0,500279486,10/2025,15,01-02,6.708
2127570400.0,500279486,10/2025,16,01-02,6.762
2127570400.0,500279486,10/2025,17,01-02,5.803
2127570400.0,500279486,10/2025,18,01-02,6.673
2127570400.0,500279486,10/2025,19,01-02,6.72
2127570400.0,500279486,10/2025,20,01-02,6.814
2127570400.0,500279486,10/2025,21,01-02,6.752
2127570400.0,500279486,10/2025,22,01-02,6.767
2127570400.0,500279486,10/2025,23,01-02,6.747
2127570400.0,500279486,10/2025,24,01-02,6.674
2127570400.0,500279486,10/2025,25,01-02,6.638
2127570400.0,500279486,10/2025,26,01-02,6.763
2127570400.0,500279486,10/2025,27,01-02,6.676
2127570400.0,500279486,10/2025,28,01-02,6.714
2127570400.0,500279486,10/2025,29,01-02,6.686
2127570400.0,500279486,10/2025,30,01-02,6.75
2127570400.0,500279486,10/2025,31,01-02,6.775
2127570400.0,500279486,10/2025,1,02-03,7.502
2127570400.0,500279486,10/2025,2,02-03,6.776
2127570400.0,500279486,10/2025,3,02-03,5.311
2127570400.0,500279486,10/2025,4,02-03,6.468
2127570400.0,500279486,10/2025,5,02-03,6.804
2127570400.0,500279486,10/2025,6,02-03,6.338
2127570400.0,500279486,10/2025,7,02-03,6.747
2127570400.0,500279486,10/2025,8,02-03,6.781
2127570400.0,500279486,10/2025,9,02-03,6.734
2127570400.0,500279486,10/2025,10,02-03,6.744
2127570400.0,500279486,10/2025,11,02-03,6.826
2127570400.0,500279486,10/2025,12,02-03,6.845
2127570400.0,500279486,10/2025,13,02-03,6.907
2127570400.0,500279486,10/2025,14,02-03,6.713
2127570400.0,500279486,10/2025,15,02-03,6.743
2127570400.0,500279486,10/2025,16,02-03,6.729
2127570400.0,500279486,10/2025,17,02-03,5.842
2127570400.0,500279486,10/2025,18,02-03,6.753
2127570400.0,500279486,10/2025,19,02-03,6.725
2127570400.0,500279486,10/2025,20,02-03,6.773
2127570400.0,500279486,10/2025,21,02-03,6.787
2127570400.0,500279486,10/2025,22,02-03,6.79
2127570400.0,500279486,10/2025,23,02-03,6.802
2127570400.0,500279486,10/2025,24,02-03,6.74
2127570400.0,500279486,10/2025,25,02-03,6.725
2127570400.0,500279486,10/2025,26,02-03,6.842
2127570400.0,500279486,10/2025,27,02-03,6.739
2127570400.0,500279486,10/2025,28,02-03,6.807
2127570400.0,500279486,10/2025,29,02-03,6.726
2127570400.0,500279486,10/2025,30,02-03,6.837
2127570400.0,500279486,10/2025,31,02-03,6.731
2127570400.0,500279486,10/2025,1,03-04,7.541
2127570400.0,500279486,10/2025,2,03-04,6.835
2127570400.0,500279486,10/2025,3,03-04,5.401
2127570400.0,500279486,10/2025,4,03-04,6.496
2127570400.0,500279486,10/2025,5,03-04,6.718
2127570400.0,500279486,10/2025,6,03-04,6.369
2127570400.0,500279486,10/2025,7,03-04,6.763
2127570400.0,500279486,10/2025,8,03-04,6.795
2127570400.0,500279486,10/2025,9,03-04,6.759
2127570400.0,500279486,10/2025,10,03-04,6.775
2127570400.0,500279486,10/2025,11,03-04,6.847
2127570400.0,500279486,10/2025,12,03-04,6.895
2127570400.0,500279486,10/2025,13,03-04,6.882
2127570400.0,500279486,10/2025,14,03-04,6.734
2127570400.0,500279486,10/2025,15,03-04,6.704
2127570400.0,500279486,10/2025,16,03-04,6.734
2127570400.0,500279486,10/2025,17,03-04,5.819
2127570400.0,500279486,10/2025,18,03-04,6.809
2127570400.0,500279486,10/2025,19,03-04,6.746
2127570400.0,500279486,10/2025,20,03-04,6.758
2127570400.0,500279486,10/2025,21,03-04,6.792
2127570400.0,500279486,10/2025,22,03-04,6.777
2127570400.0,500279486,10/2025,23,03-04,6.706
2127570400.0,500279486,10/2025,24,03-04,6.781
2127570400.0,500279486,10/2025,25,03-04,6.69
2127570400.0,500279486,10/2025,26,03-04,6.835
2127570400.0,500279486,10/2025,27,03-04,6.797
2127570400.0,500279486,10/2025,28,03-04,6.824
2127570400.0,500279486,10/2025,29,03-04,6.742
2127570400.0,500279486,10/2025,30,03-04,6.791
2127570400.0,500279486,10/2025,31,03-04,6.772
2127570400.0,500279486,10/2025,1,04-05,7.542
2127570400.0,500279486,10/2025,2,04-05,6.833
2127570400.0,500279486,10/2025,3,04-05,5.528
2127570400.0,500279486,10/2025,4,04-05,6.512
2127570400.0,500279486,10/2025,5,04-05,6.759
2127570400.0,500279486,10/2025,6,04-05,6.372
2127570400.0,500279486,10/2025,7,04-05,6.813
2127570400.0,500279486,10/2025,8,04-05,6.804
2127570400.0,500279486,10/2025,9,04-05,6.785
2127570400.0,500279486,10/2025,10,04-05,6.792
2127570400.0,500279486,10/2025,11,04-05,6.863
2127570400.0,500279486,10/2025,12,04-05,6.932
2127570400.0,500279486,10/2025,13,04-05,6.887
2127570400.0,500279486,10/2025,14,04-05,6.761
2127570400.0,500279486,10/2025,15,04-05,6.686
2127570400.0,500279486,10/2025,16,04-05,6.741
2127570400.0,500279486,10/2025,17,04-05,5.858
2127570400.0,500279486,10/2025,18,04-05,6.85
2127570400.0,500279486,10/2025,19,04-05,6.789
2127570400.0,500279486,10/2025,20,04-05,6.779
2127570400.0,500279486,10/2025,21,04-05,6.738
2127570400.0,500279486,10/2025,22,04-05,6.826
2127570400.0,500279486,10/2025,23,04-05,6.694
2127570400.0,500279486,10/2025,24,04-05,6.795
2127570400.0,500279486,10/2025,25,04-05,6.298
2127570400.0,500279486,10/2025,26,04-05,6.774
2127570400.0,500279486,10/2025,27,04-05,6.82
2127570400.0,500279486,10/2025,28,04-05,6.841
2127570400.0,500279486,10/2025,29,04-05,6.756
2127570400.0,500279486,10/2025,30,04-05,6.791
2127570400.0,500279486,10/2025,31,04-05,6.807
2127570400.0,500279486,10/2025,1,05-06,7.49
2127570400.0,500279486,10/2025,2,05-06,6.789
2127570400.0,500279486,10/2025,3,05-06,5.475
2127570400.0,500279486,10/2025,4,05-06,6.472
2127570400.0,500279486,10/2025,5,05-06,6.772
2127570400.0,500279486,10/2025,6,05-06,6.293
2127570400.0,500279486,10/2025,7,05-06,6.786
2127570400.0,500279486,10/2025,8,05-06,6.766
2127570400.0,500279486,10/2025,9,05-06,6.753
2127570400.0,500279486,10/2025,10,05-06,6.796
2127570400.0,500279486,10/2025,11,05-06,6.844
2127570400.0,500279486,10/2025,12,05-06,6.902
2127570400.0,500279486,10/2025,13,05-06,6.815
2127570400.0,500279486,10/2025,14,05-06,6.711
2127570400.0,500279486,10/2025,15,05-06,6.643
2127570400.0,500279486,10/2025,16,05-06,6.7
2127570400.0,500279486,10/2025,17,05-06,5.827
2127570400.0,500279486,10/2025,18,05-06,6.742
2127570400.0,500279486,10/2025,19,05-06,6.765
2127570400.0,500279486,10/2025,20,05-06,6.737
2127570400.0,500279486,10/2025,21,05-06,6.695
2127570400.0,500279486,10/2025,22,05-06,6.791
2127570400.0,500279486,10/2025,23,05-06,6.655
2127570400.0,500279486,10/2025,24,05-06,6.764
2127570400.0,500279486,10/2025,25,05-06,6.671
2127570400.0,500279486,10/2025,26,05-06,6.727
2127570400.0,500279486,10/2025,27,05-06,6.76
2127570400.0,500279486,10/2025,28,05-06,6.817
2127570400.0,500279486,10/2025,29,05-06,5.75
2127570400.0,500279486,10/2025,30,05-06,6.749
2127570400.0,500279486,10/2025,31,05-06,6.756
2127570400.0,500279486,10/2025,1,06-07,4.777
2127570400.0,500279486,10/2025,2,06-07,0.565
2127570400.0,500279486,10/2025,3,06-07,3.692
2127570400.0,500279486,10/2025,4,06-07,4.475
2127570400.0,500279486,10/2025,5,06-07,4.824
2127570400.0,500279486,10/2025,6,06-07,4.697
2127570400.0,500279486,10/2025,7,06-07,5.111
2127570400.0,500279486,10/2025,8,06-07,5.216
2127570400.0,500279486,10/2025,9,06-07,5.31
2127570400.0,500279486,10/2025,10,06-07,5.461
2127570400.0,500279486,10/2025,11,06-07,5.66
2127570400.0,500279486,10/2025,12,06-07,5.791
2127570400.0,500279486,10/2025,13,06-07,5.781
2127570400.0,500279486,10/2025,14,06-07,5.815
2127570400.0,500279486,10/2025,15,06-07,5.881
2127570400.0,500279486,10/2025,16,06-07,6.023
2127570400.0,500279486,10/2025,17,06-07,5.339
2127570400.0,500279486,10/2025,18,06-07,6.301
2127570400.0,500279486,10/2025,19,06-07,6.449
2127570400.0,500279486,10/2025,20,06-07,6.601
2127570400.0,500279486,10/2025,21,06-07,6.656
2127570400.0,500279486,10/2025,22,06-07,6.75
2127570400.0,500279486,10/2025,23,06-07,6.677
2127570400.0,500279486,10/2025,24,06-07,6.701
2127570400.0,500279486,10/2025,25,06-07,6.613
2127570400.0,500279486,10/2025,26,06-07,6.731
2127570400.0,500279486,10/2025,27,06-07,6.683
2127570400.0,500279486,10/2025,28,06-07,6.783
2127570400.0,500279486,10/2025,29,06-07,5.473
2127570400.0,500279486,10/2025,30,06-07,6.702
2127570400.0,500279486,10/2025,31,06-07,6.722
2127570400.0,500279486,10/2025,1,07-08,0.0
2127570400.0,500279486,10/2025,2,07-08,0.001
2127570400.0,500279486,10/2025,3,07-08,0.0
2127570400.0,500279486,10/2025,4,07-08,0.001
2127570400.0,500279486,10/2025,5,07-08,0.001
2127570400.0,500279486,10/2025,6,07-08,0.001
2127570400.0,500279486,10/2025,7,07-08,0.0
2127570400.0,500279486,10/2025,8,07-08,0.001
2127570400.0,500279486,10/2025,9,07-08,0.0
2127570400.0,500279486,10/2025,10,07-08,0.0
2127570400.0,500279486,10/2025,11,07-08,0.001
2127570400.0,500279486,10/2025,12,07-08,0.0
2127570400.0,500279486,10/2025,13,07-08,0.001
2127570400.0,500279486,10/2025,14,07-08,0.0
2127570400.0,500279486,10/2025,15,07-08,0.0
2127570400.0,500279486,10/2025,16,07-08,0.001
2127570400.0,500279486,10/2025,17,07-08,0.001
2127570400.0,500279486,10/2025,18,07-08,0.0
2127570400.0,500279486,10/2025,19,07-08,0.001
2127570400.0,500279486,10/2025,20,07-08,0.001
2127570400.0,500279486,10/2025,21,07-08,0.014
2127570400.0,500279486,10/2025,22,07-08,0.125
2127570400.0,500279486,10/2025,23,07-08,0.231
2127570400.0,500279486,10/2025,24,07-08,0.342
2127570400.0,500279486,10/2025,25,07-08,0.448
2127570400.0,500279486,10/2025,26,07-08,0.563
2127570400.0,500279486,10/2025,27,07-08,0.777
2127570400.0,500279486,10/2025,28,07-08,0.897
2127570400.0,500279486,10/2025,29,07-08,0.817
2127570400.0,500279486,10/2025,30,07-08,1.103
2127570400.0,500279486,10/2025,31,07-08,1.213
2127570400.0,500279486,10/2025,1,08-09,0.001
2127570400.0,500279486,10/2025,2,08-09,0.0
2127570400.0,500279486,10/2025,3,08-09,0.001
2127570400.0,500279486,10/2025,4,08-09,0.0
2127570400.0,500279486,10/2025,5,08-09,0.0
2127570400.0,500279486,10/2025,6,08-09,0.0
2127570400.0,500279486,10/2025,7,08-09,0.001
2127570400.0,500279486,10/2025,8,08-09,0.0
2127570400.0,500279486,10/2025,9,08-09,0.0
2127570400.0,500279486,10/2025,10,08-09,0.001
2127570400.0,500279486,10/2025,11,08-09,0.0
2127570400.0,500279486,10/2025,12,08-09,0.001
2127570400.0,500279486,10/2025,13,08-09,0.0
2127570400.0,500279486,10/2025,14,08-09,0.001
2127570400.0,500279486,10/2025,15,08-09,0.001
2127570400.0,500279486,10/2025,16,08-09,0.0
2127570400.0,500279486,10/2025,17,08-09,0.0
2127570400.0,500279486,10/2025,18,08-09,0.001
2127570400.0,500279486,10/2025,19,08-09,0.0
2127570400.0,500279486,10/2025,20,08-09,0.0
2127570400.0,500279486,10/2025,21,08-09,0.001
2127570400.0,500279486,10/2025,22,08-09,0.0
2127570400.0,500279486,10/2025,23,08-09,0.001
2127570400.0,500279486,10/2025,24,08-09,0.0
2127570400.0,500279486,10/2025,25,08-09,0.0
2127570400.0,500279486,10/2025,26,08-09,0.0
2127570400.0,500279486,10/2025,27,08-09,0.001
2127570400.0,500279486,10/2025,28,08-09,0.0
2127570400.0,500279486,10/2025,29,08-09,0.001
2127570400.0,500279486,10/2025,30,08-09,0.0
2127570400.0,500279486,10/2025,31,08-09,0.001
2127570400.0,500279486,10/2025,1,09-10,0.0
2127570400.0,500279486,10/2025,2,09-10,0.001
2127570400.0,500279486,10/2025,3,09-10,0.0
2127570400.0,500279486,10/2025,4,09-10,0.0
2127570400.0,500279486,10/2025,5,09-10,0.001
2127570400.0,500279486,10/2025,6,09-10,0.001
2127570400.0,500279486,10/2025,7,09-10,0.0
2127570400.0,500279486,10/2025,8,09-10,0.001
2127570400.0,500279486,10/2025,9,09-10,0.001
2127570400.0,500279486,10/2025,10,09-10,0.0
2127570400.0,500279486,10/2025,11,09-10,0.001
2127570400.0,500279486,10/2025,12,09-10,0.0
2127570400.0,500279486,10/2025,13,09-10,0.0
2127570400.0,500279486,10/2025,14,09-10,0.0
2127570400.0,500279486,10/2025,15,09-10,0.0
2127570400.0,500279486,10/2025,16,09-10,0.001
2127570400.0,500279486,10/2025,17,09-10,0.001
2127570400.0,500279486,10/2025,18,09-10,0.0
2127570400.0,500279486,10/2025,19,09-10,0.001
2127570400.0,500279486,10/2025,20,09-10,0.001
2127570400.0,500279486,10/2025,21,09-10,0.0
2127570400.0,500279486,10/2025,22,09-10,0.001
2127570400.0,500279486,10/2025,23,09-10,0.0
2127570400.0,500279486,10/2025,24,09-10,0.001
2127570400.0,500279486,10/2025,25,09-10,0.001
2127570400.0,500279486,10/2025,26,09-10,0.001
2127570400.0,500279486,10/2025,27,09-10,0.0
2127570400.0,500279486,10/2025,28,09-10,0.0
2127570400.0,500279486,10/2025,29,09-10,0.0
2127570400.0,500279486,10/2025,30,09-10,0.001
2127570400.0,500279486,10/2025,31,09-10,0.0
2127570400.0,500279486,10/2025,1,10-11,0.001
2127570400.0,500279486,10/2025,2,10-11,0.0
2127570400.0,500279486,10/2025,3,10-11,0.001
2127570400.0,500279486,10/2025,4,10-11,0.0
2127570400.0,500279486,10/2025,5,10-11,0.0
2127570400.0,500279486,10/2025,6,10-11,0.0
2127570400.0,500279486,10/2025,7,10-11,0.001
2127570400.0,500279486,10/2025,8,10-11,0.0
2127570400.0,500279486,10/2025,9,10-11,0.0
2127570400.0,500279486,10/2025,10,10-11,0.001
2127570400.0,500279486,10/2025,11,10-11,0.0
2127570400.0,500279486,10/2025,12,10-11,0.001
2127570400.0,500279486,10/2025,13,10-11,0.001
2127570400.0,500279486,10/2025,14,10-11,0.0
2127570400.0,500279486,10/2025,15,10-11,0.001
2127570400.0,500279486,10/2025,16,10-11,0.0
2127570400.0,500279486,10/2025,17,10-11,0.0
2127570400.0,500279486,10/2025,18,10-11,0.001
2127570400.0,500279486,10/2025,19,10-11,0.0
2127570400.0,500279486,10/2025,20,10-11,0.0
2127570400.0,500279486,10/2025,21,10-11,0.001
2127570400.0,500279486,10/2025,22,10-11,0.0
2127570400.0,500279486,10/2025,23,10-11,0.001
2127570400.0,500279486,10/2025,24,10-11,0.0
2127570400.0,500279486,10/2025,25,10-11,0.0
2127570400.0,500279486,10/2025,26,10-11,0.0
2127570400.0,500279486,10/2025,27,10-11,0.001
2127570400.0,500279486,10/2025,28,10-11,0.001
2127570400.0,500279486,10/2025,29,10-11,0.001
2127570400.0,500279486,10/2025,30,10-11,0.0
2127570400.0,500279486,10/2025,31,10-11,0.001
2127570400.0,500279486,10/2025,1,11-12,0.0
2127570400.0,500279486,10/2025,2,11-12,0.001
2127570400.0,500279486,10/2025,3,11-12,0.0
2127570400.0,500279486,10/2025,4,11-12,0.0
2127570400.0,500279486,10/2025,5,11-12,0.001
2127570400.0,500279486,10/2025,6,11-12,0.001
2127570400.0,500279486,10/2025,7,11-12,0.0
2127570400.0,500279486,10/2025,8,11-12,0.001
2127570400.0,500279486,10/2025,9,11-12,0.001
2127570400.0,500279486,10/2025,10,11-12,0.0
2127570400.0,500279486,10/2025,11,11-12,0.001
2127570400.0,500279486,10/2025,12,11-12,0.0
2127570400.0,500279486,10/2025,13,11-12,0.0
2127570400.0,500279486,10/2025,14,11-12,0.001
2127570400.0,500279486,10/2025,15,11-12,0.0
2127570400.0,500279486,10/2025,16,11-12,0.001
2127570400.0,500279486,10/2025,17,11-12,0.001
2127570400.0,500279486,10/2025,18,11-12,0.0
2127570400.0,500279486,10/2025,19,11-12,0.001
2127570400.0,500279486,10/2025,20,11-12,0.0
2127570400.0,500279486,10/2025,21,11-12,0.0
2127570400.0,500279486,10/2025,22,11-12,0.001
2127570400.0,500279486,10/2025,23,11-12,0.0
2127570400.0,500279486,10/2025,24,11-12,0.001
2127570400.0,500279486,10/2025,25,11-12,0.001
2127570400.0,500279486,10/2025,26,11-12,0.0
2127570400.0,500279486,10/2025,27,11-12,0.0
2127570400.0,500279486,10/2025,28,11-12,0.0
2127570400.0,500279486,10/2025,29,11-12,0.0
2127570400.0,500279486,10/2025,30,11-12,0.0
2127570400.0,500279486,10/2025,31,11-12,0.0
2127570400.0,500279486,10/2025,1,12-13,0.001
2127570400.0,500279486,10/2025,2,12-13,0.0
2127570400.0,500279486,10/2025,3,12-13,0.001
2127570400.0,500279486,10/2025,4,12-13,0.001
2127570400.0,500279486,10/2025,5,12-13,0.0
2127570400.0,500279486,10/2025,6,12-13,0.0
2127570400.0,500279486,10/2025,7,12-13,0.001
2127570400.0,500279486,10/2025,8,12-13,0.0
2127570400.0,500279486,10/2025,9,12-13,0.0
2127570400.0,500279486,10/2025,10,12-13,0.001
2127570400.0,500279486,10/2025,11,12-13,0.0
2127570400.0,500279486,10/2025,12,12-13,0.001
2127570400.0,500279486,10/2025,13,12-13,0.001
2127570400.0,500279486,10/2025,14,12-13,0.0
2127570400.0,500279486,10/2025,15,12-13,0.0
2127570400.0,500279486,10/2025,16,12-13,0.0
2127570400.0,500279486,10/2025,17,12-13,0.0
2127570400.0,500279486,10/2025,18,12-13,0.001
2127570400.0,500279486,10/2025,19,12-13,0.0
2127570400.0,500279486,10/2025,20,12-13,0.001
2127570400.0,500279486,10/2025,21,12-13,0.001
2127570400.0,500279486,10/2025,22,12-13,0.0
2127570400.0,500279486,10/2025,23,12-13,0.001
2127570400.0,500279486,10/2025,24,12-13,0.0
2127570400.0,500279486,10/2025,25,12-13,0.0
2127570400.0,500279486,10/2025,26,12-13,0.001
2127570400.0,500279486,10/2025,27,12-13,0.0
2127570400.0,500279486,10/2025,28,12-13,0.001
2127570400.0,500279486,10/2025,29,12-13,0.0
2127570400.0,500279486,10/2025,30,12-13,0.001
2127570400.0,500279486,10/2025,31,12-13,0.001
2127570400.0,500279486,10/2025,1,13-14,0.0
2127570400.0,500279486,10/2025,2,13-14,0.0
2127570400.0,500279486,10/2025,3,13-14,0.0
2127570400.0,500279486,10/2025,4,13-14,0.0
2127570400.0,500279486,10/2025,5,13-14,0.001
2127570400.0,500279486,10/2025,6,13-14,0.0
2127570400.0,500279486,10/2025,7,13-14,0.0
2127570400.0,500279486,10/2025,8,13-14,0.001
2127570400.0,500279486,10/2025,9,13-14,0.001
2127570400.0,500279486,10/2025,10,13-14,0.0
2127570400.0,500279486,10/2025,11,13-14,0.0
2127570400.0,500279486,10/2025,12,13-14,0.0
2127570400.0,500279486,10/2025,13,13-14,0.0
2127570400.0,500279486,10/2025,14,13-14,0.001
2127570400.0,500279486,10/2025,15,13-14,0.001
2127570400.0,500279486,10/2025,16,13-14,0.001
2127570400.0,500279486,10/2025,17,13-14,0.0
2127570400.0,500279486,10/2025,18,13-14,0.0
2127570400.0,500279486,10/2025,19,13-14,0.001
2127570400.0,500279486,10/2025,20,13-14,0.0
2127570400.0,500279486,10/2025,21,13-14,0.0
2127570400.0,500279486,10/2025,22,13-14,0.0
2127570400.0,500279486,10/2025,23,13-14,0.0
2127570400.0,500279486,10/2025,24,13-14,0.001
2127570400.0,500279486,10/2025,25,13-14,0.0
2127570400.0,500279486,10/2025,26,13-14,0.0
2127570400.0,500279486,10/2025,27,13-14,0.001
2127570400.0,500279486,10/2025,28,13-14,0.0
2127570400.0,500279486,10/2025,29,13-14,0.001
2127570400.0,500279486,10/2025,30,13-14,0.0
2127570400.0,500279486,10/2025,31,13-14,0.0
2127570400.0,500279486,10/2025,1,14-15,0.001
2127570400.0,500279486,10/2025,2,14-15,0.001
2127570400.0,500279486,10/2025,3,14-15,0.001
2127570400.0,500279486,10/2025,4,14-15,0.001
2127570400.0,500279486,10/2025,5,14-15,0.0
2127570400.0,500279486,10/2025,6,14-15,0.001
2127570400.0,500279486,10/2025,7,14-15,0.0
2127570400.0,500279486,10/2025,8,14-15,0.0
2127570400.0,500279486,10/2025,9,14-15,0.0
2127570400.0,500279486,10/2025,10,14-15,0.001
2127570400.0,500279486,10/2025,11,14-15,0.001
2127570400.0,500279486,10/2025,12,14-15,0.001
2127570400.0,500279486,10/2025,13,14-15,0.001
2127570400.0,500279486,10/2025,14,14-15,0.0
2127570400.0,500279486,10/2025,15,14-15,0.0
2127570400.0,500279486,10/2025,16,14-15,0.0
2127570400.0,500279486,10/2025,17,14-15,0.001
2127570400.0,500279486,10/2025,18,14-15,0.001
2127570400.0,500279486,10/2025,19,14-15,0.0
2127570400.0,500279486,10/2025,20,14-15,0.001
2127570400.0,500279486,10/2025,21,14-15,0.001
2127570400.0,500279486,10/2025,22,14-15,0.001
2127570400.0,500279486,10/2025,23,14-15,0.001
2127570400.0,500279486,10/2025,24,14-15,0.0
2127570400.0,500279486,10/2025,25,14-15,0.001
2127570400.0,500279486,10/2025,26,14-15,0.001
2127570400.0,500279486,10/2025,27,14-15,0.0
2127570400.0,500279486,10/2025,28,14-15,0.0
2127570400.0,500279486,10/2025,29,14-15,0.0
2127570400.0,500279486,10/2025,30,14-15,0.001
2127570400.0,500279486,10/2025,31,14-15,0.001
2127570400.0,500279486,10/2025,1,15-16,0.0
2127570400.0,500279486,10/2025,2,15-16,0.0
2127570400.0,500279486,10/2025,3,15-16,0.0
2127570400.0,500279486,10/2025,4,15-16,0.0
2127570400.0,500279486,10/2025,5,15-16,0.0
2127570400.0,500279486,10/2025,6,15-16,0.0
2127570400.0,500279486,10/2025,7,15-16,0.001
2127570400.0,500279486,10/2025,8,15-16,0.0
2127570400.0,500279486,10/2025,9,15-16,0.001
2127570400.0,500279486,10/2025,10,15-16,0.0
2127570400.0,500279486,10/2025,11,15-16,0.0
2127570400.0,500279486,10/2025,12,15-16,0.0
2127570400.0,500279486,10/2025,13,15-16,0.0
2127570400.0,500279486,10/2025,14,15-16,0.001
2127570400.0,500279486,10/2025,15,15-16,0.001
2127570400.0,500279486,10/2025,16,15-16,0.001
2127570400.0,500279486,10/2025,17,15-16,0.0
2127570400.0,500279486,10/2025,18,15-16,0.0
2127570400.0,500279486,10/2025,19,15-16,0.0
2127570400.0,500279486,10/2025,20,15-16,0.0
2127570400.0,500279486,10/2025,21,15-16,0.0
2127570400.0,500279486,10/2025,22,15-16,0.0
2127570400.0,500279486,10/2025,23,15-16,0.0
2127570400.0,500279486,10/2025,24,15-16,0.0
2127570400.0,500279486,10/2025,25,15-16,0.0
2127570400.0,500279486,10/2025,26,15-16,0.0
2127570400.0,500279486,10/2025,27,15-16,0.001
2127570400.0,500279486,10/2025,28,15-16,0.001
2127570400.0,500279486,10/2025,29,15-16,0.001
2127570400.0,500279486,10/2025,30,15-16,0.0
2127570400.0,500279486,10/2025,31,15-16,0.0
2127570400.0,500279486,10/2025,1,16-17,0.001
2127570400.0,500279486,10/2025,2,16-17,0.001
2127570400.0,500279486,10/2025,3,16-17,0.001
2127570400.0,500279486,10/2025,4,16-17,0.001
2127570400.0,500279486,10/2025,5,16-17,0.001
2127570400.0,500279486,10/2025,6,16-17,0.001
2127570400.0,500279486,10/2025,7,16-17,0.0
2127570400.0,500279486,10/2025,8,16-17,0.001
2127570400.0,500279486,10/2025,9,16-17,0.0
2127570400.0,500279486,10/2025,10,16-17,0.001
2127570400.0,500279486,10/2025,11,16-17,0.001
2127570400.0,500279486,10/2025,12,16-17,0.001
2127570400.0,500279486,10/2025,13,16-17,0.001
2127570400.0,500279486,10/2025,14,16-17,0.0
2127570400.0,500279486,10/2025,15,16-17,0.0
2127570400.0,500279486,10/2025,16,16-17,0.0
2127570400.0,500279486,10/2025,17,16-17,0.001
2127570400.0,500279486,10/2025,18,16-17,0.001
2127570400.0,500279486,10/2025,19,16-17,0.001
2127570400.0,500279486,10/2025,20,16-17,0.001
2127570400.0,500279486,10/2025,21,16-17,0.001
2127570400.0,500279486,10/2025,22,16-17,0.0
2127570400.0,500279486,10/2025,23,16-17,0.0
2127570400.0,500279486,10/2025,24,16-17,0.001
2127570400.0,500279486,10/2025,25,16-17,0.001
2127570400.0,500279486,10/2025,26,16-17,0.001
2127570400.0,500279486,10/2025,27,16-17,0.0
2127570400.0,500279486,10/2025,28,16-17,0.0
2127570400.0,500279486,10/2025,29,16-17,0.0
2127570400.0,500279486,10/2025,30,16-17,0.001
2127570400.0,500279486,10/2025,31,16-17,0.0
2127570400.0,500279486,10/2025,1,17-18,0.0
2127570400.0,500279486,10/2025,2,17-18,0.0
2127570400.0,500279486,10/2025,3,17-18,0.0
2127570400.0,500279486,10/2025,4,17-18,0.0
2127570400.0,500279486,10/2025,5,17-18,0.0
2127570400.0,500279486,10/2025,6,17-18,0.0
2127570400.0,500279486,10/2025,7,17-18,0.001
2127570400.0,500279486,10/2025,8,17-18,0.0
2127570400.0,500279486,10/2025,9,17-18,0.001
2127570400.0,500279486,10/2025,10,17-18,0.0
2127570400.0,500279486,10/2025,11,17-18,0.0
2127570400.0,500279486,10/2025,12,17-18,0.0
2127570400.0,500279486,10/2025,13,17-18,0.0
2127570400.0,500279486,10/2025,14,17-18,0.001
2127570400.0,500279486,10/2025,15,17-18,0.001
2127570400.0,500279486,10/2025,16,17-18,0.0
2127570400.0,500279486,10/2025,17,17-18,0.06
2127570400.0,500279486,10/2025,18,17-18,0.24
2127570400.0,500279486,10/2025,19,17-18,0.343
2127570400.0,500279486,10/2025,20,17-18,0.564
2127570400.0,500279486,10/2025,21,17-18,0.683
2127570400.0,500279486,10/2025,22,17-18,0.895
2127570400.0,500279486,10/2025,23,17-18,1.006
2127570400.0,500279486,10/2025,24,17-18,1.212
2127570400.0,500279486,10/2025,25,17-18,1.316
2127570400.0,500279486,10/2025,26,17-18,1.42
2127570400.0,500279486,10/2025,27,17-18,1.664
2127570400.0,500279486,10/2025,28,17-18,1.77
2127570400.0,500279486,10/2025,29,17-18,1.853
2127570400.0,500279486,10/2025,30,17-18,2.085
2127570400.0,500279486,10/2025,31,17-18,2.167
2127570400.0,500279486,10/2025,1,18-19,3.761
2127570400.0,500279486,10/2025,2,18-19,3.784
2127570400.0,500279486,10/2025,3,18-19,3.914
2127570400.0,500279486,10/2025,4,18-19,4.082
2127570400.0,500279486,10/2025,5,18-19,4.35
2127570400.0,500279486,10/2025,6,18-19,4.621
2127570400.0,500279486,10/2025,7,18-19,4.877
2127570400.0,500279486,10/2025,8,18-19,4.984
2127570400.0,500279486,10/2025,9,18-19,5.12
2127570400.0,500279486,10/2025,10,18-19,5.474
2127570400.0,500279486,10/2025,11,18-19,5.494
2127570400.0,500279486,10/2025,12,18-19,5.798
2127570400.0,500279486,10/2025,13,18-19,5.837
2127570400.0,500279486,10/2025,14,18-19,6.029
2127570400.0,500279486,10/2025,15,18-19,6.172
2127570400.0,500279486,10/2025,16,18-19,6.303
2127570400.0,500279486,10/2025,17,18-19,6.42
2127570400.0,500279486,10/2025,18,18-19,6.36
2127570400.0,500279486,10/2025,19,18-19,6.357
2127570400.0,500279486,10/2025,20,18-19,6.499
2127570400.0,500279486,10/2025,21,18-19,6.535
2127570400.0,500279486,10/2025,22,18-19,6.496
2127570400.0,500279486,10/2025,23,18-19,6.448
2127570400.0,500279486,10/2025,24,18-19,6.464
2127570400.0,500279486,10/2025,25,18-19,6.326
2127570400.0,500279486,10/2025,26,18-19,6.415
2127570400.0,500279486,10/2025,27,18-19,6.48
2127570400.0,500279486,10/2025,28,18-19,6.425
2127570400.0,500279486,10/2025,29,18-19,6.337
2127570400.0,500279486,10/2025,30,18-19,6.412
2127570400.0,500279486,10/2025,31,18-19,6.366
2127570400.0,500279486,10/2025,1,19-20,6.514
2127570400.0,500279486,10/2025,2,19-20,6.2
2127570400.0,500279486,10/2025,3,19-20,6.259
2127570400.0,500279486,10/2025,4,19-20,6.197
2127570400.0,500279486,10/2025,5,19-20,6.085
2127570400.0,500279486,10/2025,6,19-20,6.529
2127570400.0,500279486,10/2025,7,19-20,6.559
2127570400.0,500279486,10/2025,8,19-20,6.513
2127570400.0,500279486,10/2025,9,19-20,6.472
2127570400.0,500279486,10/2025,10,19-20,6.584
2127570400.0,500279486,10/2025,11,19-20,6.491
2127570400.0,500279486,10/2025,12,19-20,6.571
2127570400.0,500279486,10/2025,13,19-20,6.553
2127570400.0,500279486,10/2025,14,19-20,6.49
2127570400.0,500279486,10/2025,15,19-20,6.521
2127570400.0,500279486,10/2025,16,19-20,6.47
2127570400.0,500279486,10/2025,17,19-20,6.505
2127570400.0,500279486,10/2025,18,19-20,6.425
2127570400.0,500279486,10/2025,19,19-20,6.415
2127570400.0,500279486,10/2025,20,19-20,6.539
2127570400.0,500279486,10/2025,21,19-20,6.576
2127570400.0,500279486,10/2025,22,19-20,6.552
2127570400.0,500279486,10/2025,23,19-20,6.493
2127570400.0,500279486,10/2025,24,19-20,6.487
2127570400.0,500279486,10/2025,25,19-20,6.385
2127570400.0,500279486,10/2025,26,19-20,6.485
2127570400.0,500279486,10/2025,27,19-20,6.446
2127570400.0,500279486,10/2025,28,19-20,6.518
2127570400.0,500279486,10/2025,29,19-20,6.419
2127570400.0,500279486,10/2025,30,19-20,6.488
2127570400.0,500279486,10/2025,31,19-20,6.453
2127570400.0,500279486,10/2025,1,20-21,6.585
2127570400.0,500279486,10/2025,2,20-21,6.247
2127570400.0,500279486,10/2025,3,20-21,6.22
2127570400.0,500279486,10/2025,4,20-21,6.302
2127570400.0,500279486,10/2025,5,20-21,6.141
2127570400.0,500279486,10/2025,6,20-21,6.539
2127570400.0,500279486,10/2025,7,20-21,6.519
2127570400.0,500279486,10/2025,8,20-21,6.527
2127570400.0,500279486,10/2025,9,20-21,6.531
2127570400.0,500279486,10/2025,10,20-21,6.53
2127570400.0,500279486,10/2025,11,20-21,6.551
2127570400.0,500279486,10/2025,12,20-21,6.626
2127570400.0,500279486,10/2025,13,20-21,6.495
2127570400.0,500279486,10/2025,14,20-21,6.411
2127570400.0,500279486,10/2025,15,20-21,6.466
2127570400.0,500279486,10/2025,16,20-21,6.053
2127570400.0,500279486,10/2025,17,20-21,6.468
2127570400.0,500279486,10/2025,18,20-21,6.476
2127570400.0,500279486,10/2025,19,20-21,6.514
2127570400.0,500279486,10/2025,20,20-21,6.543
2127570400.0,500279486,10/2025,21,20-21,6.554
2127570400.0,500279486,10/2025,22,20-21,6.589
2127570400.0,500279486,10/2025,23,20-21,6.52
2127570400.0,500279486,10/2025,24,20-21,6.464
2127570400.0,500279486,10/2025,25,20-21,6.447
2127570400.0,500279486,10/2025,26,20-21,6.554
2127570400.0,500279486,10/2025,27,20-21,6.515
2127570400.0,500279486,10/2025,28,20-21,6.583
2127570400.0,500279486,10/2025,29,20-21,6.52
2127570400.0,500279486,10/2025,30,20-21,6.485
2127570400.0,500279486,10/2025,31,20-21,6.552
2127570400.0,500279486,10/2025,1,21-22,6.623
2127570400.0,500279486,10/2025,2,21-22,6.295
2127570400.0,500279486,10/2025,3,21-22,6.304
2127570400.0,500279486,10/2025,4,21-22,6.35
2127570400.0,500279486,10/2025,5,21-22,6.156
2127570400.0,500279486,10/2025,6,21-22,6.557
2127570400.0,500279486,10/2025,7,21-22,6.547
2127570400.0,500279486,10/2025,8,21-22,6.558
2127570400.0,500279486,10/2025,9,21-22,6.551
2127570400.0,500279486,10/2025,10,21-22,6.536
2127570400.0,500279486,10/2025,11,21-22,6.61
2127570400.0,500279486,10/2025,12,21-22,6.682
2127570400.0,500279486,10/2025,13,21-22,6.531
2127570400.0,500279486,10/2025,14,21-22,6.462
2127570400.0,500279486,10/2025,15,21-22,6.503
2127570400.0,500279486,10/2025,16,21-22,5.622
2127570400.0,500279486,10/2025,17,21-22,6.499
2127570400.0,500279486,10/2025,18,21-22,6.51
2127570400.0,500279486,10/2025,19,21-22,6.544
2127570400.0,500279486,10/2025,20,21-22,6.572
2127570400.0,500279486,10/2025,21,21-22,6.534
2127570400.0,500279486,10/2025,22,21-22,6.619
2127570400.0,500279486,10/2025,23,21-22,6.547
2127570400.0,500279486,10/2025,24,21-22,6.517
2127570400.0,500279486,10/2025,25,21-22,6.441
2127570400.0,500279486,10/2025,26,21-22,6.583
2127570400.0,500279486,10/2025,27,21-22,6.565
2127570400.0,500279486,10/2025,28,21-22,6.612
2127570400.0,500279486,10/2025,29,21-22,6.537
2127570400.0,500279486,10/2025,30,21-22,6.519
2127570400.0,500279486,10/2025,31,21-22,6.58
2127570400.0,500279486,10/2025,1,22-23,6.651
2127570400.0,500279486,10/2025,2,22-23,6.35
2127570400.0,500279486,10/2025,3,22-23,6.346
2127570400.0,500279486,10/2025,4,22-23,6.373
2127570400.0,500279486,10/2025,5,22-23,6.221
2127570400.0,500279486,10/2025,6,22-23,6.621
2127570400.0,500279486,10/2025,7,22-23,6.586
2127570400.0,500279486,10/2025,8,22-23,6.593
2127570400.0,500279486,10/2025,9,22-23,6.594
2127570400.0,500279486,10/2025,10,22-23,6.613
2127570400.0,500279486,10/2025,11,22-23,6.671
2127570400.0,500279486,10/2025,12,22-23,6.712
2127570400.0,500279486,10/2025,13,22-23,6.6
2127570400.0,500279486,10/2025,14,22-23,6.525
2127570400.0,500279486,10/2025,15,22-23,6.566
2127570400.0,500279486,10/2025,16,22-23,5.667
2127570400.0,500279486,10/2025,17,22-23,6.552
2127570400.0,500279486,10/2025,18,22-23,6.582
2127570400.0,500279486,10/2025,19,22-23,6.629
2127570400.0,500279486,10/2025,20,22-23,6.561
2127570400.0,500279486,10/2025,21,22-23,6.577
2127570400.0,500279486,10/2025,22,22-23,6.607
2127570400.0,500279486,10/2025,23,22-23,6.59
2127570400.0,500279486,10/2025,24,22-23,6.566
2127570400.0,500279486,10/2025,25,22-23,6.513
2127570400.0,500279486,10/2025,26,22-23,6.612
2127570400.0,500279486,10/2025,27,22-23,6.597
2127570400.0,500279486,10/2025,28,22-23,6.623
2127570400.0,500279486,10/2025,29,22-23,6.566
2127570400.0,500279486,10/2025,30,22-23,6.584
2127570400.0,500279486,10/2025,31,22-23,6.603
2127570400.0,500279486,10/2025,1,23-24,6.669
2127570400.0,500279486,10/2025,2,23-24,6.436
2127570400.0,500279486,10/2025,3,23-24,6.424
2127570400.0,500279486,10/2025,4,23-24,6.414
2127570400.0,500279486,10/2025,5,23-24,6.213
2127570400.0,500279486,10/2025,6,23-24,6.655
2127570400.0,500279486,10/2025,7,23-24,6.7
2127570400.0,500279486,10/2025,8,23-24,6.557
2127570400.0,500279486,10/2025,9,23-24,6.626
2127570400.0,500279486,10/2025,10,23-24,6.661
2127570400.0,500279486,10/2025,11,23-24,6.71
2127570400.0,500279486,10/2025,12,23-24,6.755
2127570400.0,500279486,10/2025,13,23-24,6.655
2127570400.0,500279486,10/2025,14,23-24,6.574
2127570400.0,500279486,10/2025,15,23-24,6.615
2127570400.0,500279486,10/2025,16,23-24,5.756
2127570400.0,500279486,10/2025,17,23-24,6.598
2127570400.0,500279486,10/2025,18,23-24,6.6
2127570400.0,500279486,10/2025,19,23-24,6.675
2127570400.0,500279486,10/2025,20,23-24,6.602
2127570400.0,500279486,10/2025,21,23-24,6.653
2127570400.0,500279486,10/2025,22,23-24,6.678
2127570400.0,500279486,10/2025,23,23-24,6.59
2127570400.0,500279486,10/2025,24,23-24,6.644
2127570400.0,500279486,10/2025,25,23-24,6.581
2127570400.0,500279486,10/2025,26,23-24,6.636
2127570400.0,500279486,10/2025,27,23-24,6.594
2127570400.0,500279486,10/2025,28,23-24,6.635
2127570400.0,500279486,10/2025,29,23-24,6.632
2127570400.0,500279486,10/2025,30,23-24,6.65
2127570400.0,500279486,10/2025,31,23-24,6.618
2127570400.0,500279486,10/2025,1,23-24,86.42699999999999
2127570400.0,500279486,10/2025,2,23-24,76.523
2127570400.0,500279486,10/2025,3,23-24,73.887
2127570400.0,500279486,10/2025,4,23-24,79.069
2127570400.0,500279486,10/2025,5,23-24,80.25799999999998
2127570400.0,500279486,10/2025,6,23-24,80.07199999999999
2127570400.0,500279486,10/2025,7,23-24,83.55299999999998
2127570400.0,500279486,10/2025,8,23-24,83.423
2127570400.0,500279486,10/2025,9,23-24,83.53499999999998
2127570400.0,500279486,10/2025,10,23-24,84.28399999999999
2127570400.0,500279486,10/2025,11,23-24,85.03399999999999
2127570400.0,500279486,10/2025,12,23-24,86.02199999999999
2127570400.0,500279486,10/2025,13,23-24,85.50399999999999
2127570400.0,500279486,10/2025,14,23-24,84.51299999999999
2127570400.0,500279486,10/2025,15,23-24,84.86799999999998
2127570400.0,500279486,10/2025,16,23-24,82.22099999999999
2127570400.0,500279486,10/2025,17,23-24,79.371
2127570400.0,500279486,10/2025,18,23-24,85.99699999999999
2127570400.0,500279486,10/2025,19,23-24,86.29199999999999
2127570400.0,500279486,10/2025,20,23-24,87.124
2127570400.0,500279486,10/2025,21,23-24,87.204
2127570400.0,500279486,10/2025,22,23-24,87.957
2127570400.0,500279486,10/2025,23,23-24,87.41
2127570400.0,500279486,10/2025,24,23-24,87.757
2127570400.0,500279486,10/2025,25,23-24,86.647
2127570400.0,500279486,10/2025,26,23-24,88.58299999999998
2127570400.0,500279486,10/2025,27,23-24,88.78199999999998
2127570400.0,500279486,10/2025,28,23-24,89.5
2127570400.0,500279486,10/2025,29,23-24,86.451
2127570400.0,500279486,10/2025,30,23-24,89.629
2127570400.0,500279486,10/2025,31,23-24,89.81699999999998
2127570400.0,500279486,11/2025,1,00-01,6.613
2127570400.0,500279486,11/2025,2,00-01,6.672
2127570400.0,500279486,11/2025,3,00-01,6.645
2127570400.0,500279486,11/2025,4,00-01,6.555
2127570400.0,500279486,11/2025,5,00-01,6.604
2127570400.0,500279486,11/2025,6,00-01,6.718
2127570400.0,500279486,11/2025,7,00-01,6.695
2127570400.0,500279486,11/2025,8,00-01,6.589
2127570400.0,500279486,11/2025,9,00-01,6.612
2127570400.0,500279486,11/2025,10,00-01,6.653
2127570400.0,500279486,11/2025,11,00-01,6.717
2127570400.0,500279486,11/2025,12,00-01,6.675
2127570400.0,500279486,11/2025,13,00-01,6.65
2127570400.0,500279486,11/2025,14,00-01,6.415
2127570400.0,500279486,11/2025,15,00-01,6.473
2127570400.0,500279486,11/2025,16,00-01,6.366
2127570400.0,500279486,11/2025,17,00-01,6.805
2127570400.0,500279486,11/2025,18,00-01,6.739
2127570400.0,500279486,11/2025,19,00-01,6.787
2127570400.0,500279486,11/2025,20,00-01,7.224
2127570400.0,500279486,11/2025,21,00-01,7.325
2127570400.0,500279486,11/2025,22,00-01,7.185
2127570400.0,500279486,11/2025,23,00-01,7.301
2127570400.0,500279486,11/2025,24,00-01,7.386
2127570400.0,500279486,11/2025,25,00-01,7.229
2127570400.0,500279486,11/2025,26,00-01,7.122
2127570400.0,500279486,11/2025,27,00-01,7.184
2127570400.0,500279486,11/2025,28,00-01,7.305
2127570400.0,500279486,11/2025,29,00-01,7.091
2127570400.0,500279486,11/2025,30,00-01,7.313
2127570400.0,500279486,11/2025,1,01-02,6.68
2127570400.0,500279486,11/2025,2,01-02,6.784
2127570400.0,500279486,11/2025,3,01-02,6.642
2127570400.0,500279486,11/2025,4,01-02,6.629
2127570400.0,500279486,11/2025,5,01-02,6.666
2127570400.0,500279486,11/2025,6,01-02,6.709
2127570400.0,500279486,11/2025,7,01-02,6.734
2127570400.0,500279486,11/2025,8,01-02,6.649
2127570400.0,500279486,11/2025,9,01-02,6.705
2127570400.0,500279486,11/2025,10,01-02,6.694
2127570400.0,500279486,11/2025,11,01-02,6.788
2127570400.0,500279486,11/2025,12,01-02,6.668
2127570400.0,500279486,11/2025,13,01-02,6.71
2127570400.0,500279486,11/2025,14,01-02,6.469
2127570400.0,500279486,11/2025,15,01-02,6.52
2127570400.0,500279486,11/2025,16,01-02,6.427
2127570400.0,500279486,11/2025,17,01-02,6.867
2127570400.0,500279486,11/2025,18,01-02,6.665
2127570400.0,500279486,11/2025,19,01-02,6.751
2127570400.0,500279486,11/2025,20,01-02,7.272
2127570400.0,500279486,11/2025,21,01-02,7.403
2127570400.0,500279486,11/2025,22,01-02,7.306
2127570400.0,500279486,11/2025,23,01-02,7.359
2127570400.0,500279486,11/2025,24,01-02,7.376
2127570400.0,500279486,11/2025,25,01-02,7.313
2127570400.0,500279486,11/2025,26,01-02,7.217
2127570400.0,500279486,11/2025,27,01-02,7.297
2127570400.0,500279486,11/2025,28,01-02,7.406
2127570400.0,500279486,11/2025,29,01-02,7.271
2127570400.0,500279486,11/2025,30,01-02,7.389
2127570400.0,500279486,11/2025,1,02-03,6.739
2127570400.0,500279486,11/2025,2,02-03,6.88
2127570400.0,500279486,11/2025,3,02-03,6.729
2127570400.0,500279486,11/2025,4,02-03,6.665
2127570400.0,500279486,11/2025,5,02-03,6.732
2127570400.0,500279486,11/2025,6,02-03,6.732
2127570400.0,500279486,11/2025,7,02-03,6.77
2127570400.0,500279486,11/2025,8,02-03,6.696
2127570400.0,500279486,11/2025,9,02-03,6.722
2127570400.0,500279486,11/2025,10,02-03,6.741
2127570400.0,500279486,11/2025,11,02-03,6.859
2127570400.0,500279486,11/2025,12,02-03,6.711
2127570400.0,500279486,11/2025,13,02-03,6.708
2127570400.0,500279486,11/2025,14,02-03,6.532
2127570400.0,500279486,11/2025,15,02-03,6.554
2127570400.0,500279486,11/2025,16,02-03,6.499
2127570400.0,500279486,11/2025,17,02-03,6.879
2127570400.0,500279486,11/2025,18,02-03,6.719
2127570400.0,500279486,11/2025,19,02-03,6.764
2127570400.0,500279486,11/2025,20,02-03,7.358
2127570400.0,500279486,11/2025,21,02-03,7.478
2127570400.0,500279486,11/2025,22,02-03,7.408
2127570400.0,500279486,11/2025,23,02-03,7.434
2127570400.0,500279486,11/2025,24,02-03,7.428
2127570400.0,500279486,11/2025,25,02-03,7.363
2127570400.0,500279486,11/2025,26,02-03,7.249
2127570400.0,500279486,11/2025,27,02-03,7.361
2127570400.0,500279486,11/2025,28,02-03,7.498
2127570400.0,500279486,11/2025,29,02-03,7.288
2127570400.0,500279486,11/2025,30,02-03,7.399
2127570400.0,500279486,11/2025,1,03-04,6.757
2127570400.0,500279486,11/2025,2,03-04,6.789
2127570400.0,500279486,11/2025,3,03-04,6.763
2127570400.0,500279486,11/2025,4,03-04,6.63
2127570400.0,500279486,11/2025,5,03-04,6.746
2127570400.0,500279486,11/2025,6,03-04,6.738
2127570400.0,500279486,11/2025,7,03-04,6.788
2127570400.0,500279486,11/2025,8,03-04,6.77
2127570400.0,500279486,11/2025,9,03-04,6.748
2127570400.0,500279486,11/2025,10,03-04,6.762
2127570400.0,500279486,11/2025,11,03-04,6.863
2127570400.0,500279486,11/2025,12,03-04,6.706
2127570400.0,500279486,11/2025,13,03-04,6.742
2127570400.0,500279486,11/2025,14,03-04,6.594
2127570400.0,500279486,11/2025,15,03-04,6.622
2127570400.0,500279486,11/2025,16,03-04,6.663
2127570400.0,500279486,11/2025,17,03-04,6.912
2127570400.0,500279486,11/2025,18,03-04,6.744
2127570400.0,500279486,11/2025,19,03-04,7.232
2127570400.0,500279486,11/2025,20,03-04,7.381
2127570400.0,500279486,11/2025,21,03-04,7.495
2127570400.0,500279486,11/2025,22,03-04,7.465
2127570400.0,500279486,11/2025,23,03-04,7.471
2127570400.0,500279486,11/2025,24,03-04,7.394
2127570400.0,500279486,11/2025,25,03-04,7.387
2127570400.0,500279486,11/2025,26,03-04,7.252
2127570400.0,500279486,11/2025,27,03-04,7.352
2127570400.0,500279486,11/2025,28,03-04,7.545
2127570400.0,500279486,11/2025,29,03-04,7.354
2127570400.0,500279486,11/2025,30,03-04,7.432
2127570400.0,500279486,11/2025,1,04-05,6.792
2127570400.0,500279486,11/2025,2,04-05,6.819
2127570400.0,500279486,11/2025,3,04-05,6.77
2127570400.0,500279486,11/2025,4,04-05,6.643
2127570400.0,500279486,11/2025,5,04-05,6.74
2127570400.0,500279486,11/2025,6,04-05,6.784
2127570400.0,500279486,11/2025,7,04-05,6.808
2127570400.0,500279486,11/2025,8,04-05,6.753
2127570400.0,500279486,11/2025,9,04-05,6.794
2127570400.0,500279486,11/2025,10,04-05,6.776
2127570400.0,500279486,11/2025,11,04-05,6.881
2127570400.0,500279486,11/2025,12,04-05,6.717
2127570400.0,500279486,11/2025,13,04-05,6.751
2127570400.0,500279486,11/2025,14,04-05,6.614
2127570400.0,500279486,11/2025,15,04-05,6.614
2127570400.0,500279486,11/2025,16,04-05,6.74
2127570400.0,500279486,11/2025,17,04-05,6.913
2127570400.0,500279486,11/2025,18,04-05,6.745
2127570400.0,500279486,11/2025,19,04-05,7.531
2127570400.0,500279486,11/2025,20,04-05,7.406
2127570400.0,500279486,11/2025,21,04-05,7.513
2127570400.0,500279486,11/2025,22,04-05,7.516
2127570400.0,500279486,11/2025,23,04-05,7.468
2127570400.0,500279486,11/2025,24,04-05,7.415
2127570400.0,500279486,11/2025,25,04-05,7.418
2127570400.0,500279486,11/2025,26,04-05,7.253
2127570400.0,500279486,11/2025,27,04-05,7.333
2127570400.0,500279486,11/2025,28,04-05,7.56
2127570400.0,500279486,11/2025,29,04-05,7.417
2127570400.0,500279486,11/2025,30,04-05,7.464
2127570400.0,500279486,11/2025,1,05-06,6.76
2127570400.0,500279486,11/2025,2,05-06,6.803
2127570400.0,500279486,11/2025,3,05-06,6.685
2127570400.0,500279486,11/2025,4,05-06,6.623
2127570400.0,500279486,11/2025,5,05-06,6.672
2127570400.0,500279486,11/2025,6,05-06,6.761
2127570400.0,500279486,11/2025,7,05-06,6.785
2127570400.0,500279486,11/2025,8,05-06,6.705
2127570400.0,500279486,11/2025,9,05-06,6.792
2127570400.0,500279486,11/2025,10,05-06,6.748
2127570400.0,500279486,11/2025,11,05-06,6.841
2127570400.0,500279486,11/2025,12,05-06,6.689
2127570400.0,500279486,11/2025,13,05-06,6.737
2127570400.0,500279486,11/2025,14,05-06,6.581
2127570400.0,500279486,11/2025,15,05-06,6.571
2127570400.0,500279486,11/2025,16,05-06,6.735
2127570400.0,500279486,11/2025,17,05-06,6.823
2127570400.0,500279486,11/2025,18,05-06,6.712
2127570400.0,500279486,11/2025,19,05-06,7.428
2127570400.0,500279486,11/2025,20,05-06,7.335
2127570400.0,500279486,11/2025,21,05-06,7.458
2127570400.0,500279486,11/2025,22,05-06,7.472
2127570400.0,500279486,11/2025,23,05-06,7.464
2127570400.0,500279486,11/2025,24,05-06,7.357
2127570400.0,500279486,11/2025,25,05-06,7.384
2127570400.0,500279486,11/2025,26,05-06,7.198
2127570400.0,500279486,11/2025,27,05-06,7.276
2127570400.0,500279486,11/2025,28,05-06,7.5
2127570400.0,500279486,11/2025,29,05-06,7.372
2127570400.0,500279486,11/2025,30,05-06,7.47
2127570400.0,500279486,11/2025,1,06-07,6.767
2127570400.0,500279486,11/2025,2,06-07,6.913
2127570400.0,500279486,11/2025,3,06-07,6.637
2127570400.0,500279486,11/2025,4,06-07,6.635
2127570400.0,500279486,11/2025,5,06-07,6.642
2127570400.0,500279486,11/2025,6,06-07,6.693
2127570400.0,500279486,11/2025,7,06-07,6.731
2127570400.0,500279486,11/2025,8,06-07,6.697
2127570400.0,500279486,11/2025,9,06-07,6.8
2127570400.0,500279486,11/2025,10,06-07,6.723
2127570400.0,500279486,11/2025,11,06-07,6.805
2127570400.0,500279486,11/2025,12,06-07,6.677
2127570400.0,500279486,11/2025,13,06-07,6.688
2127570400.0,500279486,11/2025,14,06-07,6.54
2127570400.0,500279486,11/2025,15,06-07,6.56
2127570400.0,500279486,11/2025,16,06-07,6.742
2127570400.0,500279486,11/2025,17,06-07,6.713
2127570400.0,500279486,11/2025,18,06-07,6.665
2127570400.0,500279486,11/2025,19,06-07,7.262
2127570400.0,500279486,11/2025,20,06-07,7.245
2127570400.0,500279486,11/2025,21,06-07,7.351
2127570400.0,500279486,11/2025,22,06-07,7.478
2127570400.0,500279486,11/2025,23,06-07,7.478
2127570400.0,500279486,11/2025,24,06-07,7.284
2127570400.0,500279486,11/2025,25,06-07,7.31
2127570400.0,500279486,11/2025,26,06-07,7.13
2127570400.0,500279486,11/2025,27,06-07,7.247
2127570400.0,500279486,11/2025,28,06-07,7.373
2127570400.0,500279486,11/2025,29,06-07,7.397
2127570400.0,500279486,11/2025,30,06-07,7.471
2127570400.0,500279486,11/2025,1,07-08,1.327
2127570400.0,500279486,11/2025,2,07-08,1.476
2127570400.0,500279486,11/2025,3,07-08,1.638
2127570400.0,500279486,11/2025,4,07-08,1.766
2127570400.0,500279486,11/2025,5,07-08,1.866
2127570400.0,500279486,11/2025,6,07-08,1.983
2127570400.0,500279486,11/2025,7,07-08,2.085
2127570400.0,500279486,11/2025,8,07-08,2.315
2127570400.0,500279486,11/2025,9,07-08,2.441
2127570400.0,500279486,11/2025,10,07-08,2.518
2127570400.0,500279486,11/2025,11,07-08,2.664
2127570400.0,500279486,11/2025,12,07-08,2.734
2127570400.0,500279486,11/2025,13,07-08,2.963
2127570400.0,500279486,11/2025,14,07-08,2.993
2127570400.0,500279486,11/2025,15,07-08,3.099
2127570400.0,500279486,11/2025,16,07-08,3.338
2127570400.0,500279486,11/2025,17,07-08,3.42
2127570400.0,500279486,11/2025,18,07-08,3.484
2127570400.0,500279486,11/2025,19,07-08,4.039
2127570400.0,500279486,11/2025,20,07-08,4.107
2127570400.0,500279486,11/2025,21,07-08,4.323
2127570400.0,500279486,11/2025,22,07-08,4.514
2127570400.0,500279486,11/2025,23,07-08,4.71
2127570400.0,500279486,11/2025,24,07-08,4.641
2127570400.0,500279486,11/2025,25,07-08,4.757
2127570400.0,500279486,11/2025,26,07-08,4.893
2127570400.0,500279486,11/2025,27,07-08,5.099
2127570400.0,500279486,11/2025,28,07-08,5.272
2127570400.0,500279486,11/2025,29,07-08,5.413
2127570400.0,500279486,11/2025,30,07-08,5.631
2127570400.0,500279486,11/2025,1,08-09,0.001
2127570400.0,500279486,11/2025,2,08-09,0.0
2127570400.0,500279486,11/2025,3,08-09,0.0
2127570400.0,500279486,11/2025,4,08-09,0.0
2127570400.0,500279486,11/2025,5,08-09,0.001
2127570400.0,500279486,11/2025,6,08-09,0.001
2127570400.0,500279486,11/2025,7,08-09,0.0
2127570400.0,500279486,11/2025,8,08-09,0.0
2127570400.0,500279486,11/2025,9,08-09,0.0
2127570400.0,500279486,11/2025,10,08-09,0.001
2127570400.0,500279486,11/2025,11,08-09,0.0
2127570400.0,500279486,11/2025,12,08-09,0.001
2127570400.0,500279486,11/2025,13,08-09,0.0
2127570400.0,500279486,11/2025,14,08-09,0.0
2127570400.0,500279486,11/2025,15,08-09,0.001
2127570400.0,500279486,11/2025,16,08-09,0.001
2127570400.0,500279486,11/2025,17,08-09,0.001
2127570400.0,500279486,11/2025,18,08-09,0.001
2127570400.0,500279486,11/2025,19,08-09,0.0
2127570400.0,500279486,11/2025,20,08-09,0.001
2127570400.0,500279486,11/2025,21,08-09,0.0
2127570400.0,500279486,11/2025,22,08-09,0.001
2127570400.0,500279486,11/2025,23,08-09,0.0
2127570400.0,500279486,11/2025,24,08-09,0.001
2127570400.0,500279486,11/2025,25,08-09,0.001
2127570400.0,500279486,11/2025,26,08-09,0.001
2127570400.0,500279486,11/2025,27,08-09,0.001
2127570400.0,500279486,11/2025,28,08-09,0.0
2127570400.0,500279486,11/2025,29,08-09,0.0
2127570400.0,500279486,11/2025,30,08-09,0.001
2127570400.0,500279486,11/2025,1,09-10,0.0
2127570400.0,500279486,11/2025,2,09-10,0.001
2127570400.0,500279486,11/2025,3,09-10,0.0
2127570400.0,500279486,11/2025,4,09-10,0.0
2127570400.0,500279486,11/2025,5,09-10,0.0
2127570400.0,500279486,11/2025,6,09-10,0.0
2127570400.0,500279486,11/2025,7,09-10,0.001
2127570400.0,500279486,11/2025,8,09-10,0.0
2127570400.0,500279486,11/2025,9,09-10,0.001
2127570400.0,500279486,11/2025,10,09-10,0.0
2127570400.0,500279486,11/2025,11,09-10,0.001
2127570400.0,500279486,11/2025,12,09-10,0.0
2127570400.0,500279486,11/2025,13,09-10,0.001
2127570400.0,500279486,11/2025,14,09-10,0.001
2127570400.0,500279486,11/2025,15,09-10,0.0
2127570400.0,500279486,11/2025,16,09-10,0.0
2127570400.0,500279486,11/2025,17,09-10,0.0
2127570400.0,500279486,11/2025,18,09-10,0.0
2127570400.0,500279486,11/2025,19,09-10,0.0
2127570400.0,500279486,11/2025,20,09-10,0.0
2127570400.0,500279486,11/2025,21,09-10,0.001
2127570400.0,500279486,11/2025,22,09-10,0.0
2127570400.0,500279486,11/2025,23,09-10,0.001
2127570400.0,500279486,11/2025,24,09-10,0.0
2127570400.0,500279486,11/2025,25,09-10,0.0
2127570400.0,500279486,11/2025,26,09-10,0.0
2127570400.0,500279486,11/2025,27,09-10,0.0
2127570400.0,500279486,11/2025,28,09-10,0.001
2127570400.0,500279486,11/2025,29,09-10,0.001
2127570400.0,500279486,11/2025,30,09-10,0.0
2127570400.0,500279486,11/2025,1,10-11,0.001
2127570400.0,500279486,11/2025,2,10-11,0.0
2127570400.0,500279486,11/2025,3,10-11,0.001
2127570400.0,500279486,11/2025,4,10-11,0.001
2127570400.0,500279486,11/2025,5,10-11,0.001
2127570400.0,500279486,11/2025,6,10-11,0.0
2127570400.0,500279486,11/2025,7,10-11,0.0
2127570400.0,500279486,11/2025,8,10-11,0.001
2127570400.0,500279486,11/2025,9,10-11,0.0
2127570400.0,500279486,11/2025,10,10-11,0.001
2127570400.0,500279486,11/2025,11,10-11,0.0
2127570400.0,500279486,11/2025,12,10-11,0.001
2127570400.0,500279486,11/2025,13,10-11,0.0
2127570400.0,500279486,11/2025,14,10-11,0.0
2127570400.0,500279486,11/2025,15,10-11,0.0
2127570400.0,500279486,11/2025,16,10-11,0.001
2127570400.0,500279486,11/2025,17,10-11,0.0
2127570400.0,500279486,11/2025,18,10-11,0.0
2127570400.0,500279486,11/2025,19,10-11,0.001
2127570400.0,500279486,11/2025,20,10-11,0.001
2127570400.0,500279486,11/2025,21,10-11,0.0
2127570400.0,500279486,11/2025,22,10-11,0.001
2127570400.0,500279486,11/2025,23,10-11,0.0
2127570400.0,500279486,11/2025,24,10-11,0.001
2127570400.0,500279486,11/2025,25,10-11,0.001
2127570400.0,500279486,11/2025,26,10-11,0.001
2127570400.0,500279486,11/2025,27,10-11,0.001
2127570400.0,500279486,11/2025,28,10-11,0.0
2127570400.0,500279486,11/2025,29,10-11,0.0
2127570400.0,500279486,11/2025,30,10-11,0.001
2127570400.0,500279486,11/2025,1,11-12,0.0
2127570400.0,500279486,11/2025,2,11-12,0.001
2127570400.0,500279486,11/2025,3,11-12,0.0
2127570400.0,500279486,11/2025,4,11-12,0.0
2127570400.0,500279486,11/2025,5,11-12,0.0
2127570400.0,500279486,11/2025,6,11-12,0.001
2127570400.0,500279486,11/2025,7,11-12,0.001
2127570400.0,500279486,11/2025,8,11-12,0.0
2127570400.0,500279486,11/2025,9,11-12,0.0
2127570400.0,500279486,11/2025,10,11-12,0.0
2127570400.0,500279486,11/2025,11,11-12,0.001
2127570400.0,500279486,11/2025,12,11-12,0.0
2127570400.0,500279486,11/2025,13,11-12,0.001
2127570400.0,500279486,11/2025,14,11-12,0.001
2127570400.0,500279486,11/2025,15,11-12,0.001
2127570400.0,500279486,11/2025,16,11-12,0.0
2127570400.0,500279486,11/2025,17,11-12,0.001
2127570400.0,500279486,11/2025,18,11-12,0.001
2127570400.0,500279486,11/2025,19,11-12,0.0
2127570400.0,500279486,11/2025,20,11-12,0.0
2127570400.0,500279486,11/2025,21,11-12,0.001
2127570400.0,500279486,11/2025,22,11-12,0.0
2127570400.0,500279486,11/2025,23,11-12,0.001
2127570400.0,500279486,11/2025,24,11-12,0.0
2127570400.0,500279486,11/2025,25,11-12,0.0
2127570400.0,500279486,11/2025,26,11-12,0.0
2127570400.0,500279486,11/2025,27,11-12,0.0
2127570400.0,500279486,11/2025,28,11-12,0.001
2127570400.0,500279486,11/2025,29,11-12,0.001
2127570400.0,500279486,11/2025,30,11-12,0.0
2127570400.0,500279486,11/2025,1,12-13,0.001
2127570400.0,500279486,11/2025,2,12-13,0.0
2127570400.0,500279486,11/2025,3,12-13,0.001
2127570400.0,500279486,11/2025,4,12-13,0.001
2127570400.0,500279486,11/2025,5,12-13,0.001
2127570400.0,500279486,11/2025,6,12-13,0.0
2127570400.0,500279486,11/2025,7,12-13,0.0
2127570400.0,500279486,11/2025,8,12-13,0.001
2127570400.0,500279486,11/2025,9,12-13,0.001
2127570400.0,500279486,11/2025,10,12-13,0.001
2127570400.0,500279486,11/2025,11,12-13,0.0
2127570400.0,500279486,11/2025,12,12-13,0.001
2127570400.0,500279486,11/2025,13,12-13,0.758
2127570400.0,500279486,11/2025,14,12-13,0.0
2127570400.0,500279486,11/2025,15,12-13,0.0
2127570400.0,500279486,11/2025,16,12-13,0.001
2127570400.0,500279486,11/2025,17,12-13,0.0
2127570400.0,500279486,11/2025,18,12-13,0.0
2127570400.0,500279486,11/2025,19,12-13,0.001
2127570400.0,500279486,11/2025,20,12-13,0.001
2127570400.0,500279486,11/2025,21,12-13,0.0
2127570400.0,500279486,11/2025,22,12-13,0.001
2127570400.0,500279486,11/2025,23,12-13,0.0
2127570400.0,500279486,11/2025,24,12-13,0.001
2127570400.0,500279486,11/2025,25,12-13,0.001
2127570400.0,500279486,11/2025,26,12-13,0.001
2127570400.0,500279486,11/2025,27,12-13,0.001
2127570400.0,500279486,11/2025,28,12-13,0.0
2127570400.0,500279486,11/2025,29,12-13,0.0
2127570400.0,500279486,11/2025,30,12-13,0.001
2127570400.0,500279486,11/2025,1,13-14,0.0
2127570400.0,500279486,11/2025,2,13-14,0.0
2127570400.0,500279486,11/2025,3,13-14,0.0
2127570400.0,500279486,11/2025,4,13-14,0.0
2127570400.0,500279486,11/2025,5,13-14,0.0
2127570400.0,500279486,11/2025,6,13-14,0.001
2127570400.0,500279486,11/2025,7,13-14,0.001
2127570400.0,500279486,11/2025,8,13-14,0.0
2127570400.0,500279486,11/2025,9,13-14,0.0
2127570400.0,500279486,11/2025,10,13-14,0.0
2127570400.0,500279486,11/2025,11,13-14,0.001
2127570400.0,500279486,11/2025,12,13-14,0.0
2127570400.0,500279486,11/2025,13,13-14,1.524
2127570400.0,500279486,11/2025,14,13-14,0.0
2127570400.0,500279486,11/2025,15,13-14,0.001
2127570400.0,500279486,11/2025,16,13-14,0.0
2127570400.0,500279486,11/2025,17,13-14,0.001
2127570400.0,500279486,11/2025,18,13-14,0.001
2127570400.0,500279486,11/2025,19,13-14,0.0
2127570400.0,500279486,11/2025,20,13-14,0.0
2127570400.0,500279486,11/2025,21,13-14,0.001
2127570400.0,500279486,11/2025,22,13-14,0.0
2127570400.0,500279486,11/2025,23,13-14,0.001
2127570400.0,500279486,11/2025,24,13-14,0.0
2127570400.0,500279486,11/2025,25,13-14,0.0
2127570400.0,500279486,11/2025,26,13-14,0.0
2127570400.0,500279486,11/2025,27,13-14,0.0
2127570400.0,500279486,11/2025,28,13-14,0.0
2127570400.0,500279486,11/2025,29,13-14,0.001
2127570400.0,500279486,11/2025,30,13-14,0.0
2127570400.0,500279486,11/2025,1,14-15,0.0
2127570400.0,500279486,11/2025,2,14-15,0.001
2127570400.0,500279486,11/2025,3,14-15,0.001
2127570400.0,500279486,11/2025,4,14-15,0.001
2127570400.0,500279486,11/2025,5,14-15,0.0
2127570400.0,500279486,11/2025,6,14-15,0.0
2127570400.0,500279486,11/2025,7,14-15,0.0
2127570400.0,500279486,11/2025,8,14-15,0.001
2127570400.0,500279486,11/2025,9,14-15,0.001
2127570400.0,500279486,11/2025,10,14-15,0.0
2127570400.0,500279486,11/2025,11,14-15,0.0
2127570400.0,500279486,11/2025,12,14-15,0.0
2127570400.0,500279486,11/2025,13,14-15,0.001
2127570400.0,500279486,11/2025,14,14-15,0.001
2127570400.0,500279486,11/2025,15,14-15,0.0
2127570400.0,500279486,11/2025,16,14-15,0.0
2127570400.0,500279486,11/2025,17,14-15,0.0
2127570400.0,500279486,11/2025,18,14-15,0.0
2127570400.0,500279486,11/2025,19,14-15,0.001
2127570400.0,500279486,11/2025,20,14-15,0.001
2127570400.0,500279486,11/2025,21,14-15,0.0
2127570400.0,500279486,11/2025,22,14-15,0.001
2127570400.0,500279486,11/2025,23,14-15,0.0
2127570400.0,500279486,11/2025,24,14-15,0.001
2127570400.0,500279486,11/2025,25,14-15,0.001
2127570400.0,500279486,11/2025,26,14-15,0.001
2127570400.0,500279486,11/2025,27,14-15,0.001
2127570400.0,500279486,11/2025,28,14-15,0.001
2127570400.0,500279486,11/2025,29,14-15,0.0
2127570400.0,500279486,11/2025,30,14-15,0.001
2127570400.0,500279486,11/2025,1,15-16,0.001
2127570400.0,500279486,11/2025,2,15-16,0.0
2127570400.0,500279486,11/2025,3,15-16,0.0
2127570400.0,500279486,11/2025,4,15-16,0.0
2127570400.0,500279486,11/2025,5,15-16,0.001
2127570400.0,500279486,11/2025,6,15-16,0.0
2127570400.0,500279486,11/2025,7,15-16,0.0
2127570400.0,500279486,11/2025,8,15-16,0.0
2127570400.0,500279486,11/2025,9,15-16,0.0
2127570400.0,500279486,11/2025,10,15-16,0.001
2127570400.0,500279486,11/2025,11,15-16,0.0
2127570400.0,500279486,11/2025,12,15-16,0.001
2127570400.0,500279486,11/2025,13,15-16,0.0
2127570400.0,500279486,11/2025,14,15-16,0.0
2127570400.0,500279486,11/2025,15,15-16,0.001
2127570400.0,500279486,11/2025,16,15-16,0.001
2127570400.0,500279486,11/2025,17,15-16,0.001
2127570400.0,500279486,11/2025,18,15-16,0.001
2127570400.0,500279486,11/2025,19,15-16,0.0
2127570400.0,500279486,11/2025,20,15-16,0.0
2127570400.0,500279486,11/2025,21,15-16,0.001
2127570400.0,500279486,11/2025,22,15-16,0.0
2127570400.0,500279486,11/2025,23,15-16,0.001
2127570400.0,500279486,11/2025,24,15-16,0.0
2127570400.0,500279486,11/2025,25,15-16,0.0
2127570400.0,500279486,11/2025,26,15-16,0.0
2127570400.0,500279486,11/2025,27,15-16,0.0
2127570400.0,500279486,11/2025,28,15-16,0.0
2127570400.0,500279486,11/2025,29,15-16,0.001
2127570400.0,500279486,11/2025,30,15-16,0.0
2127570400.0,500279486,11/2025,1,16-17,0.0
2127570400.0,500279486,11/2025,2,16-17,0.001
2127570400.0,500279486,11/2025,3,16-17,2.348
2127570400.0,500279486,11/2025,4,16-17,0.0
2127570400.0,500279486,11/2025,5,16-17,0.0
2127570400.0,500279486,11/2025,6,16-17,0.001
2127570400.0,500279486,11/2025,7,16-17,0.001
2127570400.0,500279486,11/2025,8,16-17,0.001
2127570400.0,500279486,11/2025,9,16-17,0.001
2127570400.0,500279486,11/2025,10,16-17,0.0
2127570400.0,500279486,11/2025,11,16-17,0.001
2127570400.0,500279486,11/2025,12,16-17,0.0
2127570400.0,500279486,11/2025,13,16-17,0.001
2127570400.0,500279486,11/2025,14,16-17,0.001
2127570400.0,500279486,11/2025,15,16-17,0.0
2127570400.0,500279486,11/2025,16,16-17,0.0
2127570400.0,500279486,11/2025,17,16-17,0.0
2127570400.0,500279486,11/2025,18,16-17,0.0
2127570400.0,500279486,11/2025,19,16-17,0.001
2127570400.0,500279486,11/2025,20,16-17,0.001
2127570400.0,500279486,11/2025,21,16-17,0.0
2127570400.0,500279486,11/2025,22,16-17,0.001
2127570400.0,500279486,11/2025,23,16-17,0.0
2127570400.0,500279486,11/2025,24,16-17,0.001
2127570400.0,500279486,11/2025,25,16-17,0.001
2127570400.0,500279486,11/2025,26,16-17,0.001
2127570400.0,500279486,11/2025,27,16-17,0.0
2127570400.0,500279486,11/2025,28,16-17,0.001
2127570400.0,500279486,11/2025,29,16-17,0.0
2127570400.0,500279486,11/2025,30,16-17,0.001
2127570400.0,500279486,11/2025,1,17-18,2.319
2127570400.0,500279486,11/2025,2,17-18,2.417
2127570400.0,500279486,11/2025,3,17-18,2.535
2127570400.0,500279486,11/2025,4,17-18,2.641
2127570400.0,500279486,11/2025,5,17-18,2.733
2127570400.0,500279486,11/2025,6,17-18,2.951
2127570400.0,500279486,11/2025,7,17-18,3.068
2127570400.0,500279486,11/2025,8,17-18,3.155
2127570400.0,500279486,11/2025,9,17-18,3.276
2127570400.0,500279486,11/2025,10,17-18,3.432
2127570400.0,500279486,11/2025,11,17-18,3.486
2127570400.0,500279486,11/2025,12,17-18,3.63
2127570400.0,500279486,11/2025,13,17-18,3.637
2127570400.0,500279486,11/2025,14,17-18,3.586
2127570400.0,500279486,11/2025,15,17-18,3.683
2127570400.0,500279486,11/2025,16,17-18,3.92
2127570400.0,500279486,11/2025,17,17-18,3.97
2127570400.0,500279486,11/2025,18,17-18,4.169
2127570400.0,500279486,11/2025,19,17-18,4.504
2127570400.0,500279486,11/2025,20,17-18,4.625
2127570400.0,500279486,11/2025,21,17-18,4.726
2127570400.0,500279486,11/2025,22,17-18,4.856
2127570400.0,500279486,11/2025,23,17-18,4.964
2127570400.0,500279486,11/2025,24,17-18,4.837
2127570400.0,500279486,11/2025,25,17-18,4.964
2127570400.0,500279486,11/2025,26,17-18,5.046
2127570400.0,500279486,11/2025,27,17-18,5.144
2127570400.0,500279486,11/2025,28,17-18,5.074
2127570400.0,500279486,11/2025,29,17-18,5.186
2127570400.0,500279486,11/2025,30,17-18,5.169
2127570400.0,500279486,11/2025,1,18-19,6.379
2127570400.0,500279486,11/2025,2,18-19,6.408
2127570400.0,500279486,11/2025,3,18-19,6.432
2127570400.0,500279486,11/2025,4,18-19,6.387
2127570400.0,500279486,11/2025,5,18-19,6.405
2127570400.0,500279486,11/2025,6,18-19,6.387
2127570400.0,500279486,11/2025,7,18-19,6.417
2127570400.0,500279486,11/2025,8,18-19,6.382
2127570400.0,500279486,11/2025,9,18-19,6.379
2127570400.0,500279486,11/2025,10,18-19,6.468
2127570400.0,500279486,11/2025,11,18-19,6.409
2127570400.0,500279486,11/2025,12,18-19,6.411
2127570400.0,500279486,11/2025,13,18-19,6.243
2127570400.0,500279486,11/2025,14,18-19,6.226
2127570400.0,500279486,11/2025,15,18-19,6.131
2127570400.0,500279486,11/2025,16,18-19,6.408
2127570400.0,500279486,11/2025,17,18-19,6.351
2127570400.0,500279486,11/2025,18,18-19,6.438
2127570400.0,500279486,11/2025,19,18-19,6.939
2127570400.0,500279486,11/2025,20,18-19,6.947
2127570400.0,500279486,11/2025,21,18-19,6.976
2127570400.0,500279486,11/2025,22,18-19,7.058
2127570400.0,500279486,11/2025,23,18-19,7.067
2127570400.0,500279486,11/2025,24,18-19,6.979
2127570400.0,500279486,11/2025,25,18-19,6.922
2127570400.0,500279486,11/2025,26,18-19,7.0
2127570400.0,500279486,11/2025,27,18-19,7.02
2127570400.0,500279486,11/2025,28,18-19,6.901
2127570400.0,500279486,11/2025,29,18-19,6.896
2127570400.0,500279486,11/2025,30,18-19,6.919
2127570400.0,500279486,11/2025,1,19-20,6.453
2127570400.0,500279486,11/2025,2,19-20,6.452
2127570400.0,500279486,11/2025,3,19-20,6.407
2127570400.0,500279486,11/2025,4,19-20,6.446
2127570400.0,500279486,11/2025,5,19-20,6.455
2127570400.0,500279486,11/2025,6,19-20,6.459
2127570400.0,500279486,11/2025,7,19-20,6.485
2127570400.0,500279486,11/2025,8,19-20,6.439
2127570400.0,500279486,11/2025,9,19-20,6.425
2127570400.0,500279486,11/2025,10,19-20,6.532
2127570400.0,500279486,11/2025,11,19-20,6.432
2127570400.0,500279486,11/2025,12,19-20,6.474
2127570400.0,500279486,11/2025,13,19-20,6.287
2127570400.0,500279486,11/2025,14,19-20,6.335
2127570400.0,500279486,11/2025,15,19-20,6.188
2127570400.0,500279486,11/2025,16,19-20,6.464
2127570400.0,500279486,11/2025,17,19-20,6.458
2127570400.0,500279486,11/2025,18,19-20,6.477
2127570400.0,500279486,11/2025,19,19-20,7.002
2127570400.0,500279486,11/2025,20,19-20,7.051
2127570400.0,500279486,11/2025,21,19-20,7.076
2127570400.0,500279486,11/2025,22,19-20,7.124
2127570400.0,500279486,11/2025,23,19-20,7.116
2127570400.0,500279486,11/2025,24,19-20,7.018
2127570400.0,500279486,11/2025,25,19-20,7.005
2127570400.0,500279486,11/2025,26,19-20,7.041
2127570400.0,500279486,11/2025,27,19-20,7.028
2127570400.0,500279486,11/2025,28,19-20,6.936
2127570400.0,500279486,11/2025,29,19-20,6.977
2127570400.0,500279486,11/2025,30,19-20,6.98
2127570400.0,500279486,11/2025,1,20-21,6.529
2127570400.0,500279486,11/2025,2,20-21,6.428
2127570400.0,500279486,11/2025,3,20-21,6.382
2127570400.0,500279486,11/2025,4,20-21,6.431
2127570400.0,500279486,11/2025,5,20-21,6.479
2127570400.0,500279486,11/2025,6,20-21,6.479
2127570400.0,500279486,11/2025,7,20-21,6.45
2127570400.0,500279486,11/2025,8,20-21,6.479
2127570400.0,500279486,11/2025,9,20-21,6.434
2127570400.0,500279486,11/2025,10,20-21,6.559
2127570400.0,500279486,11/2025,11,20-21,6.445
2127570400.0,500279486,11/2025,12,20-21,6.499
2127570400.0,500279486,11/2025,13,20-21,6.26
2127570400.0,500279486,11/2025,14,20-21,6.345
2127570400.0,500279486,11/2025,15,20-21,6.221
2127570400.0,500279486,11/2025,16,20-21,6.497
2127570400.0,500279486,11/2025,17,20-21,6.545
2127570400.0,500279486,11/2025,18,20-21,6.533
2127570400.0,500279486,11/2025,19,20-21,6.993
2127570400.0,500279486,11/2025,20,20-21,7.05
2127570400.0,500279486,11/2025,21,20-21,7.073
2127570400.0,500279486,11/2025,22,20-21,7.162
2127570400.0,500279486,11/2025,23,20-21,7.067
2127570400.0,500279486,11/2025,24,20-21,7.08
2127570400.0,500279486,11/2025,25,20-21,6.929
2127570400.0,500279486,11/2025,26,20-21,6.991
2127570400.0,500279486,11/2025,27,20-21,6.996
2127570400.0,500279486,11/2025,28,20-21,6.929
2127570400.0,500279486,11/2025,29,20-21,7.045
2127570400.0,500279486,11/2025,30,20-21,7.084
2127570400.0,500279486,11/2025,1,21-22,6.561
2127570400.0,500279486,11/2025,2,21-22,6.433
2127570400.0,500279486,11/2025,3,21-22,6.423
2127570400.0,500279486,11/2025,4,21-22,6.462
2127570400.0,500279486,11/2025,5,21-22,6.524
2127570400.0,500279486,11/2025,6,21-22,6.523
2127570400.0,500279486,11/2025,7,21-22,6.502
2127570400.0,500279486,11/2025,8,21-22,6.471
2127570400.0,500279486,11/2025,9,21-22,6.441
2127570400.0,500279486,11/2025,10,21-22,6.602
2127570400.0,500279486,11/2025,11,21-22,6.519
2127570400.0,500279486,11/2025,12,21-22,6.529
2127570400.0,500279486,11/2025,13,21-22,6.287
2127570400.0,500279486,11/2025,14,21-22,6.379
2127570400.0,500279486,11/2025,15,21-22,6.237
2127570400.0,500279486,11/2025,16,21-22,6.463
2127570400.0,500279486,11/2025,17,21-22,6.585
2127570400.0,500279486,11/2025,18,21-22,6.579
2127570400.0,500279486,11/2025,19,21-22,7.093
2127570400.0,500279486,11/2025,20,21-22,7.081
2127570400.0,500279486,11/2025,21,21-22,7.13
2127570400.0,500279486,11/2025,22,21-22,7.203
2127570400.0,500279486,11/2025,23,21-22,7.165
2127570400.0,500279486,11/2025,24,21-22,7.111
2127570400.0,500279486,11/2025,25,21-22,6.974
2127570400.0,500279486,11/2025,26,21-22,7.04
2127570400.0,500279486,11/2025,27,21-22,7.029
2127570400.0,500279486,11/2025,28,21-22,6.948
2127570400.0,500279486,11/2025,29,21-22,7.05
2127570400.0,500279486,11/2025,30,21-22,7.058
2127570400.0,500279486,11/2025,1,22-23,6.618
2127570400.0,500279486,11/2025,2,22-23,6.507
2127570400.0,500279486,11/2025,3,22-23,6.47
2127570400.0,500279486,11/2025,4,22-23,6.51
2127570400.0,500279486,11/2025,5,22-23,6.531
2127570400.0,500279486,11/2025,6,22-23,6.6
2127570400.0,500279486,11/2025,7,22-23,6.542
2127570400.0,500279486,11/2025,8,22-23,6.571
2127570400.0,500279486,11/2025,9,22-23,6.559
2127570400.0,500279486,11/2025,10,22-23,6.618
2127570400.0,500279486,11/2025,11,22-23,6.588
2127570400.0,500279486,11/2025,12,22-23,6.581
2127570400.0,500279486,11/2025,13,22-23,6.351
2127570400.0,500279486,11/2025,14,22-23,6.418
2127570400.0,500279486,11/2025,15,22-23,6.298
2127570400.0,500279486,11/2025,16,22-23,6.592
2127570400.0,500279486,11/2025,17,22-23,6.623
2127570400.0,500279486,11/2025,18,22-23,6.689
2127570400.0,500279486,11/2025,19,22-23,6.926
2127570400.0,500279486,11/2025,20,22-23,7.206
2127570400.0,500279486,11/2025,21,22-23,7.245
2127570400.0,500279486,11/2025,22,22-23,7.238
2127570400.0,500279486,11/2025,23,22-23,7.239
2127570400.0,500279486,11/2025,24,22-23,7.151
2127570400.0,500279486,11/2025,25,22-23,7.025
2127570400.0,500279486,11/2025,26,22-23,7.152
2127570400.0,500279486,11/2025,27,22-23,7.084
2127570400.0,500279486,11/2025,28,22-23,6.994
2127570400.0,500279486,11/2025,29,22-23,7.189
2127570400.0,500279486,11/2025,30,22-23,7.155
2127570400.0,500279486,11/2025,1,23-24,6.69
2127570400.0,500279486,11/2025,2,23-24,6.564
2127570400.0,500279486,11/2025,3,23-24,6.532
2127570400.0,500279486,11/2025,4,23-24,6.544
2127570400.0,500279486,11/2025,5,23-24,6.602
2127570400.0,500279486,11/2025,6,23-24,6.698
2127570400.0,500279486,11/2025,7,23-24,6.581
2127570400.0,500279486,11/2025,8,23-24,6.633
2127570400.0,500279486,11/2025,9,23-24,6.667
2127570400.0,500279486,11/2025,10,23-24,6.649
2127570400.0,500279486,11/2025,11,23-24,6.633
2127570400.0,500279486,11/2025,12,23-24,6.564
2127570400.0,500279486,11/2025,13,23-24,6.414
2127570400.0,500279486,11/2025,14,23-24,6.51
2127570400.0,500279486,11/2025,15,23-24,6.373
2127570400.0,500279486,11/2025,16,23-24,6.665
2127570400.0,500279486,11/2025,17,23-24,6.66
2127570400.0,500279486,11/2025,18,23-24,6.666
2127570400.0,500279486,11/2025,19,23-24,7.149
2127570400.0,500279486,11/2025,20,23-24,7.201
2127570400.0,500279486,11/2025,21,23-24,7.285
2127570400.0,500279486,11/2025,22,23-24,7.204
2127570400.0,500279486,11/2025,23,23-24,7.284
2127570400.0,500279486,11/2025,24,23-24,7.215
2127570400.0,500279486,11/2025,25,23-24,7.131
2127570400.0,500279486,11/2025,26,23-24,7.097
2127570400.0,500279486,11/2025,27,23-24,7.195
2127570400.0,500279486,11/2025,28,23-24,7.157
2127570400.0,500279486,11/2025,29,23-24,7.317
2127570400.0,500279486,11/2025,30,23-24,7.158
2127570400.0,500279486,11/2025,1,23-24,89.988
2127570400.0,500279486,11/2025,2,23-24,90.34899999999999
2127570400.0,500279486,11/2025,3,23-24,92.04099999999998
2127570400.0,500279486,11/2025,4,23-24,89.57
2127570400.0,500279486,11/2025,5,23-24,90.401
2127570400.0,500279486,11/2025,6,23-24,91.21899999999997
2127570400.0,500279486,11/2025,7,23-24,91.445
2127570400.0,500279486,11/2025,8,23-24,91.30799999999998
2127570400.0,500279486,11/2025,9,23-24,91.79899999999999
2127570400.0,500279486,11/2025,10,23-24,92.47899999999998
2127570400.0,500279486,11/2025,11,23-24,92.93399999999998
2127570400.0,500279486,11/2025,12,23-24,92.269
2127570400.0,500279486,11/2025,13,23-24,93.71400000000001
2127570400.0,500279486,11/2025,14,23-24,90.54100000000001
2127570400.0,500279486,11/2025,15,23-24,90.14799999999998
2127570400.0,500279486,11/2025,16,23-24,92.523
2127570400.0,500279486,11/2025,17,23-24,94.52799999999999
2127570400.0,500279486,11/2025,18,23-24,94.02799999999999
2127570400.0,500279486,11/2025,19,23-24,100.40399999999998
2127570400.0,500279486,11/2025,20,23-24,102.49399999999999
2127570400.0,500279486,11/2025,21,23-24,103.86099999999999
2127570400.0,500279486,11/2025,22,23-24,104.194
2127570400.0,500279486,11/2025,23,23-24,104.59100000000001
2127570400.0,500279486,11/2025,24,23-24,103.67699999999999
2127570400.0,500279486,11/2025,25,23-24,103.116
2127570400.0,500279486,11/2025,26,23-24,102.68599999999998
2127570400.0,500279486,11/2025,27,23-24,103.649
2127570400.0,500279486,11/2025,28,23-24,104.402
2127570400.0,500279486,11/2025,29,23-24,104.267
2127570400.0,500279486,11/2025,30,23-24,105.097
2127570400.0,500279486,11/2025,31,23-24,0.0
2127570400.0,500279486,12/2025,1,00-01,7.18
2127570400.0,500279486,12/2025,2,00-01,7.142
2127570400.0,500279486,12/2025,3,00-01,7.219
2127570400.0,500279486,12/2025,4,00-01,7.179
2127570400.0,500279486,12/2025,5,00-01,7.158
2127570400.0,500279486,12/2025,6,00-01,7.066
2127570400.0,500279486,12/2025,7,00-01,7.152
2127570400.0,500279486,12/2025,8,00-01,7.243
2127570400.0,500279486,12/2025,9,00-01,6.911
2127570400.0,500279486,12/2025,10,00-01,5.213
2127570400.0,500279486,12/2025,11,00-01,5.117
2127570400.0,500279486,12/2025,12,00-01,5.305
2127570400.0,500279486,12/2025,13,00-01,5.186
2127570400.0,500279486,12/2025,14,00-01,5.193
2127570400.0,500279486,12/2025,15,00-01,5.091
2127570400.0,500279486,12/2025,16,00-01,5.028
2127570400.0,500279486,12/2025,17,00-01,5.0
2127570400.0,500279486,12/2025,18,00-01,5.009
2127570400.0,500279486,12/2025,19,00-01,5.071
2127570400.0,500279486,12/2025,20,00-01,4.989
2127570400.0,500279486,12/2025,21,00-01,4.975
2127570400.0,500279486,12/2025,22,00-01,5.017
2127570400.0,500279486,12/2025,23,00-01,5.018
2127570400.0,500279486,12/2025,24,00-01,5.01
2127570400.0,500279486,12/2025,25,00-01,4.914
2127570400.0,500279486,12/2025,26,00-01,4.913
2127570400.0,500279486,12/2025,27,00-01,4.928
2127570400.0,500279486,12/2025,28,00-01,4.982
2127570400.0,500279486,12/2025,29,00-01,4.892
2127570400.0,500279486,12/2025,30,00-01,4.978
2127570400.0,500279486,12/2025,31,00-01,2.644
2127570400.0,500279486,12/2025,1,01-02,7.271
2127570400.0,500279486,12/2025,2,01-02,7.232
2127570400.0,500279486,12/2025,3,01-02,7.22
2127570400.0,500279486,12/2025,4,01-02,7.231
2127570400.0,500279486,12/2025,5,01-02,7.229
2127570400.0,500279486,12/2025,6,01-02,7.152
2127570400.0,500279486,12/2025,7,01-02,7.228
2127570400.0,500279486,12/2025,8,01-02,7.03
2127570400.0,500279486,12/2025,9,01-02,6.948
2127570400.0,500279486,12/2025,10,01-02,5.273
2127570400.0,500279486,12/2025,11,01-02,5.209
2127570400.0,500279486,12/2025,12,01-02,5.305
2127570400.0,500279486,12/2025,13,01-02,5.219
2127570400.0,500279486,12/2025,14,01-02,5.21
2127570400.0,500279486,12/2025,15,01-02,5.1
2127570400.0,500279486,12/2025,16,01-02,5.085
2127570400.0,500279486,12/2025,17,01-02,5.076
2127570400.0,500279486,12/2025,18,01-02,5.093
2127570400.0,500279486,12/2025,19,01-02,5.114
2127570400.0,500279486,12/2025,20,01-02,5.058
2127570400.0,500279486,12/2025,21,01-02,5.071
2127570400.0,500279486,12/2025,22,01-02,5.018
2127570400.0,500279486,12/2025,23,01-02,5.017
2127570400.0,500279486,12/2025,24,01-02,5.038
2127570400.0,500279486,12/2025,25,01-02,4.9
2127570400.0,500279486,12/2025,26,01-02,5.008
2127570400.0,500279486,12/2025,27,01-02,4.958
2127570400.0,500279486,12/2025,28,01-02,5.02
2127570400.0,500279486,12/2025,29,01-02,4.977
2127570400.0,500279486,12/2025,30,01-02,5.054
2127570400.0,500279486,12/2025,31,01-02,2.443
2127570400.0,500279486,12/2025,1,02-03,7.31
2127570400.0,500279486,12/2025,2,02-03,7.299
2127570400.0,500279486,12/2025,3,02-03,7.23
2127570400.0,500279486,12/2025,4,02-03,7.294
2127570400.0,500279486,12/2025,5,02-03,7.32
2127570400.0,500279486,12/2025,6,02-03,7.239
2127570400.0,500279486,12/2025,7,02-03,7.292
2127570400.0,500279486,12/2025,8,02-03,7.099
2127570400.0,500279486,12/2025,9,02-03,6.923
2127570400.0,500279486,12/2025,10,02-03,5.325
2127570400.0,500279486,12/2025,11,02-03,5.238
2127570400.0,500279486,12/2025,12,02-03,5.322
2127570400.0,500279486,12/2025,13,02-03,5.284
2127570400.0,500279486,12/2025,14,02-03,5.253
2127570400.0,500279486,12/2025,15,02-03,5.135
2127570400.0,500279486,12/2025,16,02-03,5.117
2127570400.0,500279486,12/2025,17,02-03,5.106
2127570400.0,500279486,12/2025,18,02-03,5.126
2127570400.0,500279486,12/2025,19,02-03,5.118
2127570400.0,500279486,12/2025,20,02-03,5.104
2127570400.0,500279486,12/2025,21,02-03,5.096
2127570400.0,500279486,12/2025,22,02-03,5.054
2127570400.0,500279486,12/2025,23,02-03,5.04
2127570400.0,500279486,12/2025,24,02-03,5.079
2127570400.0,500279486,12/2025,25,02-03,4.934
2127570400.0,500279486,12/2025,26,02-03,5.015
2127570400.0,500279486,12/2025,27,02-03,4.942
2127570400.0,500279486,12/2025,28,02-03,5.072
2127570400.0,500279486,12/2025,29,02-03,5.027
2127570400.0,500279486,12/2025,30,02-03,5.113
2127570400.0,500279486,12/2025,31,02-03,2.462
2127570400.0,500279486,12/2025,1,03-04,7.349
2127570400.0,500279486,12/2025,2,03-04,7.349
2127570400.0,500279486,12/2025,3,03-04,7.263
2127570400.0,500279486,12/2025,4,03-04,7.358
2127570400.0,500279486,12/2025,5,03-04,7.383
2127570400.0,500279486,12/2025,6,03-04,7.318
2127570400.0,500279486,12/2025,7,03-04,7.299
2127570400.0,500279486,12/2025,8,03-04,7.138
2127570400.0,500279486,12/2025,9,03-04,6.384
2127570400.0,500279486,12/2025,10,03-04,5.333
2127570400.0,500279486,12/2025,11,03-04,5.257
2127570400.0,500279486,12/2025,12,03-04,5.344
2127570400.0,500279486,12/2025,13,03-04,5.305
2127570400.0,500279486,12/2025,14,03-04,5.282
2127570400.0,500279486,12/2025,15,03-04,5.134
2127570400.0,500279486,12/2025,16,03-04,5.135
2127570400.0,500279486,12/2025,17,03-04,5.102
2127570400.0,500279486,12/2025,18,03-04,5.147
2127570400.0,500279486,12/2025,19,03-04,5.13
2127570400.0,500279486,12/2025,20,03-04,5.132
2127570400.0,500279486,12/2025,21,03-04,5.124
2127570400.0,500279486,12/2025,22,03-04,5.054
2127570400.0,500279486,12/2025,23,03-04,5.07
2127570400.0,500279486,12/2025,24,03-04,5.11
2127570400.0,500279486,12/2025,25,03-04,4.957
2127570400.0,500279486,12/2025,26,03-04,5.03
2127570400.0,500279486,12/2025,27,03-04,4.923
2127570400.0,500279486,12/2025,28,03-04,5.064
2127570400.0,500279486,12/2025,29,03-04,5.059
2127570400.0,500279486,12/2025,30,03-04,5.078
2127570400.0,500279486,12/2025,31,03-04,2.493
2127570400.0,500279486,12/2025,1,04-05,7.367
2127570400.0,500279486,12/2025,2,04-05,7.375
2127570400.0,500279486,12/2025,3,04-05,7.285
2127570400.0,500279486,12/2025,4,04-05,7.388
2127570400.0,500279486,12/2025,5,04-05,7.435
2127570400.0,500279486,12/2025,6,04-05,7.183
2127570400.0,500279486,12/2025,7,04-05,7.338
2127570400.0,500279486,12/2025,8,04-05,7.078
2127570400.0,500279486,12/2025,9,04-05,5.28
2127570400.0,500279486,12/2025,10,04-05,5.303
2127570400.0,500279486,12/2025,11,04-05,5.279
2127570400.0,500279486,12/2025,12,04-05,5.355
2127570400.0,500279486,12/2025,13,04-05,5.32
2127570400.0,500279486,12/2025,14,04-05,5.316
2127570400.0,500279486,12/2025,15,04-05,5.134
2127570400.0,500279486,12/2025,16,04-05,5.156
2127570400.0,500279486,12/2025,17,04-05,5.119
2127570400.0,500279486,12/2025,18,04-05,5.16
2127570400.0,500279486,12/2025,19,04-05,5.139
2127570400.0,500279486,12/2025,20,04-05,5.161
2127570400.0,500279486,12/2025,21,04-05,5.138
2127570400.0,500279486,12/2025,22,04-05,5.05
2127570400.0,500279486,12/2025,23,04-05,5.124
2127570400.0,500279486,12/2025,24,04-05,5.124
2127570400.0,500279486,12/2025,25,04-05,4.975
2127570400.0,500279486,12/2025,26,04-05,5.043
2127570400.0,500279486,12/2025,27,04-05,4.954
2127570400.0,500279486,12/2025,28,04-05,5.041
2127570400.0,500279486,12/2025,29,04-05,5.103
2127570400.0,500279486,12/2025,30,04-05,5.069
2127570400.0,500279486,12/2025,31,04-05,2.496
2127570400.0,500279486,12/2025,1,05-06,7.344
2127570400.0,500279486,12/2025,2,05-06,7.345
2127570400.0,500279486,12/2025,3,05-06,7.273
2127570400.0,500279486,12/2025,4,05-06,7.362
2127570400.0,500279486,12/2025,5,05-06,7.362
2127570400.0,500279486,12/2025,6,05-06,6.995
2127570400.0,500279486,12/2025,7,05-06,7.342
2127570400.0,500279486,12/2025,8,05-06,7.039
2127570400.0,500279486,12/2025,9,05-06,5.255
2127570400.0,500279486,12/2025,10,05-06,5.279
2127570400.0,500279486,12/2025,11,05-06,5.264
2127570400.0,500279486,12/2025,12,05-06,5.348
2127570400.0,500279486,12/2025,13,05-06,5.299
2127570400.0,500279486,12/2025,14,05-06,5.306
2127570400.0,500279486,12/2025,15,05-06,5.137
2127570400.0,500279486,12/2025,16,05-06,5.122
2127570400.0,500279486,12/2025,17,05-06,5.099
2127570400.0,500279486,12/2025,18,05-06,5.135
2127570400.0,500279486,12/2025,19,05-06,5.12
2127570400.0,500279486,12/2025,20,05-06,5.13
2127570400.0,500279486,12/2025,21,05-06,5.12
2127570400.0,500279486,12/2025,22,05-06,5.02
2127570400.0,500279486,12/2025,23,05-06,5.093
2127570400.0,500279486,12/2025,24,05-06,4.917
2127570400.0,500279486,12/2025,25,05-06,4.947
2127570400.0,500279486,12/2025,26,05-06,5.01
2127570400.0,500279486,12/2025,27,05-06,4.925
2127570400.0,500279486,12/2025,28,05-06,5.024
2127570400.0,500279486,12/2025,29,05-06,5.039
2127570400.0,500279486,12/2025,30,05-06,5.054
2127570400.0,500279486,12/2025,31,05-06,2.48
2127570400.0,500279486,12/2025,1,06-07,7.26
2127570400.0,500279486,12/2025,2,06-07,7.294
2127570400.0,500279486,12/2025,3,06-07,7.221
2127570400.0,500279486,12/2025,4,06-07,7.296
2127570400.0,500279486,12/2025,5,06-07,7.251
2127570400.0,500279486,12/2025,6,06-07,6.952
2127570400.0,500279486,12/2025,7,06-07,7.289
2127570400.0,500279486,12/2025,8,06-07,6.947
2127570400.0,500279486,12/2025,9,06-07,5.197
2127570400.0,500279486,12/2025,10,06-07,5.24
2127570400.0,500279486,12/2025,11,06-07,5.207
2127570400.0,500279486,12/2025,12,06-07,5.318
2127570400.0,500279486,12/2025,13,06-07,5.294
2127570400.0,500279486,12/2025,14,06-07,5.309
2127570400.0,500279486,12/2025,15,06-07,5.086
2127570400.0,500279486,12/2025,16,06-07,5.102
2127570400.0,500279486,12/2025,17,06-07,5.077
2127570400.0,500279486,12/2025,18,06-07,5.103
2127570400.0,500279486,12/2025,19,06-07,5.101
2127570400.0,500279486,12/2025,20,06-07,5.114
2127570400.0,500279486,12/2025,21,06-07,5.106
2127570400.0,500279486,12/2025,22,06-07,4.935
2127570400.0,500279486,12/2025,23,06-07,5.051
2127570400.0,500279486,12/2025,24,06-07,5.03
2127570400.0,500279486,12/2025,25,06-07,4.978
2127570400.0,500279486,12/2025,26,06-07,4.976
2127570400.0,500279486,12/2025,27,06-07,4.89
2127570400.0,500279486,12/2025,28,06-07,5.004
2127570400.0,500279486,12/2025,29,06-07,4.987
2127570400.0,500279486,12/2025,30,06-07,5.004
2127570400.0,500279486,12/2025,31,06-07,2.451
2127570400.0,500279486,12/2025,1,07-08,5.502
2127570400.0,500279486,12/2025,2,07-08,5.689
2127570400.0,500279486,12/2025,3,07-08,5.768
2127570400.0,500279486,12/2025,4,07-08,5.898
2127570400.0,500279486,12/2025,5,07-08,5.987
2127570400.0,500279486,12/2025,6,07-08,5.855
2127570400.0,500279486,12/2025,7,07-08,6.313
2127570400.0,500279486,12/2025,8,07-08,6.101
2127570400.0,500279486,12/2025,9,07-08,4.676
2127570400.0,500279486,12/2025,10,07-08,4.649
2127570400.0,500279486,12/2025,11,07-08,4.702
2127570400.0,500279486,12/2025,12,07-08,4.86
2127570400.0,500279486,12/2025,13,07-08,4.983
2127570400.0,500279486,12/2025,14,07-08,5.109
2127570400.0,500279486,12/2025,15,07-08,4.885
2127570400.0,500279486,12/2025,16,07-08,4.944
2127570400.0,500279486,12/2025,17,07-08,5.04
2127570400.0,500279486,12/2025,18,07-08,5.008
2127570400.0,500279486,12/2025,19,07-08,5.06
2127570400.0,500279486,12/2025,20,07-08,5.105
2127570400.0,500279486,12/2025,21,07-08,5.088
2127570400.0,500279486,12/2025,22,07-08,4.947
2127570400.0,500279486,12/2025,23,07-08,4.983
2127570400.0,500279486,12/2025,24,07-08,5.005
2127570400.0,500279486,12/2025,25,07-08,4.965
2127570400.0,500279486,12/2025,26,07-08,4.978
2127570400.0,500279486,12/2025,27,07-08,4.902
2127570400.0,500279486,12/2025,28,07-08,5.047
2127570400.0,500279486,12/2025,29,07-08,4.916
2127570400.0,500279486,12/2025,30,07-08,5.034
2127570400.0,500279486,12/2025,31,07-08,2.416
2127570400.0,500279486,12/2025,1,08-09,0.001
2127570400.0,500279486,12/2025,2,08-09,0.0
2127570400.0,500279486,12/2025,3,08-09,0.0
2127570400.0,500279486,12/2025,4,08-09,0.001
2127570400.0,500279486,12/2025,5,08-09,0.0
2127570400.0,500279486,12/2025,6,08-09,0.0
2127570400.0,500279486,12/2025,7,08-09,0.0
2127570400.0,500279486,12/2025,8,08-09,0.001
2127570400.0,500279486,12/2025,9,08-09,0.0
2127570400.0,500279486,12/2025,10,08-09,0.001
2127570400.0,500279486,12/2025,11,08-09,0.001
2127570400.0,500279486,12/2025,12,08-09,0.001
2127570400.0,500279486,12/2025,13,08-09,0.001
2127570400.0,500279486,12/2025,14,08-09,0.0
2127570400.0,500279486,12/2025,15,08-09,0.0
2127570400.0,500279486,12/2025,16,08-09,0.0
2127570400.0,500279486,12/2025,17,08-09,0.001
2127570400.0,500279486,12/2025,18,08-09,0.001
2127570400.0,500279486,12/2025,19,08-09,0.055
2127570400.0,500279486,12/2025,20,08-09,0.054
2127570400.0,500279486,12/2025,21,08-09,0.138
2127570400.0,500279486,12/2025,22,08-09,0.131
2127570400.0,500279486,12/2025,23,08-09,0.213
2127570400.0,500279486,12/2025,24,08-09,0.212
2127570400.0,500279486,12/2025,25,08-09,0.291
2127570400.0,500279486,12/2025,26,08-09,0.287
2127570400.0,500279486,12/2025,27,08-09,0.286
2127570400.0,500279486,12/2025,28,08-09,0.375
2127570400.0,500279486,12/2025,29,08-09,0.36
2127570400.0,500279486,12/2025,30,08-09,0.363
2127570400.0,500279486,12/2025,31,08-09,0.176
2127570400.0,500279486,12/2025,1,09-10,0.0
2127570400.0,500279486,12/2025,2,09-10,0.001
2127570400.0,500279486,12/2025,3,09-10,0.001
2127570400.0,500279486,12/2025,4,09-10,0.0
2127570400.0,500279486,12/2025,5,09-10,0.001
2127570400.0,500279486,12/2025,6,09-10,0.001
2127570400.0,500279486,12/2025,7,09-10,0.001
2127570400.0,500279486,12/2025,8,09-10,0.0
2127570400.0,500279486,12/2025,9,09-10,0.001
2127570400.0,500279486,12/2025,10,09-10,0.0
2127570400.0,500279486,12/2025,11,09-10,0.0
2127570400.0,500279486,12/2025,12,09-10,0.0
2127570400.0,500279486,12/2025,13,09-10,0.0
2127570400.0,500279486,12/2025,14,09-10,0.001
2127570400.0,500279486,12/2025,15,09-10,0.001
2127570400.0,500279486,12/2025,16,09-10,0.001
2127570400.0,500279486,12/2025,17,09-10,0.0
2127570400.0,500279486,12/2025,18,09-10,0.0
2127570400.0,500279486,12/2025,19,09-10,0.001
2127570400.0,500279486,12/2025,20,09-10,0.0
2127570400.0,500279486,12/2025,21,09-10,0.0
2127570400.0,500279486,12/2025,22,09-10,0.001
2127570400.0,500279486,12/2025,23,09-10,0.0
2127570400.0,500279486,12/2025,24,09-10,0.001
2127570400.0,500279486,12/2025,25,09-10,0.0
2127570400.0,500279486,12/2025,26,09-10,0.0
2127570400.0,500279486,12/2025,27,09-10,0.0
2127570400.0,500279486,12/2025,28,09-10,0.0
2127570400.0,500279486,12/2025,29,09-10,0.001
2127570400.0,500279486,12/2025,30,09-10,0.0
2127570400.0,500279486,12/2025,31,09-10,0.001
2127570400.0,500279486,12/2025,1,10-11,0.0
2127570400.0,500279486,12/2025,2,10-11,0.0
2127570400.0,500279486,12/2025,3,10-11,0.0
2127570400.0,500279486,12/2025,4,10-11,0.001
2127570400.0,500279486,12/2025,5,10-11,0.0
2127570400.0,500279486,12/2025,6,10-11,0.0
2127570400.0,500279486,12/2025,7,10-11,0.0
2127570400.0,500279486,12/2025,8,10-11,0.001
2127570400.0,500279486,12/2025,9,10-11,0.0
2127570400.0,500279486,12/2025,10,10-11,0.001
2127570400.0,500279486,12/2025,11,10-11,0.001
2127570400.0,500279486,12/2025,12,10-11,0.001
2127570400.0,500279486,12/2025,13,10-11,0.001
2127570400.0,500279486,12/2025,14,10-11,0.0
2127570400.0,500279486,12/2025,15,10-11,0.0
2127570400.0,500279486,12/2025,16,10-11,0.0
2127570400.0,500279486,12/2025,17,10-11,0.001
2127570400.0,500279486,12/2025,18,10-11,0.001
2127570400.0,500279486,12/2025,19,10-11,0.0
2127570400.0,500279486,12/2025,20,10-11,0.001
2127570400.0,500279486,12/2025,21,10-11,0.001
2127570400.0,500279486,12/2025,22,10-11,0.0
2127570400.0,500279486,12/2025,23,10-11,0.001
2127570400.0,500279486,12/2025,24,10-11,0.0
2127570400.0,500279486,12/2025,25,10-11,0.0
2127570400.0,500279486,12/2025,26,10-11,0.001
2127570400.0,500279486,12/2025,27,10-11,0.001
2127570400.0,500279486,12/2025,28,10-11,0.0
2127570400.0,500279486,12/2025,29,10-11,0.0
2127570400.0,500279486,12/2025,30,10-11,0.001
2127570400.0,500279486,12/2025,31,10-11,0.0
2127570400.0,500279486,12/2025,1,11-12,0.001
2127570400.0,500279486,12/2025,2,11-12,0.001
2127570400.0,500279486,12/2025,3,11-12,0.001
2127570400.0,500279486,12/2025,4,11-12,0.0
2127570400.0,500279486,12/2025,5,11-12,0.001
2127570400.0,500279486,12/2025,6,11-12,0.001
2127570400.0,500279486,12/2025,7,11-12,0.001
2127570400.0,500279486,12/2025,8,11-12,0.0
2127570400.0,500279486,12/2025,9,11-12,0.001
2127570400.0,500279486,12/2025,10,11-12,0.0
2127570400.0,500279486,12/2025,11,11-12,0.0
2127570400.0,500279486,12/2025,12,11-12,0.0
2127570400.0,500279486,12/2025,13,11-12,0.0
2127570400.0,500279486,12/2025,14,11-12,0.001
2127570400.0,500279486,12/2025,15,11-12,0.001
2127570400.0,500279486,12/2025,16,11-12,0.001
2127570400.0,500279486,12/2025,17,11-12,0.0
2127570400.0,500279486,12/2025,18,11-12,0.0
2127570400.0,500279486,12/2025,19,11-12,0.001
2127570400.0,500279486,12/2025,20,11-12,0.0
2127570400.0,500279486,12/2025,21,11-12,0.0
2127570400.0,500279486,12/2025,22,11-12,0.001
2127570400.0,500279486,12/2025,23,11-12,0.0
2127570400.0,500279486,12/2025,24,11-12,0.001
2127570400.0,500279486,12/2025,25,11-12,0.001
2127570400.0,500279486,12/2025,26,11-12,0.0
2127570400.0,500279486,12/2025,27,11-12,0.0
2127570400.0,500279486,12/2025,28,11-12,0.001
2127570400.0,500279486,12/2025,29,11-12,0.001
2127570400.0,500279486,12/2025,30,11-12,0.0
2127570400.0,500279486,12/2025,31,11-12,0.0
2127570400.0,500279486,12/2025,1,12-13,0.0
2127570400.0,500279486,12/2025,2,12-13,0.0
2127570400.0,500279486,12/2025,3,12-13,0.0
2127570400.0,500279486,12/2025,4,12-13,0.001
2127570400.0,500279486,12/2025,5,12-13,0.0
2127570400.0,500279486,12/2025,6,12-13,0.0
2127570400.0,500279486,12/2025,7,12-13,0.0
2127570400.0,500279486,12/2025,8,12-13,0.001
2127570400.0,500279486,12/2025,9,12-13,0.0
2127570400.0,500279486,12/2025,10,12-13,0.001
2127570400.0,500279486,12/2025,11,12-13,0.001
2127570400.0,500279486,12/2025,12,12-13,0.001
2127570400.0,500279486,12/2025,13,12-13,0.001
2127570400.0,500279486,12/2025,14,12-13,0.0
2127570400.0,500279486,12/2025,15,12-13,0.0
2127570400.0,500279486,12/2025,16,12-13,0.0
2127570400.0,500279486,12/2025,17,12-13,0.001
2127570400.0,500279486,12/2025,18,12-13,0.001
2127570400.0,500279486,12/2025,19,12-13,0.0
2127570400.0,500279486,12/2025,20,12-13,0.001
2127570400.0,500279486,12/2025,21,12-13,0.001
2127570400.0,500279486,12/2025,22,12-13,0.0
2127570400.0,500279486,12/2025,23,12-13,0.001
2127570400.0,500279486,12/2025,24,12-13,0.0
2127570400.0,500279486,12/2025,25,12-13,0.0
2127570400.0,500279486,12/2025,26,12-13,0.001
2127570400.0,500279486,12/2025,27,12-13,0.001
2127570400.0,500279486,12/2025,28,12-13,0.0
2127570400.0,500279486,12/2025,29,12-13,0.0
2127570400.0,500279486,12/2025,30,12-13,0.001
2127570400.0,500279486,12/2025,31,12-13,0.001
2127570400.0,500279486,12/2025,1,13-14,0.001
2127570400.0,500279486,12/2025,2,13-14,0.001
2127570400.0,500279486,12/2025,3,13-14,0.001
2127570400.0,500279486,12/2025,4,13-14,0.0
2127570400.0,500279486,12/2025,5,13-14,0.001
2127570400.0,500279486,12/2025,6,13-14,0.001
2127570400.0,500279486,12/2025,7,13-14,0.001
2127570400.0,500279486,12/2025,8,13-14,0.0
2127570400.0,500279486,12/2025,9,13-14,0.001
2127570400.0,500279486,12/2025,10,13-14,0.0
2127570400.0,500279486,12/2025,11,13-14,0.0
2127570400.0,500279486,12/2025,12,13-14,0.0
2127570400.0,500279486,12/2025,13,13-14,0.0
2127570400.0,500279486,12/2025,14,13-14,0.001
2127570400.0,500279486,12/2025,15,13-14,0.001
2127570400.0,500279486,12/2025,16,13-14,0.001
2127570400.0,500279486,12/2025,17,13-14,0.0
2127570400.0,500279486,12/2025,18,13-14,0.0
2127570400.0,500279486,12/2025,19,13-14,0.001
2127570400.0,500279486,12/2025,20,13-14,0.0
2127570400.0,500279486,12/2025,21,13-14,0.0
2127570400.0,500279486,12/2025,22,13-14,0.001
2127570400.0,500279486,12/2025,23,13-14,0.0
2127570400.0,500279486,12/2025,24,13-14,0.001
2127570400.0,500279486,12/2025,25,13-14,0.001
2127570400.0,500279486,12/2025,26,13-14,0.0
2127570400.0,500279486,12/2025,27,13-14,0.0
2127570400.0,500279486,12/2025,28,13-14,0.001
2127570400.0,500279486,12/2025,29,13-14,0.001
2127570400.0,500279486,12/2025,30,13-14,0.0
2127570400.0,500279486,12/2025,31,13-14,0.0
2127570400.0,500279486,12/2025,1,14-15,0.0
2127570400.0,500279486,12/2025,2,14-15,0.0
2127570400.0,500279486,12/2025,3,14-15,0.0
2127570400.0,500279486,12/2025,4,14-15,0.001
2127570400.0,500279486,12/2025,5,14-15,0.0
2127570400.0,500279486,12/2025,6,14-15,0.0
2127570400.0,500279486,12/2025,7,14-15,0.0
2127570400.0,500279486,12/2025,8,14-15,0.001
2127570400.0,500279486,12/2025,9,14-15,0.0
2127570400.0,500279486,12/2025,10,14-15,0.001
2127570400.0,500279486,12/2025,11,14-15,0.0
2127570400.0,500279486,12/2025,12,14-15,0.001
2127570400.0,500279486,12/2025,13,14-15,0.001
2127570400.0,500279486,12/2025,14,14-15,0.0
2127570400.0,500279486,12/2025,15,14-15,0.0
2127570400.0,500279486,12/2025,16,14-15,0.0
2127570400.0,500279486,12/2025,17,14-15,0.001
2127570400.0,500279486,12/2025,18,14-15,0.001
2127570400.0,500279486,12/2025,19,14-15,0.0
2127570400.0,500279486,12/2025,20,14-15,0.001
2127570400.0,500279486,12/2025,21,14-15,0.001
2127570400.0,500279486,12/2025,22,14-15,0.0
2127570400.0,500279486,12/2025,23,14-15,0.0
2127570400.0,500279486,12/2025,24,14-15,0.0
2127570400.0,500279486,12/2025,25,14-15,0.0
2127570400.0,500279486,12/2025,26,14-15,0.001
2127570400.0,500279486,12/2025,27,14-15,0.001
2127570400.0,500279486,12/2025,28,14-15,0.0
2127570400.0,500279486,12/2025,29,14-15,0.0
2127570400.0,500279486,12/2025,30,14-15,0.0
2127570400.0,500279486,12/2025,31,14-15,0.001
2127570400.0,500279486,12/2025,1,15-16,0.001
2127570400.0,500279486,12/2025,2,15-16,0.001
2127570400.0,500279486,12/2025,3,15-16,0.001
2127570400.0,500279486,12/2025,4,15-16,0.0
2127570400.0,500279486,12/2025,5,15-16,0.001
2127570400.0,500279486,12/2025,6,15-16,0.001
2127570400.0,500279486,12/2025,7,15-16,0.001
2127570400.0,500279486,12/2025,8,15-16,0.0
2127570400.0,500279486,12/2025,9,15-16,0.001
2127570400.0,500279486,12/2025,10,15-16,0.0
2127570400.0,500279486,12/2025,11,15-16,0.001
2127570400.0,500279486,12/2025,12,15-16,0.0
2127570400.0,500279486,12/2025,13,15-16,0.0
2127570400.0,500279486,12/2025,14,15-16,0.001
2127570400.0,500279486,12/2025,15,15-16,0.001
2127570400.0,500279486,12/2025,16,15-16,0.001
2127570400.0,500279486,12/2025,17,15-16,0.0
2127570400.0,500279486,12/2025,18,15-16,0.0
2127570400.0,500279486,12/2025,19,15-16,0.001
2127570400.0,500279486,12/2025,20,15-16,0.0
2127570400.0,500279486,12/2025,21,15-16,0.0
2127570400.0,500279486,12/2025,22,15-16,0.001
2127570400.0,500279486,12/2025,23,15-16,0.001
2127570400.0,500279486,12/2025,24,15-16,0.0
2127570400.0,500279486,12/2025,25,15-16,0.001
2127570400.0,500279486,12/2025,26,15-16,0.0
2127570400.0,500279486,12/2025,27,15-16,0.0
2127570400.0,500279486,12/2025,28,15-16,0.001
2127570400.0,500279486,12/2025,29,15-16,0.001
2127570400.0,500279486,12/2025,30,15-16,0.001
2127570400.0,500279486,12/2025,31,15-16,0.0
2127570400.0,500279486,12/2025,1,16-17,0.0
2127570400.0,500279486,12/2025,2,16-17,0.0
2127570400.0,500279486,12/2025,3,16-17,0.0
2127570400.0,500279486,12/2025,4,16-17,0.001
2127570400.0,500279486,12/2025,5,16-17,0.0
2127570400.0,500279486,12/2025,6,16-17,0.0
2127570400.0,500279486,12/2025,7,16-17,0.0
2127570400.0,500279486,12/2025,8,16-17,0.001
2127570400.0,500279486,12/2025,9,16-17,0.0
2127570400.0,500279486,12/2025,10,16-17,0.001
2127570400.0,500279486,12/2025,11,16-17,0.0
2127570400.0,500279486,12/2025,12,16-17,0.0
2127570400.0,500279486,12/2025,13,16-17,0.001
2127570400.0,500279486,12/2025,14,16-17,0.0
2127570400.0,500279486,12/2025,15,16-17,0.0
2127570400.0,500279486,12/2025,16,16-17,0.0
2127570400.0,500279486,12/2025,17,16-17,0.001
2127570400.0,500279486,12/2025,18,16-17,0.001
2127570400.0,500279486,12/2025,19,16-17,0.0
2127570400.0,500279486,12/2025,20,16-17,0.001
2127570400.0,500279486,12/2025,21,16-17,0.001
2127570400.0,500279486,12/2025,22,16-17,0.0
2127570400.0,500279486,12/2025,23,16-17,0.0
2127570400.0,500279486,12/2025,24,16-17,0.001
2127570400.0,500279486,12/2025,25,16-17,0.0
2127570400.0,500279486,12/2025,26,16-17,0.0
2127570400.0,500279486,12/2025,27,16-17,0.001
2127570400.0,500279486,12/2025,28,16-17,0.0
2127570400.0,500279486,12/2025,29,16-17,0.0
2127570400.0,500279486,12/2025,30,16-17,0.0
2127570400.0,500279486,12/2025,31,16-17,0.0
2127570400.0,500279486,12/2025,1,17-18,5.187
2127570400.0,500279486,12/2025,2,17-18,5.319
2127570400.0,500279486,12/2025,3,17-18,5.307
2127570400.0,500279486,12/2025,4,17-18,5.345
2127570400.0,500279486,12/2025,5,17-18,5.278
2127570400.0,500279486,12/2025,6,17-18,5.407
2127570400.0,500279486,12/2025,7,17-18,5.229
2127570400.0,500279486,12/2025,8,17-18,5.277
2127570400.0,500279486,12/2025,9,17-18,3.829
2127570400.0,500279486,12/2025,10,17-18,3.791
2127570400.0,500279486,12/2025,11,17-18,3.897
2127570400.0,500279486,12/2025,12,17-18,3.874
2127570400.0,500279486,12/2025,13,17-18,3.883
2127570400.0,500279486,12/2025,14,17-18,3.836
2127570400.0,500279486,12/2025,15,17-18,3.581
2127570400.0,500279486,12/2025,16,17-18,3.612
2127570400.0,500279486,12/2025,17,17-18,3.678
2127570400.0,500279486,12/2025,18,17-18,3.547
2127570400.0,500279486,12/2025,19,17-18,3.533
2127570400.0,500279486,12/2025,20,17-18,3.488
2127570400.0,500279486,12/2025,21,17-18,3.433
2127570400.0,500279486,12/2025,22,17-18,3.476
2127570400.0,500279486,12/2025,23,17-18,3.409
2127570400.0,500279486,12/2025,24,17-18,3.377
2127570400.0,500279486,12/2025,25,17-18,3.287
2127570400.0,500279486,12/2025,26,17-18,3.191
2127570400.0,500279486,12/2025,27,17-18,3.222
2127570400.0,500279486,12/2025,28,17-18,3.101
2127570400.0,500279486,12/2025,29,17-18,3.061
2127570400.0,500279486,12/2025,30,17-18,3.014
2127570400.0,500279486,12/2025,31,17-18,1.443
2127570400.0,500279486,12/2025,1,18-19,6.908
2127570400.0,500279486,12/2025,2,18-19,6.934
2127570400.0,500279486,12/2025,3,18-19,6.951
2127570400.0,500279486,12/2025,4,18-19,6.965
2127570400.0,500279486,12/2025,5,18-19,6.869
2127570400.0,500279486,12/2025,6,18-19,6.958
2127570400.0,500279486,12/2025,7,18-19,6.815
2127570400.0,500279486,12/2025,8,18-19,6.861
2127570400.0,500279486,12/2025,9,18-19,4.992
2127570400.0,500279486,12/2025,10,18-19,4.954
2127570400.0,500279486,12/2025,11,18-19,5.07
2127570400.0,500279486,12/2025,12,18-19,5.017
2127570400.0,500279486,12/2025,13,18-19,4.964
2127570400.0,500279486,12/2025,14,18-19,5.037
2127570400.0,500279486,12/2025,15,18-19,4.799
2127570400.0,500279486,12/2025,16,18-19,4.852
2127570400.0,500279486,12/2025,17,18-19,4.857
2127570400.0,500279486,12/2025,18,18-19,4.83
2127570400.0,500279486,12/2025,19,18-19,4.838
2127570400.0,500279486,12/2025,20,18-19,4.781
2127570400.0,500279486,12/2025,21,18-19,4.725
2127570400.0,500279486,12/2025,22,18-19,4.798
2127570400.0,500279486,12/2025,23,18-19,4.855
2127570400.0,500279486,12/2025,24,18-19,4.74
2127570400.0,500279486,12/2025,25,18-19,4.775
2127570400.0,500279486,12/2025,26,18-19,4.693
2127570400.0,500279486,12/2025,27,18-19,4.777
2127570400.0,500279486,12/2025,28,18-19,4.66
2127570400.0,500279486,12/2025,29,18-19,4.784
2127570400.0,500279486,12/2025,30,18-19,4.822
2127570400.0,500279486,12/2025,31,18-19,2.304
2127570400.0,500279486,12/2025,1,19-20,6.94
2127570400.0,500279486,12/2025,2,19-20,7.014
2127570400.0,500279486,12/2025,3,19-20,6.938
2127570400.0,500279486,12/2025,4,19-20,7.0
2127570400.0,500279486,12/2025,5,19-20,6.96
2127570400.0,500279486,12/2025,6,19-20,6.999
2127570400.0,500279486,12/2025,7,19-20,6.833
2127570400.0,500279486,12/2025,8,19-20,6.908
2127570400.0,500279486,12/2025,9,19-20,5.025
2127570400.0,500279486,12/2025,10,19-20,5.015
2127570400.0,500279486,12/2025,11,19-20,5.114
2127570400.0,500279486,12/2025,12,19-20,5.087
2127570400.0,500279486,12/2025,13,19-20,5.009
2127570400.0,500279486,12/2025,14,19-20,5.094
2127570400.0,500279486,12/2025,15,19-20,4.847
2127570400.0,500279486,12/2025,16,19-20,4.861
2127570400.0,500279486,12/2025,17,19-20,4.918
2127570400.0,500279486,12/2025,18,19-20,4.883
2127570400.0,500279486,12/2025,19,19-20,4.894
2127570400.0,500279486,12/2025,20,19-20,4.849
2127570400.0,500279486,12/2025,21,19-20,4.77
2127570400.0,500279486,12/2025,22,19-20,4.863
2127570400.0,500279486,12/2025,23,19-20,4.828
2127570400.0,500279486,12/2025,24,19-20,4.812
2127570400.0,500279486,12/2025,25,19-20,4.807
2127570400.0,500279486,12/2025,26,19-20,4.746
2127570400.0,500279486,12/2025,27,19-20,4.832
2127570400.0,500279486,12/2025,28,19-20,4.712
2127570400.0,500279486,12/2025,29,19-20,4.841
2127570400.0,500279486,12/2025,30,19-20,4.884
2127570400.0,500279486,12/2025,31,19-20,2.366
2127570400.0,500279486,12/2025,1,20-21,6.959
2127570400.0,500279486,12/2025,2,20-21,7.031
2127570400.0,500279486,12/2025,3,20-21,6.967
2127570400.0,500279486,12/2025,4,20-21,7.012
2127570400.0,500279486,12/2025,5,20-21,6.902
2127570400.0,500279486,12/2025,6,20-21,7.068
2127570400.0,500279486,12/2025,7,20-21,6.954
2127570400.0,500279486,12/2025,8,20-21,6.855
2127570400.0,500279486,12/2025,9,20-21,5.019
2127570400.0,500279486,12/2025,10,20-21,5.041
2127570400.0,500279486,12/2025,11,20-21,5.076
2127570400.0,500279486,12/2025,12,20-21,5.13
2127570400.0,500279486,12/2025,13,20-21,5.047
2127570400.0,500279486,12/2025,14,20-21,5.065
2127570400.0,500279486,12/2025,15,20-21,4.859
2127570400.0,500279486,12/2025,16,20-21,4.889
2127570400.0,500279486,12/2025,17,20-21,4.913
2127570400.0,500279486,12/2025,18,20-21,4.913
2127570400.0,500279486,12/2025,19,20-21,4.901
2127570400.0,500279486,12/2025,20,20-21,4.895
2127570400.0,500279486,12/2025,21,20-21,4.832
2127570400.0,500279486,12/2025,22,20-21,4.829
2127570400.0,500279486,12/2025,23,20-21,4.826
2127570400.0,500279486,12/2025,24,20-21,4.811
2127570400.0,500279486,12/2025,25,20-21,4.82
2127570400.0,500279486,12/2025,26,20-21,4.762
2127570400.0,500279486,12/2025,27,20-21,4.885
2127570400.0,500279486,12/2025,28,20-21,4.749
2127570400.0,500279486,12/2025,29,20-21,4.858
2127570400.0,500279486,12/2025,30,20-21,4.838
2127570400.0,500279486,12/2025,31,20-21,2.381
2127570400.0,500279486,12/2025,1,21-22,6.957
2127570400.0,500279486,12/2025,2,21-22,7.071
2127570400.0,500279486,12/2025,3,21-22,7.019
2127570400.0,500279486,12/2025,4,21-22,7.057
2127570400.0,500279486,12/2025,5,21-22,6.908
2127570400.0,500279486,12/2025,6,21-22,7.082
2127570400.0,500279486,12/2025,7,21-22,7.065
2127570400.0,500279486,12/2025,8,21-22,6.894
2127570400.0,500279486,12/2025,9,21-22,5.058
2127570400.0,500279486,12/2025,10,21-22,5.063
2127570400.0,500279486,12/2025,11,21-22,5.1
2127570400.0,500279486,12/2025,12,21-22,5.149
2127570400.0,500279486,12/2025,13,21-22,5.073
2127570400.0,500279486,12/2025,14,21-22,5.104
2127570400.0,500279486,12/2025,15,21-22,4.892
2127570400.0,500279486,12/2025,16,21-22,4.931
2127570400.0,500279486,12/2025,17,21-22,4.934
2127570400.0,500279486,12/2025,18,21-22,4.916
2127570400.0,500279486,12/2025,19,21-22,4.932
2127570400.0,500279486,12/2025,20,21-22,4.902
2127570400.0,500279486,12/2025,21,21-22,4.862
2127570400.0,500279486,12/2025,22,21-22,4.873
2127570400.0,500279486,12/2025,23,21-22,4.861
2127570400.0,500279486,12/2025,24,21-22,4.832
2127570400.0,500279486,12/2025,25,21-22,4.829
2127570400.0,500279486,12/2025,26,21-22,4.79
2127570400.0,500279486,12/2025,27,21-22,4.894
2127570400.0,500279486,12/2025,28,21-22,4.744
2127570400.0,500279486,12/2025,29,21-22,4.877
2127570400.0,500279486,12/2025,30,21-22,4.849
2127570400.0,500279486,12/2025,31,21-22,2.414
2127570400.0,500279486,12/2025,1,22-23,6.977
2127570400.0,500279486,12/2025,2,22-23,7.137
2127570400.0,500279486,12/2025,3,22-23,7.083
2127570400.0,500279486,12/2025,4,22-23,7.131
2127570400.0,500279486,12/2025,5,22-23,7.028
2127570400.0,500279486,12/2025,6,22-23,7.145
2127570400.0,500279486,12/2025,7,22-23,7.14
2127570400.0,500279486,12/2025,8,22-23,6.976
2127570400.0,500279486,12/2025,9,22-23,5.09
2127570400.0,500279486,12/2025,10,22-23,5.054
2127570400.0,500279486,12/2025,11,22-23,5.174
2127570400.0,500279486,12/2025,12,22-23,5.171
2127570400.0,500279486,12/2025,13,22-23,5.108
2127570400.0,500279486,12/2025,14,22-23,5.013
2127570400.0,500279486,12/2025,15,22-23,4.913
2127570400.0,500279486,12/2025,16,22-23,4.985
2127570400.0,500279486,12/2025,17,22-23,4.981
2127570400.0,500279486,12/2025,18,22-23,4.973
2127570400.0,500279486,12/2025,19,22-23,4.98
2127570400.0,500279486,12/2025,20,22-23,4.973
2127570400.0,500279486,12/2025,21,22-23,4.945
2127570400.0,500279486,12/2025,22,22-23,4.936
2127570400.0,500279486,12/2025,23,22-23,4.925
2127570400.0,500279486,12/2025,24,22-23,4.885
2127570400.0,500279486,12/2025,25,22-23,4.872
2127570400.0,500279486,12/2025,26,22-23,4.83
2127570400.0,500279486,12/2025,27,22-23,4.925
2127570400.0,500279486,12/2025,28,22-23,4.798
2127570400.0,500279486,12/2025,29,22-23,4.898
2127570400.0,500279486,12/2025,30,22-23,4.879
2127570400.0,500279486,12/2025,31,22-23,2.372
2127570400.0,500279486,12/2025,1,23-24,7.074
2127570400.0,500279486,12/2025,2,23-24,7.193
2127570400.0,500279486,12/2025,3,23-24,7.246
2127570400.0,500279486,12/2025,4,23-24,7.187
2127570400.0,500279486,12/2025,5,23-24,7.066
2127570400.0,500279486,12/2025,6,23-24,7.182
2127570400.0,500279486,12/2025,7,23-24,7.225
2127570400.0,500279486,12/2025,8,23-24,6.901
2127570400.0,500279486,12/2025,9,23-24,5.131
2127570400.0,500279486,12/2025,10,23-24,5.112
2127570400.0,500279486,12/2025,11,23-24,5.255
2127570400.0,500279486,12/2025,12,23-24,5.239
2127570400.0,500279486,12/2025,13,23-24,5.179
2127570400.0,500279486,12/2025,14,23-24,5.081
2127570400.0,500279486,12/2025,15,23-24,4.992
2127570400.0,500279486,12/2025,16,23-24,5.046
2127570400.0,500279486,12/2025,17,23-24,4.981
2127570400.0,500279486,12/2025,18,23-24,5.002
2127570400.0,500279486,12/2025,19,23-24,5.026
2127570400.0,500279486,12/2025,20,23-24,5.064
2127570400.0,500279486,12/2025,21,23-24,5.029
2127570400.0,500279486,12/2025,22,23-24,5.005
2127570400.0,500279486,12/2025,23,23-24,4.962
2127570400.0,500279486,12/2025,24,23-24,4.898
2127570400.0,500279486,12/2025,25,23-24,4.897
2127570400.0,500279486,12/2025,26,23-24,4.866
2127570400.0,500279486,12/2025,27,23-24,4.968
2127570400.0,500279486,12/2025,28,23-24,4.843
2127570400.0,500279486,12/2025,29,23-24,4.95
2127570400.0,500279486,12/2025,30,23-24,4.878
2127570400.0,500279486,12/2025,31,23-24,2.563
2127570400.0,500279486,12/2025,1,23-24,103.58899999999998
2127570400.0,500279486,12/2025,2,23-24,104.428
2127570400.0,500279486,12/2025,3,23-24,103.99399999999999
2127570400.0,500279486,12/2025,4,23-24,104.70799999999998
2127570400.0,500279486,12/2025,5,23-24,104.13999999999999
2127570400.0,500279486,12/2025,6,23-24,103.60499999999996
2127570400.0,500279486,12/2025,7,23-24,104.51799999999997
2127570400.0,500279486,12/2025,8,23-24,102.352
2127570400.0,500279486,12/2025,9,23-24,81.72200000000001
2127570400.0,500279486,12/2025,10,23-24,75.64999999999999
2127570400.0,500279486,12/2025,11,23-24,75.96299999999998
2127570400.0,500279486,12/2025,12,23-24,76.828
2127570400.0,500279486,12/2025,13,23-24,76.15799999999999
2127570400.0,500279486,12/2025,14,23-24,76.212
2127570400.0,500279486,12/2025,15,23-24,73.589
2127570400.0,500279486,12/2025,16,23-24,73.869
2127570400.0,500279486,12/2025,17,23-24,73.88599999999997
2127570400.0,500279486,12/2025,18,23-24,73.84999999999998
2127570400.0,500279486,12/2025,19,23-24,74.01599999999999
2127570400.0,500279486,12/2025,20,23-24,73.803
2127570400.0,500279486,12/2025,21,23-24,73.45599999999999
2127570400.0,500279486,12/2025,22,23-24,73.00999999999999
2127570400.0,500279486,12/2025,23,23-24,73.27799999999999
2127570400.0,500279486,12/2025,24,23-24,72.884
2127570400.0,500279486,12/2025,25,23-24,72.151
2127570400.0,500279486,12/2025,26,23-24,72.14099999999999
2127570400.0,500279486,12/2025,27,23-24,72.21499999999999
2127570400.0,500279486,12/2025,28,23-24,72.23899999999999
2127570400.0,500279486,12/2025,29,23-24,72.633
2127570400.0,500279486,12/2025,30,23-24,72.914
2127570400.0,500279486,12/2025,31,23-24,35.90700000000001
