date,daily_active_kwh,active_hours_count,mean_active_intensity,p10_active,night_missing_frac,has_imputed_long,rolling_28d_median,daily_kwh_norm,delta_1d,delta_7d,rolling_7d_std,rolling_28d_zscore,day_of_year,month,month_sin,month_cos,day_of_year_sin,day_of_year_cos
2025-01-01,99.539,16,6.2211875,4.9545,0.3333333333333333,0,98.13200000000002,1.014337830677047,,,,0.6601413409640645,1,1,0.49999999999999994,0.8660254037844387,0.017213356155834685,0.9998518392091162
2025-01-02,99.408,16,6.213,4.925,0.3333333333333333,0,98.13200000000002,1.0130028940610605,-0.13100000000000023,,,0.646865839096391,2,1,0.49999999999999994,0.8660254037844387,0.03442161162274574,0.9994074007397048
2025-01-03,98.959,16,6.1849375,4.926,0.3333333333333333,0,98.13200000000002,1.008427424285656,-0.44899999999999807,,0.3041825110028527,0.6013643097942123,3,1,0.49999999999999994,0.8660254037844387,0.051619667223253764,0.998666816288476
2025-01-04,78.84399999999998,13,6.064923076923075,3.9978000000000007,0.4583333333333333,0,98.13200000000002,0.803448416418701,-20.115000000000023,,10.23201474132377,-1.4370839350016211,4,1,0.49999999999999994,0.8660254037844387,0.06880242680231986,0.9976303053065857
2025-01-05,98.13200000000002,15,6.542133333333335,6.4322,0.3333333333333333,0,98.13200000000002,1.0,19.28800000000004,,9.035065594670591,0.5175563705227174,5,1,0.49999999999999994,0.8660254037844387,0.08596479873744647,0.9962981749346078
2025-01-06,78.372,12,6.531,6.4208,0.4583333333333333,0,98.13200000000002,0.7986385684588104,-19.76000000000002,,10.547840764820078,-1.4849162776088094,6,1,0.49999999999999994,0.8660254037844387,0.10310169744743485,0.9946708199115211
2025-01-07,97.91999999999999,15,6.528,6.4874,0.3333333333333333,0,98.13200000000002,0.9978396445603878,19.547999999999988,,9.867800201135202,0.49607235223304397,7,1,0.49999999999999994,0.8660254037844387,0.1202080448993527,0.9927487224577402
2025-01-08,97.92800000000001,15,6.528533333333334,6.4350000000000005,0.3333333333333333,0,98.13200000000002,0.9979211674071657,0.008000000000023988,-1.61099999999999,9.708045438608917,0.4968830699043547,8,1,0.49999999999999994,0.8660254037844387,0.13727877211326478,0.9905324521322229
2025-01-09,98.26000000000002,15,6.550666666666668,6.4674000000000005,0.3333333333333333,0,98.03000000000002,1.0023462205447313,0.33200000000000784,-1.147999999999982,9.586643533484253,0.4970791090608539,9,1,0.49999999999999994,0.8660254037844387,0.15430882066428117,0.9880226656636976
2025-01-10,98.611,15,6.574066666666667,6.5268,0.375,0,98.13200000000002,1.004881180450821,0.3509999999999849,-0.347999999999999,9.549186021157347,0.5048494624545347,10,1,0.49999999999999994,0.8660254037844387,0.1712931441814776,0.9852201067560606
2025-01-11,97.56099999999999,15,6.504066666666666,6.3186,0.375,0,98.19600000000003,0.9935333414803044,-1.0500000000000114,18.717000000000013,7.4517377040207124,0.3508579210557573,11,1,0.49999999999999994,0.8660254037844387,0.1882267098432442,0.9821256058680006
2025-01-12,97.536,15,6.5024,6.3422,0.375,0,98.13200000000002,0.993926547915053,-0.024999999999991473,-0.5960000000000178,7.416707326801336,0.33104366230678894,12,1,0.49999999999999994,0.8660254037844387,0.2051044998686192,0.9787400799669153
2025-01-13,97.51899999999999,15,6.501266666666666,6.3666,0.375,0,98.03000000000002,0.9947873100071404,-0.017000000000010118,19.14699999999999,0.4140668223045054,0.3144811623061774,13,1,0.49999999999999994,0.8660254037844387,0.2219215130041655,0.9750645322571948
2025-01-14,97.16999999999999,15,6.477999999999999,6.4246,0.375,0,97.92800000000001,0.9922596193121475,-0.34900000000000375,-0.75,0.49805469196715396,0.25496470367245644,14,1,0.49999999999999994,0.8660254037844387,0.2386727660059501,0.9711000518829505
2025-01-15,96.80999999999999,15,6.453999999999999,6.3256,0.375,0,97.924,0.9886238307258689,-0.35999999999999943,-1.1180000000000234,0.6149139312596205,0.19548616787390724,15,1,0.49999999999999994,0.8660254037844387,0.255353295116187,0.9668478136052775
2025-01-16,96.803,15,6.453533333333334,6.2038,0.375,0,97.91999999999999,0.9885927287581701,-0.006999999999990791,-1.457000000000022,0.6159285672868289,0.18806808143255802,16,1,0.49999999999999994,0.8660254037844387,0.2719581575341055,0.9623090774541486
2025-01-17,96.694,15,6.446266666666667,6.1666,0.375,0,97.7405,0.9892930770765446,-0.10899999999999466,-1.9170000000000016,0.38690198094237593,0.16596336576712034,17,1,0.49999999999999994,0.8660254037844387,0.288482432880609,0.9574851883550393
2025-01-18,96.786,15,6.4524,6.0362,0.375,0,97.56099999999999,0.992056251985937,0.09199999999999875,-0.7749999999999915,0.3618129614146076,0.17540108112339536,18,1,0.49999999999999994,0.8660254037844387,0.30492122465628907,0.9523775757303974
2025-01-19,97.141,15,6.476066666666667,5.9706,0.375,0,97.54849999999999,0.9958225908138004,0.355000000000004,-0.394999999999996,0.29766759984920727,0.22709540814361323,19,1,0.49999999999999994,0.8660254037844387,0.3212696616923644,0.9469877530760753
2025-01-20,96.56399999999998,15,6.437599999999999,6.0198,0.375,0,97.536,0.9900344488188975,-0.5770000000000266,-0.9550000000000125,0.2240058460121221,0.12671140217715135,20,1,0.49999999999999994,0.8660254037844387,0.3375228995941133,0.9413173175128471
2025-01-21,96.32,15,6.421333333333333,5.9258,0.375,0,97.5275,0.9876188767270768,-0.24399999999998556,-0.8499999999999943,0.25190238094109496,0.08264699983990902,21,1,0.49999999999999994,0.8660254037844387,0.3536761221763716,0.9353679493131483
2025-01-22,100.39600000000002,15,6.693066666666668,6.1632,0.375,0,97.51899999999999,1.0295019432110668,4.076000000000022,3.586000000000027,1.4123639588933843,0.7828887487109674,22,1,0.49999999999999994,0.8660254037844387,0.3697245428906731,0.9291414114031743
2025-01-23,101.32300000000001,15,6.7548666666666675,6.215,0.375,0,97.5275,1.0389172284740202,0.9269999999999925,4.52000000000001,2.061509513970424,0.9160870016908653,23,1,0.49999999999999994,0.8660254037844387,0.38566340624360707,0.9226395488404876
2025-01-24,101.29599999999999,15,6.753066666666666,6.150399999999999,0.375,0,97.536,1.038549868766404,-0.027000000000015234,4.60199999999999,2.3328005956463054,0.8754934503549906,24,1,0.49999999999999994,0.8660254037844387,0.401487989205973,0.9158642882672872
2025-01-25,101.36699999999998,15,6.757799999999999,6.029,0.375,0,97.54849999999999,1.0391446306196404,0.07099999999998374,4.580999999999975,2.3982292078392975,0.856379867000651,25,1,0.49999999999999994,0.8660254037844387,0.4171936026123168,0.9088176373395029
2025-01-26,102.14200000000002,15,6.809466666666668,5.897600000000001,0.375,0,97.56099999999999,1.0469552382611909,0.7750000000000483,5.001000000000019,2.427002393704601,0.9643290402425696,26,1,0.49999999999999994,0.8660254037844387,0.4327755925504312,0.901501684131884
2025-01-27,101.02900000000001,15,6.735266666666667,5.8322,0.375,0,97.7405,1.033645213601322,-1.1130000000000138,4.465000000000032,1.9365768522736602,0.7319141530702181,27,1,0.49999999999999994,0.8660254037844387,0.4482293417404106,0.893918596519257
2025-01-28,100.223,15,6.681533333333333,5.7374,0.375,0,97.91999999999999,1.0235191993464055,-0.8060000000000116,3.903000000000006,0.647322544170018,0.567237889922201,28,1,0.49999999999999994,0.8660254037844387,0.4635502709028509,0.886070621534138
2025-01-29,100.19800000000002,15,6.679866666666668,5.776400000000001,0.375,0,97.924,1.0232220906008742,-0.024999999999977263,-0.1979999999999933,0.6868825365722172,0.5495709466470394,29,1,0.49999999999999994,0.8660254037844387,0.47873384011578846,0.8779600847008882
2025-01-30,100.241,15,6.682733333333333,5.6252,0.375,0,97.924,1.023661206650055,0.042999999999977945,-1.0820000000000078,0.7431953534122708,0.55190958310589,30,1,0.49999999999999994,0.8660254037844387,0.49377555015997715,0.869589389346611
2025-01-31,100.026,15,6.6684,5.5594,0.375,0,97.924,1.02146562640415,-0.2150000000000034,-1.269999999999996,0.7918124477306505,0.5063026287544997,31,1,0.49999999999999994,0.8660254037844387,0.5086709438521044,0.8609610158889943
2025-02-01,100.057,15,6.670466666666667,5.412000000000001,0.375,0,97.924,1.0217821984396063,0.03100000000000591,-1.3099999999999739,0.7753732127484624,0.5035628322570352,32,2,0.8660254037844386,0.5000000000000001,0.5234156073655503,0.8520775211013093
2025-02-02,99.16800000000002,15,6.611200000000001,5.364800000000001,0.375,0,98.03000000000002,1.0116086912169744,-0.8889999999999816,-2.9740000000000038,0.5439420487342221,0.2714027474583863,33,2,0.8660254037844386,0.5000000000000001,0.5380051715382996,0.8429415373547828
2025-02-03,73.872,11,6.715636363636364,7.025,0.5416666666666666,0,98.09400000000002,0.7530735824821089,-25.29600000000002,-27.15700000000001,9.87708097904775,-5.6851668156985715,34,2,0.8660254037844386,0.5000000000000001,0.5524353131676196,0.8335557718385699
2025-02-04,98.03099999999999,15,6.535399999999999,5.0928,0.375,0,98.09400000000002,0.9993577588843351,24.158999999999992,-2.1920000000000073,9.764417672149769,0.027701243191721937,35,2,0.8660254037844386,0.5000000000000001,0.5667017562911176,0.8239230057575542
2025-02-05,97.87299999999999,15,6.524866666666666,5.0812,0.375,0,98.1455,0.9972235099928167,-0.15800000000000125,-2.3250000000000313,9.634187765699922,-0.004452559366832438,36,2,0.8660254037844386,0.5000000000000001,0.5808002734538009,0.8140460935082178
2025-02-06,97.768,15,6.5178666666666665,5.000400000000001,0.375,0,98.1455,0.9961536698065627,-0.10499999999998977,-2.472999999999999,9.480164887053096,-0.02490740232077257,37,2,0.8660254037844386,0.5000000000000001,0.5947266869607634,0.8039279618328213
2025-02-07,97.292,14,6.949428571428571,7.0200000000000005,0.375,0,97.952,0.9932620058804312,-0.4759999999999991,-2.7339999999999947,9.305626209066068,-0.11592625808204989,38,2,0.8660254037844386,0.5000000000000001,0.6084768701151261,0.7935716089521474
2025-02-08,96.484,14,6.8917142857142855,6.9134,0.375,0,97.8205,0.9863372197034364,-0.8080000000000069,-3.5730000000000075,9.06839507772541,-0.26704514470887686,39,2,0.8660254037844386,0.5000000000000001,0.6220467484408675,0.7829801036770629
2025-02-09,96.52100000000002,14,6.894357142857144,6.9036,0.375,0,97.8205,0.9867154635275839,0.03700000000002035,-2.6470000000000056,8.887656678680571,-0.25174811105678246,40,2,0.8660254037844386,0.5000000000000001,0.6354323008901774,0.7721565844991642
2025-02-10,96.14600000000002,14,6.86757142857143,6.917599999999999,0.375,0,97.8205,0.9828819112558208,-0.375,22.274000000000015,0.7689373000634164,-0.31858319324538276,41,2,0.8660254037844386,0.5000000000000001,0.6486295610349814,0.7611042586607747
2025-02-11,96.239,14,6.874214285714286,6.9823,0.4166666666666667,0,97.8205,0.9838326322192179,0.09299999999998931,-1.7919999999999874,0.7275387078560216,-0.28992514669672664,42,2,0.8660254037844386,0.5000000000000001,0.6616346182422783,0.7498264012045686
2025-02-12,91.006,14,6.5004285714285714,6.2029000000000005,0.4166666666666667,0,97.8205,0.9303366881175215,-5.233000000000004,-6.86699999999999,2.2463667490925805,-1.3164888943905113,43,2,0.8660254037844386,0.5000000000000001,0.6744436188329455,0.7383263540031065
2025-02-13,92.14800000000001,14,6.582000000000001,6.144,0.4166666666666667,0,97.8205,0.9420111326357974,1.1420000000000101,-5.61999999999999,2.4699357520080873,-1.0191927399856113,44,2,0.8660254037844386,0.5000000000000001,0.6870527672236669,0.7266075247685656
2025-02-14,94.41300000000001,14,6.743785714285715,6.8491,0.4166666666666667,0,97.8205,0.9651657883572463,2.2650000000000006,-2.8789999999999907,2.280291606247743,-0.5432022477590026,45,2,0.8660254037844386,0.5000000000000001,0.699458327051647,0.7146733860429609
2025-02-15,93.20899999999999,14,6.657785714285714,6.8333,0.4166666666666667,0,97.8205,0.9528575298633721,-1.204000000000022,-3.2750000000000057,2.1893647262989266,-0.7507196781972876,46,2,0.8660254037844386,0.5000000000000001,0.7116566222817746,0.7025274741691571
2025-02-16,93.616,14,6.686857142857143,6.7885,0.4166666666666667,0,97.8205,0.9570182119289924,0.4070000000000107,-2.9050000000000153,1.9468952817486755,-0.6441311583282002,47,2,0.8660254037844386,0.5000000000000001,0.7236440382959124,0.6901733882429719
2025-02-17,93.053,14,6.646642857142857,6.6321,0.4166666666666667,0,97.8205,0.9512627721183188,-0.5630000000000024,-3.0930000000000177,1.6626511818120209,-0.7198928686374817,48,2,0.8660254037844386,0.5000000000000001,0.7354170229639855,0.6776147890466889
2025-02-18,92.48700000000001,14,6.6062142857142865,6.4064000000000005,0.4166666666666667,0,97.8205,0.9454766638894712,-0.5659999999999883,-3.7519999999999953,1.097320806501382,-0.793727294088184,49,2,0.8660254037844386,0.5000000000000001,0.7469720876965552,0.6648553979642865
2025-02-19,92.636,14,6.6168571428571425,6.4024,0.4166666666666667,0,97.8205,0.9469998619921182,0.1489999999999867,1.6299999999999955,0.7636495082356094,-0.7334176448983328,50,2,0.8660254037844386,0.5000000000000001,0.7583058084785624,0.6518989958787126
2025-02-20,91.62,14,6.5442857142857145,6.2815,0.4166666666666667,0,97.53,0.9394032605352199,-1.0159999999999911,-0.5280000000000058,0.8871691737527013,-0.8663537061948927,51,2,0.8660254037844386,0.5000000000000001,0.7694148268839378,0.6387494220515272
2025-02-21,91.32100000000001,14,6.522928571428572,6.1248,0.4166666666666667,0,96.90650000000001,0.9423619674634829,-0.2989999999999924,-3.0919999999999987,0.8375701818496443,-0.8600056503761323,52,2,0.8660254037844386,0.5000000000000001,0.7802958510707755,0.6254105729852463
2025-02-22,90.434,14,6.4595714285714285,5.9821,0.4166666666666667,0,96.5025,0.9371156187663532,-0.8870000000000147,-2.7749999999999915,1.0973582997795301,-0.9607385186088111,53,2,0.8660254037844386,0.5000000000000001,0.7909456567567772,0.6118864012687243
2025-02-23,90.30300000000001,14,6.450214285714287,5.8544,0.4166666666666667,0,96.3615,0.9371273797107766,-0.13099999999998602,-3.312999999999988,1.082449206990331,-0.9182020927183439,54,2,0.8660254037844386,0.5000000000000001,0.8013610881746766,0.5981809144059165
2025-02-24,91.18000000000002,14,6.512857142857144,5.8129,0.4166666666666667,0,96.19250000000001,0.9478909478389689,0.8770000000000095,-1.8729999999999762,0.9077619784522181,-0.6920673288244122,55,2,0.8660254037844386,0.5000000000000001,0.8115390590073611,0.5842981736283684
2025-02-25,90.201,14,6.442928571428571,5.585800000000001,0.4166666666666667,0,95.27950000000001,0.9466989226433806,-0.9790000000000276,-2.2860000000000156,0.8729165126716718,-0.8228485564572886,56,2,0.8660254037844386,0.5000000000000001,0.8214765533024142,0.5702422926917871
2025-02-26,89.72900000000001,13,6.90223076923077,6.8006,0.4166666666666667,0,94.0145,0.9544166059490825,-0.47199999999998,-2.9069999999999823,0.6929232761758316,-0.8539044947274684,57,2,0.8660254037844386,0.5000000000000001,0.8311706263658079,0.5560174366570446
2025-02-27,89.502,13,6.884769230769231,6.8626,0.4166666666666667,0,93.4125,0.9581372942593336,-0.22700000000001808,-2.118000000000009,0.6783604885166165,-0.8372026172840478,58,2,0.8660254037844386,0.5000000000000001,0.8406184056344782,0.5416278206559814
2025-02-28,89.097,13,6.853615384615384,6.7448,0.4166666666666667,0,93.131,0.9566846699809944,-0.40500000000000114,-2.224000000000018,0.6857360314008734,-0.8573653514560752,59,2,0.8660254037844386,0.5000000000000001,0.8498170915275278,0.5270777086423722
2025-03-01,88.49199999999999,13,6.807076923076922,6.8006,0.4166666666666667,0,92.8445,0.9531205402581735,-0.605000000000004,-1.9420000000000073,0.8770985718614508,-0.9190185102813839,60,3,1.0,6.123233995736766e-17,0.8587639582758029,0.5123714121284237
2025-03-02,88.636,13,6.818153846153846,6.7688,0.4583333333333333,0,92.5615,0.9575903588424993,0.14400000000000546,-1.6670000000000158,0.9376380660236685,-0.8275909830743573,61,3,1.0,6.123233995736766e-17,0.8674563547295969,0.49751328890718066
2025-03-03,88.17299999999999,13,6.7825384615384605,6.7562,0.4166666666666667,0,92.31750000000001,0.9551060199853764,-0.46300000000000807,-3.0070000000000334,0.7315884218924034,-0.8668344812812325,62,3,1.0,6.123233995736766e-17,0.8758917051442429,0.48250774176121847
2025-03-04,88.114,13,6.7780000000000005,6.845400000000001,0.4583333333333333,0,92.31750000000001,0.9544669212229533,-0.05899999999998329,-2.086999999999989,0.6359530530736114,-1.4681387695079369,63,3,1.0,6.123233995736766e-17,0.8840675099433636,0.4673592171580022
2025-03-05,87.755,13,6.750384615384615,6.7386,0.4583333333333333,0,91.88400000000001,0.9550629054024637,-0.35900000000000887,-1.974000000000018,0.6027140994813477,-1.4959733832531454,64,3,1.0,6.123233995736766e-17,0.8919813464595485,0.45207220393230435
2025-03-06,87.35900000000001,13,6.719923076923077,6.7694,0.4583333333333333,0,91.47050000000002,0.9550510820428444,-0.3959999999999866,-2.1429999999999865,0.575340975504556,-1.5418016582849554,65,3,1.0,6.123233995736766e-17,0.8996308696522433,0.43665123195606403
2025-03-07,86.892,13,6.683999999999999,6.694999999999999,0.4583333333333333,0,91.25050000000002,0.9522358781595716,-0.46700000000001296,-2.2049999999999983,0.6245216073880164,-1.6204074968798072,66,3,1.0,6.123233995736766e-17,0.9070138128026359,0.4211008707960896
2025-03-08,86.806,13,6.677384615384615,6.4952000000000005,0.4583333333333333,0,91.09300000000002,0.9529382060092431,-0.08599999999999852,-1.6859999999999928,0.687839336168126,-1.5653384898897165,67,3,1.0,6.123233995736766e-17,0.9141279881853337,0.40542572835999735
2025-03-09,87.36599999999999,13,6.720461538461537,6.4758000000000004,0.4583333333333333,0,90.72,0.9630291005291004,0.5599999999999881,-1.2700000000000102,0.545269352399259,-1.279026519264353,68,3,1.0,6.123233995736766e-17,0.9209712877166346,0.38963044953078796
2025-03-10,86.11500000000001,13,6.62423076923077,6.328,0.4583333333333333,0,90.36850000000001,0.9529316078058173,-1.2509999999999764,-2.0579999999999785,0.6612583962914068,-1.6917529631209567,69,3,1.0,6.123233995736766e-17,0.9275416835791966,0.37371971479046906
2025-03-11,85.681,13,6.590846153846154,6.3326,0.4583333333333333,0,90.25200000000001,0.9493529229269156,-0.4340000000000117,-2.433000000000007,0.7365194854042494,-1.7831360439990533,70,3,1.0,6.123233995736766e-17,0.9338372288229252,0.35769823883312546
2025-03-12,57.533,9,6.392555555555556,5.3192,0.625,0,89.965,0.6395042516534207,-28.147999999999996,-30.221999999999994,11.04270603913124,-13.236884914408378,71,3,1.0,6.123233995736766e-17,0.9398560579418954,0.3415707691678556
2025-03-13,85.72099999999999,13,6.593923076923076,6.1138,0.4583333333333333,0,89.6155,0.9565421160401939,28.187999999999988,-1.6380000000000194,10.94035148734562,-0.4543597797310604,72,3,1.0,6.123233995736766e-17,0.9455963874271426,0.3253420847119801
2025-03-14,85.282,13,6.560153846153846,6.0526,0.4583333333333333,0,89.2995,0.9550109463098898,-0.43899999999999295,-1.6099999999999994,10.844274556957025,-0.4871149170221671,73,3,1.0,6.123233995736766e-17,0.9510565162951535,0.30901699437494745
2025-03-15,84.84500000000001,13,6.526538461538463,6.0064,0.4583333333333333,0,88.8665,0.9547467268318209,-0.4369999999999834,-1.9609999999999843,10.726285135568727,-0.5101679498354703,74,3,1.0,6.123233995736766e-17,0.9562348265919056,0.29260033563334836
2025-03-16,83.41900000000001,13,6.416846153846155,5.8006,0.4583333333333333,0,88.564,0.9419064179576354,-1.426000000000002,-3.9469999999999743,10.485467228502449,-0.6891738837016841,75,3,1.0,6.123233995736766e-17,0.9611297838723007,0.27609697309746883
2025-03-17,59.041,9,6.560111111111111,5.9474,0.625,0,88.33249999999998,0.6683949848583478,-24.378000000000014,-27.074000000000012,13.059708020144525,-4.454080619414629,76,3,1.0,6.123233995736766e-17,0.9657399376548549,0.2595117970697999
2025-03-18,84.441,13,6.495461538461539,5.5854,0.4583333333333333,0,88.14349999999999,0.9579946337506454,25.400000000000006,-1.2399999999999949,12.935857224894521,-0.22241234368305907,77,3,1.0,6.123233995736766e-17,0.9700639218515071,0.2428497220959356
2025-03-19,82.82,12,6.901666666666666,6.8925,0.4583333333333333,0,87.9345,0.9418373903303026,-1.6210000000000093,25.286999999999992,9.646389442983997,-0.38799804333913246,78,3,1.0,6.123233995736766e-17,0.9741004551724205,0.22611568550828828
2025-03-20,83.249,12,6.937416666666667,6.8489,0.4583333333333333,0,87.56049999999999,0.9507597603942417,0.42900000000000205,-2.471999999999994,9.479833610655469,-0.2956534243126477,79,3,1.0,6.123233995736766e-17,0.9778483415056568,0.20931464596304847
2025-03-21,82.659,12,6.88825,6.833,0.4583333333333333,0,87.3625,0.9461611103162113,-0.5899999999999892,-2.6229999999999905,9.306917977402296,-0.33476902737932374,80,3,1.0,6.123233995736766e-17,0.9813064702716093,0.19245158197082998
2025-03-22,82.531,12,6.877583333333334,6.8766,0.5,0,87.1255,0.9472657258781872,-0.1280000000000001,-2.314000000000007,9.148703996169216,-0.314977578792687,81,3,1.0,6.123233995736766e-17,0.9844738167520922,0.1755314904214282
2025-03-23,82.59200000000001,12,6.882666666666668,6.9656,0.5,0,86.84899999999999,0.9509838915819413,0.06100000000000705,-0.8269999999999982,9.098435231767352,-0.27375260845460603,82,3,1.0,6.123233995736766e-17,0.9873494423939864,0.15855938510313475
2025-03-24,82.958,12,6.913166666666666,6.9725,0.5,0,86.4605,0.9594901718125618,0.36599999999998545,23.917,0.6666362612105406,-0.193958563681153,83,3,1.0,6.123233995736766e-17,0.989932495087353,0.141540295217043
2025-03-25,82.29100000000001,12,6.857583333333334,6.9176,0.5,0,85.918,0.9577853301985615,-0.6669999999999874,-2.1499999999999915,0.31247338934134017,-0.2451545601780466,84,3,1.0,6.123233995736766e-17,0.9922222094179323,0.12447926388678915
2025-03-26,82.276,12,6.856333333333333,6.8478,0.5,0,85.701,0.9600354721648523,-0.01500000000001478,-0.5439999999999969,0.35119388214487096,-0.21275186151030484,85,3,1.0,6.123233995736766e-17,0.994217906893952,0.10738134666416309
2025-03-27,80.821,12,6.735083333333333,6.5469,0.5,0,85.4815,0.9454794312219603,-1.4549999999999983,-2.4279999999999973,0.6938366762662267,-0.3728339690357551,86,3,1.0,6.123233995736766e-17,0.995918996147179,0.09025161003104117
2025-03-28,80.32300000000001,12,6.693583333333334,6.3349,0.5,0,85.0635,0.944271044572584,-0.49799999999999045,-2.3359999999999985,0.9922395064167001,-0.40163435426700367,87,3,1.0,6.123233995736766e-17,0.9973249731081555,0.07309512989807777
2025-03-29,81.584,12,6.798666666666667,6.317100000000001,0.5,0,84.643,0.9638599766076344,1.2609999999999957,-0.9470000000000027,0.9672931303378592,-0.1924082533142894,88,3,1.0,6.123233995736766e-17,0.9984354211555643,0.055916990100603484
2025-03-30,83.449,12,6.954083333333333,6.323300000000001,0.5,0,83.93,0.9942690337185749,1.8649999999999949,0.8569999999999851,1.1210829373332571,0.0941125824503038,89,3,1.0,6.123233995736766e-17,0.9992500112396835,0.03872228089217446
2025-03-31,83.62299999999999,12,6.968583333333332,6.1937,0.5,0,83.434,1.0022652635616174,0.17399999999999238,0.664999999999992,1.2416904951368093,0.14495610724333663,90,3,1.0,6.123233995736766e-17,0.9997685019798909,0.021516097436222254
2025-04-01,82.37400000000001,12,6.8645000000000005,5.9757,0.5,0,83.434,0.9872953472205577,-1.248999999999981,0.08299999999999841,1.2447408986454624,-0.005363901628611942,91,4,0.8660254037844387,-0.4999999999999998,0.9999907397361901,0.004303538296244289
2025-04-02,80.12200000000001,12,6.6768333333333345,5.5503,0.5,0,83.334,0.9614563083495333,-2.2519999999999953,-2.153999999999982,1.4353346714430122,-0.2952421338936308,92,4,0.8660254037844387,-0.4999999999999998,0.9999166586547379,-0.01291029607500882
2025-04-03,79.861,12,6.655083333333334,5.3677,0.5,0,83.1035,0.9609823894300482,-0.2610000000000099,-0.9599999999999937,1.578361688285173,-0.29675593052341975,93,4,0.8660254037844387,-0.4999999999999998,0.9995462806873573,-0.030120304846908114
2025-04-04,79.509,12,6.62575,5.2085,0.5,0,82.889,0.9592225747686666,-0.35200000000000387,-0.8140000000000072,1.7139563810637897,-0.3120340518253564,94,4,0.8660254037844387,-0.4999999999999998,0.9988797155850336,-0.04732138832243185
2025-04-05,79.916,12,6.659666666666666,5.0883,0.5,0,82.73949999999999,0.965874823995794,0.4069999999999965,-1.6680000000000064,1.813877194351724,-0.21713362051754873,95,4,0.8660254037844387,-0.4999999999999998,0.9979171608653922,-0.06450844944931623
2025-04-06,79.44200000000001,12,6.620166666666667,4.8955,0.5,0,82.62550000000002,0.9614707324010141,-0.47399999999998954,-4.006999999999991,1.6329681418753237,-0.2532926267083854,96,4,0.8660254037844387,-0.4999999999999998,0.9966589017541702,-0.08167639533042241
2025-04-07,78.74199999999999,12,6.5618333333333325,4.71,0.5,0,82.56150000000001,0.9537375168813549,-0.700000000000017,-4.881,1.1410507480049297,-0.3197988806112001,97,4,0.8660254037844387,-0.4999999999999998,0.9951053111006976,-0.09882013873287143
2025-04-08,77.54199999999999,12,6.461833333333332,4.3976,0.5,0,82.45250000000001,0.9404444983475331,-1.2000000000000028,-4.832000000000022,0.8977257243664485,-0.46512840068160316,98,4,0.8660254037844387,-0.4999999999999998,0.9932568492674143,-0.11593459959550041
2025-04-09,77.28,12,6.44,4.3071,0.5,0,82.33250000000001,0.9386329821152035,-0.26199999999998624,-2.842000000000013,1.088878693667288,-0.4644822772440606,99,4,0.8660254037844387,-0.4999999999999998,0.9911140639934547,-0.1330147065341959
2025-04-10,77.415,12,6.451250000000001,4.1174,0.5,0,82.33250000000001,0.9402726748246439,0.13500000000000512,-2.445999999999998,1.120665852241292,-0.7457851085080752,100,4,0.8660254037844387,-0.4999999999999998,0.9886775902323405,-0.1500553983446526
2025-04-11,76.50000000000001,12,6.375000000000001,3.9053000000000004,0.5,0,82.2835,0.9297125183056143,-0.914999999999992,-3.008999999999986,1.2597150282423673,-0.8815448027351086,101,4,0.8660254037844387,-0.4999999999999998,0.9859481499638304,-0.16705162550211924
2025-04-12,75.951,12,6.329249999999999,3.7736,0.5,0,81.93,0.9270230684730866,-0.5490000000000208,-3.9650000000000034,1.2076802044370705,-0.9348322227660428,102,4,0.8660254037844387,-0.4999999999999998,0.9829265519799822,-0.18399835165768005
2025-04-13,76.677,12,6.38975,3.6307,0.5,0,81.2025,0.9442689572365384,0.7260000000000133,-2.7650000000000006,0.8998721073144045,-0.7177556959792232,103,4,0.8660254037844387,-0.4999999999999998,0.9796136916454901,-0.20089055513063506
2025-04-14,76.806,12,6.4005,3.5099000000000005,0.5,0,80.572,0.9532591967432854,0.12899999999999068,-1.9359999999999928,0.5684155924259441,-0.6406602011652404,104,4,0.8660254037844387,-0.4999999999999998,0.9760105506323683,-0.21772323039653177
2025-04-15,76.362,12,6.363499999999999,3.2695000000000003,0.5,0,80.572,0.947748597527677,-0.4440000000000026,-1.1799999999999926,0.5120956941809329,-1.6128243786810548,105,4,0.8660254037844387,-0.4999999999999998,0.9721181966290613,-0.23449138957040985
2025-04-16,75.47,12,6.289166666666667,3.1097,0.5,0,80.22250000000001,0.9407585153791017,-0.8919999999999959,-1.8100000000000023,0.6230299236095606,-1.853151414007013,106,4,0.8660254037844387,-0.4999999999999998,0.9679377830240642,-0.25119006388481935
2025-04-17,74.472,12,6.2059999999999995,2.9014,0.5,0,80.019,0.9306789637461101,-0.9980000000000047,-2.943000000000012,0.8265391702748538,-2.0628673391325267,107,4,0.8660254037844387,-0.4999999999999998,0.9634705485641488,-0.2678143051621742
2025-04-18,74.163,12,6.18025,2.7791000000000006,0.5,0,79.8885,0.9283313618355583,-0.3089999999999975,-2.3370000000000175,1.0489886285636174,-1.9784366491953156,108,4,0.8660254037844387,-0.4999999999999998,0.9587178169872964,-0.2843591872810034
2025-04-19,74.526,12,6.2105,2.6105000000000005,0.5,0,79.685,0.9352575767082888,0.36299999999999955,-1.4249999999999972,1.1275235189178638,-1.6655411966002207,109,4,0.8660254037844387,-0.4999999999999998,0.9536809966304457,-0.30081980763566735
2025-04-20,74.44600000000001,12,6.203833333333335,2.4835000000000003,0.5,0,79.47550000000001,0.9367163465470492,-0.07999999999998408,-2.2309999999999945,1.0509593123375947,-1.5581744192192415,110,4,0.8660254037844387,-0.4999999999999998,0.9483615800121715,-0.3171912885891061
2025-04-21,74.04999999999998,12,6.170833333333332,2.2740000000000005,0.5,0,79.092,0.9362514540029331,-0.3960000000000292,-2.7560000000000144,0.8329894814396656,-1.573571903516001,111,4,0.8660254037844387,-0.4999999999999998,0.9427611433904207,-0.3334687789181868
2025-04-22,72.58400000000002,12,6.048666666666668,2.1229000000000005,0.5,0,78.142,0.9288730772183975,-1.4659999999999656,-3.7779999999999774,0.8636341542456566,-1.9521463837547672,112,4,0.8660254037844387,-0.4999999999999998,0.9368813462954315,-0.3496474552512284
2025-04-23,71.936,12,5.994666666666667,1.8530000000000006,0.5,0,77.4785,0.9284640255038495,-0.6480000000000103,-3.533999999999992,1.0422600214819806,-1.9886214656789891,113,4,0.8660254037844387,-0.4999999999999998,0.9307239310379795,-0.36572252349726897
2025-04-24,71.835,11,6.530454545454545,6.743,0.5,0,77.3475,0.9287307282071172,-0.1010000000000133,-2.6370000000000005,1.1982891176683896,-1.8442139152098174,114,4,0.8660254037844387,-0.4999999999999998,0.9242907221930933,-0.3816892202666588
2025-04-25,71.033,11,6.457545454545454,6.719,0.5,0,77.043,0.9219916150721025,-0.8019999999999925,-3.1299999999999955,1.4144391956156794,-1.919661663404442,115,4,0.8660254037844387,-0.4999999999999998,0.9175836260593937,-0.39754281428255595
2025-04-26,70.318,10,7.0318,6.8591,0.5,0,76.7415,0.9162969188770091,-0.7150000000000034,-4.207999999999998,1.5071673051499628,-1.9432291882975572,116,4,0.8660254037844387,-0.4999999999999998,0.9106046300942162,-0.4132786077829042
2025-04-27,69.326,10,6.932599999999999,6.7671,0.5,0,76.58850000000001,0.9051750589187669,-0.9920000000000044,-5.120000000000019,1.5423454464513489,-2.049690721874637,117,4,0.8660254037844387,-0.4999999999999998,0.9033558023246845,-0.4288919379124835
2025-04-28,69.85300000000001,10,6.9853000000000005,6.7427,0.5416666666666666,0,76.43100000000001,0.9139354450419332,0.5270000000000152,-4.196999999999974,1.201706128405108,-1.760067197794158,118,4,0.8660254037844387,-0.4999999999999998,0.895839290734909,-0.4443781781046132
2025-04-29,69.66499999999999,10,6.966499999999999,6.7359,0.5833333333333334,0,76.1565,0.9147610512562946,-0.1880000000000166,-2.9190000000000254,1.050763350639147,-1.7335212052412614,119,4,0.8660254037844387,-0.4999999999999998,0.8880573226294932,-0.45973273945210397
2025-04-30,69.521,10,6.9521,6.6697999999999995,0.5833333333333334,0,75.7105,0.9182477991824121,-0.14399999999999125,-2.4150000000000063,0.9137223971461017,-1.683146836226333,120,4,0.8660254037844387,-0.4999999999999998,0.8800122039735357,-0.47495107206704995
2025-05-01,69.321,10,6.9321,6.7687,0.5833333333333334,0,74.99799999999999,0.9243046481239501,-0.20000000000000284,-2.513999999999996,0.6210641022039829,-1.6193730802465185,121,5,0.49999999999999994,-0.8660254037844387,0.8717063187093218,-0.4900286664290592
2025-05-02,68.594,10,6.859399999999999,6.5444,0.5833333333333334,0,74.499,0.9207371911032363,-0.7270000000000039,-2.439000000000007,0.5327882631329016,-1.7195857854907528,122,5,0.49999999999999994,-0.8660254037844387,0.8631421280499114,-0.5049610547215204
2025-05-03,69.244,10,6.9244,6.7788,0.5833333333333334,0,74.459,0.9299614552975463,0.6500000000000057,-1.073999999999998,0.40101573416322234,-1.4043313038083067,123,5,0.49999999999999994,-0.8660254037844387,0.854322169749827,-0.5197438121555155
2025-05-04,68.988,10,6.8988,6.7129,0.5833333333333334,0,74.3045,0.9284498247077901,-0.2560000000000002,-0.33799999999999386,0.4254753084423227,-1.4015918471892248,124,5,0.49999999999999994,-0.8660254037844387,0.8452490573530633,-0.5343725582809786
2025-05-05,69.01100000000001,10,6.901100000000001,6.6359,0.5833333333333334,0,74.10649999999998,0.9312408493182113,0.023000000000010346,-0.8419999999999987,0.3613161127491949,-1.316391286794784,125,5,0.49999999999999994,-0.8660254037844387,0.8359254794186372,-0.548842958284719
2025-05-06,68.494,10,6.8494,6.415,0.5833333333333334,0,73.31700000000001,0.9342171665507316,-0.5170000000000101,-1.1709999999999923,0.37658098477499524,-1.404022666674026,126,5,0.49999999999999994,-0.8660254037844387,0.8263541987239096,-0.5631507242749186
2025-05-07,67.69800000000001,10,6.769800000000001,6.2478,0.5833333333333334,0,72.26000000000002,0.9368668696374203,-0.7959999999999923,-1.8229999999999933,0.561247038383385,-1.5640666660520766,127,5,0.49999999999999994,-0.8660254037844387,0.8165380514459161,-0.5772916165517272
2025-05-08,66.54100000000001,10,6.6541000000000015,6.0404,0.5833333333333334,0,71.88550000000001,0.92565260031578,-1.1569999999999965,-2.779999999999987,0.9503508875792757,-1.8235696349213224,128,5,0.49999999999999994,-0.8660254037844387,0.8064799463209448,-0.5912614448635781
2025-05-09,66.373,10,6.637300000000001,5.889,0.5833333333333334,0,71.434,0.9291513844947785,-0.16800000000000637,-2.2209999999999894,1.1999618644729546,-1.7450869374623525,129,5,0.49999999999999994,-0.8660254037844387,0.7961828637826158,-0.6050560696488488
2025-05-10,65.542,10,6.5542,5.7822000000000005,0.5833333333333334,0,70.6755,0.9273652114240437,-0.8310000000000031,-3.701999999999998,1.3871428669507349,-1.8729905623803078,130,5,0.49999999999999994,-0.8660254037844387,0.7856498550787147,-0.6186714032625031
2025-05-11,65.757,10,6.5757,5.6557,0.5833333333333334,0,70.0855,0.9382397214830458,0.2150000000000034,-3.2309999999999945,1.354822357007226,-1.6523566920598325,131,5,0.49999999999999994,-0.8660254037844387,0.7748840413670407,-0.6321034111873487
2025-05-12,59.268,9,6.585333333333334,5.5518,0.625,0,69.759,0.8496108029071517,-6.489000000000004,-9.74300000000001,3.009710000268024,-3.5450411940361453,132,5,0.49999999999999994,-0.8660254037844387,0.7638886127905428,-0.6453481132295501
2025-05-13,67.363,10,6.7363,6.4522,0.5416666666666666,0,69.59299999999999,0.9679565473539007,8.094999999999999,-1.1310000000000002,2.859288023267168,-0.7544846640626827,133,5,0.49999999999999994,-0.8660254037844387,0.7526668275320085,-0.6584015846980488
2025-05-14,64.809,10,6.4809,6.2845,0.5833333333333334,0,69.42349999999999,0.9335311529957436,-2.554000000000002,-2.88900000000001,2.693875195963552,-1.4235261734522184,134,5,0.49999999999999994,-0.8660254037844387,0.7412220108485958,-0.6712599575675313
2025-05-15,64.471,10,6.447100000000001,6.239400000000001,0.5833333333333334,0,69.3235,0.9300020916428052,-0.33799999999999386,-2.0700000000000074,2.6211007774813604,-1.4340535579070899,135,5,0.49999999999999994,-0.8660254037844387,0.7295575540864875,-0.6839194216246106
2025-05-16,64.578,10,6.457800000000001,6.2663,0.5833333333333334,0,69.2825,0.9320968498538592,0.10699999999999932,-1.7950000000000017,2.5274151109100114,-1.308351016835376,136,5,0.49999999999999994,-0.8660254037844387,0.717676913675962,-0.6963762255968722
2025-05-17,64.214,10,6.4214,6.2435,0.5833333333333334,0,69.1275,0.9289211963400962,-0.3640000000000043,-1.328000000000003,2.489321517812987,-1.3323503935496988,137,5,0.49999999999999994,-0.8660254037844387,0.705583610107178,-0.7086266782644596
2025-05-18,64.528,10,6.452800000000001,6.2854,0.5833333333333334,0,68.99950000000001,0.9351951825737866,0.31400000000000716,-1.2289999999999992,2.4159228346237147,-1.1631364376703686,138,5,0.49999999999999994,-0.8660254037844387,0.6932812268869777,-0.7206671495538609
2025-05-19,65.699,10,6.5699,6.356400000000001,0.5833333333333334,0,68.791,0.9550522597432803,1.1709999999999923,6.430999999999997,1.1064018042194477,-0.7354574722833441,139,5,0.49999999999999994,-0.8660254037844387,0.6807734094770161,-0.7324940716135789
2025-05-20,65.837,10,6.5837,6.392099999999999,0.5833333333333334,0,68.544,0.9605071195144725,0.13800000000000523,-1.5259999999999962,0.6347589718783475,-0.6382838444538453,140,5,0.49999999999999994,-0.8660254037844387,0.6680638642135335,-0.7441039398713607
2025-05-21,65.843,10,6.584300000000001,6.279000000000001,0.5833333333333334,0,68.096,0.9669143562030075,0.006000000000000227,1.034000000000006,0.729634089637406,-0.5821084951171106,141,5,0.49999999999999994,-0.8660254037844387,0.6551563572090853,-0.7554933140726803
2025-05-22,65.74199999999999,10,6.574199999999999,6.2079,0.5833333333333334,0,67.5305,0.9735156706969441,-0.1010000000000133,1.2709999999999866,0.7271413041421668,-0.5653926392978827,142,5,0.49999999999999994,-0.8660254037844387,0.6420547132365637,-0.766658819300159
2025-05-23,65.161,10,6.5161,6.0344999999999995,0.5833333333333334,0,66.952,0.9732494921734974,-0.5809999999999889,0.5829999999999984,0.6747417848255503,-0.7369394081300439,143,5,0.49999999999999994,-0.8660254037844387,0.6287628145958344,-0.7775971469736269
2025-05-24,64.864,10,6.486400000000001,5.9465,0.5833333333333334,0,66.45700000000001,0.9760296131333042,-0.29699999999999704,0.6500000000000057,0.5316822359258269,-0.801505896158228,144,5,0.49999999999999994,-0.8660254037844387,0.6152845999633276,-0.7883050558305255
2025-05-25,64.40299999999999,10,6.440299999999999,5.7755,0.5833333333333334,0,66.108,0.9742088703333937,-0.46100000000001273,-0.1250000000000142,0.5661284979486275,-0.9352733609417324,145,5,0.49999999999999994,-0.8660254037844387,0.6016240632249226,-0.7987793728863649
2025-05-26,64.793,10,6.4793,5.7134,0.5833333333333334,0,65.84,0.9840978128797084,0.3900000000000148,-0.9059999999999917,0.580204192298716,-0.7068306314321432,146,5,0.49999999999999994,-0.8660254037844387,0.5877852522924732,-0.8090169943749473
2025-05-27,64.532,10,6.4532,5.7071,0.5833333333333334,0,65.797,0.9807741994315851,-0.2610000000000099,-1.3050000000000068,0.5638545067311431,-0.7644705678575977,147,5,0.49999999999999994,-0.8660254037844387,0.5737722679043246,-0.8190148866680801
2025-05-28,64.821,10,6.4821,5.642,0.5833333333333334,0,65.7495,0.9858782196062328,0.2890000000000015,-1.0220000000000056,0.4431830751443097,-0.5786464110428521,148,5,0.49999999999999994,-0.8660254037844387,0.5595892624101765,-0.8287700871745038
2025-05-29,64.223,10,6.4223,5.491099999999999,0.5833333333333334,0,65.72049999999999,0.9772141112742602,-0.597999999999999,-1.5189999999999912,0.31758291005823236,-0.8038042370982256,149,5,0.49999999999999994,-0.8660254037844387,0.545240438540651,-0.8382797052177744
2025-05-30,63.998000000000005,10,6.399800000000001,5.3623,0.5833333333333334,0,65.62049999999999,0.9752744950129916,-0.22499999999999432,-1.1629999999999967,0.33115627155414373,-0.8567455467337567,150,5,0.49999999999999994,-0.8660254037844387,0.5307300481619334,-0.8475409228928311
2025-05-31,64.09700000000001,10,6.409700000000001,5.2645,0.5833333333333334,0,65.3515,0.9808038071046572,0.09900000000000375,-0.7669999999999959,0.32486502691650293,-0.7477121164203072,151,5,0.49999999999999994,-0.8660254037844387,0.5160623910158528,-0.8565509959010036
2025-06-01,64.485,10,6.4485,5.2955,0.5833333333333334,0,65.0125,0.9918861757354355,0.387999999999991,0.08200000000000784,0.32606477591793226,-0.4909240809795666,152,6,1.2246467991473532e-16,-1.0,0.5012418134457758,-0.865307254363206
2025-06-02,64.151,10,6.4151,5.1716,0.5833333333333334,0,64.8425,0.9893356980375525,-0.3340000000000032,-0.6420000000000101,0.2926635480891567,-0.6242043065973998,153,6,1.2246467991473532e-16,-1.0,0.48627270710868997,-0.8738071036110808
2025-06-03,64.018,10,6.4018,5.1188,0.5833333333333334,0,64.815,0.9877034637043894,-0.13299999999999557,-0.5139999999999958,0.2978447182504072,-0.657023178197954,154,6,1.2246467991473532e-16,-1.0,0.4711595076738638,-0.8820480249558537
2025-06-04,63.869,10,6.3869,4.993,0.5833333333333334,0,64.801,0.9856175059026867,-0.1490000000000009,-0.9519999999999982,0.1973207444484092,-0.7090029396095836,155,6,1.2246467991473532e-16,-1.0,0.4559066935084588,-0.8900275764346767
2025-06-05,63.99499999999999,10,6.399499999999999,4.9998,0.5833333333333334,0,64.6855,0.989325273824891,0.12599999999999056,-0.22800000000000864,0.19632783563931847,-0.5670533819678859,156,6,1.2246467991473532e-16,-1.0,0.440518784350495,-0.8977433935342337
2025-06-06,64.21300000000001,10,6.4213000000000005,4.9669,0.5833333333333334,0,64.555,0.9947021919293626,0.21800000000001774,0.2150000000000034,0.19679660759551731,-0.3545302014915006,157,6,1.2246467991473532e-16,-1.0,0.42500033996955416,-0.9051931898913974
2025-06-07,64.01700000000001,10,6.401700000000001,4.9751,0.5833333333333334,0,64.53,0.9920502092050211,-0.19599999999999795,-0.0799999999999983,0.2005263312460713,-0.45490278504904613,158,6,1.2246467991473532e-16,-1.0,0.4093559588156213,-0.9123747579707273
2025-06-08,63.557,10,6.355700000000001,4.792000000000001,0.5833333333333334,0,64.5065,0.9852805531225536,-0.46000000000000796,-0.9279999999999973,0.21509278175037053,-0.7671481469730256,159,6,1.2246467991473532e-16,-1.0,0.39359027665646673,-0.9192859697186104
2025-06-09,63.76,10,6.3759999999999994,4.7089,0.5833333333333334,0,64.47800000000001,0.988864418871553,0.20299999999999585,-0.39099999999999824,0.2123047001681718,-0.555854671423345,160,6,1.2246467991473532e-16,-1.0,0.3777079652039649,-0.9259247771938498
2025-06-10,63.659,10,6.3659,4.7422,0.5833333333333334,0,64.47800000000001,0.9872979931139302,-0.10099999999999909,-0.35900000000000176,0.2270891371019119,-1.1939072711403247,161,6,1.2246467991473532e-16,-1.0,0.36171373072976765,-0.9322892131745133
2025-06-11,62.796,10,6.2796,5.0976,0.5833333333333334,0,64.437,0.9745332650495834,-0.8629999999999995,-1.0730000000000004,0.4640913805739476,-2.631760469778474,162,6,1.2246467991473532e-16,-1.0,0.3456123126707335,-0.9383773917408641
2025-06-12,60.749,10,6.0749,5.0611,0.5833333333333334,0,64.31299999999999,0.9445835212165505,-2.046999999999997,-3.245999999999988,1.1901263838446148,-5.091318626932318,163,6,1.2246467991473532e-16,-1.0,0.3294084822245304,-0.9441875088341993
2025-06-13,60.364999999999995,10,6.036499999999999,4.437200000000001,0.5833333333333334,0,64.2185,0.9399939269836572,-0.38400000000000745,-3.848000000000013,1.5154790064685493,-3.919043384868014,164,6,1.2246467991473532e-16,-1.0,0.3131070409358269,-0.9497178427914316
2025-06-14,59.756,10,5.9756,4.3631,0.5833333333333334,0,64.21350000000001,0.9305831328303237,-0.6089999999999947,-4.26100000000001,1.7379407080683766,-3.521997169035709,165,6,1.2246467991473532e-16,-1.0,0.29671281927349075,-0.9549667548552551
2025-06-15,59.4,10,5.9399999999999995,4.2309,0.5833333333333334,0,64.182,0.925493128914649,-0.35600000000000165,-4.157000000000004,1.8597592522124478,-3.0635722731856436,166,6,1.2246467991473532e-16,-1.0,0.28023067519921585,-0.9599326896597447
2025-06-16,59.321000000000005,10,5.9321,4.1377999999999995,0.5833333333333334,0,64.124,0.9250982471461545,-0.07899999999999352,-4.438999999999993,1.7106861892511398,-2.598686853953155,167,6,1.2246467991473532e-16,-1.0,0.26366549272800704,-0.9646141756912435
2025-06-17,58.81700000000001,10,5.8817,4.0729,0.5833333333333334,0,64.0575,0.9181906880537019,-0.5039999999999978,-4.841999999999992,1.328208066029581,-2.5306476123442616,168,6,1.2246467991473532e-16,-1.0,0.24702218048093552,-0.9690098257244062
2025-06-18,58.557,10,5.855700000000001,4.09,0.5833333333333334,0,64.01750000000001,0.9147030108954581,-0.2600000000000051,-4.238999999999997,0.7895834043217688,-2.348117419024201,169,6,1.2246467991473532e-16,-1.0,0.23030567023061221,-0.9731183372332619
2025-06-19,58.423,10,5.8423,3.9793,0.5833333333333334,0,64.00750000000001,0.9127524118267389,-0.13400000000000034,-2.3260000000000005,0.6924243469072222,-2.149582665225198,170,6,1.2246467991473532e-16,-1.0,0.21352091543979612,-0.9769384927771817
2025-06-20,58.25699999999999,10,5.825699999999999,3.9222,0.5833333333333334,0,63.9965,0.910315407873868,-0.16600000000001103,-2.108000000000004,0.5653715592417397,-2.007699433470078,171,6,1.2246467991473532e-16,-1.0,0.19667288979357647,-0.980469160361632
2025-06-21,58.386,10,5.8386000000000005,4.0203,0.5833333333333334,0,63.931999999999995,0.9132515798035413,0.129000000000012,-1.3699999999999974,0.46036605517929885,-1.7585341395803058,172,6,1.2246467991473532e-16,-1.0,0.1797665857255624,-0.9837092937736097
2025-06-22,58.26200000000001,10,5.826200000000001,4.022,0.5833333333333334,0,63.814499999999995,0.9129899944370011,-0.12399999999999523,-1.137999999999991,0.38151483775604533,-1.6562533417560208,173,6,1.2246467991473532e-16,-1.0,0.16280701293851715,-0.986657932891657
2025-06-23,58.312,10,5.8312,3.8678,0.5833333333333334,0,63.7095,0.9152795109049671,0.04999999999999005,-1.0090000000000074,0.19998238017486866,-1.4972703227138284,174,6,1.2246467991473532e-16,-1.0,0.1457991969198751,-0.9893142039703663
2025-06-24,58.229,10,5.8229,3.8451,0.5833333333333334,0,63.608000000000004,0.9154351653880014,-0.08299999999999841,-0.5880000000000081,0.1168116106404103,-1.4154331759197312,175,6,1.2246467991473532e-16,-1.0,0.12874817745258132,-0.99167731989929
2025-06-25,58.3,10,5.83,3.8781,0.5833333333333334,0,63.176500000000004,0.9228114884490276,0.07099999999999795,-0.257000000000005,0.07109015067690112,-1.2833115146025322,176,6,1.2246467991473532e-16,-1.0,0.11165900712169512,-0.993746580436178
2025-06-26,58.67,10,5.867,3.9938,0.5833333333333334,0,61.7725,0.9497753854870695,0.37000000000000455,0.2469999999999999,0.1519368603179109,-1.0536875482764205,177,6,1.2246467991473532e-16,-1.0,0.09453674981719912,-0.9955213724144752
2025-06-27,60.111,10,6.0111,3.9872000000000005,0.5833333333333334,0,60.557,0.9926350380633122,1.4409999999999954,1.8540000000000063,0.6779805798591252,-0.4288145372475165,178,6,1.2246467991473532e-16,-1.0,0.07738647923346301,-0.9970011699250151
2025-06-28,59.70099999999999,10,5.9700999999999995,4.0542,0.5833333333333334,0,60.238,0.9910853613997808,-0.4100000000000037,1.3149999999999906,0.7800661144137636,-0.5431903015299706,179,6,1.2246467991473532e-16,-1.0,0.06021327736579302,-0.9981855344718586
2025-06-29,60.129000000000005,10,6.0129,4.0783,0.5833333333333334,0,59.933499999999995,1.0032619486597647,0.4280000000000115,1.8669999999999973,0.8791910784240231,-0.32166811406373425,180,6,1.2246467991473532e-16,-1.0,0.04302223300453059,-0.99907411510223
2025-06-30,60.267,10,6.0267,4.1028,0.5833333333333334,0,59.933499999999995,1.0055645006548926,0.13799999999999812,1.9550000000000054,0.9102498610399518,-0.21238366297403002,181,6,1.2246467991473532e-16,-1.0,0.02581844022713308,-0.9996666485105112
2025-07-01,60.263,10,6.0263,4.0895,0.5833333333333334,0,59.933499999999995,1.0054977600173527,-0.0040000000000048885,2.033999999999999,0.814680276169978,-0.16255980545570523,182,7,-0.4999999999999997,-0.8660254037844388,0.008606996888688698,-0.9999629591162655
2025-07-02,60.294,10,6.0294,4.1763,0.5833333333333334,0,59.933499999999995,1.006014999958287,0.030999999999998806,1.9939999999999998,0.5871617364588243,-0.09516390455107654,183,7,-0.4999999999999997,-0.8660254037844388,-0.008606996888688009,-0.9999629591162655
2025-07-03,61.641,10,6.1640999999999995,4.1909,0.5833333333333334,0,59.933499999999995,1.028489909649862,1.3470000000000013,2.9709999999999965,0.6070641685698005,0.5967897652036475,184,7,-0.4999999999999997,-0.8660254037844388,-0.02581844022713239,-0.9996666485105112
2025-07-04,64.183,10,6.4183,4.4729,0.5833333333333334,0,59.933499999999995,1.070903584806494,2.5420000000000087,4.07200000000001,1.5560837442268531,1.9327003616274125,185,7,-0.4999999999999997,-0.8660254037844388,-0.04302223300453034,-0.99907411510223
2025-07-05,62.664,10,6.2664,4.3687000000000005,0.5833333333333334,0,59.933499999999995,1.0455588277007017,-1.5190000000000055,2.963000000000008,1.5704346228867154,1.1797446642098206,186,7,-0.4999999999999997,-0.8660254037844388,-0.060213277365792774,-0.9981855344718586
2025-07-06,62.635000000000005,10,6.2635000000000005,4.3488999999999995,0.5833333333333334,0,59.933499999999995,1.0450749580785372,-0.028999999999996362,2.5060000000000002,1.5311906820384387,1.2374260962865815,187,7,-0.4999999999999997,-0.8660254037844388,-0.07738647923346322,-0.9970011699250151
2025-07-07,60.622,10,6.0622,4.007,0.5833333333333334,0,59.933499999999995,1.0114877322365623,-2.0130000000000052,0.3549999999999969,1.4806020011176941,0.2185259881472558,188,7,-0.4999999999999997,-0.8660254037844388,-0.09453674981719933,-0.9955213724144752
2025-07-08,57.363,10,5.7363,4.0834,0.5833333333333334,0,59.933499999999995,0.957110797800896,-3.2590000000000003,-2.8999999999999986,2.199596586389554,-1.56280952534775,189,7,-0.4999999999999997,-0.8660254037844388,-0.11165900712169444,-0.9937465804361781
2025-07-09,56.975,10,5.6975,4.0028,0.5833333333333334,0,59.7285,0.9538997296098178,-0.3879999999999981,-3.3189999999999955,2.7518370227903093,-1.7263326773594534,190,7,-0.4999999999999997,-0.8660254037844388,-0.12874817745258066,-0.99167731989929
2025-07-10,57.326,10,5.7326,4.1981,0.5833333333333334,0,59.5505,0.9626451499147782,0.3509999999999991,-4.314999999999998,3.0202819325984094,-1.4059806275270004,191,7,-0.4999999999999997,-0.8660254037844388,-0.14579919691987442,-0.9893142039703664
2025-07-11,57.335,10,5.7335,4.2023,0.5833333333333334,0,59.3605,0.9658779828337025,0.009000000000000341,-6.848000000000006,2.617163586422265,-1.2939441277253647,192,7,-0.4999999999999997,-0.8660254037844388,-0.16280701293851646,-0.9866579328916572
2025-07-12,57.550999999999995,10,5.7551,4.32,0.5833333333333334,0,59.069,0.9743012409216338,0.21599999999999397,-5.113000000000007,2.1924925259142576,-1.0777884818542847,193,7,-0.4999999999999997,-0.8660254037844388,-0.17976658572556214,-0.9837092937736098
2025-07-13,58.216,10,5.8216,4.3677,0.5833333333333334,0,58.743500000000004,0.9910202830951509,0.6650000000000063,-4.419000000000004,1.2531646416361277,-0.6398901660620891,194,7,-0.4999999999999997,-0.8660254037844388,-0.19667288979357622,-0.9804691603616321
2025-07-14,57.32899999999999,10,5.732899999999999,4.3646,0.5833333333333334,0,58.6135,0.9780852533972547,-0.8870000000000076,-3.2930000000000064,0.38143607090815135,-1.1056284142483994,195,7,-0.4999999999999997,-0.8660254037844388,-0.2135209154397959,-0.9769384927771817
2025-07-15,58.056999999999995,10,5.8057,4.3848,0.5833333333333334,0,58.49,0.9925970251325011,0.7280000000000015,0.6939999999999955,0.4427078473379627,-0.6466942804521487,196,7,-0.4999999999999997,-0.8660254037844388,-0.23030567023061196,-0.973118337233262
2025-07-16,55.78,10,5.578,4.0741,0.5833333333333334,0,58.4045,0.9550633940877844,-2.276999999999994,-1.1950000000000003,0.7909262201455048,-1.860668077398957,197,7,-0.4999999999999997,-0.8660254037844388,-0.24702218048093527,-0.9690098257244063
2025-07-17,56.867000000000004,10,5.6867,4.5587,0.5833333333333334,0,58.349000000000004,0.9746011071312276,1.0870000000000033,-0.4589999999999961,0.8139293581136923,-1.1510096866044803,198,7,-0.4999999999999997,-0.8660254037844388,-0.2636654927280072,-0.9646141756912435
2025-07-18,57.631,10,5.7631,4.5518,0.5833333333333334,0,58.306,0.9884231468459507,0.7639999999999958,0.2959999999999994,0.8233817895897019,-0.7163474643465059,199,7,-0.4999999999999997,-0.8660254037844388,-0.2802306751992161,-0.9599326896597445
2025-07-19,57.96800000000001,10,5.796800000000001,4.6909,0.5833333333333334,0,58.306,0.9942029979761948,0.3370000000000104,0.4170000000000158,0.8550527134957916,-0.5329894840668177,200,7,-0.4999999999999997,-0.8660254037844388,-0.2967128192734901,-0.9549667548552553
2025-07-20,58.327,10,5.8327,4.795,0.5833333333333334,0,58.281000000000006,1.0007892795250595,0.35899999999998755,0.1109999999999971,0.8733919918501339,-0.3458141572973096,201,7,-0.4999999999999997,-0.8660254037844388,-0.3131070409358267,-0.9497178427914317
2025-07-21,59.218,10,5.9218,4.9952,0.5833333333333334,0,58.306,1.0156416149281378,0.8910000000000053,1.88900000000001,1.1016192411084396,0.09493852383413215,202,7,-0.4999999999999997,-0.8660254037844388,-0.3294084822245302,-0.9441875088341994
2025-07-22,64.87,10,6.487,5.559,0.5833333333333334,0,58.3135,1.1124353708832433,5.652000000000001,6.8130000000000095,2.94485616109229,2.8896652899328132,203,7,-0.4999999999999997,-0.8660254037844388,-0.3456123126707333,-0.9383773917408642
2025-07-23,68.294,10,6.8294,5.6284,0.5833333333333334,0,58.4985,1.167448738001829,3.4239999999999924,12.513999999999996,4.3595598729359955,3.941728643347061,204,7,-0.4999999999999997,-0.8660254037844388,-0.3617137307297674,-0.9322892131745134
2025-07-24,67.57,10,6.757,5.6506,0.5833333333333334,0,58.944,1.1463422909880563,-0.7240000000000038,10.702999999999989,4.751311182440106,2.791996522799649,205,7,-0.4999999999999997,-0.8660254037844388,-0.37770796520396466,-0.9259247771938499
2025-07-25,66.737,10,6.673699999999999,5.8372,0.5833333333333334,0,59.4595,1.1223942347312035,-0.8329999999999984,9.105999999999995,4.605658832969911,2.1163250579267676,206,7,-0.4999999999999997,-0.8660254037844388,-0.39359027665646645,-0.9192859697186105
2025-07-26,67.03099999999999,10,6.703099999999999,5.9846,0.5833333333333334,0,59.4595,1.1273387768144703,0.29399999999999693,9.062999999999981,4.109522982397919,1.9815049073673083,207,7,-0.4999999999999997,-0.8660254037844388,-0.4093559588156211,-0.9123747579707274
2025-07-27,66.69500000000001,10,6.669500000000001,6.1612,0.5833333333333334,0,59.673500000000004,1.117665295315341,-0.3359999999999843,8.36800000000001,3.074899069191358,1.6942831310173239,208,7,-0.4999999999999997,-0.8660254037844388,-0.42500033996955394,-0.9051931898913975
2025-07-28,65.49600000000001,10,6.549600000000001,6.0456,0.5833333333333334,0,59.7405,1.0963416777562962,-1.198999999999998,6.278000000000006,1.169122585124092,1.2424644541643326,209,7,-0.4999999999999997,-0.8660254037844388,-0.4405187843504952,-0.8977433935342336
2025-07-29,67.495,10,6.7495,6.3372,0.5833333333333334,0,59.7405,1.1298030649224564,1.9989999999999952,2.625,0.8808221267924949,1.6676789178297649,210,7,-0.4999999999999997,-0.8660254037844388,-0.455906693508459,-0.8900275764346766
2025-07-30,67.746,10,6.7745999999999995,6.3923000000000005,0.5833333333333334,0,59.756,1.133710422384363,0.25099999999999056,-0.5480000000000018,0.7685543634144836,1.5900044371642332,211,7,-0.4999999999999997,-0.8660254037844388,-0.47115950767386394,-0.8820480249558535
2025-07-31,68.099,10,6.809900000000001,6.5446,0.5833333333333334,0,59.92,1.1364986648865154,0.35300000000000864,0.5290000000000106,0.8584619413588118,1.544562691763687,212,7,-0.4999999999999997,-0.8660254037844388,-0.4862727071086902,-0.8738071036110807
2025-08-01,68.71000000000001,10,6.871,6.6913,0.5833333333333334,0,59.92,1.1466955941255008,0.6110000000000042,1.9730000000000132,1.0449894508465583,1.566984899273137,213,8,-0.8660254037844385,-0.5000000000000004,-0.5012418134457756,-0.8653072543632061
2025-08-02,68.62899999999999,10,6.862899999999999,6.7009,0.5833333333333334,0,59.92,1.1453437917222962,-0.08100000000001728,1.597999999999999,1.1403630165536942,1.4574670359555022,214,8,-0.8660254037844385,-0.5000000000000004,-0.5160623910158526,-0.8565509959010037
2025-08-03,68.992,10,6.8992,6.7454,0.5833333333333334,0,59.92,1.1514018691588785,0.36300000000001376,2.296999999999997,1.1820910850408124,1.436417991840033,215,8,-0.8660254037844385,-0.5000000000000004,-0.5307300481619331,-0.8475409228928312
2025-08-04,69.582,10,6.9582,6.7074,0.5833333333333334,0,59.92,1.161248331108144,0.5899999999999892,4.085999999999984,0.7307707607461775,1.4585139099034012,216,8,-0.8660254037844385,-0.5000000000000004,-0.5452404385406507,-0.8382797052177745
2025-08-05,68.772,10,6.8772,6.710999999999999,0.5416666666666666,0,62.044000000000004,1.108439172200374,-0.8099999999999881,1.277000000000001,0.5951572421274822,1.192365904238469,217,8,-0.8660254037844385,-0.5000000000000004,-0.5595892624101763,-0.828770087174504
2025-08-06,69.054,10,6.9054,6.7114,0.5416666666666666,0,65.183,1.059386649893377,0.2819999999999965,1.308000000000007,0.45356697410597313,1.1628897488866885,218,8,-0.8660254037844385,-0.5000000000000004,-0.5737722679043243,-0.8190148866680802
2025-08-07,69.55,10,6.955,6.8271,0.5416666666666666,0,66.09550000000002,1.0522652828104786,0.4959999999999951,1.4509999999999934,0.3885866331054435,1.1786520347907485,219,8,-0.8660254037844385,-0.5000000000000004,-0.5877852522924734,-0.8090169943749472
2025-08-08,69.546,10,6.954600000000001,6.8044,0.5416666666666666,0,66.71600000000001,1.042418610228431,-0.003999999999990678,0.8359999999999985,0.39815018702523364,1.0975474754635597,220,8,-0.8660254037844385,-0.5000000000000004,-0.6016240632249227,-0.7987793728863648
2025-08-09,70.848,11,6.440727272727273,5.691,0.5416666666666666,0,66.88399999999999,1.0592667902637405,1.3019999999999925,2.2190000000000083,0.6845839890728503,1.2775325305116358,221,8,-0.8660254037844385,-0.5000000000000004,-0.6152845999633277,-0.7883050558305253
2025-08-10,71.346,11,6.486000000000001,5.852,0.5416666666666666,0,67.263,1.060702020427278,0.49800000000000466,2.353999999999999,0.9376289244683416,1.2896627199836614,222,8,-0.8660254037844385,-0.5000000000000004,-0.6287628145958345,-0.7775971469736268
2025-08-11,71.801,11,6.527363636363637,5.947,0.5416666666666666,0,67.5325,1.0632066042275943,0.4549999999999983,2.2190000000000083,1.1878418806107924,1.2919335632955002,223,8,-0.8660254037844385,-0.5000000000000004,-0.6420547132365636,-0.7666588193001592
2025-08-12,68.717,11,6.247,6.142,0.5416666666666666,0,67.65799999999999,1.0156522510272252,-3.084000000000003,-0.05500000000000682,1.1984637984478836,0.5961382109269975,224,8,-0.8660254037844385,-0.5000000000000004,-0.655156357209085,-0.7554933140726804
2025-08-13,63.485,11,5.7713636363636365,5.458,0.5416666666666666,0,67.9225,0.9346681880083919,-5.231999999999999,-5.569000000000003,2.8020596506345057,-0.5502901243028054,225,8,-0.8660254037844385,-0.5000000000000004,-0.6680638642135333,-0.7441039398713608
2025-08-14,64.025,11,5.820454545454546,5.598,0.5416666666666666,0,67.9225,0.9426184254113145,0.5400000000000063,-5.5249999999999915,3.4355061594222596,-0.5416554177116634,226,8,-0.8660254037844385,-0.5000000000000004,-0.6807734094770159,-0.7324940716135792
2025-08-15,64.296,11,5.84509090909091,5.665,0.5416666666666666,0,67.9225,0.946608266774633,0.2710000000000008,-5.25,3.738542840657079,-0.5900652623501175,227,8,-0.8660254037844385,-0.5000000000000004,-0.6932812268869771,-0.7206671495538615
2025-08-16,64.94200000000001,11,5.903818181818182,5.788,0.5416666666666666,0,67.9225,0.9561191063344254,0.6460000000000008,-5.905999999999992,3.596682029182923,-0.5387280442974665,228,8,-0.8660254037844385,-0.5000000000000004,-0.7055836101071774,-0.70862667826446
2025-08-17,65.35300000000001,11,5.941181818181819,5.914,0.5416666666666666,0,67.9225,0.9621701203577608,0.41100000000000136,-5.992999999999995,3.0453897318811967,-0.5591917759210052,229,8,-0.8660254037844385,-0.5000000000000004,-0.7176769136759615,-0.6963762255968726
2025-08-18,65.68599999999999,11,5.971454545454545,6.076,0.5416666666666666,0,67.9225,0.9670727667562294,0.3329999999999842,-6.115000000000009,1.7239962711261838,-0.6273815505877626,230,8,-0.8660254037844385,-0.5000000000000004,-0.7295575540864876,-0.6839194216246105
2025-08-19,65.124,11,5.920363636363636,5.867,0.5416666666666666,0,67.9225,0.9587986307924472,-0.5619999999999976,-3.5930000000000035,0.7886691019564634,-1.1220251931675036,231,8,-0.8660254037844385,-0.5000000000000004,-0.7412220108485957,-0.6712599575675315
2025-08-20,66.10799999999999,11,6.009818181818181,6.165,0.5416666666666666,0,67.9225,0.9732857300599947,0.9839999999999947,2.6229999999999905,0.7356531597352269,-0.6872511695771076,232,8,-0.8660254037844385,-0.5000000000000004,-0.7526668275320083,-0.6584015846980489
2025-08-21,66.532,11,6.048363636363636,6.197,0.5416666666666666,0,67.65799999999999,0.9833574743563216,0.4240000000000066,2.506999999999991,0.7486823663705007,-0.4575090309862039,233,8,-0.8660254037844385,-0.5000000000000004,-0.7638886127905429,-0.64534811322955
2025-08-22,67.103,11,6.100272727272727,6.234,0.5416666666666666,0,67.62049999999999,0.992346995363832,0.570999999999998,2.806999999999988,0.7879991237605887,-0.18388019467718672,234,8,-0.8660254037844385,-0.5000000000000004,-0.7748840413670406,-0.6321034111873488
2025-08-23,68.642,12,5.720166666666667,3.4017000000000004,0.5,0,67.62049999999999,1.0151063656731316,1.5390000000000015,3.6999999999999886,1.2143976559045624,0.4993331233261779,235,8,-0.8660254037844385,-0.5000000000000004,-0.7856498550787144,-0.6186714032625032
2025-08-24,67.544,11,6.140363636363636,6.283,0.5416666666666666,0,67.9225,0.9944274724870256,-1.097999999999999,2.1909999999999883,1.1925509073689469,-0.018208222082496544,236,8,-0.8660254037844385,-0.5000000000000004,-0.7961828637826154,-0.6050560696488494
2025-08-25,67.559,11,6.141727272727272,6.022,0.5416666666666666,0,67.9225,0.9946483124148846,0.015000000000000568,1.8730000000000047,1.1422016542832762,-0.025124025641454363,237,8,-0.8660254037844385,-0.5000000000000004,-0.8064799463209447,-0.5912614448635782
2025-08-26,68.67399999999999,11,6.243090909090909,6.391,0.5416666666666666,0,67.9225,1.0110640803857336,1.1149999999999949,3.549999999999997,0.9750071306209724,0.4489680231339632,238,8,-0.8660254037844385,-0.5000000000000004,-0.8165380514459157,-0.5772916165517278
2025-08-27,72.59299999999999,11,6.599363636363635,6.508,0.5,0,68.364,1.0618600432976417,3.918999999999997,6.484999999999999,2.0134214187605246,2.2082015778434023,239,8,-0.8660254037844385,-0.5000000000000004,-0.8263541987239094,-0.5631507242749187
2025-08-28,77.759,11,7.069,7.15,0.5,0,68.6355,1.1329268381522684,5.166000000000011,11.227000000000004,3.8924912331307673,4.130496440723966,240,8,-0.8660254037844385,-0.5000000000000004,-0.8359254794186365,-0.5488429582847199
2025-08-29,77.03,11,7.002727272727273,6.39,0.5,0,68.65799999999999,1.1219377202947947,-0.7289999999999992,9.927000000000007,4.438781493029035,2.900562890557916,241,8,-0.8660254037844385,-0.5000000000000004,-0.8452490573530634,-0.5343725582809785
2025-08-30,72.13,11,6.557272727272727,6.004,0.5,0,68.65799999999999,1.0505694893530253,-4.900000000000006,3.4879999999999995,4.2701289151945865,1.0379863077037637,242,8,-0.8660254037844385,-0.5000000000000004,-0.8543221697498269,-0.5197438121555157
2025-08-31,78.837,12,6.56975,5.2334,0.5,0,68.6955,1.1476297574076906,6.707000000000008,11.293000000000006,4.478986035339018,2.889185094750297,243,8,-0.8660254037844385,-0.5000000000000004,-0.8631421280499115,-0.5049610547215202
2025-09-01,79.11200000000001,12,6.592666666666667,5.3064,0.5,0,68.6955,1.151632930832442,0.2750000000000057,11.553000000000011,4.025520398183396,2.51634051207008,244,9,-1.0,-1.8369701987210297e-16,-0.8717063187093217,-0.4900286664290594
2025-09-02,80.54599999999999,12,6.712166666666666,5.5419,0.5,0,68.6955,1.1725076606182354,1.4339999999999833,11.872,3.265575366790765,2.518617518767952,245,9,-1.0,-1.8369701987210297e-16,-0.8800122039735356,-0.4749510720670502
2025-09-03,78.93,12,6.577500000000001,5.7728,0.5,0,68.6955,1.14898355787497,-1.6159999999999854,6.3370000000000175,2.7187082629527968,1.8611970717847792,246,9,-1.0,-1.8369701987210297e-16,-0.888057322629493,-0.4597327394521046
2025-09-04,78.651,12,6.55425,5.7629,0.5,0,68.6955,1.1449221564731313,-0.2790000000000106,0.8919999999999959,2.739292635491386,1.6356380706928642,247,9,-1.0,-1.8369701987210297e-16,-0.8958392907349089,-0.4443781781046134
2025-09-05,80.854,12,6.737833333333334,6.1059,0.5,0,68.6955,1.176991214853957,2.203000000000003,3.823999999999998,2.9146894876682903,1.908195916775919,248,9,-1.0,-1.8369701987210297e-16,-0.9033558023246842,-0.4288919379124841
2025-09-06,81.509,12,6.792416666666667,6.3114,0.5,0,68.6955,1.1865260461020009,0.6550000000000011,9.379000000000005,1.1591824705370184,1.8399972342931619,249,9,-1.0,-1.8369701987210297e-16,-0.9106046300942162,-0.41327860778290443
2025-09-07,81.69499999999998,12,6.807916666666665,6.4154,0.5,0,68.6955,1.1892336470365596,0.18599999999997863,2.8579999999999757,1.27085715356299,1.7061373111070819,250,9,-1.0,-1.8369701987210297e-16,-0.9175836260593934,-0.3975428142825566
2025-09-08,82.308,12,6.859000000000001,6.6372,0.5,0,68.6955,1.1981570845251874,0.613000000000028,3.195999999999998,1.38955861440153,1.6615936846366939,251,9,-1.0,-1.8369701987210297e-16,-0.9242907221930934,-0.3816892202666586
2025-09-09,82.445,12,6.870416666666666,6.8686,0.5,0,68.6955,1.200151392740427,0.13699999999998624,1.899000000000001,1.5444633834628472,1.5498838781613962,252,9,-1.0,-1.8369701987210297e-16,-0.9307239310379793,-0.3657225234972692
2025-09-10,82.207,12,6.850583333333333,6.9402,0.5,0,70.40199999999999,1.1676798954575156,-0.23799999999999955,3.276999999999987,1.324091476483258,1.3908558170037428,253,9,-1.0,-1.8369701987210297e-16,-0.9368813462954315,-0.34964745525122826
2025-09-11,83.07400000000001,12,6.922833333333334,7.0605,0.5,0,72.36149999999999,1.148041430871389,0.8670000000000186,4.423000000000016,0.7228908236086045,1.418607927841513,254,9,-1.0,-1.8369701987210297e-16,-0.9427611433904206,-0.33346877891818705
2025-09-12,83.074,12,6.922833333333333,7.1957,0.5,0,74.8115,1.1104442498813685,-1.4210854715202004e-14,2.219999999999999,0.6073405728493331,1.3202270394048379,255,9,-1.0,-1.8369701987210297e-16,-0.9483615800121716,-0.31719128858910595
2025-09-13,83.58099999999999,12,6.965083333333332,7.1632,0.5,0,77.3945,1.0799346206771798,0.5069999999999908,2.0719999999999885,0.6441582916972288,1.3057855162147516,256,9,-1.0,-1.8369701987210297e-16,-0.9536809966304455,-0.300819807635668
2025-09-14,83.369,12,6.947416666666666,7.143800000000001,0.4583333333333333,0,78.205,1.0660315836583338,-0.21199999999998909,1.6740000000000208,0.5436980954978635,1.1893243207996016,257,9,-1.0,-1.8369701987210297e-16,-0.9587178169872964,-0.2843591872810036
2025-09-15,84.272,12,7.022666666666667,7.2075000000000005,0.4583333333333333,0,78.744,1.0702021741339023,0.9030000000000058,1.9639999999999986,0.6940605160937987,1.2468333670929048,258,9,-1.0,-1.8369701987210297e-16,-0.9634705485641486,-0.26781430516217486
2025-09-16,84.959,13,6.5353076923076925,3.803000000000001,0.4583333333333333,0,78.8835,1.0770186414142375,0.6869999999999976,2.51400000000001,0.8928421713032673,1.2725621487644982,259,9,-1.0,-1.8369701987210297e-16,-0.9679377830240642,-0.25119006388481957
2025-09-17,86.091,13,6.622384615384615,3.9446000000000008,0.4583333333333333,0,79.02100000000002,1.089469887751357,1.1319999999999908,3.8840000000000003,1.1276391266714623,1.3773630718216976,260,9,-1.0,-1.8369701987210297e-16,-0.9721181966290612,-0.23449138957041052
2025-09-18,86.58000000000001,13,6.660000000000001,4.0292,0.4583333333333333,0,79.82900000000001,1.084568264665723,0.48900000000001853,3.5060000000000002,1.3694049107273567,1.3781782219923027,261,9,-1.0,-1.8369701987210297e-16,-0.9760105506323682,-0.21772323039653224
2025-09-19,86.91,13,6.685384615384615,4.1404000000000005,0.4166666666666667,0,80.69999999999999,1.0769516728624537,0.3299999999999841,3.8359999999999985,1.4409035855523182,1.3608328355886234,262,9,-1.0,-1.8369701987210297e-16,-0.9796136916454901,-0.20089055513063528
2025-09-20,87.016,13,6.693538461538462,4.240800000000001,0.4583333333333333,0,81.1815,1.0718698225580952,0.10600000000000875,3.4350000000000165,1.4185944754279365,1.314012821760511,263,9,-1.0,-1.8369701987210297e-16,-0.9829265519799822,-0.18399835165767986
2025-09-21,87.02300000000001,13,6.694076923076924,4.324800000000001,0.4583333333333333,0,81.60199999999999,1.0664321952893314,0.007000000000005002,3.6540000000000106,1.096796373861006,1.249066086223858,264,9,-1.0,-1.8369701987210297e-16,-0.9859481499638303,-0.1670516255021195
2025-09-22,87.875,13,6.759615384615385,4.4366,0.4583333333333333,0,81.951,1.0722870983880612,0.8519999999999897,3.6029999999999944,0.9144083176726486,1.3749915506254002,265,9,-1.0,-1.8369701987210297e-16,-0.9886775902323404,-0.15005539834465262
2025-09-23,87.66700000000002,13,6.743615384615386,4.471800000000001,0.4583333333333333,0,82.2575,1.0657630003343164,-0.2079999999999842,2.7080000000000126,0.6080475388685915,1.323130773978962,266,9,-1.0,-1.8369701987210297e-16,-0.9911140639934546,-0.13301470653419636
2025-09-24,87.86499999999998,13,6.758846153846152,4.579200000000001,0.4583333333333333,0,82.3765,1.0666270113442546,0.19799999999996487,1.7739999999999867,0.517780795686051,1.3863585141939514,267,9,-1.0,-1.8369701987210297e-16,-0.9932568492674143,-0.11593459959550066
2025-09-25,87.862,13,6.758615384615384,4.655400000000001,0.4583333333333333,0,82.7595,1.061654553253705,-0.002999999999985903,1.2819999999999823,0.45300982854925836,1.3513097539351018,268,9,-1.0,-1.8369701987210297e-16,-0.9951053111006974,-0.09882013873287211
2025-09-26,88.21399999999998,13,6.785692307692306,4.757200000000001,0.4583333333333333,0,83.07400000000001,1.061872547367407,0.35199999999998965,1.3039999999999878,0.45737511956851606,1.3487079991254292,269,9,-1.0,-1.8369701987210297e-16,-0.99665890175417,-0.08167639533042288
2025-09-27,89.05099999999999,13,6.850076923076922,4.921200000000001,0.4583333333333333,0,83.2215,1.070048004421934,0.8370000000000033,2.0349999999999824,0.6111019321102422,1.4844933567620124,270,9,-1.0,-1.8369701987210297e-16,-0.9979171608653922,-0.06450844944931625
2025-09-28,89.333,13,6.871769230769231,5.0474000000000006,0.4583333333333333,0,83.475,1.0701766996106619,0.2820000000000107,2.309999999999988,0.6574082228181084,1.6338311636440401,271,9,-1.0,-1.8369701987210297e-16,-0.9988797155850335,-0.04732138832243232
2025-09-29,87.377,13,6.7213076923076915,4.505400000000001,0.4583333333333333,0,83.9265,1.0411133551381266,-1.956000000000003,-0.49800000000000466,0.7298214067253589,0.924695248010344,272,9,-1.0,-1.8369701987210297e-16,-0.9995462806873573,-0.03012030484690836
2025-09-30,90.29899999999999,13,6.946076923076922,5.1946,0.4583333333333333,0,84.6155,1.0671685447701662,2.921999999999997,2.6319999999999766,1.0288527360031858,1.7961806463592305,273,9,-1.0,-1.8369701987210297e-16,-0.9999166586547379,-0.012910296075008843
2025-10-01,86.422,13,6.647846153846154,5.1244000000000005,0.4583333333333333,0,85.525,1.0104881613563284,-3.8769999999999953,-1.4429999999999836,1.3022530293231198,0.44201205961433393,274,10,-0.8660254037844386,0.5000000000000001,-0.9999907397361901,0.004303538296243821
2025-10-02,75.953,12,6.329416666666667,6.2047,0.4583333333333333,0,86.25649999999999,0.8805481326044995,-10.468999999999994,-11.908999999999992,4.894376175045952,-3.116914465704635,275,10,-0.8660254037844386,0.5000000000000001,-0.9997685019798909,0.021516097436222233
2025-10-03,73.882,13,5.68323076923077,4.1934000000000005,0.4583333333333333,0,86.25649999999999,0.8565383478346561,-2.070999999999998,-14.33199999999998,6.774546496858338,-3.4816667660539484,276,10,-0.8660254037844386,0.5000000000000001,-0.9992500112396835,0.03872228089217399
2025-10-04,79.065,13,6.0819230769230765,4.8194,0.4583333333333333,0,86.25649999999999,0.9166265730698557,5.182999999999993,-9.98599999999999,6.73646520633714,-1.5397236786155999,277,10,-0.8660254037844386,0.5000000000000001,-0.9984354211555643,0.05591699010060302
2025-10-05,80.253,13,6.173307692307692,5.0762,0.4583333333333333,0,86.25649999999999,0.9303994481575303,1.1880000000000024,-9.079999999999998,6.210123965483067,-1.171503014799013,278,10,-0.8660254037844386,0.5000000000000001,-0.9973249731081555,0.07309512989807776
2025-10-06,80.067,13,6.159,4.997,0.4583333333333333,0,86.25649999999999,0.9282430889266317,-0.18600000000000705,-7.310000000000002,5.730330552254011,-1.19004711239816,279,10,-0.8660254037844386,0.5000000000000001,-0.9959189961471792,0.0902516100310407
2025-10-07,83.548,13,6.426769230769231,5.3926,0.4583333333333333,0,86.25649999999999,0.96859946786619,3.4810000000000088,-6.750999999999991,4.252205612553223,-0.286809876937965,280,10,-0.8660254037844386,0.5000000000000001,-0.994217906893952,0.10738134666416306
2025-10-08,83.418,13,6.416769230769232,5.4754000000000005,0.4583333333333333,0,86.25649999999999,0.9670923350704007,-0.12999999999999545,-3.0039999999999907,3.5810566144911853,-0.33017412485250774,281,10,-0.8660254037844386,0.5000000000000001,-0.9922222094179324,0.12447926388678869
2025-10-09,83.53,13,6.4253846153846155,5.5424,0.4583333333333333,0,86.25649999999999,0.9683907879406191,0.11199999999999477,7.576999999999998,3.49002611533422,-0.3147925528839569,282,10,-0.8660254037844386,0.5000000000000001,-0.989932495087353,0.141540295217043
2025-10-10,84.27900000000001,13,6.4830000000000005,5.6852,0.4583333333333333,0,86.25649999999999,0.9770741915102052,0.7490000000000094,10.397000000000006,2.1346676110168454,-0.13183901796102812,283,10,-0.8660254037844386,0.5000000000000001,-0.9873494423939864,0.15855938510313475
2025-10-11,85.029,13,6.540692307692307,5.8262,0.4583333333333333,0,86.25649999999999,0.9857691884089895,0.7499999999999858,5.963999999999999,1.938533933034012,0.045311506964597056,284,10,-0.8660254037844386,0.5000000000000001,-0.9844738167520923,0.17553149042142777
2025-10-12,86.017,13,6.616692307692308,5.9526,0.4583333333333333,0,86.25649999999999,0.9972233976569883,0.9879999999999995,5.763999999999996,1.861906166118212,0.2810320112467614,285,10,-0.8660254037844386,0.5000000000000001,-0.9813064702716093,0.19245158197082995
2025-10-13,85.499,13,6.576846153846153,5.9686,0.4583333333333333,0,86.25649999999999,0.9912180531322278,-0.5180000000000007,5.432000000000002,1.0520829679397647,0.12706864614721516,286,10,-0.8660254037844386,0.5000000000000001,-0.9778483415056567,0.20931464596304888
2025-10-14,84.50800000000001,13,6.500615384615386,6.1053999999999995,0.4583333333333333,0,86.25649999999999,0.9797290638966342,-0.9909999999999854,0.960000000000008,0.9706308699575988,-0.13382616918652404,287,10,-0.8660254037844386,0.5000000000000001,-0.9741004551724206,0.22611568550828803
2025-10-15,84.863,13,6.527923076923077,6.2307999999999995,0.4583333333333333,0,86.25649999999999,0.9838446957620587,0.35499999999998977,1.4449999999999932,0.8158301352145242,-0.04023421781593985,288,10,-0.8660254037844386,0.5000000000000001,-0.970063921851507,0.2428497220959358
2025-10-16,82.216,13,6.324307692307692,5.6848,0.4583333333333333,0,86.2195,0.9535661886232233,-2.6470000000000056,-1.3140000000000072,1.215037781109778,-0.6974025320610806,289,10,-0.8660254037844386,0.5000000000000001,-0.965739937654855,0.25951179706979943
2025-10-17,79.306,13,6.100461538461539,5.7814,0.4583333333333333,0,85.758,0.9247650364980526,-2.9099999999999966,-4.973000000000013,2.364604809426377,-1.3854759120809133,290,10,-0.8660254037844386,0.5000000000000001,-0.9611297838723007,0.27609697309746883
2025-10-18,85.752,13,6.5963076923076915,6.373,0.4583333333333333,0,85.264,1.0057234002627133,6.445999999999998,0.722999999999999,2.435850843819006,0.29341314946734265,291,10,-0.8660254037844386,0.5000000000000001,-0.9562348265919058,0.2926003356333479
2025-10-19,85.944,13,6.611076923076923,6.4218,0.4583333333333333,0,85.264,1.007975229874273,0.19200000000000728,-0.07299999999999329,2.4260276075060214,0.3532011316123383,292,10,-0.8660254037844386,0.5000000000000001,-0.9510565162951536,0.30901699437494723
2025-10-20,86.555,13,6.658076923076924,6.5398,0.4166666666666667,0,85.264,1.0151412084818916,0.6110000000000042,1.0560000000000116,2.5628378708731043,0.5152465385389247,293,10,-0.8660254037844386,0.5000000000000001,-0.9455963874271428,0.3253420847119795
2025-10-21,86.50200000000001,13,6.654000000000001,6.5388,0.4166666666666667,0,85.264,1.0145196096828675,-0.05299999999999727,1.9939999999999998,2.7138843450109746,0.5180949800070147,294,10,-0.8660254037844386,0.5000000000000001,-0.9398560579418953,0.341570769167856
2025-10-22,86.934,13,6.687230769230769,6.5594,0.4166666666666667,0,85.264,1.019586226308876,0.43199999999998795,2.070999999999998,2.8747485935627224,0.6405921114501028,295,10,-0.8660254037844386,0.5000000000000001,-0.9338372288229252,0.35769823883312546
2025-10-23,87.175,14,6.226785714285714,6.4615,0.4166666666666667,0,85.264,1.0224127416025521,0.24099999999999966,4.959000000000003,2.7564935369138657,0.7140655628008536,296,10,-0.8660254037844386,0.5000000000000001,-0.9275416835791965,0.3737197147904692
2025-10-24,87.41100000000002,14,6.243642857142858,6.464,0.4166666666666667,0,85.264,1.025180615500094,0.23600000000001842,8.105000000000018,0.6137602292815796,0.7838757513257633,297,10,-0.8660254037844386,0.5000000000000001,-0.9209712877166347,0.38963044953078774
2025-10-25,86.19500000000001,14,6.156785714285715,6.3064,0.4166666666666667,0,85.264,1.0109190279602178,-1.2160000000000082,0.44300000000001205,0.5272342029516409,0.48593561768149646,298,10,-0.8660254037844386,0.5000000000000001,-0.9141279881853337,0.4054257283599973
2025-10-26,88.01599999999999,14,6.2868571428571425,6.436,0.375,0,85.264,1.0322762244323513,1.8209999999999837,2.0719999999999885,0.6223331675466788,1.000718608646256,299,10,-0.8660254037844386,0.5000000000000001,-0.9070138128026362,0.42110087079608916
2025-10-27,88.00099999999999,14,6.285785714285714,6.4562,0.375,0,85.264,1.0321003002439482,-0.015000000000000568,1.4459999999999837,0.6972148674753427,1.0246322571730582,300,10,-0.8660254037844386,0.5000000000000001,-0.8996308696522434,0.4366512319560638
2025-10-28,88.60000000000001,14,6.328571428571429,6.4529,0.375,0,85.264,1.0391255395008445,0.599000000000018,2.097999999999999,0.802096419806704,1.1710857483069466,301,10,-0.8660254037844386,0.5000000000000001,-0.8919813464595487,0.45207220393230374
2025-10-29,85.63000000000001,14,6.116428571428572,5.5561,0.375,0,85.264,1.0042925501970352,-2.969999999999999,-1.3039999999999878,1.0591810852864805,0.4124813759514427,302,10,-0.8660254037844386,0.5000000000000001,-0.8840675099433637,0.46735921715800205
2025-10-30,89.62500000000001,15,5.9750000000000005,3.8158000000000003,0.375,0,85.264,1.0511470257083884,3.9950000000000045,2.450000000000017,1.3732010916450972,1.5069692754558128,303,10,-0.8660254037844386,0.5000000000000001,-0.8758917051442433,0.48250774176121763
2025-10-31,89.81299999999999,15,5.9875333333333325,3.8466000000000005,0.375,0,85.56450000000001,1.0496526012540244,0.18799999999997397,2.4019999999999726,1.5895868885312574,1.5147199326425904,304,10,-0.8660254037844386,0.5000000000000001,-0.8674563547295971,0.4975132889071803
2025-11-01,89.98400000000001,15,5.998933333333334,3.9430000000000005,0.375,0,85.691,1.0500986101224166,0.1710000000000207,3.7890000000000015,1.5230411932020902,1.6673430705191328,305,11,-0.5000000000000004,0.8660254037844384,-0.858763958275803,0.5123714121284235
2025-11-02,90.345,15,6.023,4.013400000000001,0.375,0,85.848,1.0523832820799552,0.36099999999999,2.3290000000000077,1.6431852632992265,1.7250368931161115,306,11,-0.5000000000000004,0.8660254037844384,-0.8498170915275277,0.5270777086423724
2025-11-03,92.03800000000001,16,5.752375000000001,2.4415,0.3333333333333333,0,85.9805,1.070452021097807,1.693000000000012,4.03700000000002,1.968896887188572,2.2458191031382997,307,11,-0.5000000000000004,0.8660254037844384,-0.8406184056344783,0.5416278206559811
2025-11-04,89.56700000000001,15,5.971133333333333,4.1394,0.375,0,86.106,1.0401946438111167,-2.4710000000000036,0.9669999999999987,1.9342831328673482,1.1911901110495462,308,11,-0.5000000000000004,0.8660254037844384,-0.8311706263658079,0.5560174366570446
2025-11-05,90.39700000000002,15,6.026466666666668,4.2018,0.375,0,86.3485,1.0468855857368689,0.8300000000000125,4.76700000000001,0.8511135283233836,1.4104552920403894,309,11,-0.5000000000000004,0.8660254037844384,-0.8214765533024145,0.5702422926917867
2025-11-06,91.21499999999997,15,6.080999999999999,4.3254,0.375,0,86.52850000000001,1.0541613456837917,0.8179999999999552,1.5899999999999608,0.8676766733776028,1.6036992326915944,310,11,-0.5000000000000004,0.8660254037844384,-0.8115390590073611,0.5842981736283683
2025-11-07,91.441,15,6.096066666666667,4.4076,0.375,0,86.7445,1.054141761149122,0.2260000000000275,1.6280000000000143,0.8772730204336278,1.5598050701976753,311,11,-0.5000000000000004,0.8660254037844384,-0.801361088174677,0.5981809144059158
2025-11-08,91.304,15,6.0869333333333335,4.4458,0.375,0,87.05449999999999,1.0488142485454515,-0.13700000000000045,1.3199999999999932,0.8354721220163102,1.3889191211438192,312,11,-0.5000000000000004,0.8660254037844384,-0.7909456567567774,0.6118864012687242
2025-11-09,91.795,15,6.119666666666666,4.5172,0.375,0,87.293,1.051573436587126,0.49099999999999966,1.4500000000000028,0.8541881971733284,1.4514975262032834,313,11,-0.5000000000000004,0.8660254037844384,-0.780295851070776,0.6254105729852457
2025-11-10,92.475,15,6.165,4.6464,0.375,0,87.706,1.054374843226233,0.6799999999999926,0.4369999999999834,0.9446522917881921,1.5641251707397503,314,11,-0.5000000000000004,0.8660254037844384,-0.7694148268839381,0.6387494220515268
2025-11-11,92.92999999999999,15,6.195333333333333,4.655200000000001,0.375,0,88.0085,1.0559207349290125,0.4549999999999983,3.3629999999999853,0.8428793903438071,1.5826927662089032,315,11,-0.5000000000000004,0.8660254037844384,-0.7583058084785625,0.6518989958787125
2025-11-12,92.26499999999999,15,6.150999999999999,4.7424,0.375,0,88.30799999999999,1.044809077320288,-0.6650000000000063,1.8679999999999666,0.6543017725205055,1.2504478652472497,316,11,-0.5000000000000004,0.8660254037844384,-0.7469720876965551,0.6648553979642866
2025-11-13,92.952,16,5.8095,3.3,0.2916666666666667,0,89.08350000000002,1.0434255501860612,0.6870000000000118,1.7370000000000232,0.67244380186474,1.3778898919340852,317,11,-0.5000000000000004,0.8660254037844384,-0.7354170229639858,0.6776147890466887
2025-11-14,90.537,15,6.0358,4.642,0.375,0,89.596,1.0105027010134382,-2.414999999999992,-0.9039999999999964,0.8873513825932348,0.5260441090618362,318,11,-0.5000000000000004,0.8660254037844384,-0.7236440382959124,0.690173388242972
2025-11-15,90.14399999999999,15,6.0096,4.6622,0.375,0,89.719,1.0047370122270645,-0.3930000000000149,-1.1600000000000108,1.1238293803732609,0.33639894672642,319,11,-0.5000000000000004,0.8660254037844384,-0.711656622281775,0.7025274741691566
2025-11-16,92.519,15,6.167933333333334,4.8984000000000005,0.375,0,89.8985,1.0291495408710936,2.375000000000014,0.7240000000000038,1.1486944556236933,1.314961213412035,320,11,-0.5000000000000004,0.8660254037844384,-0.6994583270516471,0.7146733860429608
2025-11-17,94.524,15,6.3016,4.9224000000000006,0.375,0,90.064,1.04952034109078,2.0049999999999955,2.0490000000000066,1.5036832239853142,2.1213007961464045,321,11,-0.5000000000000004,0.8660254037844384,-0.6870527672236675,0.7266075247685652
2025-11-18,94.024,15,6.268266666666666,5.0766,0.375,0,90.24449999999999,1.041880668628005,-0.5,1.0940000000000083,1.6351481948273783,1.709442567387646,322,11,-0.5000000000000004,0.8660254037844384,-0.6744436188329457,0.7383263540031063
2025-11-19,100.39999999999999,15,6.6933333333333325,5.4028,0.375,0,90.37100000000001,1.110975866151752,6.375999999999991,8.135000000000005,3.420197202612938,4.286397967487827,323,11,-0.5000000000000004,0.8660254037844384,-0.661634618242279,0.749826401204568
2025-11-20,102.489,15,6.8326,5.553800000000001,0.375,0,90.46700000000001,1.1328882354891838,2.089000000000013,9.537000000000006,4.762000889982045,3.973363231243693,324,11,-0.5000000000000004,0.8660254037844384,-0.6486295610349818,0.7611042586607742
2025-11-21,103.857,15,6.9238,5.626,0.375,0,90.87599999999999,1.1428429948501255,1.367999999999995,13.319999999999993,5.332657436338136,3.4778372912201667,325,11,-0.5000000000000004,0.8660254037844384,-0.6354323008901775,0.7721565844991641
2025-11-22,104.18900000000001,15,6.9459333333333335,5.736800000000001,0.375,0,91.25949999999999,1.1416784006048688,0.33200000000000784,14.045000000000016,5.021711489692838,2.903147333195852,326,11,-0.5000000000000004,0.8660254037844384,-0.622046748440868,0.7829801036770624
2025-11-23,104.58700000000002,15,6.9724666666666675,5.805200000000001,0.375,0,91.3725,1.1446222878874937,0.39800000000001035,12.068000000000012,4.530500298242953,2.5748739880077287,327,11,-0.5000000000000004,0.8660254037844384,-0.6084768701151264,0.7935716089521472
2025-11-24,103.67200000000001,15,6.9114666666666675,5.6938,0.375,0,91.618,1.1315680324827,-0.9150000000000063,9.14800000000001,3.7429190798217293,2.0614065386941824,328,11,-0.5000000000000004,0.8660254037844384,-0.594726686960764,0.8039279618328208
2025-11-25,103.111,15,6.874066666666667,5.7472,0.375,0,91.91650000000001,1.121789885385105,-0.561000000000007,9.087000000000003,1.4088101193485942,1.75040885866883,329,11,-0.5000000000000004,0.8660254037844384,-0.5808002734538013,0.8140460935082175
2025-11-26,102.68099999999998,15,6.845399999999999,5.824,0.375,0,92.1515,1.1142629257255714,-0.43000000000002103,2.2809999999999917,0.7806481739084241,1.521336185287642,330,11,-0.5000000000000004,0.8660254037844384,-0.5667017562911184,0.8239230057575536
2025-11-27,103.64500000000001,15,6.909666666666667,5.8848,0.375,0,92.36999999999999,1.1220634405109886,0.9640000000000271,1.156000000000006,0.6371896256575228,1.596738315813445,331,11,-0.5000000000000004,0.8660254037844384,-0.5524353131676203,0.8335557718385695
2025-11-28,104.39800000000001,15,6.9598666666666675,5.9236,0.375,0,92.497,1.1286636323340218,0.7530000000000001,0.541000000000011,0.6929681845220924,1.6003092077492833,332,11,-0.5000000000000004,0.8660254037844384,-0.5380051715382992,0.8429415373547832
2025-11-29,104.263,15,6.950866666666667,6.006200000000001,0.375,0,92.7245,1.1244385248774595,-0.13500000000000512,0.07399999999999807,0.7012129287359933,1.4480700092654055,333,11,-0.5000000000000004,0.8660254037844384,-0.5234156073655503,0.8520775211013093
2025-11-30,105.092,15,7.0061333333333335,6.1462,0.375,0,92.941,1.1307388558332705,0.8289999999999935,0.5049999999999812,0.8163661060122086,1.4792948115306492,334,11,-0.5000000000000004,0.8660254037844384,-0.5086709438521042,0.8609610158889945
2025-12-01,103.585,15,6.905666666666666,6.0644,0.375,0,93.488,1.108003166181756,-1.507000000000005,-0.08700000000001751,0.8199587387980287,1.1160693481018775,335,12,-2.4492935982947064e-16,1.0,-0.49377555015997737,0.8695893893466109
2025-12-02,104.42399999999999,15,6.9616,6.187,0.375,0,94.274,1.1076648916986656,0.8389999999999986,1.3129999999999882,0.778536845014741,1.1769093014357852,336,12,-2.4492935982947064e-16,1.0,-0.4787338401157883,0.8779600847008883
2025-12-03,103.99,15,6.932666666666666,6.236,0.375,0,97.46199999999999,1.0669799511604523,-0.4339999999999975,1.3090000000000117,0.5195128670643921,1.0264273267994672,337,12,-2.4492935982947064e-16,1.0,-0.4635502709028512,0.8860706215341378
2025-12-04,104.703,15,6.9802,6.3248,0.375,0,101.4445,1.032121011981921,0.7130000000000081,1.0579999999999927,0.48396684262428774,1.077366278593473,338,12,-2.4492935982947064e-16,1.0,-0.4482293417404106,0.893918596519257
2025-12-05,104.136,15,6.9424,6.3398,0.375,0,102.585,1.0151191694692208,-0.5670000000000073,-0.26200000000001467,0.48979645918115433,0.9083689824046779,339,12,-2.4492935982947064e-16,1.0,-0.4327755925504317,0.9015016841318838
2025-12-06,103.60099999999998,15,6.9067333333333325,6.2938,0.375,0,102.89599999999999,1.006851578292645,-0.5350000000000108,-0.6620000000000203,0.5600028911470748,0.753161103471557,340,12,-2.4492935982947064e-16,1.0,-0.41719360261231697,0.9088176373395028
2025-12-07,104.51399999999998,15,6.967599999999999,6.5138,0.375,0,103.348,1.011282269613345,0.9129999999999967,-0.5780000000000172,0.4394046838488776,0.8586889057084163,341,12,-2.4492935982947064e-16,1.0,-0.4014879892059737,0.9158642882672868
2025-12-08,102.34700000000001,15,6.823133333333334,6.4026000000000005,0.375,0,103.59299999999999,0.9879721602811002,-2.166999999999973,-1.2379999999999853,0.7996648702799084,0.40388415429350827,342,12,-2.4492935982947064e-16,1.0,-0.38566340624360745,0.9226395488404875
2025-12-09,81.71799999999999,15,5.447866666666666,4.8024000000000004,0.375,0,103.59299999999999,0.7888370835867288,-20.62900000000002,-22.706000000000003,8.412726844036921,-3.5499633056636104,343,12,-2.4492935982947064e-16,1.0,-0.3697245428906732,0.9291414114031743
2025-12-10,75.645,15,5.043,4.771,0.375,0,103.59299999999999,0.7302134314094582,-6.072999999999993,-28.345,12.434350964355199,-3.9280146779796685,344,12,-2.4492935982947064e-16,1.0,-0.3536761221763721,0.935367949313148
2025-12-11,75.95899999999999,15,5.063933333333333,4.8492,0.375,0,103.59299999999999,0.7332445242439161,0.31399999999999295,-28.744000000000014,13.987198504346745,-3.084495909112048,345,12,-2.4492935982947064e-16,1.0,-0.33752289959411347,0.941317317512847
2025-12-12,76.82400000000001,15,5.121600000000001,4.9228000000000005,0.375,0,103.59299999999999,0.7415945092815154,0.8650000000000233,-27.311999999999983,14.029163858599304,-2.5181164951365718,346,12,-2.4492935982947064e-16,1.0,-0.32126966169236515,0.9469877530760751
2025-12-13,76.153,15,5.076866666666667,4.9716000000000005,0.375,0,103.59299999999999,0.7351172376511927,-0.6710000000000065,-27.44799999999998,12.951026747309452,-2.3195512214772505,347,12,-2.4492935982947064e-16,1.0,-0.3049212246562894,0.9523775757303973
2025-12-14,76.208,15,5.080533333333333,5.0226,0.375,0,103.59299999999999,0.7356481615553175,0.05499999999999261,-28.305999999999983,9.77697452959671,-2.0918086250906653,348,12,-2.4492935982947064e-16,1.0,-0.2884824328806098,0.9574851883550389
2025-12-15,73.58500000000001,15,4.905666666666667,4.8182,0.375,0,103.59299999999999,0.7103279179095114,-2.6229999999999905,-28.762,2.4835806716077116,-2.1352393475796565,349,12,-2.4492935982947064e-16,1.0,-0.27195815753410524,0.9623090774541487
2025-12-16,73.865,15,4.924333333333333,4.8556,0.375,0,103.59299999999999,0.7130308032396011,0.2799999999999869,-7.852999999999994,1.2411737340509101,-1.895143812341036,350,12,-2.4492935982947064e-16,1.0,-0.2553532951161881,0.9668478136052773
2025-12-17,73.88099999999999,15,4.925399999999999,4.8794,0.375,0,103.59299999999999,0.713185253829892,0.015999999999991132,-1.76400000000001,1.370348947566977,-1.7268271936781725,351,12,-2.4492935982947064e-16,1.0,-0.23867276600594997,0.9711000518829505
2025-12-18,73.84499999999998,15,4.922999999999999,4.8512,0.375,0,103.59299999999999,0.7128377400017375,-0.036000000000001364,-2.1140000000000043,1.4103163609977625,-1.578207701828282,352,12,-2.4492935982947064e-16,1.0,-0.22192151300416674,0.9750645322571945
2025-12-19,73.95700000000001,15,4.930466666666667,4.8604,0.375,0,103.59299999999999,0.7139188941337736,0.11200000000002319,-2.8670000000000044,1.1544950452585676,-1.440660813121985,353,12,-2.4492935982947064e-16,1.0,-0.20510449986861926,0.9787400799669153
2025-12-20,73.745,15,4.916333333333333,4.8082,0.375,0,103.348,0.7135600108371716,-0.2120000000000033,-2.4080000000000013,0.9130798483849155,-1.3446482475687846,354,12,-2.4492935982947064e-16,1.0,-0.1882267098432439,0.9821256058680006
2025-12-21,73.314,15,4.8876,4.742999999999999,0.375,0,102.89599999999999,0.7125058311304618,-0.4310000000000116,-2.8940000000000055,0.2232806263384696,-1.2749880455885751,355,12,-2.4492935982947064e-16,1.0,-0.1712931441814778,0.9852201067560606
2025-12-22,72.875,15,4.858333333333333,4.8104,0.375,0,102.514,0.7108785141541644,-0.43899999999999295,-0.710000000000008,0.3986948349696074,-1.2132144971782772,356,12,-2.4492935982947064e-16,1.0,-0.154308820664281,0.9880226656636976
2025-12-23,73.062,15,4.8708,4.8267999999999995,0.375,0,92.0325,0.7938717300953467,0.1869999999999976,-0.8029999999999973,0.43694921793098723,-1.1146000323906968,357,12,-2.4492935982947064e-16,1.0,-0.13727877211326517,0.9905324521322227
2025-12-24,72.668,15,4.844533333333334,4.7684,0.375,0,79.271,0.9167034602818181,-0.39399999999999125,-1.2129999999999797,0.5073544830111097,-1.0637802011873478,358,12,-2.4492935982947064e-16,1.0,-0.12020804489935275,0.9927487224577402
2025-12-25,71.85700000000001,15,4.790466666666668,4.787800000000001,0.375,0,76.516,0.9391107742171573,-0.8109999999999928,-1.9879999999999711,0.7039142263785829,-1.0450150422013615,359,12,-2.4492935982947064e-16,1.0,-0.10310169744743544,0.9946708199115211
2025-12-26,71.851,15,4.790066666666666,4.7142,0.375,0,76.1805,0.9431678710431147,-0.006000000000014438,-2.1060000000000088,0.7107903716173231,-0.973902981111005,360,12,-2.4492935982947064e-16,1.0,-0.0859647987374467,0.9962981749346077
2025-12-27,71.925,15,4.795,4.799,0.375,0,76.056,0.9456847585989271,0.07399999999999807,-1.8200000000000074,0.620776088766236,-0.9026118457125504,361,12,-2.4492935982947064e-16,1.0,-0.06880242680232064,0.9976303053065857
2025-12-28,71.861,15,4.790733333333334,4.6808,0.375,0,75.80199999999999,0.9480092873538958,-0.06399999999999295,-1.4529999999999887,0.5443480591742502,-0.8450875981404089,362,12,-2.4492935982947064e-16,1.0,-0.05161966722325418,0.9986668162884759
2025-12-29,72.269,15,4.817933333333333,4.8068,0.375,0,74.801,0.9661501851579525,0.40800000000000125,-0.6059999999999945,0.4822843954537672,-0.7572673149628479,363,12,-2.4492935982947064e-16,1.0,-0.034421611622745804,0.9994074007397048
2025-12-30,72.54800000000002,15,4.8365333333333345,4.8284,0.375,0,73.919,0.9814526711670886,0.2790000000000106,-0.5139999999999816,0.35345081156145297,-0.680333648939716,364,12,-2.4492935982947064e-16,1.0,-0.01721335615583528,0.9998518392091162
2025-12-31,35.728,15,2.381866666666667,2.3287999999999998,0.375,0,73.87299999999999,0.4836408430685096,-36.820000000000014,-36.940000000000005,13.731692742390932,-3.543103497107906,365,12,-2.4492935982947064e-16,1.0,6.432490598706546e-16,1.0
2026-01-01,48.40599999999999,15,3.227066666666666,2.5166,0.375,0,73.85499999999999,0.6554194028840294,12.67799999999999,-23.451000000000022,15.10242544380596,-2.059300168769538,1,1,0.49999999999999994,0.8660254037844387,0.017213356155834685,0.9998518392091162
2026-01-02,72.343,15,4.822866666666667,4.7508,0.375,0,73.79499999999999,0.9803238701809068,23.937000000000012,0.49200000000000443,15.148773453413991,-0.2539536133004717,2,1,0.49999999999999994,0.8660254037844387,0.03442161162274574,0.9994074007397048
2026-01-03,72.214,15,4.814266666666667,4.7934,0.375,0,73.665,0.9803027217810356,-0.1290000000000049,0.2890000000000015,15.175667864804515,-0.19923527823174966,3,1,0.49999999999999994,0.8660254037844387,0.051619667223253764,0.998666816288476
2026-01-04,71.47999999999999,15,4.7653333333333325,4.6946,0.375,0,73.4495,0.9731856581733026,-0.7340000000000089,-0.38100000000001444,15.141847693443223,-0.18768994451017865,4,1,0.49999999999999994,0.8660254037844387,0.06880242680231986,0.9976303053065857
2026-01-05,71.73400000000001,15,4.7822666666666676,4.8034,0.375,0,73.18799999999999,0.980133355194841,0.2540000000000191,-0.5349999999999966,15.091887497529873,-0.08002485105337702,5,1,0.49999999999999994,0.8660254037844387,0.08596479873744647,0.9962981749346078
2026-01-06,72.41,15,4.827333333333333,4.8448,0.375,0,72.9685,0.9923460123203847,0.6759999999999877,-0.13800000000001944,15.0781720361715,0.10585419428941045,6,1,0.49999999999999994,0.8660254037844387,0.10310169744743485,0.9946708199115211
2026-01-07,85.222,15,5.681466666666666,5.0008,0.375,0,72.7715,1.1710903306926475,12.811999999999998,49.49399999999999,10.934152770540885,1.6497603755080341,7,1,0.49999999999999994,0.8660254037844387,0.1202080448993527,0.9927487224577402
2026-01-08,101.223,15,6.7482,6.7932,0.375,0,72.7715,1.3909703661460873,16.001000000000005,52.81700000000001,11.327766267850455,3.340384989784566,8,1,0.49999999999999994,0.8660254037844387,0.13727877211326478,0.9905324521322229
2026-01-09,100.909,15,6.727266666666667,6.716,0.375,0,72.7715,1.3866554901300647,-0.31399999999999295,28.566000000000003,13.790379287922612,2.7141665845761485,9,1,0.49999999999999994,0.8660254037844387,0.15430882066428117,0.9880226656636976
2026-01-10,100.98599999999999,15,6.732399999999999,6.7526,0.375,0,72.7715,1.3877135966690255,0.07699999999998397,28.77199999999999,14.592747649170937,2.352207821553993,10,1,0.49999999999999994,0.8660254037844387,0.1712931441814776,0.9852201067560606
2026-01-11,98.375,15,6.558333333333334,6.5518,0.375,0,72.7715,1.3518341658478936,-2.61099999999999,26.89500000000001,13.549745135540302,1.8789100203361224,11,1,0.49999999999999994,0.8660254037844387,0.1882267098432442,0.9821256058680006
2026-01-12,97.5,15,6.5,6.627400000000001,0.375,0,72.7715,1.3398102279051551,-0.875,25.76599999999999,10.97734125152278,1.6489634882633561,12,1,0.49999999999999994,0.8660254037844387,0.2051044998686192,0.9787400799669153
2026-01-13,97.27399999999999,15,6.484933333333332,6.4798,0.375,0,72.7715,1.3367046165050875,-0.2260000000000133,24.86399999999999,5.61329038553891,1.4994918493810492,13,1,0.49999999999999994,0.8660254037844387,0.2219215130041655,0.9750645322571948
2026-01-14,99.01099999999998,15,6.6007333333333325,6.7428,0.375,0,72.7715,1.360573851026844,1.7369999999999948,13.788999999999987,1.7033644019166418,1.5040304583975959,14,1,0.49999999999999994,0.8660254037844387,0.2386727660059501,0.9711000518829505
2026-01-15,98.198,15,6.546533333333333,6.7234,0.375,0,72.7715,1.3494018949726196,-0.8129999999999882,-3.0250000000000057,1.515024060787308,1.3374486134440786,15,1,0.49999999999999994,0.8660254037844387,0.255353295116187,0.9668478136052775
2026-01-16,97.542,15,6.5028,6.665,0.375,0,72.7715,1.3403873769264065,-0.6559999999999917,-3.3670000000000044,1.2855044035051533,1.2026921970212807,16,1,0.49999999999999994,0.8660254037844387,0.2719581575341055,0.9623090774541486
2026-01-17,96.766,15,6.451066666666667,6.644,0.375,0,72.7715,1.3297238616766178,-0.7759999999999962,-4.219999999999985,0.7590919700867701,1.0756536309359948,17,1,0.49999999999999994,0.8660254037844387,0.288482432880609,0.9574851883550393
2026-01-18,94.41400000000002,15,6.294266666666668,6.2386,0.375,0,72.7715,1.2974035164865367,-2.3519999999999897,-3.9609999999999843,1.4390406361126655,0.8654674091025428,18,1,0.49999999999999994,0.8660254037844387,0.30492122465628907,0.9523775757303974
2026-01-19,85.318,15,5.687866666666666,5.7276,0.375,0,72.7715,1.1724095284555078,-9.096000000000018,-12.182000000000002,4.714841203204114,0.2691728076653002,19,1,0.49999999999999994,0.8660254037844387,0.3212696616923644,0.9469877530760753
2026-01-20,71.668,15,4.777866666666667,4.7514,0.375,0,72.86500000000001,0.9835723598435463,-13.649999999999991,-25.60599999999998,10.039065639030591,-0.5740372887855217,20,1,0.49999999999999994,0.8660254037844387,0.3375228995941133,0.9413173175128471
2026-01-21,67.57300000000001,15,4.5048666666666675,4.6086,0.375,0,72.608,0.9306550242397532,-4.094999999999999,-31.437999999999974,12.918338882232245,-0.8149561925225809,21,1,0.49999999999999994,0.8660254037844387,0.3536761221763716,0.9353679493131483
2026-01-22,70.78399999999999,15,4.718933333333333,4.6684,0.375,0,72.47900000000001,0.9766139157549081,3.2109999999999843,-27.414,13.234552107124504,-0.6076060453346328,22,1,0.49999999999999994,0.8660254037844387,0.3697245428906731,0.9291414114031743
2026-01-23,85.67599999999999,15,5.711733333333332,5.203399999999999,0.375,0,72.47900000000001,1.1820803267153241,14.891999999999996,-11.866000000000014,11.810222192579547,0.27813774049021567,23,1,0.49999999999999994,0.8660254037844387,0.38566340624360707,0.9226395488404876
2026-01-24,102.678,15,6.8452,6.973,0.375,0,78.885,1.3016162768587183,17.00200000000001,5.911999999999992,13.193950996754728,1.262196459423072,24,1,0.49999999999999994,0.8660254037844387,0.401487989205973,0.9158642882672872
2026-01-25,102.93599999999999,15,6.862399999999999,6.9456,0.375,0,85.27,1.2071772018294828,0.25799999999999557,8.521999999999977,14.766550790150633,1.1871492209200059,25,1,0.49999999999999994,0.8660254037844387,0.4171936026123168,0.9088176373395029
2026-01-26,99.694,15,6.6462666666666665,6.6826,0.375,0,85.49699999999999,1.1660526100331008,-3.2419999999999902,14.376000000000005,15.96329802867766,0.9182033036472055,26,1,0.49999999999999994,0.8660254037844387,0.4327755925504312,0.901501684131884
2026-01-27,99.039,15,6.6026,6.4684,0.375,0,90.045,1.0998833916375146,-0.6550000000000011,27.370999999999995,15.244102595836338,0.8195244337780616,27,1,0.49999999999999994,0.8660254037844387,0.4482293417404106,0.893918596519257
2026-01-28,101.12299999999999,14,7.223071428571428,7.1219,0.375,0,95.59,1.0578826237054084,2.083999999999989,33.54999999999998,12.040039339043611,0.8825551297612422,28,1,0.49999999999999994,0.8660254037844387,0.4635502709028509,0.886070621534138
2026-01-29,100.897,14,7.206928571428572,7.0922,0.375,0,97.02,1.0399608328179757,-0.22599999999998488,30.113000000000014,5.986189876549087,0.8730759424393549,29,1,0.49999999999999994,0.8660254037844387,0.47873384011578846,0.8779600847008882
2026-01-30,99.557,14,7.1112142857142855,7.051200000000001,0.375,0,97.387,1.0222822347951985,-1.3400000000000034,13.881000000000014,1.5306603928039657,0.7586552377341845,30,1,0.49999999999999994,0.8660254037844387,0.49377555015997715,0.869589389346611
2026-01-31,100.67,14,7.190714285714286,6.9007000000000005,0.4166666666666667,0,97.521,1.0322904810245999,1.1129999999999995,-2.0079999999999956,1.3011160410910692,0.791029238574227,31,1,0.49999999999999994,0.8660254037844387,0.5086709438521044,0.8609610158889943
2026-02-01,98.875,14,7.0625,6.8058,0.4166666666666667,0,97.87,1.0102687238173087,-1.7950000000000017,-4.060999999999993,0.9120184052046854,0.5854374615971641,32,2,0.8660254037844386,0.5000000000000001,0.5234156073655503,0.8520775211013093
2026-02-02,97.69999999999999,14,6.978571428571428,6.9751,0.4166666666666667,0,98.28649999999999,0.9940327511916692,-1.1750000000000114,-1.994000000000014,1.2607151220839485,0.42884429037444816,33,2,0.8660254037844386,0.5000000000000001,0.5380051715382996,0.8429415373547828
2026-02-03,99.54499999999999,14,7.110357142857142,6.9543,0.4166666666666667,0,98.28649999999999,1.01280440345317,1.8449999999999989,0.505999999999986,1.231028122383387,0.5441229669462909,34,2,0.8660254037844386,0.5000000000000001,0.5524353131676196,0.8335557718385699
2026-02-04,99.16199999999999,14,7.082999999999999,6.9115,0.4166666666666667,0,98.625,1.0054448669201521,-0.38299999999999557,-1.9609999999999985,1.0854637806261178,0.4517049540738607,35,2,0.8660254037844386,0.5000000000000001,0.5667017562911176,0.8239230057575542
2026-02-05,98.905,14,7.064642857142857,6.7744,0.4166666666666667,0,98.94299999999998,0.9996159404909899,-0.2569999999999908,-1.9920000000000044,0.8992070580999928,0.3810879819866143,36,2,0.8660254037844386,0.5000000000000001,0.5808002734538009,0.8140460935082178
2026-02-06,99.70199999999998,14,7.1215714285714276,6.9113,0.4166666666666667,0,98.89,1.0082111436950145,0.7969999999999828,0.1449999999999818,0.9103489650121799,0.4732410986989112,37,2,0.8660254037844386,0.5000000000000001,0.5947266869607634,0.8039279618328213
2026-02-07,100.12,14,7.151428571428572,6.831300000000001,0.4166666666666667,0,98.89,1.01243806249368,0.4180000000000206,-0.5499999999999972,0.7788541644796644,0.5219403249455805,38,2,0.8660254037844386,0.5000000000000001,0.6084768701151261,0.7935716089521474
2026-02-08,100.50199999999998,14,7.1787142857142845,6.6323,0.4166666666666667,0,98.89,1.0163009404388712,0.3819999999999766,1.6269999999999811,0.9158656846855157,0.56556364233085,39,2,0.8660254037844386,0.5000000000000001,0.6220467484408675,0.7829801036770629
2026-02-09,99.151,14,7.082214285714286,6.4307,0.4166666666666667,0,98.958,1.0019503223589805,-1.3509999999999849,1.4510000000000076,0.5733060347906126,0.4166824353343523,40,2,0.8660254037844386,0.5000000000000001,0.6354323008901774,0.7721565844991642
2026-02-10,98.71200000000002,14,7.0508571428571445,6.4013,0.4166666666666667,0,99.02499999999999,0.9968391820247415,-0.43899999999997874,-0.83299999999997,0.6622659155208414,0.3646957226349059,41,2,0.8660254037844386,0.5000000000000001,0.6486295610349814,0.7611042586607747
2026-02-11,98.774,14,7.055285714285715,6.3446,0.4166666666666667,0,99.02499999999999,0.9974652865438022,0.0619999999999834,-0.387999999999991,0.7065917862418623,0.3652132756001289,42,2,0.8660254037844386,0.5000000000000001,0.6616346182422783,0.7498264012045686
2026-02-12,79.2755,13,6.098115384615384,2.2201200000000005,0.4166666666666667,1,98.97200000000001,0.8009891686537606,-19.498500000000007,-19.629500000000007,7.671059671785814,-1.633302582335334,43,2,0.8660254037844386,0.5000000000000001,0.6744436188329455,0.7383263540031065
2026-02-13,136.58671428571427,12,11.382226190476189,4.7216000000000005,0.5,1,98.97200000000001,1.3800540989948091,57.31121428571427,36.88471428571428,17.06676403059323,4.130557602112948,44,2,0.8660254037844386,0.5000000000000001,0.6870527672236669,0.7266075247685656
2026-02-14,154.66549999999998,3,51.55516666666666,49.680433333333326,0.875,1,99.095,1.5607800595388261,18.078785714285715,54.545499999999976,26.161142450774054,4.5477841161578105,45,2,0.8660254037844386,0.5000000000000001,0.699458327051647,0.7146733860429609
2026-02-15,0.0,0,0.0,0.0,1.0,1,99.1565,0.0,-154.66549999999998,-100.50199999999998,49.339419652263935,-5.752163402154047,46,2,0.8660254037844386,0.5000000000000001,0.7116566222817746,0.7025274741691571
2026-02-16,0.0,0,0.0,0.0,1.0,1,99.1565,0.0,0.0,-99.151,60.92474293914123,-3.7590409037250203,47,2,0.8660254037844386,0.5000000000000001,0.7236440382959124,0.6901733882429719
2026-02-17,0.0,0,0.0,0.0,1.0,1,99.1565,0.0,0.0,-98.71200000000002,67.2740820166283,-2.9673422472668807,48,2,0.8660254037844386,0.5000000000000001,0.7354170229639855,0.6776147890466889
2026-02-18,0.0,0,0.0,0.0,1.0,1,99.1565,0.0,0.0,-98.774,69.8199860722244,-2.5263133376566715,49,2,0.8660254037844386,0.5000000000000001,0.7469720876965552,0.6648553979642865
2026-02-19,0.0,0,0.0,0.0,1.0,1,99.1565,0.0,0.0,-79.2755,71.24965823493469,-2.2272102852146936,50,2,0.8660254037844386,0.5000000000000001,0.7583058084785624,0.6518989958787126
2026-02-20,0.0,0,0.0,0.0,1.0,1,99.1565,0.0,0.0,-136.58671428571427,58.45806420020863,-1.996210465297079,51,2,0.8660254037844386,0.5000000000000001,0.7694148268839378,0.6387494220515272
2026-02-21,0.0,0,0.0,0.0,1.0,1,99.1565,0.0,0.0,-154.66549999999998,0.0,-1.7999494312025266,52,2,0.8660254037844386,0.5000000000000001,0.7802958510707755,0.6254105729852463
2026-02-22,0.0,0,0.0,0.0,1.0,1,99.095,0.0,0.0,0.0,0.0,-1.635138963982117,53,2,0.8660254037844386,0.5000000000000001,0.7909456567567772,0.6118864012687243
2026-02-23,0.0,0,0.0,0.0,1.0,1,98.97200000000001,0.0,0.0,0.0,0.0,-1.497296476516046,54,2,0.8660254037844386,0.5000000000000001,0.8013610881746766,0.5981809144059165
2026-02-24,0.0,0,0.0,0.0,1.0,1,98.89,0.0,0.0,0.0,0.0,-1.3793120483488874,55,2,0.8660254037844386,0.5000000000000001,0.8115390590073611,0.5842981736283684
2026-02-25,0.0,0,0.0,0.0,1.0,1,98.8245,0.0,0.0,0.0,0.0,-1.2760683554325227,56,2,0.8660254037844386,0.5000000000000001,0.8214765533024142,0.5702422926917871
2026-02-26,0.0,0,0.0,0.0,1.0,1,98.74300000000001,0.0,0.0,0.0,0.0,-1.1839207121982873,57,2,0.8660254037844386,0.5000000000000001,0.8311706263658079,0.5560174366570446
2026-02-27,0.0,0,0.0,0.0,1.0,1,98.206,0.0,0.0,0.0,0.0,-1.1006915700231616,58,2,0.8660254037844386,0.5000000000000001,0.8406184056344782,0.5416278206559814
2026-02-28,0.0,0,0.0,0.0,1.0,1,88.48774999999999,0.0,0.0,0.0,0.0,-1.0246721898656106,59,2,0.8660254037844386,0.5000000000000001,0.8498170915275278,0.5270777086423722
