Date,Hour,Consumption_kWh,is_missing,OSF_ID,Month,Year,missingness_cause
2025-01-01,0,6.706,0,2193681000,1,2025,
2025-01-01,1,6.77,0,2193681000,1,2025,
2025-01-01,2,6.855,0,2193681000,1,2025,
2025-01-01,3,6.915,0,2193681000,1,2025,
2025-01-01,4,6.964,0,2193681000,1,2025,
2025-01-01,5,6.967,0,2193681000,1,2025,
2025-01-01,6,6.96,0,2193681000,1,2025,
2025-01-01,7,6.98,0,2193681000,1,2025,
2025-01-01,8,3.485,0,2193681000,1,2025,
2025-01-01,9,0.0,0,2193681000,1,2025,
2025-01-01,10,0.001,0,2193681000,1,2025,
2025-01-01,11,0.0,0,2193681000,1,2025,
2025-01-01,12,0.001,0,2193681000,1,2025,
2025-01-01,13,0.0,0,2193681000,1,2025,
2025-01-01,14,0.001,0,2193681000,1,2025,
2025-01-01,15,0.0,0,2193681000,1,2025,
2025-01-01,16,0.001,0,2193681000,1,2025,
2025-01-01,17,1.342,0,2193681000,1,2025,
2025-01-01,18,6.424,0,2193681000,1,2025,
2025-01-01,19,6.444,0,2193681000,1,2025,
2025-01-01,20,6.576,0,2193681000,1,2025,
2025-01-01,21,6.646,0,2193681000,1,2025,
2025-01-01,22,6.727,0,2193681000,1,2025,
2025-01-01,23,6.778,0,2193681000,1,2025,
2025-01-02,0,6.834,0,2193681000,1,2025,
2025-01-02,1,6.894,0,2193681000,1,2025,
2025-01-02,2,6.942,0,2193681000,1,2025,
2025-01-02,3,6.95,0,2193681000,1,2025,
2025-01-02,4,6.962,0,2193681000,1,2025,
2025-01-02,5,6.956,0,2193681000,1,2025,
2025-01-02,6,6.895,0,2193681000,1,2025,
2025-01-02,7,6.803,0,2193681000,1,2025,
2025-01-02,8,3.396,0,2193681000,1,2025,
2025-01-02,9,0.0,0,2193681000,1,2025,
2025-01-02,10,0.001,0,2193681000,1,2025,
2025-01-02,11,0.0,0,2193681000,1,2025,
2025-01-02,12,0.001,0,2193681000,1,2025,
2025-01-02,13,0.0,0,2193681000,1,2025,
2025-01-02,14,0.001,0,2193681000,1,2025,
2025-01-02,15,0.0,0,2193681000,1,2025,
2025-01-02,16,0.001,0,2193681000,1,2025,
2025-01-02,17,1.232,0,2193681000,1,2025,
2025-01-02,18,6.454,0,2193681000,1,2025,
2025-01-02,19,6.495,0,2193681000,1,2025,
2025-01-02,20,6.57,0,2193681000,1,2025,
2025-01-02,21,6.648,0,2193681000,1,2025,
2025-01-02,22,6.687,0,2193681000,1,2025,
2025-01-02,23,6.69,0,2193681000,1,2025,
2025-01-03,0,6.737,0,2193681000,1,2025,
2025-01-03,1,6.827,0,2193681000,1,2025,
2025-01-03,2,6.895,0,2193681000,1,2025,
2025-01-03,3,6.942,0,2193681000,1,2025,
2025-01-03,4,6.981,0,2193681000,1,2025,
2025-01-03,5,6.955,0,2193681000,1,2025,
2025-01-03,6,6.885,0,2193681000,1,2025,
2025-01-03,7,6.815,0,2193681000,1,2025,
2025-01-03,8,3.371,0,2193681000,1,2025,
2025-01-03,9,0.001,0,2193681000,1,2025,
2025-01-03,10,0.0,0,2193681000,1,2025,
2025-01-03,11,0.001,0,2193681000,1,2025,
2025-01-03,12,0.0,0,2193681000,1,2025,
2025-01-03,13,0.001,0,2193681000,1,2025,
2025-01-03,14,0.0,0,2193681000,1,2025,
2025-01-03,15,0.001,0,2193681000,1,2025,
2025-01-03,16,0.0,0,2193681000,1,2025,
2025-01-03,17,1.132,0,2193681000,1,2025,
2025-01-03,18,6.481,0,2193681000,1,2025,
2025-01-03,19,6.496,0,2193681000,1,2025,
2025-01-03,20,6.524,0,2193681000,1,2025,
2025-01-03,21,6.588,0,2193681000,1,2025,
2025-01-03,22,6.634,0,2193681000,1,2025,
2025-01-03,23,6.696,0,2193681000,1,2025,
2025-01-04,0,6.715,0,2193681000,1,2025,
2025-01-04,1,6.789,0,2193681000,1,2025,
2025-01-04,2,6.882,0,2193681000,1,2025,
2025-01-04,3,6.954,0,2193681000,1,2025,
2025-01-04,4,6.978,0,2193681000,1,2025,
2025-01-04,5,6.967,0,2193681000,1,2025,
2025-01-04,6,6.925,0,2193681000,1,2025,
2025-01-04,7,6.89,0,2193681000,1,2025,
2025-01-04,8,3.41,0,2193681000,1,2025,
2025-01-04,9,0.001,0,2193681000,1,2025,
2025-01-04,10,0.0,0,2193681000,1,2025,
2025-01-04,11,0.001,0,2193681000,1,2025,
2025-01-04,12,0.0,0,2193681000,1,2025,
2025-01-04,13,0.001,0,2193681000,1,2025,
2025-01-04,14,0.0,0,2193681000,1,2025,
2025-01-04,15,0.001,0,2193681000,1,2025,
2025-01-04,16,0.0,0,2193681000,1,2025,
2025-01-04,17,1.001,0,2193681000,1,2025,
2025-01-04,18,6.349,0,2193681000,1,2025,
2025-01-04,19,6.451,0,2193681000,1,2025,
2025-01-04,20,6.533,0,2193681000,1,2025,
2025-01-04,21,0.0,0,2193681000,1,2025,
2025-01-04,22,6.682,1,2193681000,1,2025,unknown_missingness
2025-01-04,23,0.0,0,2193681000,1,2025,
2025-01-05,0,6.717,0,2193681000,1,2025,
2025-01-05,1,6.828,0,2193681000,1,2025,
2025-01-05,2,6.883,0,2193681000,1,2025,
2025-01-05,3,6.907,0,2193681000,1,2025,
2025-01-05,4,6.956,0,2193681000,1,2025,
2025-01-05,5,6.979,0,2193681000,1,2025,
2025-01-05,6,6.975,0,2193681000,1,2025,
2025-01-05,7,6.961,0,2193681000,1,2025,
2025-01-05,8,3.456,0,2193681000,1,2025,
2025-01-05,9,0.001,0,2193681000,1,2025,
2025-01-05,10,0.0,0,2193681000,1,2025,
2025-01-05,11,0.0,0,2193681000,1,2025,
2025-01-05,12,0.001,0,2193681000,1,2025,
2025-01-05,13,0.0,0,2193681000,1,2025,
2025-01-05,14,0.001,0,2193681000,1,2025,
2025-01-05,15,0.0,0,2193681000,1,2025,
2025-01-05,16,0.001,0,2193681000,1,2025,
2025-01-05,17,0.909,0,2193681000,1,2025,
2025-01-05,18,6.415,0,2193681000,1,2025,
2025-01-05,19,6.458,0,2193681000,1,2025,
2025-01-05,20,6.544,0,2193681000,1,2025,
2025-01-05,21,6.629,0,2193681000,1,2025,
2025-01-05,22,6.677,0,2193681000,1,2025,
2025-01-05,23,6.747,0,2193681000,1,2025,
2025-01-06,0,6.735,0,2193681000,1,2025,
2025-01-06,1,6.83,0,2193681000,1,2025,
2025-01-06,2,6.936,0,2193681000,1,2025,
2025-01-06,3,7.01,0,2193681000,1,2025,
2025-01-06,4,7.047,0,2193681000,1,2025,
2025-01-06,5,7.035,0,2193681000,1,2025,
2025-01-06,6,6.995,0,2193681000,1,2025,
2025-01-06,7,6.887,0,2193681000,1,2025,
2025-01-06,8,3.388,0,2193681000,1,2025,
2025-01-06,9,0.0,0,2193681000,1,2025,
2025-01-06,10,0.0,0,2193681000,1,2025,
2025-01-06,11,0.001,0,2193681000,1,2025,
2025-01-06,12,0.0,0,2193681000,1,2025,
2025-01-06,13,0.001,0,2193681000,1,2025,
2025-01-06,14,0.0,0,2193681000,1,2025,
2025-01-06,15,0.001,0,2193681000,1,2025,
2025-01-06,16,0.0,0,2193681000,1,2025,
2025-01-06,17,0.813,0,2193681000,1,2025,
2025-01-06,18,6.42,0,2193681000,1,2025,
2025-01-06,19,6.428,0,2193681000,1,2025,
2025-01-06,20,0.0,0,2193681000,1,2025,
2025-01-06,21,6.632,1,2193681000,1,2025,unknown_missingness
2025-01-06,22,0.0,0,2193681000,1,2025,
2025-01-06,23,6.661,0,2193681000,1,2025,
2025-01-07,0,6.779,0,2193681000,1,2025,
2025-01-07,1,6.853,0,2193681000,1,2025,
2025-01-07,2,6.881,0,2193681000,1,2025,
2025-01-07,3,6.942,0,2193681000,1,2025,
2025-01-07,4,6.97,0,2193681000,1,2025,
2025-01-07,5,6.953,0,2193681000,1,2025,
2025-01-07,6,6.912,0,2193681000,1,2025,
2025-01-07,7,6.843,0,2193681000,1,2025,
2025-01-07,8,3.364,0,2193681000,1,2025,
2025-01-07,9,0.0,0,2193681000,1,2025,
2025-01-07,10,0.001,0,2193681000,1,2025,
2025-01-07,11,0.0,0,2193681000,1,2025,
2025-01-07,12,0.001,0,2193681000,1,2025,
2025-01-07,13,0.0,0,2193681000,1,2025,
2025-01-07,14,0.001,0,2193681000,1,2025,
2025-01-07,15,0.0,0,2193681000,1,2025,
2025-01-07,16,0.001,0,2193681000,1,2025,
2025-01-07,17,0.715,0,2193681000,1,2025,
2025-01-07,18,6.469,0,2193681000,1,2025,
2025-01-07,19,6.526,0,2193681000,1,2025,
2025-01-07,20,6.515,0,2193681000,1,2025,
2025-01-07,21,6.577,0,2193681000,1,2025,
2025-01-07,22,6.637,0,2193681000,1,2025,
2025-01-07,23,6.699,0,2193681000,1,2025,
2025-01-08,0,6.792,0,2193681000,1,2025,
2025-01-08,1,6.888,0,2193681000,1,2025,
2025-01-08,2,6.937,0,2193681000,1,2025,
2025-01-08,3,6.951,0,2193681000,1,2025,
2025-01-08,4,6.954,0,2193681000,1,2025,
2025-01-08,5,6.962,0,2193681000,1,2025,
2025-01-08,6,6.928,0,2193681000,1,2025,
2025-01-08,7,6.863,0,2193681000,1,2025,
2025-01-08,8,3.272,0,2193681000,1,2025,
2025-01-08,9,0.0,0,2193681000,1,2025,
2025-01-08,10,0.001,0,2193681000,1,2025,
2025-01-08,11,0.0,0,2193681000,1,2025,
2025-01-08,12,0.0,0,2193681000,1,2025,
2025-01-08,13,0.001,0,2193681000,1,2025,
2025-01-08,14,0.0,0,2193681000,1,2025,
2025-01-08,15,0.001,0,2193681000,1,2025,
2025-01-08,16,0.0,0,2193681000,1,2025,
2025-01-08,17,0.614,0,2193681000,1,2025,
2025-01-08,18,6.456,0,2193681000,1,2025,
2025-01-08,19,6.421,0,2193681000,1,2025,
2025-01-08,20,6.513,0,2193681000,1,2025,
2025-01-08,21,6.576,0,2193681000,1,2025,
2025-01-08,22,6.674,0,2193681000,1,2025,
2025-01-08,23,6.741,0,2193681000,1,2025,
2025-01-09,0,6.813,0,2193681000,1,2025,
2025-01-09,1,6.859,0,2193681000,1,2025,
2025-01-09,2,6.935,0,2193681000,1,2025,
2025-01-09,3,6.968,0,2193681000,1,2025,
2025-01-09,4,7.004,0,2193681000,1,2025,
2025-01-09,5,6.998,0,2193681000,1,2025,
2025-01-09,6,6.973,0,2193681000,1,2025,
2025-01-09,7,6.865,0,2193681000,1,2025,
2025-01-09,8,3.273,0,2193681000,1,2025,
2025-01-09,9,0.001,0,2193681000,1,2025,
2025-01-09,10,0.0,0,2193681000,1,2025,
2025-01-09,11,0.0,0,2193681000,1,2025,
2025-01-09,12,0.0,0,2193681000,1,2025,
2025-01-09,13,0.0,0,2193681000,1,2025,
2025-01-09,14,0.0,0,2193681000,1,2025,
2025-01-09,15,0.001,0,2193681000,1,2025,
2025-01-09,16,0.0,0,2193681000,1,2025,
2025-01-09,17,0.5,0,2193681000,1,2025,
2025-01-09,18,6.447,0,2193681000,1,2025,
2025-01-09,19,6.498,0,2193681000,1,2025,
2025-01-09,20,6.555,0,2193681000,1,2025,
2025-01-09,21,6.635,0,2193681000,1,2025,
2025-01-09,22,6.723,0,2193681000,1,2025,
2025-01-09,23,6.714,0,2193681000,1,2025,
2025-01-10,0,6.788,0,2193681000,1,2025,
2025-01-10,1,6.905,0,2193681000,1,2025,
2025-01-10,2,6.985,0,2193681000,1,2025,
2025-01-10,3,7.023,0,2193681000,1,2025,
2025-01-10,4,7.043,0,2193681000,1,2025,
2025-01-10,5,7.026,0,2193681000,1,2025,
2025-01-10,6,7.004,0,2193681000,1,2025,
2025-01-10,7,6.909,0,2193681000,1,2025,
2025-01-10,8,3.258,0,2193681000,1,2025,
2025-01-10,9,0.0,0,2193681000,1,2025,
2025-01-10,10,0.001,0,2193681000,1,2025,
2025-01-10,11,0.0,0,2193681000,1,2025,
2025-01-10,12,0.001,0,2193681000,1,2025,
2025-01-10,13,0.0,0,2193681000,1,2025,
2025-01-10,14,0.0,0,2193681000,1,2025,
2025-01-10,15,0.001,0,2193681000,1,2025,
2025-01-10,16,0.0,0,2193681000,1,2025,
2025-01-10,17,0.398,0,2193681000,1,2025,
2025-01-10,18,6.51,0,2193681000,1,2025,
2025-01-10,19,6.552,0,2193681000,1,2025,
2025-01-10,20,6.583,0,2193681000,1,2025,
2025-01-10,21,6.609,0,2193681000,1,2025,
2025-01-10,22,6.673,0,2193681000,1,2025,
2025-01-10,23,6.743,0,2193681000,1,2025,
2025-01-11,0,6.76,0,2193681000,1,2025,
2025-01-11,1,6.845,0,2193681000,1,2025,
2025-01-11,2,6.952,0,2193681000,1,2025,
2025-01-11,3,7.01,0,2193681000,1,2025,
2025-01-11,4,6.987,0,2193681000,1,2025,
2025-01-11,5,6.963,0,2193681000,1,2025,
2025-01-11,6,6.932,0,2193681000,1,2025,
2025-01-11,7,6.878,0,2193681000,1,2025,
2025-01-11,8,3.278,0,2193681000,1,2025,
2025-01-11,9,0.0,0,2193681000,1,2025,
2025-01-11,10,0.0,0,2193681000,1,2025,
2025-01-11,11,0.001,0,2193681000,1,2025,
2025-01-11,12,0.0,0,2193681000,1,2025,
2025-01-11,13,0.001,0,2193681000,1,2025,
2025-01-11,14,0.0,0,2193681000,1,2025,
2025-01-11,15,0.001,0,2193681000,1,2025,
2025-01-11,16,0.0,0,2193681000,1,2025,
2025-01-11,17,0.284,0,2193681000,1,2025,
2025-01-11,18,6.287,0,2193681000,1,2025,
2025-01-11,19,6.366,0,2193681000,1,2025,
2025-01-11,20,6.473,0,2193681000,1,2025,
2025-01-11,21,6.521,0,2193681000,1,2025,
2025-01-11,22,6.615,0,2193681000,1,2025,
2025-01-11,23,6.694,0,2193681000,1,2025,
2025-01-12,0,6.748,0,2193681000,1,2025,
2025-01-12,1,6.728,0,2193681000,1,2025,
2025-01-12,2,6.768,0,2193681000,1,2025,
2025-01-12,3,6.834,0,2193681000,1,2025,
2025-01-12,4,6.96,0,2193681000,1,2025,
2025-01-12,5,6.998,0,2193681000,1,2025,
2025-01-12,6,6.982,0,2193681000,1,2025,
2025-01-12,7,6.966,0,2193681000,1,2025,
2025-01-12,8,3.221,0,2193681000,1,2025,
2025-01-12,9,0.0,0,2193681000,1,2025,
2025-01-12,10,0.001,0,2193681000,1,2025,
2025-01-12,11,0.0,0,2193681000,1,2025,
2025-01-12,12,0.001,0,2193681000,1,2025,
2025-01-12,13,0.0,0,2193681000,1,2025,
2025-01-12,14,0.001,0,2193681000,1,2025,
2025-01-12,15,0.0,0,2193681000,1,2025,
2025-01-12,16,0.001,0,2193681000,1,2025,
2025-01-12,17,0.189,0,2193681000,1,2025,
2025-01-12,18,6.307,0,2193681000,1,2025,
2025-01-12,19,6.395,0,2193681000,1,2025,
2025-01-12,20,6.458,0,2193681000,1,2025,
2025-01-12,21,6.644,0,2193681000,1,2025,
2025-01-12,22,6.782,0,2193681000,1,2025,
2025-01-12,23,6.745,0,2193681000,1,2025,
2025-01-13,0,6.793,0,2193681000,1,2025,
2025-01-13,1,6.831,0,2193681000,1,2025,
2025-01-13,2,6.903,0,2193681000,1,2025,
2025-01-13,3,6.948,0,2193681000,1,2025,
2025-01-13,4,6.98,0,2193681000,1,2025,
2025-01-13,5,6.998,0,2193681000,1,2025,
2025-01-13,6,6.926,0,2193681000,1,2025,
2025-01-13,7,6.857,0,2193681000,1,2025,
2025-01-13,8,3.108,0,2193681000,1,2025,
2025-01-13,9,0.0,0,2193681000,1,2025,
2025-01-13,10,0.001,0,2193681000,1,2025,
2025-01-13,11,0.0,0,2193681000,1,2025,
2025-01-13,12,0.001,0,2193681000,1,2025,
2025-01-13,13,0.0,0,2193681000,1,2025,
2025-01-13,14,0.0,0,2193681000,1,2025,
2025-01-13,15,0.001,0,2193681000,1,2025,
2025-01-13,16,0.0,0,2193681000,1,2025,
2025-01-13,17,0.106,0,2193681000,1,2025,
2025-01-13,18,6.339,0,2193681000,1,2025,
2025-01-13,19,6.408,0,2193681000,1,2025,
2025-01-13,20,6.511,0,2193681000,1,2025,
2025-01-13,21,6.541,0,2193681000,1,2025,
2025-01-13,22,6.645,0,2193681000,1,2025,
2025-01-13,23,6.731,0,2193681000,1,2025,
2025-01-14,0,6.787,0,2193681000,1,2025,
2025-01-14,1,6.86,0,2193681000,1,2025,
2025-01-14,2,6.847,0,2193681000,1,2025,
2025-01-14,3,6.892,0,2193681000,1,2025,
2025-01-14,4,6.908,0,2193681000,1,2025,
2025-01-14,5,6.917,0,2193681000,1,2025,
2025-01-14,6,6.866,0,2193681000,1,2025,
2025-01-14,7,6.834,0,2193681000,1,2025,
2025-01-14,8,3.107,0,2193681000,1,2025,
2025-01-14,9,0.001,0,2193681000,1,2025,
2025-01-14,10,0.0,0,2193681000,1,2025,
2025-01-14,11,0.001,0,2193681000,1,2025,
2025-01-14,12,0.0,0,2193681000,1,2025,
2025-01-14,13,0.001,0,2193681000,1,2025,
2025-01-14,14,0.0,0,2193681000,1,2025,
2025-01-14,15,0.001,0,2193681000,1,2025,
2025-01-14,16,0.0,0,2193681000,1,2025,
2025-01-14,17,0.03,0,2193681000,1,2025,
2025-01-14,18,6.433,0,2193681000,1,2025,
2025-01-14,19,6.419,0,2193681000,1,2025,
2025-01-14,20,6.463,0,2193681000,1,2025,
2025-01-14,21,6.584,0,2193681000,1,2025,
2025-01-14,22,6.569,0,2193681000,1,2025,
2025-01-14,23,6.684,0,2193681000,1,2025,
2025-01-15,0,6.722,0,2193681000,1,2025,
2025-01-15,1,6.792,0,2193681000,1,2025,
2025-01-15,2,6.879,0,2193681000,1,2025,
2025-01-15,3,6.933,0,2193681000,1,2025,
2025-01-15,4,6.939,0,2193681000,1,2025,
2025-01-15,5,6.919,0,2193681000,1,2025,
2025-01-15,6,6.878,0,2193681000,1,2025,
2025-01-15,7,6.815,0,2193681000,1,2025,
2025-01-15,8,2.992,0,2193681000,1,2025,
2025-01-15,9,0.001,0,2193681000,1,2025,
2025-01-15,10,0.0,0,2193681000,1,2025,
2025-01-15,11,0.0,0,2193681000,1,2025,
2025-01-15,12,0.001,0,2193681000,1,2025,
2025-01-15,13,0.0,0,2193681000,1,2025,
2025-01-15,14,0.001,0,2193681000,1,2025,
2025-01-15,15,0.0,0,2193681000,1,2025,
2025-01-15,16,0.001,0,2193681000,1,2025,
2025-01-15,17,0.0,0,2193681000,1,2025,
2025-01-15,18,6.252,0,2193681000,1,2025,
2025-01-15,19,6.436,0,2193681000,1,2025,
2025-01-15,20,6.479,0,2193681000,1,2025,
2025-01-15,21,6.534,0,2193681000,1,2025,
2025-01-15,22,6.585,0,2193681000,1,2025,
2025-01-15,23,6.655,0,2193681000,1,2025,
2025-01-16,0,6.77,0,2193681000,1,2025,
2025-01-16,1,6.805,0,2193681000,1,2025,
2025-01-16,2,6.895,0,2193681000,1,2025,
2025-01-16,3,6.943,0,2193681000,1,2025,
2025-01-16,4,6.963,0,2193681000,1,2025,
2025-01-16,5,6.948,0,2193681000,1,2025,
2025-01-16,6,6.919,0,2193681000,1,2025,
2025-01-16,7,6.86,0,2193681000,1,2025,
2025-01-16,8,2.996,0,2193681000,1,2025,
2025-01-16,9,0.0,0,2193681000,1,2025,
2025-01-16,10,0.001,0,2193681000,1,2025,
2025-01-16,11,0.0,0,2193681000,1,2025,
2025-01-16,12,0.001,0,2193681000,1,2025,
2025-01-16,13,0.0,0,2193681000,1,2025,
2025-01-16,14,0.001,0,2193681000,1,2025,
2025-01-16,15,0.0,0,2193681000,1,2025,
2025-01-16,16,0.001,0,2193681000,1,2025,
2025-01-16,17,0.0,0,2193681000,1,2025,
2025-01-16,18,6.043,0,2193681000,1,2025,
2025-01-16,19,6.445,0,2193681000,1,2025,
2025-01-16,20,6.46,0,2193681000,1,2025,
2025-01-16,21,6.57,0,2193681000,1,2025,
2025-01-16,22,6.561,0,2193681000,1,2025,
2025-01-16,23,6.625,0,2193681000,1,2025,
2025-01-17,0,6.734,0,2193681000,1,2025,
2025-01-17,1,6.77,0,2193681000,1,2025,
2025-01-17,2,6.866,0,2193681000,1,2025,
2025-01-17,3,6.937,0,2193681000,1,2025,
2025-01-17,4,6.971,0,2193681000,1,2025,
2025-01-17,5,6.989,0,2193681000,1,2025,
2025-01-17,6,6.939,0,2193681000,1,2025,
2025-01-17,7,6.818,0,2193681000,1,2025,
2025-01-17,8,2.872,0,2193681000,1,2025,
2025-01-17,9,0.001,0,2193681000,1,2025,
2025-01-17,10,0.0,0,2193681000,1,2025,
2025-01-17,11,0.001,0,2193681000,1,2025,
2025-01-17,12,0.0,0,2193681000,1,2025,
2025-01-17,13,0.001,0,2193681000,1,2025,
2025-01-17,14,0.0,0,2193681000,1,2025,
2025-01-17,15,0.001,0,2193681000,1,2025,
2025-01-17,16,0.0,0,2193681000,1,2025,
2025-01-17,17,0.001,0,2193681000,1,2025,
2025-01-17,18,5.975,0,2193681000,1,2025,
2025-01-17,19,6.454,0,2193681000,1,2025,
2025-01-17,20,6.494,0,2193681000,1,2025,
2025-01-17,21,6.571,0,2193681000,1,2025,
2025-01-17,22,6.611,0,2193681000,1,2025,
2025-01-17,23,6.693,0,2193681000,1,2025,
2025-01-18,0,6.714,0,2193681000,1,2025,
2025-01-18,1,6.818,0,2193681000,1,2025,
2025-01-18,2,6.874,0,2193681000,1,2025,
2025-01-18,3,6.953,0,2193681000,1,2025,
2025-01-18,4,6.987,0,2193681000,1,2025,
2025-01-18,5,6.975,0,2193681000,1,2025,
2025-01-18,6,6.955,0,2193681000,1,2025,
2025-01-18,7,6.891,0,2193681000,1,2025,
2025-01-18,8,2.942,0,2193681000,1,2025,
2025-01-18,9,0.001,0,2193681000,1,2025,
2025-01-18,10,0.0,0,2193681000,1,2025,
2025-01-18,11,0.001,0,2193681000,1,2025,
2025-01-18,12,0.0,0,2193681000,1,2025,
2025-01-18,13,0.001,0,2193681000,1,2025,
2025-01-18,14,0.0,0,2193681000,1,2025,
2025-01-18,15,0.001,0,2193681000,1,2025,
2025-01-18,16,0.0,0,2193681000,1,2025,
2025-01-18,17,0.001,0,2193681000,1,2025,
2025-01-18,18,5.789,0,2193681000,1,2025,
2025-01-18,19,6.407,0,2193681000,1,2025,
2025-01-18,20,6.514,0,2193681000,1,2025,
2025-01-18,21,6.573,0,2193681000,1,2025,
2025-01-18,22,6.655,0,2193681000,1,2025,
2025-01-18,23,6.739,0,2193681000,1,2025,
2025-01-19,0,6.807,0,2193681000,1,2025,
2025-01-19,1,6.898,0,2193681000,1,2025,
2025-01-19,2,6.999,0,2193681000,1,2025,
2025-01-19,3,6.945,0,2193681000,1,2025,
2025-01-19,4,6.991,0,2193681000,1,2025,
2025-01-19,5,7.005,0,2193681000,1,2025,
2025-01-19,6,7.015,0,2193681000,1,2025,
2025-01-19,7,7.013,0,2193681000,1,2025,
2025-01-19,8,2.86,0,2193681000,1,2025,
2025-01-19,9,0.0,0,2193681000,1,2025,
2025-01-19,10,0.001,0,2193681000,1,2025,
2025-01-19,11,0.0,0,2193681000,1,2025,
2025-01-19,12,0.001,0,2193681000,1,2025,
2025-01-19,13,0.0,0,2193681000,1,2025,
2025-01-19,14,0.001,0,2193681000,1,2025,
2025-01-19,15,0.0,0,2193681000,1,2025,
2025-01-19,16,0.0,0,2193681000,1,2025,
2025-01-19,17,0.001,0,2193681000,1,2025,
2025-01-19,18,5.653,0,2193681000,1,2025,
2025-01-19,19,6.447,0,2193681000,1,2025,
2025-01-19,20,6.523,0,2193681000,1,2025,
2025-01-19,21,6.592,0,2193681000,1,2025,
2025-01-19,22,6.666,0,2193681000,1,2025,
2025-01-19,23,6.727,0,2193681000,1,2025,
2025-01-20,0,6.765,0,2193681000,1,2025,
2025-01-20,1,6.743,0,2193681000,1,2025,
2025-01-20,2,6.853,0,2193681000,1,2025,
2025-01-20,3,6.896,0,2193681000,1,2025,
2025-01-20,4,6.918,0,2193681000,1,2025,
2025-01-20,5,6.914,0,2193681000,1,2025,
2025-01-20,6,6.881,0,2193681000,1,2025,
2025-01-20,7,6.9,0,2193681000,1,2025,
2025-01-20,8,2.803,0,2193681000,1,2025,
2025-01-20,9,0.001,0,2193681000,1,2025,
2025-01-20,10,0.0,0,2193681000,1,2025,
2025-01-20,11,0.001,0,2193681000,1,2025,
2025-01-20,12,0.0,0,2193681000,1,2025,
2025-01-20,13,0.001,0,2193681000,1,2025,
2025-01-20,14,0.0,0,2193681000,1,2025,
2025-01-20,15,0.001,0,2193681000,1,2025,
2025-01-20,16,0.0,0,2193681000,1,2025,
2025-01-20,17,0.001,0,2193681000,1,2025,
2025-01-20,18,5.693,0,2193681000,1,2025,
2025-01-20,19,6.51,0,2193681000,1,2025,
2025-01-20,20,6.577,0,2193681000,1,2025,
2025-01-20,21,6.639,0,2193681000,1,2025,
2025-01-20,22,6.729,0,2193681000,1,2025,
2025-01-20,23,6.743,0,2193681000,1,2025,
2025-01-21,0,6.739,0,2193681000,1,2025,
2025-01-21,1,6.777,0,2193681000,1,2025,
2025-01-21,2,6.886,0,2193681000,1,2025,
2025-01-21,3,6.938,0,2193681000,1,2025,
2025-01-21,4,6.973,0,2193681000,1,2025,
2025-01-21,5,6.973,0,2193681000,1,2025,
2025-01-21,6,6.938,0,2193681000,1,2025,
2025-01-21,7,6.836,0,2193681000,1,2025,
2025-01-21,8,2.659,0,2193681000,1,2025,
2025-01-21,9,0.0,0,2193681000,1,2025,
2025-01-21,10,0.001,0,2193681000,1,2025,
2025-01-21,11,0.0,0,2193681000,1,2025,
2025-01-21,12,0.001,0,2193681000,1,2025,
2025-01-21,13,0.0,0,2193681000,1,2025,
2025-01-21,14,0.001,0,2193681000,1,2025,
2025-01-21,15,0.0,0,2193681000,1,2025,
2025-01-21,16,0.001,0,2193681000,1,2025,
2025-01-21,17,0.0,0,2193681000,1,2025,
2025-01-21,18,5.519,0,2193681000,1,2025,
2025-01-21,19,6.589,0,2193681000,1,2025,
2025-01-21,20,6.672,0,2193681000,1,2025,
2025-01-21,21,6.536,0,2193681000,1,2025,
2025-01-21,22,6.608,0,2193681000,1,2025,
2025-01-21,23,6.677,0,2193681000,1,2025,
2025-01-22,0,6.699,0,2193681000,1,2025,
2025-01-22,1,6.815,0,2193681000,1,2025,
2025-01-22,2,6.839,0,2193681000,1,2025,
2025-01-22,3,7.166,0,2193681000,1,2025,
2025-01-22,4,7.187,0,2193681000,1,2025,
2025-01-22,5,7.181,0,2193681000,1,2025,
2025-01-22,6,7.16,0,2193681000,1,2025,
2025-01-22,7,7.251,0,2193681000,1,2025,
2025-01-22,8,2.814,0,2193681000,1,2025,
2025-01-22,9,0.001,0,2193681000,1,2025,
2025-01-22,10,0.0,0,2193681000,1,2025,
2025-01-22,11,0.0,0,2193681000,1,2025,
2025-01-22,12,0.001,0,2193681000,1,2025,
2025-01-22,13,0.0,0,2193681000,1,2025,
2025-01-22,14,0.001,0,2193681000,1,2025,
2025-01-22,15,0.0,0,2193681000,1,2025,
2025-01-22,16,0.001,0,2193681000,1,2025,
2025-01-22,17,0.0,0,2193681000,1,2025,
2025-01-22,18,5.806,0,2193681000,1,2025,
2025-01-22,19,7.06,0,2193681000,1,2025,
2025-01-22,20,7.164,0,2193681000,1,2025,
2025-01-22,21,7.07,0,2193681000,1,2025,
2025-01-22,22,7.06,0,2193681000,1,2025,
2025-01-22,23,7.124,0,2193681000,1,2025,
2025-01-23,0,7.073,0,2193681000,1,2025,
2025-01-23,1,7.151,0,2193681000,1,2025,
2025-01-23,2,7.221,0,2193681000,1,2025,
2025-01-23,3,7.262,0,2193681000,1,2025,
2025-01-23,4,7.301,0,2193681000,1,2025,
2025-01-23,5,7.284,0,2193681000,1,2025,
2025-01-23,6,7.256,0,2193681000,1,2025,
2025-01-23,7,7.196,0,2193681000,1,2025,
2025-01-23,8,2.691,0,2193681000,1,2025,
2025-01-23,9,0.0,0,2193681000,1,2025,
2025-01-23,10,0.001,0,2193681000,1,2025,
2025-01-23,11,0.0,0,2193681000,1,2025,
2025-01-23,12,0.001,0,2193681000,1,2025,
2025-01-23,13,0.0,0,2193681000,1,2025,
2025-01-23,14,0.001,0,2193681000,1,2025,
2025-01-23,15,0.0,0,2193681000,1,2025,
2025-01-23,16,0.001,0,2193681000,1,2025,
2025-01-23,17,0.0,0,2193681000,1,2025,
2025-01-23,18,5.713,0,2193681000,1,2025,
2025-01-23,19,6.968,0,2193681000,1,2025,
2025-01-23,20,7.007,0,2193681000,1,2025,
2025-01-23,21,7.048,0,2193681000,1,2025,
2025-01-23,22,7.058,0,2193681000,1,2025,
2025-01-23,23,7.094,0,2193681000,1,2025,
2025-01-24,0,7.112,0,2193681000,1,2025,
2025-01-24,1,7.176,0,2193681000,1,2025,
2025-01-24,2,7.242,0,2193681000,1,2025,
2025-01-24,3,7.257,0,2193681000,1,2025,
2025-01-24,4,7.297,0,2193681000,1,2025,
2025-01-24,5,7.286,0,2193681000,1,2025,
2025-01-24,6,7.275,0,2193681000,1,2025,
2025-01-24,7,7.244,0,2193681000,1,2025,
2025-01-24,8,2.572,0,2193681000,1,2025,
2025-01-24,9,0.0,0,2193681000,1,2025,
2025-01-24,10,0.001,0,2193681000,1,2025,
2025-01-24,11,0.0,0,2193681000,1,2025,
2025-01-24,12,0.001,0,2193681000,1,2025,
2025-01-24,13,0.0,0,2193681000,1,2025,
2025-01-24,14,0.001,0,2193681000,1,2025,
2025-01-24,15,0.0,0,2193681000,1,2025,
2025-01-24,16,0.0,0,2193681000,1,2025,
2025-01-24,17,0.001,0,2193681000,1,2025,
2025-01-24,18,5.576,0,2193681000,1,2025,
2025-01-24,19,7.087,0,2193681000,1,2025,
2025-01-24,20,7.029,0,2193681000,1,2025,
2025-01-24,21,7.012,0,2193681000,1,2025,
2025-01-24,22,7.047,0,2193681000,1,2025,
2025-01-24,23,7.084,0,2193681000,1,2025,
2025-01-25,0,7.092,0,2193681000,1,2025,
2025-01-25,1,7.155,0,2193681000,1,2025,
2025-01-25,2,7.254,0,2193681000,1,2025,
2025-01-25,3,7.325,0,2193681000,1,2025,
2025-01-25,4,7.315,0,2193681000,1,2025,
2025-01-25,5,7.296,0,2193681000,1,2025,
2025-01-25,6,7.285,0,2193681000,1,2025,
2025-01-25,7,7.253,0,2193681000,1,2025,
2025-01-25,8,2.583,0,2193681000,1,2025,
2025-01-25,9,0.001,0,2193681000,1,2025,
2025-01-25,10,0.0,0,2193681000,1,2025,
2025-01-25,11,0.001,0,2193681000,1,2025,
2025-01-25,12,0.0,0,2193681000,1,2025,
2025-01-25,13,0.001,0,2193681000,1,2025,
2025-01-25,14,0.0,0,2193681000,1,2025,
2025-01-25,15,0.001,0,2193681000,1,2025,
2025-01-25,16,0.0,0,2193681000,1,2025,
2025-01-25,17,0.001,0,2193681000,1,2025,
2025-01-25,18,5.411,0,2193681000,1,2025,
2025-01-25,19,6.956,0,2193681000,1,2025,
2025-01-25,20,7.026,0,2193681000,1,2025,
2025-01-25,21,7.07,0,2193681000,1,2025,
2025-01-25,22,7.145,0,2193681000,1,2025,
2025-01-25,23,7.201,0,2193681000,1,2025,
2025-01-26,0,7.211,0,2193681000,1,2025,
2025-01-26,1,7.315,0,2193681000,1,2025,
2025-01-26,2,7.356,0,2193681000,1,2025,
2025-01-26,3,7.404,0,2193681000,1,2025,
2025-01-26,4,7.423,0,2193681000,1,2025,
2025-01-26,5,7.357,0,2193681000,1,2025,
2025-01-26,6,7.361,0,2193681000,1,2025,
2025-01-26,7,7.358,0,2193681000,1,2025,
2025-01-26,8,2.506,0,2193681000,1,2025,
2025-01-26,9,0.0,0,2193681000,1,2025,
2025-01-26,10,0.001,0,2193681000,1,2025,
2025-01-26,11,0.0,0,2193681000,1,2025,
2025-01-26,12,0.0,0,2193681000,1,2025,
2025-01-26,13,0.0,1,2193681000,1,2025,unknown_missingness
2025-01-26,14,0.0005,1,2193681000,1,2025,unknown_missingness
2025-01-26,15,0.0,0,2193681000,1,2025,
2025-01-26,16,0.001,0,2193681000,1,2025,
2025-01-26,17,0.0,0,2193681000,1,2025,
2025-01-26,18,5.166,0,2193681000,1,2025,
2025-01-26,19,6.995,0,2193681000,1,2025,
2025-01-26,20,7.077,0,2193681000,1,2025,
2025-01-26,21,7.132,0,2193681000,1,2025,
2025-01-26,22,7.203,0,2193681000,1,2025,
2025-01-26,23,7.278,0,2193681000,1,2025,
2025-01-27,0,7.305,0,2193681000,1,2025,
2025-01-27,1,7.297,0,2193681000,1,2025,
2025-01-27,2,7.316,0,2193681000,1,2025,
2025-01-27,3,7.317,0,2193681000,1,2025,
2025-01-27,4,7.348,0,2193681000,1,2025,
2025-01-27,5,7.334,0,2193681000,1,2025,
2025-01-27,6,7.306,0,2193681000,1,2025,
2025-01-27,7,7.213,0,2193681000,1,2025,
2025-01-27,8,2.307,0,2193681000,1,2025,
2025-01-27,9,0.0,0,2193681000,1,2025,
2025-01-27,10,0.001,0,2193681000,1,2025,
2025-01-27,11,0.0,0,2193681000,1,2025,
2025-01-27,12,0.001,0,2193681000,1,2025,
2025-01-27,13,0.0,0,2193681000,1,2025,
2025-01-27,14,0.001,0,2193681000,1,2025,
2025-01-27,15,0.0,0,2193681000,1,2025,
2025-01-27,16,0.001,0,2193681000,1,2025,
2025-01-27,17,0.0,0,2193681000,1,2025,
2025-01-27,18,5.049,0,2193681000,1,2025,
2025-01-27,19,7.01,0,2193681000,1,2025,
2025-01-27,20,7.007,0,2193681000,1,2025,
2025-01-27,21,7.041,0,2193681000,1,2025,
2025-01-27,22,7.101,0,2193681000,1,2025,
2025-01-27,23,7.078,0,2193681000,1,2025,
2025-01-28,0,7.134,0,2193681000,1,2025,
2025-01-28,1,7.207,0,2193681000,1,2025,
2025-01-28,2,7.28,0,2193681000,1,2025,
2025-01-28,3,7.282,0,2193681000,1,2025,
2025-01-28,4,7.284,0,2193681000,1,2025,
2025-01-28,5,7.266,0,2193681000,1,2025,
2025-01-28,6,7.251,0,2193681000,1,2025,
2025-01-28,7,7.202,0,2193681000,1,2025,
2025-01-28,8,2.202,0,2193681000,1,2025,
2025-01-28,9,0.001,0,2193681000,1,2025,
2025-01-28,10,0.0,0,2193681000,1,2025,
2025-01-28,11,0.001,0,2193681000,1,2025,
2025-01-28,12,0.0,0,2193681000,1,2025,
2025-01-28,13,0.001,0,2193681000,1,2025,
2025-01-28,14,0.0,0,2193681000,1,2025,
2025-01-28,15,0.001,0,2193681000,1,2025,
2025-01-28,16,0.0,0,2193681000,1,2025,
2025-01-28,17,0.001,0,2193681000,1,2025,
2025-01-28,18,4.931,0,2193681000,1,2025,
2025-01-28,19,6.957,0,2193681000,1,2025,
2025-01-28,20,6.947,0,2193681000,1,2025,
2025-01-28,21,7.016,0,2193681000,1,2025,
2025-01-28,22,7.104,0,2193681000,1,2025,
2025-01-28,23,7.16,0,2193681000,1,2025,
2025-01-29,0,7.088,0,2193681000,1,2025,
2025-01-29,1,7.18,0,2193681000,1,2025,
2025-01-29,2,7.236,0,2193681000,1,2025,
2025-01-29,3,7.25,0,2193681000,1,2025,
2025-01-29,4,7.279,0,2193681000,1,2025,
2025-01-29,5,7.254,0,2193681000,1,2025,
2025-01-29,6,7.193,0,2193681000,1,2025,
2025-01-29,7,7.143,0,2193681000,1,2025,
2025-01-29,8,2.073,0,2193681000,1,2025,
2025-01-29,9,0.001,0,2193681000,1,2025,
2025-01-29,10,0.0,0,2193681000,1,2025,
2025-01-29,11,0.001,0,2193681000,1,2025,
2025-01-29,12,0.0,0,2193681000,1,2025,
2025-01-29,13,0.001,0,2193681000,1,2025,
2025-01-29,14,0.0,0,2193681000,1,2025,
2025-01-29,15,0.001,0,2193681000,1,2025,
2025-01-29,16,0.0,0,2193681000,1,2025,
2025-01-29,17,0.001,0,2193681000,1,2025,
2025-01-29,18,4.916,0,2193681000,1,2025,
2025-01-29,19,7.103,0,2193681000,1,2025,
2025-01-29,20,7.067,0,2193681000,1,2025,
2025-01-29,21,7.102,0,2193681000,1,2025,
2025-01-29,22,7.159,0,2193681000,1,2025,
2025-01-29,23,7.155,0,2193681000,1,2025,
2025-01-30,0,7.142,0,2193681000,1,2025,
2025-01-30,1,7.215,0,2193681000,1,2025,
2025-01-30,2,7.275,0,2193681000,1,2025,
2025-01-30,3,7.301,0,2193681000,1,2025,
2025-01-30,4,7.335,0,2193681000,1,2025,
2025-01-30,5,7.336,0,2193681000,1,2025,
2025-01-30,6,7.319,0,2193681000,1,2025,
2025-01-30,7,7.274,0,2193681000,1,2025,
2025-01-30,8,1.969,0,2193681000,1,2025,
2025-01-30,9,0.0,0,2193681000,1,2025,
2025-01-30,10,0.001,0,2193681000,1,2025,
2025-01-30,11,0.0,0,2193681000,1,2025,
2025-01-30,12,0.001,0,2193681000,1,2025,
2025-01-30,13,0.0,0,2193681000,1,2025,
2025-01-30,14,0.001,0,2193681000,1,2025,
2025-01-30,15,0.0,0,2193681000,1,2025,
2025-01-30,16,0.001,0,2193681000,1,2025,
2025-01-30,17,0.0,0,2193681000,1,2025,
2025-01-30,18,4.67,0,2193681000,1,2025,
2025-01-30,19,7.064,0,2193681000,1,2025,
2025-01-30,20,7.058,0,2193681000,1,2025,
2025-01-30,21,7.102,0,2193681000,1,2025,
2025-01-30,22,7.06,0,2193681000,1,2025,
2025-01-30,23,7.121,0,2193681000,1,2025,
2025-01-31,0,7.21,0,2193681000,1,2025,
2025-01-31,1,7.26,0,2193681000,1,2025,
2025-01-31,2,7.299,0,2193681000,1,2025,
2025-01-31,3,7.295,0,2193681000,1,2025,
2025-01-31,4,7.324,0,2193681000,1,2025,
2025-01-31,5,7.323,0,2193681000,1,2025,
2025-01-31,6,7.281,0,2193681000,1,2025,
2025-01-31,7,7.273,0,2193681000,1,2025,
2025-01-31,8,1.853,0,2193681000,1,2025,
2025-01-31,9,0.001,0,2193681000,1,2025,
2025-01-31,10,0.0,0,2193681000,1,2025,
2025-01-31,11,0.001,0,2193681000,1,2025,
2025-01-31,12,0.0,0,2193681000,1,2025,
2025-01-31,13,0.001,0,2193681000,1,2025,
2025-01-31,14,0.0,0,2193681000,1,2025,
2025-01-31,15,0.001,0,2193681000,1,2025,
2025-01-31,16,0.0,0,2193681000,1,2025,
2025-01-31,17,0.0,0,2193681000,1,2025,
2025-01-31,18,4.585,0,2193681000,1,2025,
2025-01-31,19,7.023,0,2193681000,1,2025,
2025-01-31,20,7.021,0,2193681000,1,2025,
2025-01-31,21,7.062,0,2193681000,1,2025,
2025-01-31,22,7.099,0,2193681000,1,2025,
2025-01-31,23,7.118,0,2193681000,1,2025,
2025-02-01,0,7.139,0,2193681000,2,2025,
2025-02-01,1,7.238,0,2193681000,2,2025,
2025-02-01,2,7.322,0,2193681000,2,2025,
2025-02-01,3,7.379,0,2193681000,2,2025,
2025-02-01,4,7.389,0,2193681000,2,2025,
2025-02-01,5,7.399,0,2193681000,2,2025,
2025-02-01,6,7.396,0,2193681000,2,2025,
2025-02-01,7,7.356,0,2193681000,2,2025,
2025-02-01,8,1.739,0,2193681000,2,2025,
2025-02-01,9,0.001,0,2193681000,2,2025,
2025-02-01,10,0.0,0,2193681000,2,2025,
2025-02-01,11,0.001,0,2193681000,2,2025,
2025-02-01,12,0.0,0,2193681000,2,2025,
2025-02-01,13,0.001,0,2193681000,2,2025,
2025-02-01,14,0.0,0,2193681000,2,2025,
2025-02-01,15,0.001,0,2193681000,2,2025,
2025-02-01,16,0.0,0,2193681000,2,2025,
2025-02-01,17,0.001,0,2193681000,2,2025,
2025-02-01,18,4.39,0,2193681000,2,2025,
2025-02-01,19,6.945,0,2193681000,2,2025,
2025-02-01,20,7.036,0,2193681000,2,2025,
2025-02-01,21,7.052,0,2193681000,2,2025,
2025-02-01,22,7.109,0,2193681000,2,2025,
2025-02-01,23,7.168,0,2193681000,2,2025,
2025-02-02,0,7.149,0,2193681000,2,2025,
2025-02-02,1,7.252,0,2193681000,2,2025,
2025-02-02,2,7.278,0,2193681000,2,2025,
2025-02-02,3,7.307,0,2193681000,2,2025,
2025-02-02,4,7.29,0,2193681000,2,2025,
2025-02-02,5,7.28,0,2193681000,2,2025,
2025-02-02,6,7.251,0,2193681000,2,2025,
2025-02-02,7,7.236,0,2193681000,2,2025,
2025-02-02,8,1.595,0,2193681000,2,2025,
2025-02-02,9,0.0,0,2193681000,2,2025,
2025-02-02,10,0.001,0,2193681000,2,2025,
2025-02-02,11,0.0,0,2193681000,2,2025,
2025-02-02,12,0.001,0,2193681000,2,2025,
2025-02-02,13,0.0,0,2193681000,2,2025,
2025-02-02,14,0.001,0,2193681000,2,2025,
2025-02-02,15,0.0,0,2193681000,2,2025,
2025-02-02,16,0.001,0,2193681000,2,2025,
2025-02-02,17,0.0,0,2193681000,2,2025,
2025-02-02,18,4.274,0,2193681000,2,2025,
2025-02-02,19,7.001,0,2193681000,2,2025,
2025-02-02,20,7.009,0,2193681000,2,2025,
2025-02-02,21,7.019,0,2193681000,2,2025,
2025-02-02,22,7.095,0,2193681000,2,2025,
2025-02-02,23,7.132,0,2193681000,2,2025,
2025-02-03,0,7.229,0,2193681000,2,2025,
2025-02-03,1,7.299,0,2193681000,2,2025,
2025-02-03,2,7.338,0,2193681000,2,2025,
2025-02-03,3,7.328,0,2193681000,2,2025,
2025-02-03,4,7.327,0,2193681000,2,2025,
2025-02-03,5,7.28,0,2193681000,2,2025,
2025-02-03,6,7.227,0,2193681000,2,2025,
2025-02-03,7,7.307,0,2193681000,2,2025,
2025-02-03,8,1.468,0,2193681000,2,2025,
2025-02-03,9,0.001,0,2193681000,2,2025,
2025-02-03,10,0.0,0,2193681000,2,2025,
2025-02-03,11,0.001,0,2193681000,2,2025,
2025-02-03,12,0.0,0,2193681000,2,2025,
2025-02-03,13,0.001,0,2193681000,2,2025,
2025-02-03,14,0.0,0,2193681000,2,2025,
2025-02-03,15,0.001,0,2193681000,2,2025,
2025-02-03,16,0.0,0,2193681000,2,2025,
2025-02-03,17,0.001,0,2193681000,2,2025,
2025-02-03,18,0.0,0,2193681000,2,2025,
2025-02-03,19,6.845,1,2193681000,2,2025,unknown_missingness
2025-02-03,20,6.889,1,2193681000,2,2025,unknown_missingness
2025-02-03,21,0.0,0,2193681000,2,2025,
2025-02-03,22,7.025,0,2193681000,2,2025,
2025-02-03,23,7.044,0,2193681000,2,2025,
2025-02-04,0,7.082,0,2193681000,2,2025,
2025-02-04,1,7.144,0,2193681000,2,2025,
2025-02-04,2,7.233,0,2193681000,2,2025,
2025-02-04,3,7.27,0,2193681000,2,2025,
2025-02-04,4,7.273,0,2193681000,2,2025,
2025-02-04,5,7.233,0,2193681000,2,2025,
2025-02-04,6,7.198,0,2193681000,2,2025,
2025-02-04,7,7.225,0,2193681000,2,2025,
2025-02-04,8,1.336,0,2193681000,2,2025,
2025-02-04,9,0.001,0,2193681000,2,2025,
2025-02-04,10,0.0,0,2193681000,2,2025,
2025-02-04,11,0.001,0,2193681000,2,2025,
2025-02-04,12,0.0,0,2193681000,2,2025,
2025-02-04,13,0.001,0,2193681000,2,2025,
2025-02-04,14,0.0,0,2193681000,2,2025,
2025-02-04,15,0.001,0,2193681000,2,2025,
2025-02-04,16,0.0,0,2193681000,2,2025,
2025-02-04,17,0.001,0,2193681000,2,2025,
2025-02-04,18,3.878,0,2193681000,2,2025,
2025-02-04,19,6.915,0,2193681000,2,2025,
2025-02-04,20,6.997,0,2193681000,2,2025,
2025-02-04,21,7.047,0,2193681000,2,2025,
2025-02-04,22,7.073,0,2193681000,2,2025,
2025-02-04,23,7.127,0,2193681000,2,2025,
2025-02-05,0,7.118,0,2193681000,2,2025,
2025-02-05,1,7.196,0,2193681000,2,2025,
2025-02-05,2,7.216,0,2193681000,2,2025,
2025-02-05,3,7.232,0,2193681000,2,2025,
2025-02-05,4,7.282,0,2193681000,2,2025,
2025-02-05,5,7.273,0,2193681000,2,2025,
2025-02-05,6,7.199,0,2193681000,2,2025,
2025-02-05,7,7.188,0,2193681000,2,2025,
2025-02-05,8,1.215,0,2193681000,2,2025,
2025-02-05,9,0.0,0,2193681000,2,2025,
2025-02-05,10,0.001,0,2193681000,2,2025,
2025-02-05,11,0.0,0,2193681000,2,2025,
2025-02-05,12,0.001,0,2193681000,2,2025,
2025-02-05,13,0.0,0,2193681000,2,2025,
2025-02-05,14,0.001,0,2193681000,2,2025,
2025-02-05,15,0.0,0,2193681000,2,2025,
2025-02-05,16,0.001,0,2193681000,2,2025,
2025-02-05,17,0.0,0,2193681000,2,2025,
2025-02-05,18,3.836,0,2193681000,2,2025,
2025-02-05,19,7.009,0,2193681000,2,2025,
2025-02-05,20,6.949,0,2193681000,2,2025,
2025-02-05,21,6.972,0,2193681000,2,2025,
2025-02-05,22,7.058,0,2193681000,2,2025,
2025-02-05,23,7.13,0,2193681000,2,2025,
2025-02-06,0,7.114,0,2193681000,2,2025,
2025-02-06,1,7.182,0,2193681000,2,2025,
2025-02-06,2,7.243,0,2193681000,2,2025,
2025-02-06,3,7.263,0,2193681000,2,2025,
2025-02-06,4,7.296,0,2193681000,2,2025,
2025-02-06,5,7.299,0,2193681000,2,2025,
2025-02-06,6,7.248,0,2193681000,2,2025,
2025-02-06,7,7.213,0,2193681000,2,2025,
2025-02-06,8,1.081,0,2193681000,2,2025,
2025-02-06,9,0.0,0,2193681000,2,2025,
2025-02-06,10,0.001,0,2193681000,2,2025,
2025-02-06,11,0.0,0,2193681000,2,2025,
2025-02-06,12,0.001,0,2193681000,2,2025,
2025-02-06,13,0.0,0,2193681000,2,2025,
2025-02-06,14,0.001,0,2193681000,2,2025,
2025-02-06,15,0.0,0,2193681000,2,2025,
2025-02-06,16,0.001,0,2193681000,2,2025,
2025-02-06,17,0.0,0,2193681000,2,2025,
2025-02-06,18,3.688,0,2193681000,2,2025,
2025-02-06,19,6.969,0,2193681000,2,2025,
2025-02-06,20,6.974,0,2193681000,2,2025,
2025-02-06,21,7.032,0,2193681000,2,2025,
2025-02-06,22,7.052,0,2193681000,2,2025,
2025-02-06,23,7.114,0,2193681000,2,2025,
2025-02-07,0,7.193,0,2193681000,2,2025,
2025-02-07,1,7.281,0,2193681000,2,2025,
2025-02-07,2,7.326,0,2193681000,2,2025,
2025-02-07,3,7.364,0,2193681000,2,2025,
2025-02-07,4,7.378,0,2193681000,2,2025,
2025-02-07,5,7.331,0,2193681000,2,2025,
2025-02-07,6,7.307,0,2193681000,2,2025,
2025-02-07,7,7.254,0,2193681000,2,2025,
2025-02-07,8,0.965,0,2193681000,2,2025,
2025-02-07,9,0.001,0,2193681000,2,2025,
2025-02-07,10,0.0,0,2193681000,2,2025,
2025-02-07,11,0.001,0,2193681000,2,2025,
2025-02-07,12,0.0,0,2193681000,2,2025,
2025-02-07,13,0.001,0,2193681000,2,2025,
2025-02-07,14,0.0,0,2193681000,2,2025,
2025-02-07,15,0.001,0,2193681000,2,2025,
2025-02-07,16,0.0,0,2193681000,2,2025,
2025-02-07,17,0.001,0,2193681000,2,2025,
2025-02-07,18,3.495,0,2193681000,2,2025,
2025-02-07,19,7.008,0,2193681000,2,2025,
2025-02-07,20,7.048,0,2193681000,2,2025,
2025-02-07,21,7.059,0,2193681000,2,2025,
2025-02-07,22,7.122,0,2193681000,2,2025,
2025-02-07,23,7.126,0,2193681000,2,2025,
2025-02-08,0,7.101,0,2193681000,2,2025,
2025-02-08,1,7.18,0,2193681000,2,2025,
2025-02-08,2,7.277,0,2193681000,2,2025,
2025-02-08,3,7.326,0,2193681000,2,2025,
2025-02-08,4,7.342,0,2193681000,2,2025,
2025-02-08,5,7.337,0,2193681000,2,2025,
2025-02-08,6,7.299,0,2193681000,2,2025,
2025-02-08,7,7.262,0,2193681000,2,2025,
2025-02-08,8,0.854,0,2193681000,2,2025,
2025-02-08,9,0.0,0,2193681000,2,2025,
2025-02-08,10,0.001,0,2193681000,2,2025,
2025-02-08,11,0.0,0,2193681000,2,2025,
2025-02-08,12,0.001,0,2193681000,2,2025,
2025-02-08,13,0.0,0,2193681000,2,2025,
2025-02-08,14,0.001,0,2193681000,2,2025,
2025-02-08,15,0.0,0,2193681000,2,2025,
2025-02-08,16,0.001,0,2193681000,2,2025,
2025-02-08,17,0.0,0,2193681000,2,2025,
2025-02-08,18,3.337,0,2193681000,2,2025,
2025-02-08,19,6.884,0,2193681000,2,2025,
2025-02-08,20,6.982,0,2193681000,2,2025,
2025-02-08,21,6.982,0,2193681000,2,2025,
2025-02-08,22,7.051,0,2193681000,2,2025,
2025-02-08,23,7.124,0,2193681000,2,2025,
2025-02-09,0,7.129,0,2193681000,2,2025,
2025-02-09,1,7.182,0,2193681000,2,2025,
2025-02-09,2,7.292,0,2193681000,2,2025,
2025-02-09,3,7.33,0,2193681000,2,2025,
2025-02-09,4,7.309,0,2193681000,2,2025,
2025-02-09,5,7.31,0,2193681000,2,2025,
2025-02-09,6,7.298,0,2193681000,2,2025,
2025-02-09,7,7.262,0,2193681000,2,2025,
2025-02-09,8,0.731,0,2193681000,2,2025,
2025-02-09,9,0.001,0,2193681000,2,2025,
2025-02-09,10,0.0,0,2193681000,2,2025,
2025-02-09,11,0.001,0,2193681000,2,2025,
2025-02-09,12,0.0,0,2193681000,2,2025,
2025-02-09,13,0.001,0,2193681000,2,2025,
2025-02-09,14,0.0,0,2193681000,2,2025,
2025-02-09,15,0.001,0,2193681000,2,2025,
2025-02-09,16,0.0,0,2193681000,2,2025,
2025-02-09,17,0.001,0,2193681000,2,2025,
2025-02-09,18,3.21,0,2193681000,2,2025,
2025-02-09,19,6.876,0,2193681000,2,2025,
2025-02-09,20,6.968,0,2193681000,2,2025,
2025-02-09,21,7.043,0,2193681000,2,2025,
2025-02-09,22,7.12,0,2193681000,2,2025,
2025-02-09,23,7.192,0,2193681000,2,2025,
2025-02-10,0,7.172,0,2193681000,2,2025,
2025-02-10,1,7.222,0,2193681000,2,2025,
2025-02-10,2,7.293,0,2193681000,2,2025,
2025-02-10,3,7.315,0,2193681000,2,2025,
2025-02-10,4,7.344,0,2193681000,2,2025,
2025-02-10,5,7.323,0,2193681000,2,2025,
2025-02-10,6,7.23,0,2193681000,2,2025,
2025-02-10,7,7.237,0,2193681000,2,2025,
2025-02-10,8,0.607,0,2193681000,2,2025,
2025-02-10,9,0.001,0,2193681000,2,2025,
2025-02-10,10,0.0,0,2193681000,2,2025,
2025-02-10,11,0.0,0,2193681000,2,2025,
2025-02-10,12,0.001,0,2193681000,2,2025,
2025-02-10,13,0.0,0,2193681000,2,2025,
2025-02-10,14,0.001,0,2193681000,2,2025,
2025-02-10,15,0.0,0,2193681000,2,2025,
2025-02-10,16,0.001,0,2193681000,2,2025,
2025-02-10,17,0.0,0,2193681000,2,2025,
2025-02-10,18,3.099,0,2193681000,2,2025,
2025-02-10,19,6.911,0,2193681000,2,2025,
2025-02-10,20,6.933,0,2193681000,2,2025,
2025-02-10,21,6.965,0,2193681000,2,2025,
2025-02-10,22,7.019,0,2193681000,2,2025,
2025-02-10,23,7.083,0,2193681000,2,2025,
2025-02-11,0,7.074,0,2193681000,2,2025,
2025-02-11,1,7.171,0,2193681000,2,2025,
2025-02-11,2,7.262,0,2193681000,2,2025,
2025-02-11,3,7.301,0,2193681000,2,2025,
2025-02-11,4,7.33,0,2193681000,2,2025,
2025-02-11,5,7.301,0,2193681000,2,2025,
2025-02-11,6,7.296,0,2193681000,2,2025,
2025-02-11,7,7.235,0,2193681000,2,2025,
2025-02-11,8,0.364,0,2193681000,2,2025,
2025-02-11,9,0.001,0,2193681000,2,2025,
2025-02-11,10,0.0,0,2193681000,2,2025,
2025-02-11,11,0.001,0,2193681000,2,2025,
2025-02-11,12,0.0,0,2193681000,2,2025,
2025-02-11,13,0.001,0,2193681000,2,2025,
2025-02-11,14,0.0,0,2193681000,2,2025,
2025-02-11,15,0.001,0,2193681000,2,2025,
2025-02-11,16,0.0,0,2193681000,2,2025,
2025-02-11,17,0.001,0,2193681000,2,2025,
2025-02-11,18,3.042,0,2193681000,2,2025,
2025-02-11,19,6.997,0,2193681000,2,2025,
2025-02-11,20,6.976,0,2193681000,2,2025,
2025-02-11,21,7.05,0,2193681000,2,2025,
2025-02-11,22,7.123,0,2193681000,2,2025,
2025-02-11,23,7.081,0,2193681000,2,2025,
2025-02-12,0,7.067,0,2193681000,2,2025,
2025-02-12,1,7.15,0,2193681000,2,2025,
2025-02-12,2,6.794,0,2193681000,2,2025,
2025-02-12,3,6.118,0,2193681000,2,2025,
2025-02-12,4,6.401,0,2193681000,2,2025,
2025-02-12,5,6.497,0,2193681000,2,2025,
2025-02-12,6,6.441,0,2193681000,2,2025,
2025-02-12,7,6.481,0,2193681000,2,2025,
2025-02-12,8,0.218,0,2193681000,2,2025,
2025-02-12,9,0.0,0,2193681000,2,2025,
2025-02-12,10,0.001,0,2193681000,2,2025,
2025-02-12,11,0.0,0,2193681000,2,2025,
2025-02-12,12,0.001,0,2193681000,2,2025,
2025-02-12,13,0.0,0,2193681000,2,2025,
2025-02-12,14,0.001,0,2193681000,2,2025,
2025-02-12,15,0.0,0,2193681000,2,2025,
2025-02-12,16,0.001,0,2193681000,2,2025,
2025-02-12,17,0.0,0,2193681000,2,2025,
2025-02-12,18,2.808,0,2193681000,2,2025,
2025-02-12,19,6.962,0,2193681000,2,2025,
2025-02-12,20,7.012,0,2193681000,2,2025,
2025-02-12,21,7.033,0,2193681000,2,2025,
2025-02-12,22,7.09,0,2193681000,2,2025,
2025-02-12,23,7.152,0,2193681000,2,2025,
2025-02-13,0,7.183,0,2193681000,2,2025,
2025-02-13,1,7.261,0,2193681000,2,2025,
2025-02-13,2,7.368,0,2193681000,2,2025,
2025-02-13,3,7.333,0,2193681000,2,2025,
2025-02-13,4,6.527,0,2193681000,2,2025,
2025-02-13,5,6.225,0,2193681000,2,2025,
2025-02-13,6,6.179,0,2193681000,2,2025,
2025-02-13,7,6.129,0,2193681000,2,2025,
2025-02-13,8,0.099,0,2193681000,2,2025,
2025-02-13,9,0.0,0,2193681000,2,2025,
2025-02-13,10,0.001,0,2193681000,2,2025,
2025-02-13,11,0.0,0,2193681000,2,2025,
2025-02-13,12,0.001,0,2193681000,2,2025,
2025-02-13,13,0.0,0,2193681000,2,2025,
2025-02-13,14,0.001,0,2193681000,2,2025,
2025-02-13,15,0.0,0,2193681000,2,2025,
2025-02-13,16,0.001,0,2193681000,2,2025,
2025-02-13,17,0.0,0,2193681000,2,2025,
2025-02-13,18,2.731,0,2193681000,2,2025,
2025-02-13,19,7.11,0,2193681000,2,2025,
2025-02-13,20,7.035,0,2193681000,2,2025,
2025-02-13,21,7.034,0,2193681000,2,2025,
2025-02-13,22,7.002,0,2193681000,2,2025,
2025-02-13,23,7.031,0,2193681000,2,2025,
2025-02-14,0,7.032,0,2193681000,2,2025,
2025-02-14,1,7.142,0,2193681000,2,2025,
2025-02-14,2,7.165,0,2193681000,2,2025,
2025-02-14,3,7.22,0,2193681000,2,2025,
2025-02-14,4,7.24,0,2193681000,2,2025,
2025-02-14,5,7.223,0,2193681000,2,2025,
2025-02-14,6,7.183,0,2193681000,2,2025,
2025-02-14,7,7.099,0,2193681000,2,2025,
2025-02-14,8,0.0,0,2193681000,2,2025,
2025-02-14,9,0.001,0,2193681000,2,2025,
2025-02-14,10,0.0,0,2193681000,2,2025,
2025-02-14,11,0.001,0,2193681000,2,2025,
2025-02-14,12,0.0,0,2193681000,2,2025,
2025-02-14,13,0.001,0,2193681000,2,2025,
2025-02-14,14,0.0,0,2193681000,2,2025,
2025-02-14,15,0.001,0,2193681000,2,2025,
2025-02-14,16,0.0,0,2193681000,2,2025,
2025-02-14,17,0.0,0,2193681000,2,2025,
2025-02-14,18,2.514,0,2193681000,2,2025,
2025-02-14,19,6.832,0,2193681000,2,2025,
2025-02-14,20,6.889,0,2193681000,2,2025,
2025-02-14,21,6.893,0,2193681000,2,2025,
2025-02-14,22,6.965,0,2193681000,2,2025,
2025-02-14,23,7.016,0,2193681000,2,2025,
2025-02-15,0,6.923,0,2193681000,2,2025,
2025-02-15,1,7.016,0,2193681000,2,2025,
2025-02-15,2,7.097,0,2193681000,2,2025,
2025-02-15,3,7.147,0,2193681000,2,2025,
2025-02-15,4,7.151,0,2193681000,2,2025,
2025-02-15,5,7.122,0,2193681000,2,2025,
2025-02-15,6,7.107,0,2193681000,2,2025,
2025-02-15,7,6.841,0,2193681000,2,2025,
2025-02-15,8,0.001,0,2193681000,2,2025,
2025-02-15,9,0.0,0,2193681000,2,2025,
2025-02-15,10,0.001,0,2193681000,2,2025,
2025-02-15,11,0.0,0,2193681000,2,2025,
2025-02-15,12,0.001,0,2193681000,2,2025,
2025-02-15,13,0.0,0,2193681000,2,2025,
2025-02-15,14,0.001,0,2193681000,2,2025,
2025-02-15,15,0.0,0,2193681000,2,2025,
2025-02-15,16,0.0,0,2193681000,2,2025,
2025-02-15,17,0.001,0,2193681000,2,2025,
2025-02-15,18,2.425,0,2193681000,2,2025,
2025-02-15,19,6.83,0,2193681000,2,2025,
2025-02-15,20,6.872,0,2193681000,2,2025,
2025-02-15,21,6.855,0,2193681000,2,2025,
2025-02-15,22,6.88,0,2193681000,2,2025,
2025-02-15,23,6.943,0,2193681000,2,2025,
2025-02-16,0,7.044,0,2193681000,2,2025,
2025-02-16,1,7.128,0,2193681000,2,2025,
2025-02-16,2,7.207,0,2193681000,2,2025,
2025-02-16,3,7.178,0,2193681000,2,2025,
2025-02-16,4,7.189,0,2193681000,2,2025,
2025-02-16,5,7.121,0,2193681000,2,2025,
2025-02-16,6,7.122,0,2193681000,2,2025,
2025-02-16,7,6.787,0,2193681000,2,2025,
2025-02-16,8,0.0,0,2193681000,2,2025,
2025-02-16,9,0.001,0,2193681000,2,2025,
2025-02-16,10,0.0,0,2193681000,2,2025,
2025-02-16,11,0.001,0,2193681000,2,2025,
2025-02-16,12,0.0,0,2193681000,2,2025,
2025-02-16,13,0.001,0,2193681000,2,2025,
2025-02-16,14,0.0,0,2193681000,2,2025,
2025-02-16,15,0.001,0,2193681000,2,2025,
2025-02-16,16,0.0,0,2193681000,2,2025,
2025-02-16,17,0.001,0,2193681000,2,2025,
2025-02-16,18,2.185,0,2193681000,2,2025,
2025-02-16,19,6.792,0,2193681000,2,2025,
2025-02-16,20,6.883,0,2193681000,2,2025,
2025-02-16,21,6.924,0,2193681000,2,2025,
2025-02-16,22,6.997,0,2193681000,2,2025,
2025-02-16,23,7.059,0,2193681000,2,2025,
2025-02-17,0,7.076,0,2193681000,2,2025,
2025-02-17,1,7.088,0,2193681000,2,2025,
2025-02-17,2,7.166,0,2193681000,2,2025,
2025-02-17,3,7.17,0,2193681000,2,2025,
2025-02-17,4,7.183,0,2193681000,2,2025,
2025-02-17,5,7.155,0,2193681000,2,2025,
2025-02-17,6,7.092,0,2193681000,2,2025,
2025-02-17,7,6.54,0,2193681000,2,2025,
2025-02-17,8,0.0,0,2193681000,2,2025,
2025-02-17,9,0.001,0,2193681000,2,2025,
2025-02-17,10,0.0,0,2193681000,2,2025,
2025-02-17,11,0.001,0,2193681000,2,2025,
2025-02-17,12,0.0,0,2193681000,2,2025,
2025-02-17,13,0.0,0,2193681000,2,2025,
2025-02-17,14,0.001,0,2193681000,2,2025,
2025-02-17,15,0.0,0,2193681000,2,2025,
2025-02-17,16,0.001,0,2193681000,2,2025,
2025-02-17,17,0.0,0,2193681000,2,2025,
2025-02-17,18,2.109,0,2193681000,2,2025,
2025-02-17,19,6.847,0,2193681000,2,2025,
2025-02-17,20,6.849,0,2193681000,2,2025,
2025-02-17,21,6.919,0,2193681000,2,2025,
2025-02-17,22,6.988,0,2193681000,2,2025,
2025-02-17,23,6.871,0,2193681000,2,2025,
2025-02-18,0,6.996,0,2193681000,2,2025,
2025-02-18,1,7.132,0,2193681000,2,2025,
2025-02-18,2,7.189,0,2193681000,2,2025,
2025-02-18,3,7.194,0,2193681000,2,2025,
2025-02-18,4,7.106,0,2193681000,2,2025,
2025-02-18,5,7.093,0,2193681000,2,2025,
2025-02-18,6,7.052,0,2193681000,2,2025,
2025-02-18,7,6.245,0,2193681000,2,2025,
2025-02-18,8,0.0,0,2193681000,2,2025,
2025-02-18,9,0.001,0,2193681000,2,2025,
2025-02-18,10,0.0,0,2193681000,2,2025,
2025-02-18,11,0.001,0,2193681000,2,2025,
2025-02-18,12,0.0,0,2193681000,2,2025,
2025-02-18,13,0.001,0,2193681000,2,2025,
2025-02-18,14,0.0,0,2193681000,2,2025,
2025-02-18,15,0.001,0,2193681000,2,2025,
2025-02-18,16,0.0,0,2193681000,2,2025,
2025-02-18,17,0.001,0,2193681000,2,2025,
2025-02-18,18,1.978,0,2193681000,2,2025,
2025-02-18,19,6.783,0,2193681000,2,2025,
2025-02-18,20,6.857,0,2193681000,2,2025,
2025-02-18,21,6.872,0,2193681000,2,2025,
2025-02-18,22,6.968,0,2193681000,2,2025,
2025-02-18,23,7.022,0,2193681000,2,2025,
2025-02-19,0,7.02,0,2193681000,2,2025,
2025-02-19,1,7.111,0,2193681000,2,2025,
2025-02-19,2,7.168,0,2193681000,2,2025,
2025-02-19,3,7.223,0,2193681000,2,2025,
2025-02-19,4,7.254,0,2193681000,2,2025,
2025-02-19,5,7.264,0,2193681000,2,2025,
2025-02-19,6,7.208,0,2193681000,2,2025,
2025-02-19,7,6.268,0,2193681000,2,2025,
2025-02-19,8,0.001,0,2193681000,2,2025,
2025-02-19,9,0.0,0,2193681000,2,2025,
2025-02-19,10,0.001,0,2193681000,2,2025,
2025-02-19,11,0.0,0,2193681000,2,2025,
2025-02-19,12,0.001,0,2193681000,2,2025,
2025-02-19,13,0.0,0,2193681000,2,2025,
2025-02-19,14,0.001,0,2193681000,2,2025,
2025-02-19,15,0.0,0,2193681000,2,2025,
2025-02-19,16,0.001,0,2193681000,2,2025,
2025-02-19,17,0.0,0,2193681000,2,2025,
2025-02-19,18,1.825,0,2193681000,2,2025,
2025-02-19,19,6.716,0,2193681000,2,2025,
2025-02-19,20,6.749,0,2193681000,2,2025,
2025-02-19,21,6.832,0,2193681000,2,2025,
2025-02-19,22,6.955,0,2193681000,2,2025,
2025-02-19,23,7.043,0,2193681000,2,2025,
2025-02-20,0,7.046,0,2193681000,2,2025,
2025-02-20,1,7.108,0,2193681000,2,2025,
2025-02-20,2,7.047,0,2193681000,2,2025,
2025-02-20,3,7.114,0,2193681000,2,2025,
2025-02-20,4,7.163,0,2193681000,2,2025,
2025-02-20,5,7.145,0,2193681000,2,2025,
2025-02-20,6,7.107,0,2193681000,2,2025,
2025-02-20,7,6.082,0,2193681000,2,2025,
2025-02-20,8,0.0,0,2193681000,2,2025,
2025-02-20,9,0.001,0,2193681000,2,2025,
2025-02-20,10,0.0,0,2193681000,2,2025,
2025-02-20,11,0.001,0,2193681000,2,2025,
2025-02-20,12,0.0,0,2193681000,2,2025,
2025-02-20,13,0.001,0,2193681000,2,2025,
2025-02-20,14,0.0,0,2193681000,2,2025,
2025-02-20,15,0.001,0,2193681000,2,2025,
2025-02-20,16,0.0,0,2193681000,2,2025,
2025-02-20,17,0.001,0,2193681000,2,2025,
2025-02-20,18,1.738,0,2193681000,2,2025,
2025-02-20,19,6.747,0,2193681000,2,2025,
2025-02-20,20,6.799,0,2193681000,2,2025,
2025-02-20,21,6.768,0,2193681000,2,2025,
2025-02-20,22,6.846,0,2193681000,2,2025,
2025-02-20,23,6.91,0,2193681000,2,2025,
2025-02-21,0,6.974,0,2193681000,2,2025,
2025-02-21,1,7.047,0,2193681000,2,2025,
2025-02-21,2,7.126,0,2193681000,2,2025,
2025-02-21,3,7.136,0,2193681000,2,2025,
2025-02-21,4,7.194,0,2193681000,2,2025,
2025-02-21,5,7.176,0,2193681000,2,2025,
2025-02-21,6,7.122,0,2193681000,2,2025,
2025-02-21,7,5.877,0,2193681000,2,2025,
2025-02-21,8,0.0,0,2193681000,2,2025,
2025-02-21,9,0.001,0,2193681000,2,2025,
2025-02-21,10,0.0,0,2193681000,2,2025,
2025-02-21,11,0.001,0,2193681000,2,2025,
2025-02-21,12,0.0,0,2193681000,2,2025,
2025-02-21,13,0.001,0,2193681000,2,2025,
2025-02-21,14,0.0,0,2193681000,2,2025,
2025-02-21,15,0.001,0,2193681000,2,2025,
2025-02-21,16,0.0,0,2193681000,2,2025,
2025-02-21,17,0.001,0,2193681000,2,2025,
2025-02-21,18,1.515,0,2193681000,2,2025,
2025-02-21,19,6.703,0,2193681000,2,2025,
2025-02-21,20,6.792,0,2193681000,2,2025,
2025-02-21,21,6.858,0,2193681000,2,2025,
2025-02-21,22,6.895,0,2193681000,2,2025,
2025-02-21,23,6.906,0,2193681000,2,2025,
2025-02-22,0,6.918,0,2193681000,2,2025,
2025-02-22,1,7.004,0,2193681000,2,2025,
2025-02-22,2,7.092,0,2193681000,2,2025,
2025-02-22,3,7.05,0,2193681000,2,2025,
2025-02-22,4,7.058,0,2193681000,2,2025,
2025-02-22,5,7.029,0,2193681000,2,2025,
2025-02-22,6,7.014,0,2193681000,2,2025,
2025-02-22,7,5.677,0,2193681000,2,2025,
2025-02-22,8,0.0,0,2193681000,2,2025,
2025-02-22,9,0.001,0,2193681000,2,2025,
2025-02-22,10,0.0,0,2193681000,2,2025,
2025-02-22,11,0.001,0,2193681000,2,2025,
2025-02-22,12,0.0,0,2193681000,2,2025,
2025-02-22,13,0.001,0,2193681000,2,2025,
2025-02-22,14,0.0,0,2193681000,2,2025,
2025-02-22,15,0.001,0,2193681000,2,2025,
2025-02-22,16,0.0,0,2193681000,2,2025,
2025-02-22,17,0.001,0,2193681000,2,2025,
2025-02-22,18,1.397,0,2193681000,2,2025,
2025-02-22,19,6.694,0,2193681000,2,2025,
2025-02-22,20,6.798,0,2193681000,2,2025,
2025-02-22,21,6.881,0,2193681000,2,2025,
2025-02-22,22,6.958,0,2193681000,2,2025,
2025-02-22,23,6.864,0,2193681000,2,2025,
2025-02-23,0,6.901,0,2193681000,2,2025,
2025-02-23,1,7.046,0,2193681000,2,2025,
2025-02-23,2,7.057,0,2193681000,2,2025,
2025-02-23,3,7.034,0,2193681000,2,2025,
2025-02-23,4,7.064,0,2193681000,2,2025,
2025-02-23,5,7.073,0,2193681000,2,2025,
2025-02-23,6,7.067,0,2193681000,2,2025,
2025-02-23,7,5.498,0,2193681000,2,2025,
2025-02-23,8,0.001,0,2193681000,2,2025,
2025-02-23,9,0.0,0,2193681000,2,2025,
2025-02-23,10,0.001,0,2193681000,2,2025,
2025-02-23,11,0.0,0,2193681000,2,2025,
2025-02-23,12,0.001,0,2193681000,2,2025,
2025-02-23,13,0.0,0,2193681000,2,2025,
2025-02-23,14,0.001,0,2193681000,2,2025,
2025-02-23,15,0.0,0,2193681000,2,2025,
2025-02-23,16,0.001,0,2193681000,2,2025,
2025-02-23,17,0.0,0,2193681000,2,2025,
2025-02-23,18,1.289,0,2193681000,2,2025,
2025-02-23,19,6.686,0,2193681000,2,2025,
2025-02-23,20,6.772,0,2193681000,2,2025,
2025-02-23,21,6.858,0,2193681000,2,2025,
2025-02-23,22,6.95,0,2193681000,2,2025,
2025-02-23,23,7.008,0,2193681000,2,2025,
2025-02-24,0,7.034,0,2193681000,2,2025,
2025-02-24,1,7.095,0,2193681000,2,2025,
2025-02-24,2,7.181,0,2193681000,2,2025,
2025-02-24,3,7.217,0,2193681000,2,2025,
2025-02-24,4,7.23,0,2193681000,2,2025,
2025-02-24,5,7.233,0,2193681000,2,2025,
2025-02-24,6,7.161,0,2193681000,2,2025,
2025-02-24,7,5.383,0,2193681000,2,2025,
2025-02-24,8,0.0,0,2193681000,2,2025,
2025-02-24,9,0.001,0,2193681000,2,2025,
2025-02-24,10,0.0,0,2193681000,2,2025,
2025-02-24,11,0.001,0,2193681000,2,2025,
2025-02-24,12,0.0,0,2193681000,2,2025,
2025-02-24,13,0.001,0,2193681000,2,2025,
2025-02-24,14,0.0,0,2193681000,2,2025,
2025-02-24,15,0.001,0,2193681000,2,2025,
2025-02-24,16,0.0,0,2193681000,2,2025,
2025-02-24,17,0.001,0,2193681000,2,2025,
2025-02-24,18,1.188,0,2193681000,2,2025,
2025-02-24,19,6.816,0,2193681000,2,2025,
2025-02-24,20,6.823,0,2193681000,2,2025,
2025-02-24,21,6.897,0,2193681000,2,2025,
2025-02-24,22,6.935,0,2193681000,2,2025,
2025-02-24,23,6.987,0,2193681000,2,2025,
2025-02-25,0,6.988,0,2193681000,2,2025,
2025-02-25,1,7.045,0,2193681000,2,2025,
2025-02-25,2,7.117,0,2193681000,2,2025,
2025-02-25,3,7.179,0,2193681000,2,2025,
2025-02-25,4,7.176,0,2193681000,2,2025,
2025-02-25,5,7.074,0,2193681000,2,2025,
2025-02-25,6,7.027,0,2193681000,2,2025,
2025-02-25,7,5.083,0,2193681000,2,2025,
2025-02-25,8,0.001,0,2193681000,2,2025,
2025-02-25,9,0.0,0,2193681000,2,2025,
2025-02-25,10,0.001,0,2193681000,2,2025,
2025-02-25,11,0.0,0,2193681000,2,2025,
2025-02-25,12,0.001,0,2193681000,2,2025,
2025-02-25,13,0.0,0,2193681000,2,2025,
2025-02-25,14,0.001,0,2193681000,2,2025,
2025-02-25,15,0.0,0,2193681000,2,2025,
2025-02-25,16,0.001,0,2193681000,2,2025,
2025-02-25,17,0.0,0,2193681000,2,2025,
2025-02-25,18,1.065,0,2193681000,2,2025,
2025-02-25,19,6.759,0,2193681000,2,2025,
2025-02-25,20,6.866,0,2193681000,2,2025,
2025-02-25,21,6.879,0,2193681000,2,2025,
2025-02-25,22,6.944,0,2193681000,2,2025,
2025-02-25,23,6.999,0,2193681000,2,2025,
2025-02-26,0,7.073,0,2193681000,2,2025,
2025-02-26,1,7.173,0,2193681000,2,2025,
2025-02-26,2,7.2,0,2193681000,2,2025,
2025-02-26,3,7.224,0,2193681000,2,2025,
2025-02-26,4,7.255,0,2193681000,2,2025,
2025-02-26,5,7.205,0,2193681000,2,2025,
2025-02-26,6,7.122,0,2193681000,2,2025,
2025-02-26,7,5.039,0,2193681000,2,2025,
2025-02-26,8,0.0,0,2193681000,2,2025,
2025-02-26,9,0.001,0,2193681000,2,2025,
2025-02-26,10,0.0,0,2193681000,2,2025,
2025-02-26,11,0.001,0,2193681000,2,2025,
2025-02-26,12,0.0,0,2193681000,2,2025,
2025-02-26,13,0.001,0,2193681000,2,2025,
2025-02-26,14,0.0,0,2193681000,2,2025,
2025-02-26,15,0.001,0,2193681000,2,2025,
2025-02-26,16,0.0,0,2193681000,2,2025,
2025-02-26,17,0.001,0,2193681000,2,2025,
2025-02-26,18,0.97,0,2193681000,2,2025,
2025-02-26,19,6.79,0,2193681000,2,2025,
2025-02-26,20,6.843,0,2193681000,2,2025,
2025-02-26,21,6.902,0,2193681000,2,2025,
2025-02-26,22,6.955,0,2193681000,2,2025,
2025-02-26,23,6.948,0,2193681000,2,2025,
2025-02-27,0,7.016,0,2193681000,2,2025,
2025-02-27,1,7.091,0,2193681000,2,2025,
2025-02-27,2,7.133,0,2193681000,2,2025,
2025-02-27,3,7.153,0,2193681000,2,2025,
2025-02-27,4,7.197,0,2193681000,2,2025,
2025-02-27,5,7.204,0,2193681000,2,2025,
2025-02-27,6,7.16,0,2193681000,2,2025,
2025-02-27,7,4.812,0,2193681000,2,2025,
2025-02-27,8,0.001,0,2193681000,2,2025,
2025-02-27,9,0.0,0,2193681000,2,2025,
2025-02-27,10,0.001,0,2193681000,2,2025,
2025-02-27,11,0.0,0,2193681000,2,2025,
2025-02-27,12,0.001,0,2193681000,2,2025,
2025-02-27,13,0.0,0,2193681000,2,2025,
2025-02-27,14,0.001,0,2193681000,2,2025,
2025-02-27,15,0.0,0,2193681000,2,2025,
2025-02-27,16,0.001,0,2193681000,2,2025,
2025-02-27,17,0.0,0,2193681000,2,2025,
2025-02-27,18,0.749,0,2193681000,2,2025,
2025-02-27,19,6.845,0,2193681000,2,2025,
2025-02-27,20,6.933,0,2193681000,2,2025,
2025-02-27,21,6.954,0,2193681000,2,2025,
2025-02-27,22,7.002,0,2193681000,2,2025,
2025-02-27,23,7.002,0,2193681000,2,2025,
2025-02-28,0,7.027,0,2193681000,2,2025,
2025-02-28,1,7.095,0,2193681000,2,2025,
2025-02-28,2,7.169,0,2193681000,2,2025,
2025-02-28,3,7.194,0,2193681000,2,2025,
2025-02-28,4,7.22,0,2193681000,2,2025,
2025-02-28,5,7.179,0,2193681000,2,2025,
2025-02-28,6,7.158,0,2193681000,2,2025,
2025-02-28,7,4.729,0,2193681000,2,2025,
2025-02-28,8,0.001,0,2193681000,2,2025,
2025-02-28,9,0.0,0,2193681000,2,2025,
2025-02-28,10,0.001,0,2193681000,2,2025,
2025-02-28,11,0.0,0,2193681000,2,2025,
2025-02-28,12,0.001,0,2193681000,2,2025,
2025-02-28,13,0.0,0,2193681000,2,2025,
2025-02-28,14,0.001,0,2193681000,2,2025,
2025-02-28,15,0.0,0,2193681000,2,2025,
2025-02-28,16,0.001,0,2193681000,2,2025,
2025-02-28,17,0.0,0,2193681000,2,2025,
2025-02-28,18,0.628,0,2193681000,2,2025,
2025-02-28,19,6.728,0,2193681000,2,2025,
2025-02-28,20,6.812,0,2193681000,2,2025,
2025-02-28,21,6.871,0,2193681000,2,2025,
2025-02-28,22,6.936,0,2193681000,2,2025,
2025-02-28,23,6.979,0,2193681000,2,2025,
2025-03-01,0,6.986,0,2193681000,3,2025,
2025-03-01,1,7.042,0,2193681000,3,2025,
2025-03-01,2,7.102,0,2193681000,3,2025,
2025-03-01,3,7.138,0,2193681000,3,2025,
2025-03-01,4,7.144,0,2193681000,3,2025,
2025-03-01,5,7.126,0,2193681000,3,2025,
2025-03-01,6,7.131,0,2193681000,3,2025,
2025-03-01,7,4.483,0,2193681000,3,2025,
2025-03-01,8,0.001,0,2193681000,3,2025,
2025-03-01,9,0.0,0,2193681000,3,2025,
2025-03-01,10,0.001,0,2193681000,3,2025,
2025-03-01,11,0.0,0,2193681000,3,2025,
2025-03-01,12,0.001,0,2193681000,3,2025,
2025-03-01,13,0.0,0,2193681000,3,2025,
2025-03-01,14,0.001,0,2193681000,3,2025,
2025-03-01,15,0.0,0,2193681000,3,2025,
2025-03-01,16,0.001,0,2193681000,3,2025,
2025-03-01,17,0.0,0,2193681000,3,2025,
2025-03-01,18,0.517,0,2193681000,3,2025,
2025-03-01,19,6.845,0,2193681000,3,2025,
2025-03-01,20,6.791,0,2193681000,3,2025,
2025-03-01,21,6.839,0,2193681000,3,2025,
2025-03-01,22,6.908,0,2193681000,3,2025,
2025-03-01,23,6.957,0,2193681000,3,2025,
2025-03-02,0,7.012,0,2193681000,3,2025,
2025-03-02,1,7.105,0,2193681000,3,2025,
2025-03-02,2,7.171,0,2193681000,3,2025,
2025-03-02,3,7.2,0,2193681000,3,2025,
2025-03-02,4,7.168,0,2193681000,3,2025,
2025-03-02,5,7.148,0,2193681000,3,2025,
2025-03-02,6,7.172,0,2193681000,3,2025,
2025-03-02,7,4.421,0,2193681000,3,2025,
2025-03-02,8,0.0,0,2193681000,3,2025,
2025-03-02,9,0.001,0,2193681000,3,2025,
2025-03-02,10,0.0,0,2193681000,3,2025,
2025-03-02,11,0.001,0,2193681000,3,2025,
2025-03-02,12,0.0,0,2193681000,3,2025,
2025-03-02,13,0.001,0,2193681000,3,2025,
2025-03-02,14,0.0,0,2193681000,3,2025,
2025-03-02,15,0.001,0,2193681000,3,2025,
2025-03-02,16,0.0,0,2193681000,3,2025,
2025-03-02,17,0.001,0,2193681000,3,2025,
2025-03-02,18,0.408,0,2193681000,3,2025,
2025-03-02,19,6.766,0,2193681000,3,2025,
2025-03-02,20,6.78,0,2193681000,3,2025,
2025-03-02,21,6.85,0,2193681000,3,2025,
2025-03-02,22,6.917,0,2193681000,3,2025,
2025-03-02,23,6.926,0,2193681000,3,2025,
2025-03-03,0,7.006,0,2193681000,3,2025,
2025-03-03,1,7.013,0,2193681000,3,2025,
2025-03-03,2,7.109,0,2193681000,3,2025,
2025-03-03,3,7.163,0,2193681000,3,2025,
2025-03-03,4,7.117,0,2193681000,3,2025,
2025-03-03,5,7.046,0,2193681000,3,2025,
2025-03-03,6,7.147,0,2193681000,3,2025,
2025-03-03,7,4.145,0,2193681000,3,2025,
2025-03-03,8,0.001,0,2193681000,3,2025,
2025-03-03,9,0.0,0,2193681000,3,2025,
2025-03-03,10,0.001,0,2193681000,3,2025,
2025-03-03,11,0.592,0,2193681000,3,2025,
2025-03-03,12,0.001,0,2193681000,3,2025,
2025-03-03,13,0.0,0,2193681000,3,2025,
2025-03-03,14,0.001,0,2193681000,3,2025,
2025-03-03,15,0.0,0,2193681000,3,2025,
2025-03-03,16,0.001,0,2193681000,3,2025,
2025-03-03,17,0.0,0,2193681000,3,2025,
2025-03-03,18,0.313,0,2193681000,3,2025,
2025-03-03,19,6.851,0,2193681000,3,2025,
2025-03-03,20,6.737,0,2193681000,3,2025,
2025-03-03,21,6.833,0,2193681000,3,2025,
2025-03-03,22,6.971,0,2193681000,3,2025,
2025-03-03,23,7.035,0,2193681000,3,2025,
2025-03-04,0,7.041,0,2193681000,3,2025,
2025-03-04,1,7.12,0,2193681000,3,2025,
2025-03-04,2,7.082,0,2193681000,3,2025,
2025-03-04,3,7.081,0,2193681000,3,2025,
2025-03-04,4,7.037,0,2193681000,3,2025,
2025-03-04,5,7.087,0,2193681000,3,2025,
2025-03-04,6,7.117,0,2193681000,3,2025,
2025-03-04,7,3.981,0,2193681000,3,2025,
2025-03-04,8,0.0,0,2193681000,3,2025,
2025-03-04,9,0.001,0,2193681000,3,2025,
2025-03-04,10,0.0,0,2193681000,3,2025,
2025-03-04,11,0.001,0,2193681000,3,2025,
2025-03-04,12,0.0,0,2193681000,3,2025,
2025-03-04,13,0.001,0,2193681000,3,2025,
2025-03-04,14,0.0,0,2193681000,3,2025,
2025-03-04,15,0.001,0,2193681000,3,2025,
2025-03-04,16,0.0,0,2193681000,3,2025,
2025-03-04,17,0.001,0,2193681000,3,2025,
2025-03-04,18,0.209,0,2193681000,3,2025,
2025-03-04,19,6.863,0,2193681000,3,2025,
2025-03-04,20,6.841,0,2193681000,3,2025,
2025-03-04,21,6.894,0,2193681000,3,2025,
2025-03-04,22,6.962,0,2193681000,3,2025,
2025-03-04,23,7.008,0,2193681000,3,2025,
2025-03-05,0,7.039,0,2193681000,3,2025,
2025-03-05,1,7.106,0,2193681000,3,2025,
2025-03-05,2,7.102,0,2193681000,3,2025,
2025-03-05,3,7.144,0,2193681000,3,2025,
2025-03-05,4,7.12,0,2193681000,3,2025,
2025-03-05,5,7.066,0,2193681000,3,2025,
2025-03-05,6,7.046,0,2193681000,3,2025,
2025-03-05,7,3.756,0,2193681000,3,2025,
2025-03-05,8,0.0,0,2193681000,3,2025,
2025-03-05,9,0.001,0,2193681000,3,2025,
2025-03-05,10,0.0,0,2193681000,3,2025,
2025-03-05,11,0.001,0,2193681000,3,2025,
2025-03-05,12,0.0,0,2193681000,3,2025,
2025-03-05,13,0.001,1,2193681000,3,2025,unknown_missingness
2025-03-05,14,0.0,0,2193681000,3,2025,
2025-03-05,15,0.001,0,2193681000,3,2025,
2025-03-05,16,0.0,0,2193681000,3,2025,
2025-03-05,17,0.001,0,2193681000,3,2025,
2025-03-05,18,0.117,0,2193681000,3,2025,
2025-03-05,19,6.805,0,2193681000,3,2025,
2025-03-05,20,6.722,0,2193681000,3,2025,
2025-03-05,21,6.903,0,2193681000,3,2025,
2025-03-05,22,6.923,0,2193681000,3,2025,
2025-03-05,23,7.023,0,2193681000,3,2025,
2025-03-06,0,7.002,0,2193681000,3,2025,
2025-03-06,1,7.081,0,2193681000,3,2025,
2025-03-06,2,7.096,0,2193681000,3,2025,
2025-03-06,3,7.101,0,2193681000,3,2025,
2025-03-06,4,7.09,0,2193681000,3,2025,
2025-03-06,5,7.029,0,2193681000,3,2025,
2025-03-06,6,7.0,0,2193681000,3,2025,
2025-03-06,7,3.477,0,2193681000,3,2025,
2025-03-06,8,0.0,0,2193681000,3,2025,
2025-03-06,9,0.001,0,2193681000,3,2025,
2025-03-06,10,0.0,0,2193681000,3,2025,
2025-03-06,11,0.001,0,2193681000,3,2025,
2025-03-06,12,0.0,0,2193681000,3,2025,
2025-03-06,13,0.001,0,2193681000,3,2025,
2025-03-06,14,0.0,0,2193681000,3,2025,
2025-03-06,15,0.001,0,2193681000,3,2025,
2025-03-06,16,0.0,0,2193681000,3,2025,
2025-03-06,17,0.001,0,2193681000,3,2025,
2025-03-06,18,0.0,0,2193681000,3,2025,
2025-03-06,19,6.761,0,2193681000,3,2025,
2025-03-06,20,6.803,0,2193681000,3,2025,
2025-03-06,21,6.914,0,2193681000,3,2025,
2025-03-06,22,6.95,0,2193681000,3,2025,
2025-03-06,23,7.055,0,2193681000,3,2025,
2025-03-07,0,7.059,0,2193681000,3,2025,
2025-03-07,1,7.011,0,2193681000,3,2025,
2025-03-07,2,6.99,0,2193681000,3,2025,
2025-03-07,3,7.03,0,2193681000,3,2025,
2025-03-07,4,7.05,0,2193681000,3,2025,
2025-03-07,5,7.051,0,2193681000,3,2025,
2025-03-07,6,7.085,0,2193681000,3,2025,
2025-03-07,7,3.377,0,2193681000,3,2025,
2025-03-07,8,0.0,0,2193681000,3,2025,
2025-03-07,9,0.001,0,2193681000,3,2025,
2025-03-07,10,0.0,0,2193681000,3,2025,
2025-03-07,11,0.001,0,2193681000,3,2025,
2025-03-07,12,0.0,0,2193681000,3,2025,
2025-03-07,13,0.001,0,2193681000,3,2025,
2025-03-07,14,0.0,0,2193681000,3,2025,
2025-03-07,15,0.001,0,2193681000,3,2025,
2025-03-07,16,0.0,0,2193681000,3,2025,
2025-03-07,17,0.001,0,2193681000,3,2025,
2025-03-07,18,0.0,0,2193681000,3,2025,
2025-03-07,19,6.653,0,2193681000,3,2025,
2025-03-07,20,6.865,0,2193681000,3,2025,
2025-03-07,21,6.882,0,2193681000,3,2025,
2025-03-07,22,6.863,0,2193681000,3,2025,
2025-03-07,23,6.976,0,2193681000,3,2025,
2025-03-08,0,6.978,0,2193681000,3,2025,
2025-03-08,1,7.062,0,2193681000,3,2025,
2025-03-08,2,7.153,0,2193681000,3,2025,
2025-03-08,3,7.157,0,2193681000,3,2025,
2025-03-08,4,7.119,0,2193681000,3,2025,
2025-03-08,5,7.116,0,2193681000,3,2025,
2025-03-08,6,7.133,0,2193681000,3,2025,
2025-03-08,7,3.168,0,2193681000,3,2025,
2025-03-08,8,0.001,0,2193681000,3,2025,
2025-03-08,9,0.0,0,2193681000,3,2025,
2025-03-08,10,0.001,0,2193681000,3,2025,
2025-03-08,11,0.0,0,2193681000,3,2025,
2025-03-08,12,0.001,0,2193681000,3,2025,
2025-03-08,13,0.0,0,2193681000,3,2025,
2025-03-08,14,0.001,0,2193681000,3,2025,
2025-03-08,15,0.0,0,2193681000,3,2025,
2025-03-08,16,0.001,0,2193681000,3,2025,
2025-03-08,17,0.0,0,2193681000,3,2025,
2025-03-08,18,0.001,0,2193681000,3,2025,
2025-03-08,19,6.434,0,2193681000,3,2025,
2025-03-08,20,6.74,0,2193681000,3,2025,
2025-03-08,21,6.825,0,2193681000,3,2025,
2025-03-08,22,6.926,0,2193681000,3,2025,
2025-03-08,23,6.995,0,2193681000,3,2025,
2025-03-09,0,7.002,0,2193681000,3,2025,
2025-03-09,1,7.112,0,2193681000,3,2025,
2025-03-09,2,7.193,0,2193681000,3,2025,
2025-03-09,3,7.175,0,2193681000,3,2025,
2025-03-09,4,7.143,0,2193681000,3,2025,
2025-03-09,5,7.114,0,2193681000,3,2025,
2025-03-09,6,7.173,0,2193681000,3,2025,
2025-03-09,7,3.047,0,2193681000,3,2025,
2025-03-09,8,0.0,0,2193681000,3,2025,
2025-03-09,9,0.001,0,2193681000,3,2025,
2025-03-09,10,0.0,0,2193681000,3,2025,
2025-03-09,11,0.001,0,2193681000,3,2025,
2025-03-09,12,0.0,0,2193681000,3,2025,
2025-03-09,13,0.001,0,2193681000,3,2025,
2025-03-09,14,0.0,0,2193681000,3,2025,
2025-03-09,15,0.001,0,2193681000,3,2025,
2025-03-09,16,0.0,0,2193681000,3,2025,
2025-03-09,17,0.001,0,2193681000,3,2025,
2025-03-09,18,0.0,0,2193681000,3,2025,
2025-03-09,19,6.367,0,2193681000,3,2025,
2025-03-09,20,6.911,0,2193681000,3,2025,
2025-03-09,21,7.009,0,2193681000,3,2025,
2025-03-09,22,7.053,0,2193681000,3,2025,
2025-03-09,23,7.067,0,2193681000,3,2025,
2025-03-10,0,7.06,0,2193681000,3,2025,
2025-03-10,1,7.042,0,2193681000,3,2025,
2025-03-10,2,7.115,0,2193681000,3,2025,
2025-03-10,3,7.141,0,2193681000,3,2025,
2025-03-10,4,7.041,0,2193681000,3,2025,
2025-03-10,5,7.015,0,2193681000,3,2025,
2025-03-10,6,7.029,0,2193681000,3,2025,
2025-03-10,7,2.757,0,2193681000,3,2025,
2025-03-10,8,0.001,0,2193681000,3,2025,
2025-03-10,9,0.0,0,2193681000,3,2025,
2025-03-10,10,0.001,0,2193681000,3,2025,
2025-03-10,11,0.0,0,2193681000,3,2025,
2025-03-10,12,0.001,0,2193681000,3,2025,
2025-03-10,13,0.0,0,2193681000,3,2025,
2025-03-10,14,0.001,0,2193681000,3,2025,
2025-03-10,15,0.0,0,2193681000,3,2025,
2025-03-10,16,0.001,0,2193681000,3,2025,
2025-03-10,17,0.0,0,2193681000,3,2025,
2025-03-10,18,0.001,0,2193681000,3,2025,
2025-03-10,19,6.21,0,2193681000,3,2025,
2025-03-10,20,6.8,0,2193681000,3,2025,
2025-03-10,21,6.914,0,2193681000,3,2025,
2025-03-10,22,6.963,0,2193681000,3,2025,
2025-03-10,23,7.028,0,2193681000,3,2025,
2025-03-11,0,7.08,0,2193681000,3,2025,
2025-03-11,1,6.965,0,2193681000,3,2025,
2025-03-11,2,6.992,0,2193681000,3,2025,
2025-03-11,3,7.051,0,2193681000,3,2025,
2025-03-11,4,7.053,0,2193681000,3,2025,
2025-03-11,5,7.036,0,2193681000,3,2025,
2025-03-11,6,7.073,0,2193681000,3,2025,
2025-03-11,7,2.529,0,2193681000,3,2025,
2025-03-11,8,0.0,0,2193681000,3,2025,
2025-03-11,9,0.001,0,2193681000,3,2025,
2025-03-11,10,0.0,0,2193681000,3,2025,
2025-03-11,11,0.001,0,2193681000,3,2025,
2025-03-11,12,0.0,0,2193681000,3,2025,
2025-03-11,13,0.001,0,2193681000,3,2025,
2025-03-11,14,0.0,0,2193681000,3,2025,
2025-03-11,15,0.001,0,2193681000,3,2025,
2025-03-11,16,0.0,0,2193681000,3,2025,
2025-03-11,17,0.001,0,2193681000,3,2025,
2025-03-11,18,0.0,0,2193681000,3,2025,
2025-03-11,19,6.195,0,2193681000,3,2025,
2025-03-11,20,6.883,0,2193681000,3,2025,
2025-03-11,21,6.946,0,2193681000,3,2025,
2025-03-11,22,6.946,0,2193681000,3,2025,
2025-03-11,23,6.932,0,2193681000,3,2025,
2025-03-12,0,6.937,0,2193681000,3,2025,
2025-03-12,1,0.0,0,2193681000,3,2025,
2025-03-12,2,7.143,1,2193681000,3,2025,unknown_missingness
2025-03-12,3,7.157,1,2193681000,3,2025,unknown_missingness
2025-03-12,4,0.0,0,2193681000,3,2025,
2025-03-12,5,7.098,0,2193681000,3,2025,
2025-03-12,6,7.111,0,2193681000,3,2025,
2025-03-12,7,2.424,0,2193681000,3,2025,
2025-03-12,8,0.001,0,2193681000,3,2025,
2025-03-12,9,0.0,0,2193681000,3,2025,
2025-03-12,10,0.001,0,2193681000,3,2025,
2025-03-12,11,0.0,0,2193681000,3,2025,
2025-03-12,12,0.001,0,2193681000,3,2025,
2025-03-12,13,0.0,0,2193681000,3,2025,
2025-03-12,14,0.001,0,2193681000,3,2025,
2025-03-12,15,0.0,0,2193681000,3,2025,
2025-03-12,16,0.001,0,2193681000,3,2025,
2025-03-12,17,0.0,0,2193681000,3,2025,
2025-03-12,18,0.001,0,2193681000,3,2025,
2025-03-12,19,6.043,0,2193681000,3,2025,
2025-03-12,20,6.877,0,2193681000,3,2025,
2025-03-12,21,6.959,0,2193681000,3,2025,
2025-03-12,22,7.025,0,2193681000,3,2025,
2025-03-12,23,7.059,0,2193681000,3,2025,
2025-03-13,0,7.067,0,2193681000,3,2025,
2025-03-13,1,7.083,0,2193681000,3,2025,
2025-03-13,2,7.121,0,2193681000,3,2025,
2025-03-13,3,7.151,0,2193681000,3,2025,
2025-03-13,4,7.142,0,2193681000,3,2025,
2025-03-13,5,7.122,0,2193681000,3,2025,
2025-03-13,6,7.106,0,2193681000,3,2025,
2025-03-13,7,2.181,0,2193681000,3,2025,
2025-03-13,8,0.0,0,2193681000,3,2025,
2025-03-13,9,0.001,0,2193681000,3,2025,
2025-03-13,10,0.0,0,2193681000,3,2025,
2025-03-13,11,0.001,0,2193681000,3,2025,
2025-03-13,12,0.0,0,2193681000,3,2025,
2025-03-13,13,0.001,0,2193681000,3,2025,
2025-03-13,14,0.0,0,2193681000,3,2025,
2025-03-13,15,0.001,0,2193681000,3,2025,
2025-03-13,16,0.0,0,2193681000,3,2025,
2025-03-13,17,0.001,0,2193681000,3,2025,
2025-03-13,18,0.0,0,2193681000,3,2025,
2025-03-13,19,5.931,0,2193681000,3,2025,
2025-03-13,20,6.845,0,2193681000,3,2025,
2025-03-13,21,6.932,0,2193681000,3,2025,
2025-03-13,22,7.017,0,2193681000,3,2025,
2025-03-13,23,7.023,0,2193681000,3,2025,
2025-03-14,0,7.061,0,2193681000,3,2025,
2025-03-14,1,7.048,0,2193681000,3,2025,
2025-03-14,2,7.087,0,2193681000,3,2025,
2025-03-14,3,7.13,0,2193681000,3,2025,
2025-03-14,4,7.122,0,2193681000,3,2025,
2025-03-14,5,7.075,0,2193681000,3,2025,
2025-03-14,6,7.118,0,2193681000,3,2025,
2025-03-14,7,1.95,0,2193681000,3,2025,
2025-03-14,8,0.001,0,2193681000,3,2025,
2025-03-14,9,0.0,0,2193681000,3,2025,
2025-03-14,10,0.001,0,2193681000,3,2025,
2025-03-14,11,0.0,0,2193681000,3,2025,
2025-03-14,12,0.001,0,2193681000,3,2025,
2025-03-14,13,0.0,0,2193681000,3,2025,
2025-03-14,14,0.001,0,2193681000,3,2025,
2025-03-14,15,0.0,0,2193681000,3,2025,
2025-03-14,16,0.001,0,2193681000,3,2025,
2025-03-14,17,0.0,0,2193681000,3,2025,
2025-03-14,18,0.001,0,2193681000,3,2025,
2025-03-14,19,5.848,0,2193681000,3,2025,
2025-03-14,20,6.871,0,2193681000,3,2025,
2025-03-14,21,6.949,0,2193681000,3,2025,
2025-03-14,22,7.027,0,2193681000,3,2025,
2025-03-14,23,6.996,0,2193681000,3,2025,
2025-03-15,0,6.996,0,2193681000,3,2025,
2025-03-15,1,7.065,0,2193681000,3,2025,
2025-03-15,2,7.16,0,2193681000,3,2025,
2025-03-15,3,7.219,0,2193681000,3,2025,
2025-03-15,4,7.201,0,2193681000,3,2025,
2025-03-15,5,7.145,0,2193681000,3,2025,
2025-03-15,6,7.179,0,2193681000,3,2025,
2025-03-15,7,1.863,0,2193681000,3,2025,
2025-03-15,8,0.0,0,2193681000,3,2025,
2025-03-15,9,0.001,0,2193681000,3,2025,
2025-03-15,10,0.0,0,2193681000,3,2025,
2025-03-15,11,0.0,0,2193681000,3,2025,
2025-03-15,12,0.001,0,2193681000,3,2025,
2025-03-15,13,0.0,0,2193681000,3,2025,
2025-03-15,14,0.001,0,2193681000,3,2025,
2025-03-15,15,0.0,0,2193681000,3,2025,
2025-03-15,16,0.001,0,2193681000,3,2025,
2025-03-15,17,0.0,0,2193681000,3,2025,
2025-03-15,18,0.001,0,2193681000,3,2025,
2025-03-15,19,5.816,0,2193681000,3,2025,
2025-03-15,20,6.871,0,2193681000,3,2025,
2025-03-15,21,6.768,0,2193681000,3,2025,
2025-03-15,22,6.769,0,2193681000,3,2025,
2025-03-15,23,6.793,0,2193681000,3,2025,
2025-03-16,0,6.855,0,2193681000,3,2025,
2025-03-16,1,6.889,0,2193681000,3,2025,
2025-03-16,2,6.863,0,2193681000,3,2025,
2025-03-16,3,6.88,0,2193681000,3,2025,
2025-03-16,4,6.878,0,2193681000,3,2025,
2025-03-16,5,6.862,0,2193681000,3,2025,
2025-03-16,6,6.897,0,2193681000,3,2025,
2025-03-16,7,1.554,0,2193681000,3,2025,
2025-03-16,8,0.0,0,2193681000,3,2025,
2025-03-16,9,0.001,1,2193681000,3,2025,unknown_missingness
2025-03-16,10,0.0,1,2193681000,3,2025,unknown_missingness
2025-03-16,11,0.0,0,2193681000,3,2025,
2025-03-16,12,0.001,0,2193681000,3,2025,
2025-03-16,13,0.0,0,2193681000,3,2025,
2025-03-16,14,0.001,0,2193681000,3,2025,
2025-03-16,15,0.0,0,2193681000,3,2025,
2025-03-16,16,0.001,0,2193681000,3,2025,
2025-03-16,17,0.0,0,2193681000,3,2025,
2025-03-16,18,0.001,0,2193681000,3,2025,
2025-03-16,19,5.537,0,2193681000,3,2025,
2025-03-16,20,7.002,0,2193681000,3,2025,
2025-03-16,21,7.077,0,2193681000,3,2025,
2025-03-16,22,7.08,0,2193681000,3,2025,
2025-03-16,23,7.045,0,2193681000,3,2025,
2025-03-17,0,7.1,0,2193681000,3,2025,
2025-03-17,1,7.201,0,2193681000,3,2025,
2025-03-17,2,7.291,0,2193681000,3,2025,
2025-03-17,3,7.286,0,2193681000,3,2025,
2025-03-17,4,7.267,0,2193681000,3,2025,
2025-03-17,5,7.24,0,2193681000,3,2025,
2025-03-17,6,7.204,0,2193681000,3,2025,
2025-03-17,7,1.357,0,2193681000,3,2025,
2025-03-17,8,0.001,0,2193681000,3,2025,
2025-03-17,9,0.0,0,2193681000,3,2025,
2025-03-17,10,0.001,0,2193681000,3,2025,
2025-03-17,11,0.0,0,2193681000,3,2025,
2025-03-17,12,0.001,0,2193681000,3,2025,
2025-03-17,13,0.0,0,2193681000,3,2025,
2025-03-17,14,0.001,0,2193681000,3,2025,
2025-03-17,15,0.0,0,2193681000,3,2025,
2025-03-17,16,0.001,0,2193681000,3,2025,
2025-03-17,17,0.0,0,2193681000,3,2025,
2025-03-17,18,0.001,0,2193681000,3,2025,
2025-03-17,19,0.0,0,2193681000,3,2025,
2025-03-17,20,6.865,1,2193681000,3,2025,unknown_missingness
2025-03-17,21,6.914,1,2193681000,3,2025,unknown_missingness
2025-03-17,22,0.0,0,2193681000,3,2025,
2025-03-17,23,7.095,0,2193681000,3,2025,
2025-03-18,0,7.105,0,2193681000,3,2025,
2025-03-18,1,7.152,0,2193681000,3,2025,
2025-03-18,2,7.218,0,2193681000,3,2025,
2025-03-18,3,7.253,0,2193681000,3,2025,
2025-03-18,4,7.204,0,2193681000,3,2025,
2025-03-18,5,7.184,0,2193681000,3,2025,
2025-03-18,6,7.161,0,2193681000,3,2025,
2025-03-18,7,1.231,0,2193681000,3,2025,
2025-03-18,8,0.0,0,2193681000,3,2025,
2025-03-18,9,0.001,0,2193681000,3,2025,
2025-03-18,10,0.0,0,2193681000,3,2025,
2025-03-18,11,0.001,0,2193681000,3,2025,
2025-03-18,12,0.0,0,2193681000,3,2025,
2025-03-18,13,0.001,0,2193681000,3,2025,
2025-03-18,14,0.0,0,2193681000,3,2025,
2025-03-18,15,0.001,0,2193681000,3,2025,
2025-03-18,16,0.0,0,2193681000,3,2025,
2025-03-18,17,0.001,0,2193681000,3,2025,
2025-03-18,18,0.0,0,2193681000,3,2025,
2025-03-18,19,5.281,0,2193681000,3,2025,
2025-03-18,20,6.803,0,2193681000,3,2025,
2025-03-18,21,6.889,0,2193681000,3,2025,
2025-03-18,22,7.013,0,2193681000,3,2025,
2025-03-18,23,6.947,0,2193681000,3,2025,
2025-03-19,0,6.951,0,2193681000,3,2025,
2025-03-19,1,7.044,0,2193681000,3,2025,
2025-03-19,2,7.125,0,2193681000,3,2025,
2025-03-19,3,7.181,0,2193681000,3,2025,
2025-03-19,4,7.153,0,2193681000,3,2025,
2025-03-19,5,7.09,0,2193681000,3,2025,
2025-03-19,6,7.099,0,2193681000,3,2025,
2025-03-19,7,0.983,0,2193681000,3,2025,
2025-03-19,8,0.001,0,2193681000,3,2025,
2025-03-19,9,0.0,0,2193681000,3,2025,
2025-03-19,10,0.001,0,2193681000,3,2025,
2025-03-19,11,0.0,0,2193681000,3,2025,
2025-03-19,12,0.001,0,2193681000,3,2025,
2025-03-19,13,0.0,0,2193681000,3,2025,
2025-03-19,14,0.001,0,2193681000,3,2025,
2025-03-19,15,0.0,0,2193681000,3,2025,
2025-03-19,16,0.001,0,2193681000,3,2025,
2025-03-19,17,0.0,0,2193681000,3,2025,
2025-03-19,18,0.001,0,2193681000,3,2025,
2025-03-19,19,5.213,0,2193681000,3,2025,
2025-03-19,20,6.886,0,2193681000,3,2025,
2025-03-19,21,6.965,0,2193681000,3,2025,
2025-03-19,22,7.055,0,2193681000,3,2025,
2025-03-19,23,7.058,0,2193681000,3,2025,
2025-03-20,0,7.02,0,2193681000,3,2025,
2025-03-20,1,7.133,0,2193681000,3,2025,
2025-03-20,2,7.21,0,2193681000,3,2025,
2025-03-20,3,7.275,0,2193681000,3,2025,
2025-03-20,4,7.285,0,2193681000,3,2025,
2025-03-20,5,7.185,0,2193681000,3,2025,
2025-03-20,6,7.18,0,2193681000,3,2025,
2025-03-20,7,0.872,0,2193681000,3,2025,
2025-03-20,8,0.001,0,2193681000,3,2025,
2025-03-20,9,0.0,0,2193681000,3,2025,
2025-03-20,10,0.001,0,2193681000,3,2025,
2025-03-20,11,0.0,0,2193681000,3,2025,
2025-03-20,12,0.001,0,2193681000,3,2025,
2025-03-20,13,0.0,0,2193681000,3,2025,
2025-03-20,14,0.001,0,2193681000,3,2025,
2025-03-20,15,0.0,0,2193681000,3,2025,
2025-03-20,16,0.001,0,2193681000,3,2025,
2025-03-20,17,0.0,0,2193681000,3,2025,
2025-03-20,18,0.001,0,2193681000,3,2025,
2025-03-20,19,5.074,0,2193681000,3,2025,
2025-03-20,20,6.833,0,2193681000,3,2025,
2025-03-20,21,6.992,0,2193681000,3,2025,
2025-03-20,22,7.018,0,2193681000,3,2025,
2025-03-20,23,7.044,0,2193681000,3,2025,
2025-03-21,0,7.007,0,2193681000,3,2025,
2025-03-21,1,7.107,0,2193681000,3,2025,
2025-03-21,2,7.196,0,2193681000,3,2025,
2025-03-21,3,7.23,0,2193681000,3,2025,
2025-03-21,4,7.187,0,2193681000,3,2025,
2025-03-21,5,7.151,0,2193681000,3,2025,
2025-03-21,6,7.117,0,2193681000,3,2025,
2025-03-21,7,0.622,0,2193681000,3,2025,
2025-03-21,8,0.0,0,2193681000,3,2025,
2025-03-21,9,0.001,0,2193681000,3,2025,
2025-03-21,10,0.0,0,2193681000,3,2025,
2025-03-21,11,0.001,0,2193681000,3,2025,
2025-03-21,12,0.0,0,2193681000,3,2025,
2025-03-21,13,0.001,0,2193681000,3,2025,
2025-03-21,14,0.0,0,2193681000,3,2025,
2025-03-21,15,0.0,0,2193681000,3,2025,
2025-03-21,16,0.001,0,2193681000,3,2025,
2025-03-21,17,0.0,0,2193681000,3,2025,
2025-03-21,18,0.001,0,2193681000,3,2025,
2025-03-21,19,4.923,0,2193681000,3,2025,
2025-03-21,20,6.825,0,2193681000,3,2025,
2025-03-21,21,6.905,0,2193681000,3,2025,
2025-03-21,22,7.01,0,2193681000,3,2025,
2025-03-21,23,7.001,0,2193681000,3,2025,
2025-03-22,0,7.035,0,2193681000,3,2025,
2025-03-22,1,7.104,0,2193681000,3,2025,
2025-03-22,2,7.16,0,2193681000,3,2025,
2025-03-22,3,7.137,0,2193681000,3,2025,
2025-03-22,4,7.133,0,2193681000,3,2025,
2025-03-22,5,7.119,0,2193681000,3,2025,
2025-03-22,6,7.129,0,2193681000,3,2025,
2025-03-22,7,0.385,0,2193681000,3,2025,
2025-03-22,8,0.0,0,2193681000,3,2025,
2025-03-22,9,0.001,0,2193681000,3,2025,
2025-03-22,10,0.0,0,2193681000,3,2025,
2025-03-22,11,0.001,0,2193681000,3,2025,
2025-03-22,12,0.0,0,2193681000,3,2025,
2025-03-22,13,0.001,0,2193681000,3,2025,
2025-03-22,14,0.0,0,2193681000,3,2025,
2025-03-22,15,0.001,0,2193681000,3,2025,
2025-03-22,16,0.0,0,2193681000,3,2025,
2025-03-22,17,0.001,0,2193681000,3,2025,
2025-03-22,18,0.0,0,2193681000,3,2025,
2025-03-22,19,4.851,0,2193681000,3,2025,
2025-03-22,20,6.872,0,2193681000,3,2025,
2025-03-22,21,6.918,0,2193681000,3,2025,
2025-03-22,22,7.007,0,2193681000,3,2025,
2025-03-22,23,7.066,0,2193681000,3,2025,
2025-03-23,0,6.961,0,2193681000,3,2025,
2025-03-23,1,7.047,0,2193681000,3,2025,
2025-03-23,2,7.094,0,2193681000,3,2025,
2025-03-23,3,7.121,0,2193681000,3,2025,
2025-03-23,4,7.142,0,2193681000,3,2025,
2025-03-23,5,7.148,0,2193681000,3,2025,
2025-03-23,6,7.241,0,2193681000,3,2025,
2025-03-23,7,0.27,0,2193681000,3,2025,
2025-03-23,8,0.001,0,2193681000,3,2025,
2025-03-23,9,0.0,0,2193681000,3,2025,
2025-03-23,10,0.001,0,2193681000,3,2025,
2025-03-23,11,0.0,0,2193681000,3,2025,
2025-03-23,12,0.001,0,2193681000,3,2025,
2025-03-23,13,0.0,0,2193681000,3,2025,
2025-03-23,14,0.001,0,2193681000,3,2025,
2025-03-23,15,0.0,0,2193681000,3,2025,
2025-03-23,16,0.001,0,2193681000,3,2025,
2025-03-23,17,0.0,0,2193681000,3,2025,
2025-03-23,18,0.001,0,2193681000,3,2025,
2025-03-23,19,4.734,0,2193681000,3,2025,
2025-03-23,20,7.033,0,2193681000,3,2025,
2025-03-23,21,7.039,0,2193681000,3,2025,
2025-03-23,22,7.025,0,2193681000,3,2025,
2025-03-23,23,7.007,0,2193681000,3,2025,
2025-03-24,0,7.106,0,2193681000,3,2025,
2025-03-24,1,7.167,0,2193681000,3,2025,
2025-03-24,2,7.19,0,2193681000,3,2025,
2025-03-24,3,7.226,0,2193681000,3,2025,
2025-03-24,4,7.226,0,2193681000,3,2025,
2025-03-24,5,7.184,0,2193681000,3,2025,
2025-03-24,6,7.154,0,2193681000,3,2025,
2025-03-24,7,0.026,0,2193681000,3,2025,
2025-03-24,8,0.0,0,2193681000,3,2025,
2025-03-24,9,0.001,0,2193681000,3,2025,
2025-03-24,10,0.0,0,2193681000,3,2025,
2025-03-24,11,0.001,0,2193681000,3,2025,
2025-03-24,12,0.0,0,2193681000,3,2025,
2025-03-24,13,0.001,0,2193681000,3,2025,
2025-03-24,14,0.0,0,2193681000,3,2025,
2025-03-24,15,0.001,0,2193681000,3,2025,
2025-03-24,16,0.0,0,2193681000,3,2025,
2025-03-24,17,0.001,0,2193681000,3,2025,
2025-03-24,18,0.0,0,2193681000,3,2025,
2025-03-24,19,4.605,0,2193681000,3,2025,
2025-03-24,20,6.97,0,2193681000,3,2025,
2025-03-24,21,6.995,0,2193681000,3,2025,
2025-03-24,22,7.071,0,2193681000,3,2025,
2025-03-24,23,7.064,0,2193681000,3,2025,
2025-03-25,0,7.088,0,2193681000,3,2025,
2025-03-25,1,7.127,0,2193681000,3,2025,
2025-03-25,2,7.194,0,2193681000,3,2025,
2025-03-25,3,7.167,0,2193681000,3,2025,
2025-03-25,4,7.142,0,2193681000,3,2025,
2025-03-25,5,7.13,0,2193681000,3,2025,
2025-03-25,6,6.915,0,2193681000,3,2025,
2025-03-25,7,0.0,0,2193681000,3,2025,
2025-03-25,8,0.001,0,2193681000,3,2025,
2025-03-25,9,0.0,0,2193681000,3,2025,
2025-03-25,10,0.001,0,2193681000,3,2025,
2025-03-25,11,0.0,0,2193681000,3,2025,
2025-03-25,12,0.001,0,2193681000,3,2025,
2025-03-25,13,0.0,0,2193681000,3,2025,
2025-03-25,14,0.001,0,2193681000,3,2025,
2025-03-25,15,0.0,0,2193681000,3,2025,
2025-03-25,16,0.001,0,2193681000,3,2025,
2025-03-25,17,0.0,0,2193681000,3,2025,
2025-03-25,18,0.001,0,2193681000,3,2025,
2025-03-25,19,4.518,0,2193681000,3,2025,
2025-03-25,20,6.941,0,2193681000,3,2025,
2025-03-25,21,6.967,0,2193681000,3,2025,
2025-03-25,22,7.024,0,2193681000,3,2025,
2025-03-25,23,7.078,0,2193681000,3,2025,
2025-03-26,0,7.115,0,2193681000,3,2025,
2025-03-26,1,7.195,0,2193681000,3,2025,
2025-03-26,2,7.228,0,2193681000,3,2025,
2025-03-26,3,7.251,0,2193681000,3,2025,
2025-03-26,4,7.213,0,2193681000,3,2025,
2025-03-26,5,7.186,0,2193681000,3,2025,
2025-03-26,6,6.841,0,2193681000,3,2025,
2025-03-26,7,0.0,0,2193681000,3,2025,
2025-03-26,8,0.001,0,2193681000,3,2025,
2025-03-26,9,0.0,0,2193681000,3,2025,
2025-03-26,10,0.001,0,2193681000,3,2025,
2025-03-26,11,0.0,0,2193681000,3,2025,
2025-03-26,12,0.001,0,2193681000,3,2025,
2025-03-26,13,0.0,0,2193681000,3,2025,
2025-03-26,14,0.001,0,2193681000,3,2025,
2025-03-26,15,0.0,0,2193681000,3,2025,
2025-03-26,16,0.001,0,2193681000,3,2025,
2025-03-26,17,0.0,0,2193681000,3,2025,
2025-03-26,18,0.001,0,2193681000,3,2025,
2025-03-26,19,4.414,0,2193681000,3,2025,
2025-03-26,20,6.909,0,2193681000,3,2025,
2025-03-26,21,6.91,0,2193681000,3,2025,
2025-03-26,22,6.99,0,2193681000,3,2025,
2025-03-26,23,7.024,0,2193681000,3,2025,
2025-03-27,0,7.029,0,2193681000,3,2025,
2025-03-27,1,7.097,0,2193681000,3,2025,
2025-03-27,2,7.143,0,2193681000,3,2025,
2025-03-27,3,7.117,0,2193681000,3,2025,
2025-03-27,4,7.081,0,2193681000,3,2025,
2025-03-27,5,7.089,0,2193681000,3,2025,
2025-03-27,6,6.516,0,2193681000,3,2025,
2025-03-27,7,0.001,0,2193681000,3,2025,
2025-03-27,8,0.0,0,2193681000,3,2025,
2025-03-27,9,0.001,0,2193681000,3,2025,
2025-03-27,10,0.0,0,2193681000,3,2025,
2025-03-27,11,0.001,0,2193681000,3,2025,
2025-03-27,12,0.0,0,2193681000,3,2025,
2025-03-27,13,0.001,0,2193681000,3,2025,
2025-03-27,14,0.0,0,2193681000,3,2025,
2025-03-27,15,0.001,0,2193681000,3,2025,
2025-03-27,16,0.0,0,2193681000,3,2025,
2025-03-27,17,0.001,0,2193681000,3,2025,
2025-03-27,18,0.0,0,2193681000,3,2025,
2025-03-27,19,4.219,0,2193681000,3,2025,
2025-03-27,20,6.836,0,2193681000,3,2025,
2025-03-27,21,6.825,0,2193681000,3,2025,
2025-03-27,22,6.894,0,2193681000,3,2025,
2025-03-27,23,6.975,0,2193681000,3,2025,
2025-03-28,0,7.023,0,2193681000,3,2025,
2025-03-28,1,6.997,0,2193681000,3,2025,
2025-03-28,2,7.092,0,2193681000,3,2025,
2025-03-28,3,7.118,0,2193681000,3,2025,
2025-03-28,4,7.106,0,2193681000,3,2025,
2025-03-28,5,7.09,0,2193681000,3,2025,
2025-03-28,6,6.282,0,2193681000,3,2025,
2025-03-28,7,0.001,0,2193681000,3,2025,
2025-03-28,8,0.0,0,2193681000,3,2025,
2025-03-28,9,0.001,0,2193681000,3,2025,
2025-03-28,10,0.0,0,2193681000,3,2025,
2025-03-28,11,0.001,0,2193681000,3,2025,
2025-03-28,12,0.0,0,2193681000,3,2025,
2025-03-28,13,0.001,0,2193681000,3,2025,
2025-03-28,14,0.0,0,2193681000,3,2025,
2025-03-28,15,0.001,0,2193681000,3,2025,
2025-03-28,16,0.0,0,2193681000,3,2025,
2025-03-28,17,0.001,0,2193681000,3,2025,
2025-03-28,18,0.0,0,2193681000,3,2025,
2025-03-28,19,4.058,0,2193681000,3,2025,
2025-03-28,20,6.811,0,2193681000,3,2025,
2025-03-28,21,6.848,0,2193681000,3,2025,
2025-03-28,22,6.895,0,2193681000,3,2025,
2025-03-28,23,7.003,0,2193681000,3,2025,
2025-03-29,0,7.029,0,2193681000,3,2025,
2025-03-29,1,7.057,0,2193681000,3,2025,
2025-03-29,2,7.128,0,2193681000,3,2025,
2025-03-29,3,7.074,0,2193681000,3,2025,
2025-03-29,4,7.075,0,2193681000,3,2025,
2025-03-29,5,7.108,0,2193681000,3,2025,
2025-03-29,6,6.238,0,2193681000,3,2025,
2025-03-29,7,0.001,0,2193681000,3,2025,
2025-03-29,8,0.0,0,2193681000,3,2025,
2025-03-29,9,0.001,0,2193681000,3,2025,
2025-03-29,10,0.0,0,2193681000,3,2025,
2025-03-29,11,0.001,0,2193681000,3,2025,
2025-03-29,12,0.0,0,2193681000,3,2025,
2025-03-29,13,0.001,0,2193681000,3,2025,
2025-03-29,14,0.0,0,2193681000,3,2025,
2025-03-29,15,0.001,0,2193681000,3,2025,
2025-03-29,16,0.0,0,2193681000,3,2025,
2025-03-29,17,0.001,0,2193681000,3,2025,
2025-03-29,18,0.0,0,2193681000,3,2025,
2025-03-29,19,4.12,0,2193681000,3,2025,
2025-03-29,20,7.108,0,2193681000,3,2025,
2025-03-29,21,7.156,0,2193681000,3,2025,
2025-03-29,22,7.232,0,2193681000,3,2025,
2025-03-29,23,7.259,0,2193681000,3,2025,
2025-03-30,0,7.364,0,2193681000,3,2025,
2025-03-30,1,7.441,0,2193681000,3,2025,
2025-03-30,2,7.418,0,2193681000,3,2025,
2025-03-30,3,7.441,0,2193681000,3,2025,
2025-03-30,4,7.517,0,2193681000,3,2025,
2025-03-30,5,7.534,0,2193681000,3,2025,
2025-03-30,6,6.243,0,2193681000,3,2025,
2025-03-30,7,0.0,0,2193681000,3,2025,
2025-03-30,8,0.001,0,2193681000,3,2025,
2025-03-30,9,0.0,0,2193681000,3,2025,
2025-03-30,10,0.001,0,2193681000,3,2025,
2025-03-30,11,0.0,0,2193681000,3,2025,
2025-03-30,12,0.001,0,2193681000,3,2025,
2025-03-30,13,0.0,0,2193681000,3,2025,
2025-03-30,14,0.001,0,2193681000,3,2025,
2025-03-30,15,0.0,0,2193681000,3,2025,
2025-03-30,16,0.001,0,2193681000,3,2025,
2025-03-30,17,0.0,0,2193681000,3,2025,
2025-03-30,18,0.001,0,2193681000,3,2025,
2025-03-30,19,4.018,0,2193681000,3,2025,
2025-03-30,20,7.046,0,2193681000,3,2025,
2025-03-30,21,7.061,0,2193681000,3,2025,
2025-03-30,22,7.144,0,2193681000,3,2025,
2025-03-30,23,7.222,0,2193681000,3,2025,
2025-03-31,0,7.303,0,2193681000,3,2025,
2025-03-31,1,7.43,0,2193681000,3,2025,
2025-03-31,2,7.529,0,2193681000,3,2025,
2025-03-31,3,7.593,0,2193681000,3,2025,
2025-03-31,4,7.64,0,2193681000,3,2025,
2025-03-31,5,7.668,0,2193681000,3,2025,
2025-03-31,6,6.101,0,2193681000,3,2025,
2025-03-31,7,0.001,0,2193681000,3,2025,
2025-03-31,8,0.0,0,2193681000,3,2025,
2025-03-31,9,0.001,0,2193681000,3,2025,
2025-03-31,10,0.0,0,2193681000,3,2025,
2025-03-31,11,0.001,0,2193681000,3,2025,
2025-03-31,12,0.0,0,2193681000,3,2025,
2025-03-31,13,0.001,0,2193681000,3,2025,
2025-03-31,14,0.0,0,2193681000,3,2025,
2025-03-31,15,0.001,0,2193681000,3,2025,
2025-03-31,16,0.0,0,2193681000,3,2025,
2025-03-31,17,0.001,0,2193681000,3,2025,
2025-03-31,18,0.0,0,2193681000,3,2025,
2025-03-31,19,3.8,0,2193681000,3,2025,
2025-03-31,20,7.028,0,2193681000,3,2025,
2025-03-31,21,7.119,0,2193681000,3,2025,
2025-03-31,22,7.181,0,2193681000,3,2025,
2025-03-31,23,7.231,0,2193681000,3,2025,
2025-04-01,0,7.269,0,2193681000,4,2025,
2025-04-01,1,7.388,0,2193681000,4,2025,
2025-04-01,2,7.483,0,2193681000,4,2025,
2025-04-01,3,7.532,0,2193681000,4,2025,
2025-04-01,4,7.509,0,2193681000,4,2025,
2025-04-01,5,7.504,0,2193681000,4,2025,
2025-04-01,6,5.867,0,2193681000,4,2025,
2025-04-01,7,0.001,0,2193681000,4,2025,
2025-04-01,8,0.0,0,2193681000,4,2025,
2025-04-01,9,0.001,0,2193681000,4,2025,
2025-04-01,10,0.0,0,2193681000,4,2025,
2025-04-01,11,0.001,0,2193681000,4,2025,
2025-04-01,12,0.0,0,2193681000,4,2025,
2025-04-01,13,0.001,0,2193681000,4,2025,
2025-04-01,14,0.0,0,2193681000,4,2025,
2025-04-01,15,0.001,0,2193681000,4,2025,
2025-04-01,16,0.0,0,2193681000,4,2025,
2025-04-01,17,0.001,0,2193681000,4,2025,
2025-04-01,18,0.0,0,2193681000,4,2025,
2025-04-01,19,3.663,0,2193681000,4,2025,
2025-04-01,20,6.954,0,2193681000,4,2025,
2025-04-01,21,7.004,0,2193681000,4,2025,
2025-04-01,22,7.099,0,2193681000,4,2025,
2025-04-01,23,7.102,0,2193681000,4,2025,
2025-04-02,0,7.143,0,2193681000,4,2025,
2025-04-02,1,7.222,0,2193681000,4,2025,
2025-04-02,2,7.306,0,2193681000,4,2025,
2025-04-02,3,7.318,0,2193681000,4,2025,
2025-04-02,4,7.288,0,2193681000,4,2025,
2025-04-02,5,7.232,0,2193681000,4,2025,
2025-04-02,6,5.402,0,2193681000,4,2025,
2025-04-02,7,0.001,0,2193681000,4,2025,
2025-04-02,8,0.0,0,2193681000,4,2025,
2025-04-02,9,0.0,0,2193681000,4,2025,
2025-04-02,10,0.001,0,2193681000,4,2025,
2025-04-02,11,0.0,0,2193681000,4,2025,
2025-04-02,12,0.001,0,2193681000,4,2025,
2025-04-02,13,0.0,0,2193681000,4,2025,
2025-04-02,14,0.001,0,2193681000,4,2025,
2025-04-02,15,0.0,0,2193681000,4,2025,
2025-04-02,16,0.001,0,2193681000,4,2025,
2025-04-02,17,0.0,0,2193681000,4,2025,
2025-04-02,18,0.001,0,2193681000,4,2025,
2025-04-02,19,3.47,0,2193681000,4,2025,
2025-04-02,20,6.885,0,2193681000,4,2025,
2025-04-02,21,6.961,0,2193681000,4,2025,
2025-04-02,22,6.909,0,2193681000,4,2025,
2025-04-02,23,6.986,0,2193681000,4,2025,
2025-04-03,0,7.079,0,2193681000,4,2025,
2025-04-03,1,7.155,0,2193681000,4,2025,
2025-04-03,2,7.227,0,2193681000,4,2025,
2025-04-03,3,7.263,0,2193681000,4,2025,
2025-04-03,4,7.276,0,2193681000,4,2025,
2025-04-03,5,7.266,0,2193681000,4,2025,
2025-04-03,6,5.198,0,2193681000,4,2025,
2025-04-03,7,0.0,0,2193681000,4,2025,
2025-04-03,8,0.001,0,2193681000,4,2025,
2025-04-03,9,0.0,0,2193681000,4,2025,
2025-04-03,10,0.001,0,2193681000,4,2025,
2025-04-03,11,0.0,0,2193681000,4,2025,
2025-04-03,12,0.001,0,2193681000,4,2025,
2025-04-03,13,0.0,0,2193681000,4,2025,
2025-04-03,14,0.001,0,2193681000,4,2025,
2025-04-03,15,0.0,0,2193681000,4,2025,
2025-04-03,16,0.001,0,2193681000,4,2025,
2025-04-03,17,0.0,0,2193681000,4,2025,
2025-04-03,18,0.001,0,2193681000,4,2025,
2025-04-03,19,3.357,0,2193681000,4,2025,
2025-04-03,20,6.895,0,2193681000,4,2025,
2025-04-03,21,7.007,0,2193681000,4,2025,
2025-04-03,22,7.07,0,2193681000,4,2025,
2025-04-03,23,7.068,0,2193681000,4,2025,
2025-04-04,0,7.038,0,2193681000,4,2025,
2025-04-04,1,7.154,0,2193681000,4,2025,
2025-04-04,2,7.226,0,2193681000,4,2025,
2025-04-04,3,7.23,0,2193681000,4,2025,
2025-04-04,4,7.233,0,2193681000,4,2025,
2025-04-04,5,7.213,0,2193681000,4,2025,
2025-04-04,6,5.018,0,2193681000,4,2025,
2025-04-04,7,0.0,0,2193681000,4,2025,
2025-04-04,8,0.001,0,2193681000,4,2025,
2025-04-04,9,0.0,0,2193681000,4,2025,
2025-04-04,10,0.001,0,2193681000,4,2025,
2025-04-04,11,0.0,0,2193681000,4,2025,
2025-04-04,12,0.001,0,2193681000,4,2025,
2025-04-04,13,0.0,0,2193681000,4,2025,
2025-04-04,14,0.001,0,2193681000,4,2025,
2025-04-04,15,0.0,0,2193681000,4,2025,
2025-04-04,16,0.001,0,2193681000,4,2025,
2025-04-04,17,0.0,0,2193681000,4,2025,
2025-04-04,18,0.001,0,2193681000,4,2025,
2025-04-04,19,3.263,0,2193681000,4,2025,
2025-04-04,20,6.923,0,2193681000,4,2025,
2025-04-04,21,7.009,0,2193681000,4,2025,
2025-04-04,22,7.086,0,2193681000,4,2025,
2025-04-04,23,7.116,0,2193681000,4,2025,
2025-04-05,0,7.159,0,2193681000,4,2025,
2025-04-05,1,7.258,0,2193681000,4,2025,
2025-04-05,2,7.279,0,2193681000,4,2025,
2025-04-05,3,7.314,0,2193681000,4,2025,
2025-04-05,4,7.358,0,2193681000,4,2025,
2025-04-05,5,7.349,0,2193681000,4,2025,
2025-04-05,6,4.888,0,2193681000,4,2025,
2025-04-05,7,0.001,0,2193681000,4,2025,
2025-04-05,8,0.0,0,2193681000,4,2025,
2025-04-05,9,0.001,0,2193681000,4,2025,
2025-04-05,10,0.0,0,2193681000,4,2025,
2025-04-05,11,0.001,0,2193681000,4,2025,
2025-04-05,12,0.0,0,2193681000,4,2025,
2025-04-05,13,0.001,0,2193681000,4,2025,
2025-04-05,14,0.0,0,2193681000,4,2025,
2025-04-05,15,0.001,0,2193681000,4,2025,
2025-04-05,16,0.0,0,2193681000,4,2025,
2025-04-05,17,0.001,0,2193681000,4,2025,
2025-04-05,18,0.0,0,2193681000,4,2025,
2025-04-05,19,3.123,0,2193681000,4,2025,
2025-04-05,20,6.891,0,2193681000,4,2025,
2025-04-05,21,7.004,0,2193681000,4,2025,
2025-04-05,22,7.137,0,2193681000,4,2025,
2025-04-05,23,7.156,0,2193681000,4,2025,
2025-04-06,0,7.202,0,2193681000,4,2025,
2025-04-06,1,7.224,0,2193681000,4,2025,
2025-04-06,2,7.262,0,2193681000,4,2025,
2025-04-06,3,7.334,0,2193681000,4,2025,
2025-04-06,4,7.391,0,2193681000,4,2025,
2025-04-06,5,7.385,0,2193681000,4,2025,
2025-04-06,6,4.677,0,2193681000,4,2025,
2025-04-06,7,0.0,0,2193681000,4,2025,
2025-04-06,8,0.001,0,2193681000,4,2025,
2025-04-06,9,0.0,0,2193681000,4,2025,
2025-04-06,10,0.001,0,2193681000,4,2025,
2025-04-06,11,0.0,0,2193681000,4,2025,
2025-04-06,12,0.001,0,2193681000,4,2025,
2025-04-06,13,0.0,0,2193681000,4,2025,
2025-04-06,14,0.001,0,2193681000,4,2025,
2025-04-06,15,0.0,0,2193681000,4,2025,
2025-04-06,16,0.001,0,2193681000,4,2025,
2025-04-06,17,0.0,0,2193681000,4,2025,
2025-04-06,18,0.001,0,2193681000,4,2025,
2025-04-06,19,2.995,0,2193681000,4,2025,
2025-04-06,20,6.862,0,2193681000,4,2025,
2025-04-06,21,6.973,0,2193681000,4,2025,
2025-04-06,22,7.014,0,2193681000,4,2025,
2025-04-06,23,7.123,0,2193681000,4,2025,
2025-04-07,0,7.192,0,2193681000,4,2025,
2025-04-07,1,7.204,0,2193681000,4,2025,
2025-04-07,2,7.285,0,2193681000,4,2025,
2025-04-07,3,7.337,0,2193681000,4,2025,
2025-04-07,4,7.374,0,2193681000,4,2025,
2025-04-07,5,7.341,0,2193681000,4,2025,
2025-04-07,6,4.481,0,2193681000,4,2025,
2025-04-07,7,0.0,0,2193681000,4,2025,
2025-04-07,8,0.001,0,2193681000,4,2025,
2025-04-07,9,0.0,0,2193681000,4,2025,
2025-04-07,10,0.001,0,2193681000,4,2025,
2025-04-07,11,0.0,0,2193681000,4,2025,
2025-04-07,12,0.001,0,2193681000,4,2025,
2025-04-07,13,0.0,0,2193681000,4,2025,
2025-04-07,14,0.001,0,2193681000,4,2025,
2025-04-07,15,0.0,0,2193681000,4,2025,
2025-04-07,16,0.001,0,2193681000,4,2025,
2025-04-07,17,0.0,0,2193681000,4,2025,
2025-04-07,18,0.001,0,2193681000,4,2025,
2025-04-07,19,2.859,0,2193681000,4,2025,
2025-04-07,20,6.771,0,2193681000,4,2025,
2025-04-07,21,6.944,0,2193681000,4,2025,
2025-04-07,22,6.907,0,2193681000,4,2025,
2025-04-07,23,7.047,0,2193681000,4,2025,
2025-04-08,0,7.064,0,2193681000,4,2025,
2025-04-08,1,7.143,0,2193681000,4,2025,
2025-04-08,2,7.237,0,2193681000,4,2025,
2025-04-08,3,7.123,0,2193681000,4,2025,
2025-04-08,4,7.153,0,2193681000,4,2025,
2025-04-08,5,7.133,0,2193681000,4,2025,
2025-04-08,6,4.13,0,2193681000,4,2025,
2025-04-08,7,0.0,0,2193681000,4,2025,
2025-04-08,8,0.001,0,2193681000,4,2025,
2025-04-08,9,0.0,0,2193681000,4,2025,
2025-04-08,10,0.001,0,2193681000,4,2025,
2025-04-08,11,0.0,0,2193681000,4,2025,
2025-04-08,12,0.001,0,2193681000,4,2025,
2025-04-08,13,0.0,0,2193681000,4,2025,
2025-04-08,14,0.0,0,2193681000,4,2025,
2025-04-08,15,0.001,0,2193681000,4,2025,
2025-04-08,16,0.0,0,2193681000,4,2025,
2025-04-08,17,0.001,0,2193681000,4,2025,
2025-04-08,18,0.0,0,2193681000,4,2025,
2025-04-08,19,2.765,0,2193681000,4,2025,
2025-04-08,20,6.806,0,2193681000,4,2025,
2025-04-08,21,6.896,0,2193681000,4,2025,
2025-04-08,22,7.016,0,2193681000,4,2025,
2025-04-08,23,7.076,0,2193681000,4,2025,
2025-04-09,0,7.08,0,2193681000,4,2025,
2025-04-09,1,7.124,0,2193681000,4,2025,
2025-04-09,2,7.182,0,2193681000,4,2025,
2025-04-09,3,7.199,0,2193681000,4,2025,
2025-04-09,4,7.212,0,2193681000,4,2025,
2025-04-09,5,7.207,0,2193681000,4,2025,
2025-04-09,6,4.04,0,2193681000,4,2025,
2025-04-09,7,0.0,0,2193681000,4,2025,
2025-04-09,8,0.001,0,2193681000,4,2025,
2025-04-09,9,0.0,0,2193681000,4,2025,
2025-04-09,10,0.001,0,2193681000,4,2025,
2025-04-09,11,0.0,0,2193681000,4,2025,
2025-04-09,12,0.001,0,2193681000,4,2025,
2025-04-09,13,0.0,0,2193681000,4,2025,
2025-04-09,14,0.001,0,2193681000,4,2025,
2025-04-09,15,0.0,0,2193681000,4,2025,
2025-04-09,16,0.001,0,2193681000,4,2025,
2025-04-09,17,0.0,0,2193681000,4,2025,
2025-04-09,18,0.001,0,2193681000,4,2025,
2025-04-09,19,2.635,0,2193681000,4,2025,
2025-04-09,20,6.711,0,2193681000,4,2025,
2025-04-09,21,6.813,0,2193681000,4,2025,
2025-04-09,22,6.989,0,2193681000,4,2025,
2025-04-09,23,7.088,0,2193681000,4,2025,
2025-04-10,0,7.169,0,2193681000,4,2025,
2025-04-10,1,7.165,0,2193681000,4,2025,
2025-04-10,2,7.241,0,2193681000,4,2025,
2025-04-10,3,7.294,0,2193681000,4,2025,
2025-04-10,4,7.238,0,2193681000,4,2025,
2025-04-10,5,7.224,0,2193681000,4,2025,
2025-04-10,6,3.814,0,2193681000,4,2025,
2025-04-10,7,0.001,0,2193681000,4,2025,
2025-04-10,8,0.0,0,2193681000,4,2025,
2025-04-10,9,0.001,0,2193681000,4,2025,
2025-04-10,10,0.0,0,2193681000,4,2025,
2025-04-10,11,0.001,0,2193681000,4,2025,
2025-04-10,12,0.0,0,2193681000,4,2025,
2025-04-10,13,0.001,0,2193681000,4,2025,
2025-04-10,14,0.0,0,2193681000,4,2025,
2025-04-10,15,0.001,0,2193681000,4,2025,
2025-04-10,16,0.0,0,2193681000,4,2025,
2025-04-10,17,0.0,0,2193681000,4,2025,
2025-04-10,18,0.001,0,2193681000,4,2025,
2025-04-10,19,2.556,0,2193681000,4,2025,
2025-04-10,20,6.848,0,2193681000,4,2025,
2025-04-10,21,6.913,0,2193681000,4,2025,
2025-04-10,22,6.964,0,2193681000,4,2025,
2025-04-10,23,6.989,0,2193681000,4,2025,
2025-04-11,0,7.051,0,2193681000,4,2025,
2025-04-11,1,7.118,0,2193681000,4,2025,
2025-04-11,2,7.189,0,2193681000,4,2025,
2025-04-11,3,7.235,0,2193681000,4,2025,
2025-04-11,4,7.263,0,2193681000,4,2025,
2025-04-11,5,7.241,0,2193681000,4,2025,
2025-04-11,6,3.589,0,2193681000,4,2025,
2025-04-11,7,0.0,0,2193681000,4,2025,
2025-04-11,8,0.001,0,2193681000,4,2025,
2025-04-11,9,0.0,0,2193681000,4,2025,
2025-04-11,10,0.001,0,2193681000,4,2025,
2025-04-11,11,0.0,0,2193681000,4,2025,
2025-04-11,12,0.001,0,2193681000,4,2025,
2025-04-11,13,0.0,0,2193681000,4,2025,
2025-04-11,14,0.001,0,2193681000,4,2025,
2025-04-11,15,0.0,0,2193681000,4,2025,
2025-04-11,16,0.001,0,2193681000,4,2025,
2025-04-11,17,0.0,0,2193681000,4,2025,
2025-04-11,18,0.001,0,2193681000,4,2025,
2025-04-11,19,2.413,0,2193681000,4,2025,
2025-04-11,20,6.752,0,2193681000,4,2025,
2025-04-11,21,6.853,0,2193681000,4,2025,
2025-04-11,22,6.894,0,2193681000,4,2025,
2025-04-11,23,6.902,0,2193681000,4,2025,
2025-04-12,0,6.939,0,2193681000,4,2025,
2025-04-12,1,7.039,0,2193681000,4,2025,
2025-04-12,2,7.103,0,2193681000,4,2025,
2025-04-12,3,7.124,0,2193681000,4,2025,
2025-04-12,4,7.162,0,2193681000,4,2025,
2025-04-12,5,7.151,0,2193681000,4,2025,
2025-04-12,6,3.437,0,2193681000,4,2025,
2025-04-12,7,0.0,0,2193681000,4,2025,
2025-04-12,8,0.001,0,2193681000,4,2025,
2025-04-12,9,0.0,0,2193681000,4,2025,
2025-04-12,10,0.001,0,2193681000,4,2025,
2025-04-12,11,0.0,0,2193681000,4,2025,
2025-04-12,12,0.001,0,2193681000,4,2025,
2025-04-12,13,0.0,0,2193681000,4,2025,
2025-04-12,14,0.001,0,2193681000,4,2025,
2025-04-12,15,0.0,0,2193681000,4,2025,
2025-04-12,16,0.001,0,2193681000,4,2025,
2025-04-12,17,0.0,0,2193681000,4,2025,
2025-04-12,18,0.001,0,2193681000,4,2025,
2025-04-12,19,2.313,0,2193681000,4,2025,
2025-04-12,20,6.803,0,2193681000,4,2025,
2025-04-12,21,6.897,0,2193681000,4,2025,
2025-04-12,22,6.978,0,2193681000,4,2025,
2025-04-12,23,7.005,0,2193681000,4,2025,
2025-04-13,0,6.998,0,2193681000,4,2025,
2025-04-13,1,7.187,0,2193681000,4,2025,
2025-04-13,2,7.167,0,2193681000,4,2025,
2025-04-13,3,7.236,0,2193681000,4,2025,
2025-04-13,4,7.266,0,2193681000,4,2025,
2025-04-13,5,7.298,0,2193681000,4,2025,
2025-04-13,6,3.268,0,2193681000,4,2025,
2025-04-13,7,0.0,0,2193681000,4,2025,
2025-04-13,8,0.001,0,2193681000,4,2025,
2025-04-13,9,0.0,0,2193681000,4,2025,
2025-04-13,10,0.001,0,2193681000,4,2025,
2025-04-13,11,0.0,0,2193681000,4,2025,
2025-04-13,12,0.001,0,2193681000,4,2025,
2025-04-13,13,0.0,0,2193681000,4,2025,
2025-04-13,14,0.001,0,2193681000,4,2025,
2025-04-13,15,0.0,0,2193681000,4,2025,
2025-04-13,16,0.001,0,2193681000,4,2025,
2025-04-13,17,0.0,0,2193681000,4,2025,
2025-04-13,18,0.001,0,2193681000,4,2025,
2025-04-13,19,2.228,0,2193681000,4,2025,
2025-04-13,20,6.895,0,2193681000,4,2025,
2025-04-13,21,6.951,0,2193681000,4,2025,
2025-04-13,22,7.057,0,2193681000,4,2025,
2025-04-13,23,7.126,0,2193681000,4,2025,
2025-04-14,0,7.181,0,2193681000,4,2025,
2025-04-14,1,7.203,0,2193681000,4,2025,
2025-04-14,2,7.302,0,2193681000,4,2025,
2025-04-14,3,7.349,0,2193681000,4,2025,
2025-04-14,4,7.359,0,2193681000,4,2025,
2025-04-14,5,7.336,0,2193681000,4,2025,
2025-04-14,6,3.14,0,2193681000,4,2025,
2025-04-14,7,0.001,0,2193681000,4,2025,
2025-04-14,8,0.0,0,2193681000,4,2025,
2025-04-14,9,0.001,0,2193681000,4,2025,
2025-04-14,10,0.0,0,2193681000,4,2025,
2025-04-14,11,0.001,0,2193681000,4,2025,
2025-04-14,12,0.0,0,2193681000,4,2025,
2025-04-14,13,0.001,0,2193681000,4,2025,
2025-04-14,14,0.0,0,2193681000,4,2025,
2025-04-14,15,0.001,0,2193681000,4,2025,
2025-04-14,16,0.0,0,2193681000,4,2025,
2025-04-14,17,0.001,0,2193681000,4,2025,
2025-04-14,18,0.0,0,2193681000,4,2025,
2025-04-14,19,2.132,0,2193681000,4,2025,
2025-04-14,20,6.839,0,2193681000,4,2025,
2025-04-14,21,6.921,0,2193681000,4,2025,
2025-04-14,22,7.023,0,2193681000,4,2025,
2025-04-14,23,7.021,0,2193681000,4,2025,
2025-04-15,0,7.119,0,2193681000,4,2025,
2025-04-15,1,7.171,0,2193681000,4,2025,
2025-04-15,2,7.268,0,2193681000,4,2025,
2025-04-15,3,7.317,0,2193681000,4,2025,
2025-04-15,4,7.288,0,2193681000,4,2025,
2025-04-15,5,7.251,0,2193681000,4,2025,
2025-04-15,6,2.866,0,2193681000,4,2025,
2025-04-15,7,0.0,0,2193681000,4,2025,
2025-04-15,8,0.001,0,2193681000,4,2025,
2025-04-15,9,0.0,0,2193681000,4,2025,
2025-04-15,10,0.001,0,2193681000,4,2025,
2025-04-15,11,0.0,0,2193681000,4,2025,
2025-04-15,12,0.0,0,2193681000,4,2025,
2025-04-15,13,0.001,0,2193681000,4,2025,
2025-04-15,14,0.0,0,2193681000,4,2025,
2025-04-15,15,0.001,0,2193681000,4,2025,
2025-04-15,16,0.0,0,2193681000,4,2025,
2025-04-15,17,0.001,0,2193681000,4,2025,
2025-04-15,18,0.0,0,2193681000,4,2025,
2025-04-15,19,2.056,0,2193681000,4,2025,
2025-04-15,20,6.901,0,2193681000,4,2025,
2025-04-15,21,6.941,0,2193681000,4,2025,
2025-04-15,22,7.058,0,2193681000,4,2025,
2025-04-15,23,7.126,0,2193681000,4,2025,
2025-04-16,0,7.145,0,2193681000,4,2025,
2025-04-16,1,7.214,0,2193681000,4,2025,
2025-04-16,2,7.261,0,2193681000,4,2025,
2025-04-16,3,7.306,0,2193681000,4,2025,
2025-04-16,4,7.314,0,2193681000,4,2025,
2025-04-16,5,7.202,0,2193681000,4,2025,
2025-04-16,6,2.702,0,2193681000,4,2025,
2025-04-16,7,0.001,0,2193681000,4,2025,
2025-04-16,8,0.0,0,2193681000,4,2025,
2025-04-16,9,0.001,0,2193681000,4,2025,
2025-04-16,10,0.0,0,2193681000,4,2025,
2025-04-16,11,0.001,0,2193681000,4,2025,
2025-04-16,12,0.0,0,2193681000,4,2025,
2025-04-16,13,0.001,0,2193681000,4,2025,
2025-04-16,14,0.0,0,2193681000,4,2025,
2025-04-16,15,0.001,0,2193681000,4,2025,
2025-04-16,16,0.0,0,2193681000,4,2025,
2025-04-16,17,0.001,0,2193681000,4,2025,
2025-04-16,18,0.0,0,2193681000,4,2025,
2025-04-16,19,1.883,0,2193681000,4,2025,
2025-04-16,20,6.779,0,2193681000,4,2025,
2025-04-16,21,6.829,0,2193681000,4,2025,
2025-04-16,22,6.903,0,2193681000,4,2025,
2025-04-16,23,6.932,0,2193681000,4,2025,
2025-04-17,0,6.98,0,2193681000,4,2025,
2025-04-17,1,7.053,0,2193681000,4,2025,
2025-04-17,2,7.11,0,2193681000,4,2025,
2025-04-17,3,7.15,0,2193681000,4,2025,
2025-04-17,4,7.18,0,2193681000,4,2025,
2025-04-17,5,7.171,0,2193681000,4,2025,
2025-04-17,6,2.468,0,2193681000,4,2025,
2025-04-17,7,0.0,0,2193681000,4,2025,
2025-04-17,8,0.001,0,2193681000,4,2025,
2025-04-17,9,0.0,0,2193681000,4,2025,
2025-04-17,10,0.0,0,2193681000,4,2025,
2025-04-17,11,0.001,0,2193681000,4,2025,
2025-04-17,12,0.0,0,2193681000,4,2025,
2025-04-17,13,0.001,0,2193681000,4,2025,
2025-04-17,14,0.0,0,2193681000,4,2025,
2025-04-17,15,0.001,0,2193681000,4,2025,
2025-04-17,16,0.0,0,2193681000,4,2025,
2025-04-17,17,0.001,0,2193681000,4,2025,
2025-04-17,18,0.0,0,2193681000,4,2025,
2025-04-17,19,1.661,0,2193681000,4,2025,
2025-04-17,20,6.802,0,2193681000,4,2025,
2025-04-17,21,6.892,0,2193681000,4,2025,
2025-04-17,22,6.972,0,2193681000,4,2025,
2025-04-17,23,7.033,0,2193681000,4,2025,
2025-04-18,0,7.13,0,2193681000,4,2025,
2025-04-18,1,7.08,0,2193681000,4,2025,
2025-04-18,2,7.127,0,2193681000,4,2025,
2025-04-18,3,7.154,0,2193681000,4,2025,
2025-04-18,4,7.15,0,2193681000,4,2025,
2025-04-18,5,7.135,0,2193681000,4,2025,
2025-04-18,6,2.333,0,2193681000,4,2025,
2025-04-18,7,0.0,0,2193681000,4,2025,
2025-04-18,8,0.001,0,2193681000,4,2025,
2025-04-18,9,0.0,0,2193681000,4,2025,
2025-04-18,10,0.001,0,2193681000,4,2025,
2025-04-18,11,0.0,0,2193681000,4,2025,
2025-04-18,12,0.001,0,2193681000,4,2025,
2025-04-18,13,0.0,0,2193681000,4,2025,
2025-04-18,14,0.001,0,2193681000,4,2025,
2025-04-18,15,0.0,0,2193681000,4,2025,
2025-04-18,16,0.001,0,2193681000,4,2025,
2025-04-18,17,0.0,0,2193681000,4,2025,
2025-04-18,18,0.001,0,2193681000,4,2025,
2025-04-18,19,1.554,0,2193681000,4,2025,
2025-04-18,20,6.794,0,2193681000,4,2025,
2025-04-18,21,6.854,0,2193681000,4,2025,
2025-04-18,22,6.935,0,2193681000,4,2025,
2025-04-18,23,6.917,0,2193681000,4,2025,
2025-04-19,0,6.93,0,2193681000,4,2025,
2025-04-19,1,7.074,0,2193681000,4,2025,
2025-04-19,2,7.211,0,2193681000,4,2025,
2025-04-19,3,7.228,0,2193681000,4,2025,
2025-04-19,4,7.289,0,2193681000,4,2025,
2025-04-19,5,7.281,0,2193681000,4,2025,
2025-04-19,6,2.138,0,2193681000,4,2025,
2025-04-19,7,0.001,0,2193681000,4,2025,
2025-04-19,8,0.0,0,2193681000,4,2025,
2025-04-19,9,0.001,0,2193681000,4,2025,
2025-04-19,10,0.0,0,2193681000,4,2025,
2025-04-19,11,0.001,0,2193681000,4,2025,
2025-04-19,12,0.0,0,2193681000,4,2025,
2025-04-19,13,0.001,0,2193681000,4,2025,
2025-04-19,14,0.0,0,2193681000,4,2025,
2025-04-19,15,0.001,0,2193681000,4,2025,
2025-04-19,16,0.0,0,2193681000,4,2025,
2025-04-19,17,0.001,0,2193681000,4,2025,
2025-04-19,18,0.0,0,2193681000,4,2025,
2025-04-19,19,1.437,0,2193681000,4,2025,
2025-04-19,20,6.863,0,2193681000,4,2025,
2025-04-19,21,6.948,0,2193681000,4,2025,
2025-04-19,22,7.044,0,2193681000,4,2025,
2025-04-19,23,7.083,0,2193681000,4,2025,
2025-04-20,0,7.156,0,2193681000,4,2025,
2025-04-20,1,7.231,0,2193681000,4,2025,
2025-04-20,2,7.217,0,2193681000,4,2025,
2025-04-20,3,7.215,0,2193681000,4,2025,
2025-04-20,4,7.243,0,2193681000,4,2025,
2025-04-20,5,7.231,0,2193681000,4,2025,
2025-04-20,6,2.0,0,2193681000,4,2025,
2025-04-20,7,0.0,0,2193681000,4,2025,
2025-04-20,8,0.001,0,2193681000,4,2025,
2025-04-20,9,0.0,0,2193681000,4,2025,
2025-04-20,10,0.001,0,2193681000,4,2025,
2025-04-20,11,0.0,0,2193681000,4,2025,
2025-04-20,12,0.001,0,2193681000,4,2025,
2025-04-20,13,0.0,0,2193681000,4,2025,
2025-04-20,14,0.001,0,2193681000,4,2025,
2025-04-20,15,0.0,0,2193681000,4,2025,
2025-04-20,16,0.001,0,2193681000,4,2025,
2025-04-20,17,0.0,0,2193681000,4,2025,
2025-04-20,18,0.0,0,2193681000,4,2025,
2025-04-20,19,1.333,0,2193681000,4,2025,
2025-04-20,20,6.835,0,2193681000,4,2025,
2025-04-20,21,6.891,0,2193681000,4,2025,
2025-04-20,22,7.004,0,2193681000,4,2025,
2025-04-20,23,7.09,0,2193681000,4,2025,
2025-04-21,0,7.14,0,2193681000,4,2025,
2025-04-21,1,7.163,0,2193681000,4,2025,
2025-04-21,2,7.218,0,2193681000,4,2025,
2025-04-21,3,7.266,0,2193681000,4,2025,
2025-04-21,4,7.313,0,2193681000,4,2025,
2025-04-21,5,7.294,0,2193681000,4,2025,
2025-04-21,6,1.768,0,2193681000,4,2025,
2025-04-21,7,0.001,0,2193681000,4,2025,
2025-04-21,8,0.0,0,2193681000,4,2025,
2025-04-21,9,0.001,0,2193681000,4,2025,
2025-04-21,10,0.0,0,2193681000,4,2025,
2025-04-21,11,0.001,0,2193681000,4,2025,
2025-04-21,12,0.0,0,2193681000,4,2025,
2025-04-21,13,0.001,0,2193681000,4,2025,
2025-04-21,14,0.0,0,2193681000,4,2025,
2025-04-21,15,0.001,0,2193681000,4,2025,
2025-04-21,16,0.0,0,2193681000,4,2025,
2025-04-21,17,0.001,0,2193681000,4,2025,
2025-04-21,18,0.0,0,2193681000,4,2025,
2025-04-21,19,1.23,0,2193681000,4,2025,
2025-04-21,20,6.828,0,2193681000,4,2025,
2025-04-21,21,6.907,0,2193681000,4,2025,
2025-04-21,22,6.966,0,2193681000,4,2025,
2025-04-21,23,6.957,0,2193681000,4,2025,
2025-04-22,0,7.021,0,2193681000,4,2025,
2025-04-22,1,7.104,0,2193681000,4,2025,
2025-04-22,2,7.088,0,2193681000,4,2025,
2025-04-22,3,7.115,0,2193681000,4,2025,
2025-04-22,4,7.144,0,2193681000,4,2025,
2025-04-22,5,7.15,0,2193681000,4,2025,
2025-04-22,6,1.611,0,2193681000,4,2025,
2025-04-22,7,0.0,0,2193681000,4,2025,
2025-04-22,8,0.001,0,2193681000,4,2025,
2025-04-22,9,0.0,0,2193681000,4,2025,
2025-04-22,10,0.001,0,2193681000,4,2025,
2025-04-22,11,0.0,0,2193681000,4,2025,
2025-04-22,12,0.001,0,2193681000,4,2025,
2025-04-22,13,0.0,0,2193681000,4,2025,
2025-04-22,14,0.0,0,2193681000,4,2025,
2025-04-22,15,0.001,0,2193681000,4,2025,
2025-04-22,16,0.0,0,2193681000,4,2025,
2025-04-22,17,0.001,0,2193681000,4,2025,
2025-04-22,18,0.0,0,2193681000,4,2025,
2025-04-22,19,1.116,0,2193681000,4,2025,
2025-04-22,20,6.73,0,2193681000,4,2025,
2025-04-22,21,6.769,0,2193681000,4,2025,
2025-04-22,22,6.839,0,2193681000,4,2025,
2025-04-22,23,6.897,0,2193681000,4,2025,
2025-04-23,0,7.008,0,2193681000,4,2025,
2025-04-23,1,7.044,0,2193681000,4,2025,
2025-04-23,2,7.05,0,2193681000,4,2025,
2025-04-23,3,6.998,0,2193681000,4,2025,
2025-04-23,4,6.736,0,2193681000,4,2025,
2025-04-23,5,6.722,0,2193681000,4,2025,
2025-04-23,6,1.312,0,2193681000,4,2025,
2025-04-23,7,0.0,0,2193681000,4,2025,
2025-04-23,8,0.001,0,2193681000,4,2025,
2025-04-23,9,0.0,0,2193681000,4,2025,
2025-04-23,10,0.001,0,2193681000,4,2025,
2025-04-23,11,0.0,0,2193681000,4,2025,
2025-04-23,12,0.001,0,2193681000,4,2025,
2025-04-23,13,0.0,0,2193681000,4,2025,
2025-04-23,14,0.001,0,2193681000,4,2025,
2025-04-23,15,0.0,0,2193681000,4,2025,
2025-04-23,16,0.001,0,2193681000,4,2025,
2025-04-23,17,0.0,0,2193681000,4,2025,
2025-04-23,18,0.001,0,2193681000,4,2025,
2025-04-23,19,1.009,0,2193681000,4,2025,
2025-04-23,20,6.941,0,2193681000,4,2025,
2025-04-23,21,6.982,0,2193681000,4,2025,
2025-04-23,22,7.024,0,2193681000,4,2025,
2025-04-23,23,7.11,0,2193681000,4,2025,
2025-04-24,0,7.175,0,2193681000,4,2025,
2025-04-24,1,7.204,0,2193681000,4,2025,
2025-04-24,2,7.242,0,2193681000,4,2025,
2025-04-24,3,7.091,0,2193681000,4,2025,
2025-04-24,4,7.213,0,2193681000,4,2025,
2025-04-24,5,7.211,0,2193681000,4,2025,
2025-04-24,6,1.261,0,2193681000,4,2025,
2025-04-24,7,0.001,0,2193681000,4,2025,
2025-04-24,8,0.0,0,2193681000,4,2025,
2025-04-24,9,0.0,0,2193681000,4,2025,
2025-04-24,10,0.001,0,2193681000,4,2025,
2025-04-24,11,0.0,0,2193681000,4,2025,
2025-04-24,12,0.001,0,2193681000,4,2025,
2025-04-24,13,0.0,0,2193681000,4,2025,
2025-04-24,14,0.001,0,2193681000,4,2025,
2025-04-24,15,0.0,0,2193681000,4,2025,
2025-04-24,16,0.001,0,2193681000,4,2025,
2025-04-24,17,0.0,0,2193681000,4,2025,
2025-04-24,18,0.001,0,2193681000,4,2025,
2025-04-24,19,0.882,0,2193681000,4,2025,
2025-04-24,20,6.743,0,2193681000,4,2025,
2025-04-24,21,6.799,0,2193681000,4,2025,
2025-04-24,22,6.909,0,2193681000,4,2025,
2025-04-24,23,6.987,0,2193681000,4,2025,
2025-04-25,0,6.991,0,2193681000,4,2025,
2025-04-25,1,7.095,0,2193681000,4,2025,
2025-04-25,2,7.137,0,2193681000,4,2025,
2025-04-25,3,7.137,0,2193681000,4,2025,
2025-04-25,4,7.152,0,2193681000,4,2025,
2025-04-25,5,7.115,0,2193681000,4,2025,
2025-04-25,6,1.005,0,2193681000,4,2025,
2025-04-25,7,0.001,0,2193681000,4,2025,
2025-04-25,8,0.0,0,2193681000,4,2025,
2025-04-25,9,0.001,0,2193681000,4,2025,
2025-04-25,10,0.0,0,2193681000,4,2025,
2025-04-25,11,0.001,0,2193681000,4,2025,
2025-04-25,12,0.0,0,2193681000,4,2025,
2025-04-25,13,0.001,0,2193681000,4,2025,
2025-04-25,14,0.0,0,2193681000,4,2025,
2025-04-25,15,0.001,0,2193681000,4,2025,
2025-04-25,16,0.0,0,2193681000,4,2025,
2025-04-25,17,0.001,0,2193681000,4,2025,
2025-04-25,18,0.0,0,2193681000,4,2025,
2025-04-25,19,0.769,0,2193681000,4,2025,
2025-04-25,20,6.719,0,2193681000,4,2025,
2025-04-25,21,6.81,0,2193681000,4,2025,
2025-04-25,22,6.91,0,2193681000,4,2025,
2025-04-25,23,6.962,0,2193681000,4,2025,
2025-04-26,0,6.982,0,2193681000,4,2025,
2025-04-26,1,7.016,0,2193681000,4,2025,
2025-04-26,2,7.1,0,2193681000,4,2025,
2025-04-26,3,7.141,0,2193681000,4,2025,
2025-04-26,4,7.233,0,2193681000,4,2025,
2025-04-26,5,7.308,0,2193681000,4,2025,
2025-04-26,6,0.915,0,2193681000,4,2025,
2025-04-26,7,0.0,0,2193681000,4,2025,
2025-04-26,8,0.001,0,2193681000,4,2025,
2025-04-26,9,0.0,0,2193681000,4,2025,
2025-04-26,10,0.001,0,2193681000,4,2025,
2025-04-26,11,0.0,0,2193681000,4,2025,
2025-04-26,12,0.001,0,2193681000,4,2025,
2025-04-26,13,0.0,0,2193681000,4,2025,
2025-04-26,14,0.001,0,2193681000,4,2025,
2025-04-26,15,0.0,0,2193681000,4,2025,
2025-04-26,16,0.001,0,2193681000,4,2025,
2025-04-26,17,0.0,0,2193681000,4,2025,
2025-04-26,18,0.001,0,2193681000,4,2025,
2025-04-26,19,0.662,0,2193681000,4,2025,
2025-04-26,20,6.788,0,2193681000,4,2025,
2025-04-26,21,6.867,0,2193681000,4,2025,
2025-04-26,22,6.912,0,2193681000,4,2025,
2025-04-26,23,6.971,0,2193681000,4,2025,
2025-04-27,0,6.986,0,2193681000,4,2025,
2025-04-27,1,7.025,0,2193681000,4,2025,
2025-04-27,2,6.968,0,2193681000,4,2025,
2025-04-27,3,6.997,0,2193681000,4,2025,
2025-04-27,4,7.051,0,2193681000,4,2025,
2025-04-27,5,7.082,0,2193681000,4,2025,
2025-04-27,6,0.765,0,2193681000,4,2025,
2025-04-27,7,0.0,0,2193681000,4,2025,
2025-04-27,8,0.0,0,2193681000,4,2025,
2025-04-27,9,0.001,0,2193681000,4,2025,
2025-04-27,10,0.0,0,2193681000,4,2025,
2025-04-27,11,0.001,0,2193681000,4,2025,
2025-04-27,12,0.0,0,2193681000,4,2025,
2025-04-27,13,0.001,0,2193681000,4,2025,
2025-04-27,14,0.0,0,2193681000,4,2025,
2025-04-27,15,0.001,0,2193681000,4,2025,
2025-04-27,16,0.0,0,2193681000,4,2025,
2025-04-27,17,0.001,0,2193681000,4,2025,
2025-04-27,18,0.0,0,2193681000,4,2025,
2025-04-27,19,0.549,0,2193681000,4,2025,
2025-04-27,20,6.696,0,2193681000,4,2025,
2025-04-27,21,6.775,0,2193681000,4,2025,
2025-04-27,22,6.829,0,2193681000,4,2025,
2025-04-27,23,6.917,0,2193681000,4,2025,
2025-04-28,0,6.986,0,2193681000,4,2025,
2025-04-28,1,7.102,0,2193681000,4,2025,
2025-04-28,2,7.121,0,2193681000,4,2025,
2025-04-28,3,7.15,0,2193681000,4,2025,
2025-04-28,4,7.121,0,2193681000,4,2025,
2025-04-28,5,7.103,0,2193681000,4,2025,
2025-04-28,6,0.521,0,2193681000,4,2025,
2025-04-28,7,0.0,0,2193681000,4,2025,
2025-04-28,8,0.001,0,2193681000,4,2025,
2025-04-28,9,0.0,0,2193681000,4,2025,
2025-04-28,10,0.001,0,2193681000,4,2025,
2025-04-28,11,0.0,0,2193681000,4,2025,
2025-04-28,12,0.001,0,2193681000,4,2025,
2025-04-28,13,0.0,0,2193681000,4,2025,
2025-04-28,14,0.001,0,2193681000,4,2025,
2025-04-28,15,0.0,0,2193681000,4,2025,
2025-04-28,16,0.001,0,2193681000,4,2025,
2025-04-28,17,0.0,0,2193681000,4,2025,
2025-04-28,18,0.001,0,2193681000,4,2025,
2025-04-28,19,0.44,0,2193681000,4,2025,
2025-04-28,20,6.65,0,2193681000,4,2025,
2025-04-28,21,6.753,0,2193681000,4,2025,
2025-04-28,22,6.89,0,2193681000,4,2025,
2025-04-28,23,6.977,0,2193681000,4,2025,
2025-04-29,0,6.986,0,2193681000,4,2025,
2025-04-29,1,7.005,0,2193681000,4,2025,
2025-04-29,2,7.073,0,2193681000,4,2025,
2025-04-29,3,7.127,0,2193681000,4,2025,
2025-04-29,4,7.137,0,2193681000,4,2025,
2025-04-29,5,7.136,0,2193681000,4,2025,
2025-04-29,6,0.403,0,2193681000,4,2025,
2025-04-29,7,0.001,0,2193681000,4,2025,
2025-04-29,8,0.0,0,2193681000,4,2025,
2025-04-29,9,0.001,0,2193681000,4,2025,
2025-04-29,10,0.0,0,2193681000,4,2025,
2025-04-29,11,0.001,0,2193681000,4,2025,
2025-04-29,12,0.0,0,2193681000,4,2025,
2025-04-29,13,0.001,0,2193681000,4,2025,
2025-04-29,14,0.0,0,2193681000,4,2025,
2025-04-29,15,0.001,0,2193681000,4,2025,
2025-04-29,16,0.0,0,2193681000,4,2025,
2025-04-29,17,0.001,0,2193681000,4,2025,
2025-04-29,18,0.0,0,2193681000,4,2025,
2025-04-29,19,0.331,0,2193681000,4,2025,
2025-04-29,20,6.663,0,2193681000,4,2025,
2025-04-29,21,6.744,0,2193681000,4,2025,
2025-04-29,22,6.907,0,2193681000,4,2025,
2025-04-29,23,6.887,0,2193681000,4,2025,
2025-04-30,0,7.004,0,2193681000,4,2025,
2025-04-30,1,7.1,0,2193681000,4,2025,
2025-04-30,2,7.067,0,2193681000,4,2025,
2025-04-30,3,7.115,0,2193681000,4,2025,
2025-04-30,4,7.157,0,2193681000,4,2025,
2025-04-30,5,7.135,0,2193681000,4,2025,
2025-04-30,6,0.281,0,2193681000,4,2025,
2025-04-30,7,0.001,0,2193681000,4,2025,
2025-04-30,8,0.0,0,2193681000,4,2025,
2025-04-30,9,0.001,0,2193681000,4,2025,
2025-04-30,10,0.0,0,2193681000,4,2025,
2025-04-30,11,0.001,0,2193681000,4,2025,
2025-04-30,12,0.0,0,2193681000,4,2025,
2025-04-30,13,0.001,0,2193681000,4,2025,
2025-04-30,14,0.0,0,2193681000,4,2025,
2025-04-30,15,0.001,0,2193681000,4,2025,
2025-04-30,16,0.0,0,2193681000,4,2025,
2025-04-30,17,0.0,0,2193681000,4,2025,
2025-04-30,18,0.001,0,2193681000,4,2025,
2025-04-30,19,0.225,0,2193681000,4,2025,
2025-04-30,20,6.551,0,2193681000,4,2025,
2025-04-30,21,6.683,0,2193681000,4,2025,
2025-04-30,22,6.829,0,2193681000,4,2025,
2025-04-30,23,6.88,0,2193681000,4,2025,
2025-05-01,0,6.892,0,2193681000,5,2025,
2025-05-01,1,6.955,0,2193681000,5,2025,
2025-05-01,2,7.073,0,2193681000,5,2025,
2025-05-01,3,7.088,0,2193681000,5,2025,
2025-05-01,4,7.113,0,2193681000,5,2025,
2025-05-01,5,7.059,0,2193681000,5,2025,
2025-05-01,6,0.045,0,2193681000,5,2025,
2025-05-01,7,0.001,0,2193681000,5,2025,
2025-05-01,8,0.0,0,2193681000,5,2025,
2025-05-01,9,0.001,0,2193681000,5,2025,
2025-05-01,10,0.0,0,2193681000,5,2025,
2025-05-01,11,0.001,0,2193681000,5,2025,
2025-05-01,12,0.0,0,2193681000,5,2025,
2025-05-01,13,0.001,0,2193681000,5,2025,
2025-05-01,14,0.0,0,2193681000,5,2025,
2025-05-01,15,0.001,0,2193681000,5,2025,
2025-05-01,16,0.0,0,2193681000,5,2025,
2025-05-01,17,0.001,0,2193681000,5,2025,
2025-05-01,18,0.0,0,2193681000,5,2025,
2025-05-01,19,0.138,0,2193681000,5,2025,
2025-05-01,20,6.658,0,2193681000,5,2025,
2025-05-01,21,6.781,0,2193681000,5,2025,
2025-05-01,22,6.837,0,2193681000,5,2025,
2025-05-01,23,6.865,0,2193681000,5,2025,
2025-05-02,0,6.948,0,2193681000,5,2025,
2025-05-02,1,7.058,0,2193681000,5,2025,
2025-05-02,2,7.029,0,2193681000,5,2025,
2025-05-02,3,7.062,0,2193681000,5,2025,
2025-05-02,4,7.096,0,2193681000,5,2025,
2025-05-02,5,6.546,0,2193681000,5,2025,
2025-05-02,6,0.0,0,2193681000,5,2025,
2025-05-02,7,0.001,0,2193681000,5,2025,
2025-05-02,8,0.0,0,2193681000,5,2025,
2025-05-02,9,0.001,0,2193681000,5,2025,
2025-05-02,10,0.0,0,2193681000,5,2025,
2025-05-02,11,0.001,0,2193681000,5,2025,
2025-05-02,12,0.0,0,2193681000,5,2025,
2025-05-02,13,0.001,0,2193681000,5,2025,
2025-05-02,14,0.0,0,2193681000,5,2025,
2025-05-02,15,0.0,0,2193681000,5,2025,
2025-05-02,16,0.001,0,2193681000,5,2025,
2025-05-02,17,0.0,0,2193681000,5,2025,
2025-05-02,18,0.001,0,2193681000,5,2025,
2025-05-02,19,0.055,0,2193681000,5,2025,
2025-05-02,20,6.53,0,2193681000,5,2025,
2025-05-02,21,6.674,0,2193681000,5,2025,
2025-05-02,22,6.787,0,2193681000,5,2025,
2025-05-02,23,6.864,0,2193681000,5,2025,
2025-05-03,0,6.927,0,2193681000,5,2025,
2025-05-03,1,7.009,0,2193681000,5,2025,
2025-05-03,2,7.066,0,2193681000,5,2025,
2025-05-03,3,7.034,0,2193681000,5,2025,
2025-05-03,4,7.031,0,2193681000,5,2025,
2025-05-03,5,6.832,0,2193681000,5,2025,
2025-05-03,6,0.001,0,2193681000,5,2025,
2025-05-03,7,0.0,0,2193681000,5,2025,
2025-05-03,8,0.001,0,2193681000,5,2025,
2025-05-03,9,0.0,0,2193681000,5,2025,
2025-05-03,10,0.001,0,2193681000,5,2025,
2025-05-03,11,0.0,0,2193681000,5,2025,
2025-05-03,12,0.001,0,2193681000,5,2025,
2025-05-03,13,0.0,0,2193681000,5,2025,
2025-05-03,14,0.001,0,2193681000,5,2025,
2025-05-03,15,0.0,0,2193681000,5,2025,
2025-05-03,16,0.0,0,2193681000,5,2025,
2025-05-03,17,0.001,0,2193681000,5,2025,
2025-05-03,18,0.0,0,2193681000,5,2025,
2025-05-03,19,0.001,0,2193681000,5,2025,
2025-05-03,20,6.633,0,2193681000,5,2025,
2025-05-03,21,6.795,0,2193681000,5,2025,
2025-05-03,22,6.934,0,2193681000,5,2025,
2025-05-03,23,6.983,0,2193681000,5,2025,
2025-05-04,0,6.958,0,2193681000,5,2025,
2025-05-04,1,7.003,0,2193681000,5,2025,
2025-05-04,2,7.083,0,2193681000,5,2025,
2025-05-04,3,7.064,0,2193681000,5,2025,
2025-05-04,4,7.098,0,2193681000,5,2025,
2025-05-04,5,6.792,0,2193681000,5,2025,
2025-05-04,6,0.001,0,2193681000,5,2025,
2025-05-04,7,0.0,0,2193681000,5,2025,
2025-05-04,8,0.001,0,2193681000,5,2025,
2025-05-04,9,0.0,0,2193681000,5,2025,
2025-05-04,10,0.001,0,2193681000,5,2025,
2025-05-04,11,0.0,0,2193681000,5,2025,
2025-05-04,12,0.001,0,2193681000,5,2025,
2025-05-04,13,0.0,0,2193681000,5,2025,
2025-05-04,14,0.001,0,2193681000,5,2025,
2025-05-04,15,0.0,0,2193681000,5,2025,
2025-05-04,16,0.001,0,2193681000,5,2025,
2025-05-04,17,0.0,0,2193681000,5,2025,
2025-05-04,18,0.001,0,2193681000,5,2025,
2025-05-04,19,0.0,0,2193681000,5,2025,
2025-05-04,20,6.514,0,2193681000,5,2025,
2025-05-04,21,6.735,0,2193681000,5,2025,
2025-05-04,22,6.82,0,2193681000,5,2025,
2025-05-04,23,6.921,0,2193681000,5,2025,
2025-05-05,0,7.006,0,2193681000,5,2025,
2025-05-05,1,7.045,0,2193681000,5,2025,
2025-05-05,2,7.114,0,2193681000,5,2025,
2025-05-05,3,7.15,0,2193681000,5,2025,
2025-05-05,4,7.142,0,2193681000,5,2025,
2025-05-05,5,6.663,0,2193681000,5,2025,
2025-05-05,6,0.001,0,2193681000,5,2025,
2025-05-05,7,0.0,0,2193681000,5,2025,
2025-05-05,8,0.001,0,2193681000,5,2025,
2025-05-05,9,0.0,0,2193681000,5,2025,
2025-05-05,10,0.001,0,2193681000,5,2025,
2025-05-05,11,0.0,0,2193681000,5,2025,
2025-05-05,12,0.001,0,2193681000,5,2025,
2025-05-05,13,0.0,0,2193681000,5,2025,
2025-05-05,14,0.001,0,2193681000,5,2025,
2025-05-05,15,0.0,0,2193681000,5,2025,
2025-05-05,16,0.0,0,2193681000,5,2025,
2025-05-05,17,0.001,0,2193681000,5,2025,
2025-05-05,18,0.0,0,2193681000,5,2025,
2025-05-05,19,0.001,0,2193681000,5,2025,
2025-05-05,20,6.392,0,2193681000,5,2025,
2025-05-05,21,6.774,0,2193681000,5,2025,
2025-05-05,22,6.846,0,2193681000,5,2025,
2025-05-05,23,6.879,0,2193681000,5,2025,
2025-05-06,0,6.91,0,2193681000,5,2025,
2025-05-06,1,6.965,0,2193681000,5,2025,
2025-05-06,2,7.039,0,2193681000,5,2025,
2025-05-06,3,7.089,0,2193681000,5,2025,
2025-05-06,4,7.125,0,2193681000,5,2025,
2025-05-06,5,6.428,0,2193681000,5,2025,
2025-05-06,6,0.001,0,2193681000,5,2025,
2025-05-06,7,0.0,0,2193681000,5,2025,
2025-05-06,8,0.001,0,2193681000,5,2025,
2025-05-06,9,0.0,0,2193681000,5,2025,
2025-05-06,10,0.001,0,2193681000,5,2025,
2025-05-06,11,0.0,0,2193681000,5,2025,
2025-05-06,12,0.0,0,2193681000,5,2025,
2025-05-06,13,0.001,0,2193681000,5,2025,
2025-05-06,14,0.0,0,2193681000,5,2025,
2025-05-06,15,0.001,0,2193681000,5,2025,
2025-05-06,16,0.0,0,2193681000,5,2025,
2025-05-06,17,0.001,0,2193681000,5,2025,
2025-05-06,18,0.0,0,2193681000,5,2025,
2025-05-06,19,0.001,0,2193681000,5,2025,
2025-05-06,20,6.298,0,2193681000,5,2025,
2025-05-06,21,6.762,0,2193681000,5,2025,
2025-05-06,22,6.908,0,2193681000,5,2025,
2025-05-06,23,6.97,0,2193681000,5,2025,
2025-05-07,0,7.031,0,2193681000,5,2025,
2025-05-07,1,7.042,0,2193681000,5,2025,
2025-05-07,2,7.072,0,2193681000,5,2025,
2025-05-07,3,7.111,0,2193681000,5,2025,
2025-05-07,4,7.113,0,2193681000,5,2025,
2025-05-07,5,6.286,0,2193681000,5,2025,
2025-05-07,6,0.0,0,2193681000,5,2025,
2025-05-07,7,0.001,0,2193681000,5,2025,
2025-05-07,8,0.0,0,2193681000,5,2025,
2025-05-07,9,0.001,0,2193681000,5,2025,
2025-05-07,10,0.0,0,2193681000,5,2025,
2025-05-07,11,0.001,0,2193681000,5,2025,
2025-05-07,12,0.0,0,2193681000,5,2025,
2025-05-07,13,0.001,0,2193681000,5,2025,
2025-05-07,14,0.0,0,2193681000,5,2025,
2025-05-07,15,0.001,0,2193681000,5,2025,
2025-05-07,16,0.0,0,2193681000,5,2025,
2025-05-07,17,0.001,0,2193681000,5,2025,
2025-05-07,18,0.0,0,2193681000,5,2025,
2025-05-07,19,0.001,0,2193681000,5,2025,
2025-05-07,20,5.904,0,2193681000,5,2025,
2025-05-07,21,6.608,0,2193681000,5,2025,
2025-05-07,22,6.721,0,2193681000,5,2025,
2025-05-07,23,6.81,0,2193681000,5,2025,
2025-05-08,0,6.787,0,2193681000,5,2025,
2025-05-08,1,6.863,0,2193681000,5,2025,
2025-05-08,2,6.94,0,2193681000,5,2025,
2025-05-08,3,6.945,0,2193681000,5,2025,
2025-05-08,4,6.98,0,2193681000,5,2025,
2025-05-08,5,6.061,0,2193681000,5,2025,
2025-05-08,6,0.0,0,2193681000,5,2025,
2025-05-08,7,0.001,0,2193681000,5,2025,
2025-05-08,8,0.0,0,2193681000,5,2025,
2025-05-08,9,0.001,0,2193681000,5,2025,
2025-05-08,10,0.0,0,2193681000,5,2025,
2025-05-08,11,0.001,0,2193681000,5,2025,
2025-05-08,12,0.0,0,2193681000,5,2025,
2025-05-08,13,0.0,0,2193681000,5,2025,
2025-05-08,14,0.001,0,2193681000,5,2025,
2025-05-08,15,0.0,0,2193681000,5,2025,
2025-05-08,16,0.001,0,2193681000,5,2025,
2025-05-08,17,0.0,0,2193681000,5,2025,
2025-05-08,18,0.001,0,2193681000,5,2025,
2025-05-08,19,0.0,0,2193681000,5,2025,
2025-05-08,20,5.855,0,2193681000,5,2025,
2025-05-08,21,6.643,0,2193681000,5,2025,
2025-05-08,22,6.738,0,2193681000,5,2025,
2025-05-08,23,6.729,0,2193681000,5,2025,
2025-05-09,0,6.807,0,2193681000,5,2025,
2025-05-09,1,6.915,0,2193681000,5,2025,
2025-05-09,2,6.921,0,2193681000,5,2025,
2025-05-09,3,6.943,0,2193681000,5,2025,
2025-05-09,4,6.938,0,2193681000,5,2025,
2025-05-09,5,5.904,0,2193681000,5,2025,
2025-05-09,6,0.0,0,2193681000,5,2025,
2025-05-09,7,0.001,0,2193681000,5,2025,
2025-05-09,8,0.0,0,2193681000,5,2025,
2025-05-09,9,0.001,0,2193681000,5,2025,
2025-05-09,10,0.0,0,2193681000,5,2025,
2025-05-09,11,0.001,0,2193681000,5,2025,
2025-05-09,12,0.0,0,2193681000,5,2025,
2025-05-09,13,0.001,0,2193681000,5,2025,
2025-05-09,14,0.0,0,2193681000,5,2025,
2025-05-09,15,0.001,0,2193681000,5,2025,
2025-05-09,16,0.0,0,2193681000,5,2025,
2025-05-09,17,0.001,0,2193681000,5,2025,
2025-05-09,18,0.0,0,2193681000,5,2025,
2025-05-09,19,0.001,0,2193681000,5,2025,
2025-05-09,20,5.754,0,2193681000,5,2025,
2025-05-09,21,6.657,0,2193681000,5,2025,
2025-05-09,22,6.731,0,2193681000,5,2025,
2025-05-09,23,6.803,0,2193681000,5,2025,
2025-05-10,0,6.718,0,2193681000,5,2025,
2025-05-10,1,6.785,0,2193681000,5,2025,
2025-05-10,2,6.867,0,2193681000,5,2025,
2025-05-10,3,6.81,0,2193681000,5,2025,
2025-05-10,4,6.945,0,2193681000,5,2025,
2025-05-10,5,5.806,0,2193681000,5,2025,
2025-05-10,6,0.0,0,2193681000,5,2025,
2025-05-10,7,0.001,0,2193681000,5,2025,
2025-05-10,8,0.0,0,2193681000,5,2025,
2025-05-10,9,0.001,0,2193681000,5,2025,
2025-05-10,10,0.0,0,2193681000,5,2025,
2025-05-10,11,0.001,0,2193681000,5,2025,
2025-05-10,12,0.0,0,2193681000,5,2025,
2025-05-10,13,0.001,0,2193681000,5,2025,
2025-05-10,14,0.0,0,2193681000,5,2025,
2025-05-10,15,0.001,0,2193681000,5,2025,
2025-05-10,16,0.0,0,2193681000,5,2025,
2025-05-10,17,0.001,0,2193681000,5,2025,
2025-05-10,18,0.0,0,2193681000,5,2025,
2025-05-10,19,0.001,0,2193681000,5,2025,
2025-05-10,20,5.568,0,2193681000,5,2025,
2025-05-10,21,6.583,0,2193681000,5,2025,
2025-05-10,22,6.68,0,2193681000,5,2025,
2025-05-10,23,6.78,0,2193681000,5,2025,
2025-05-11,0,6.744,0,2193681000,5,2025,
2025-05-11,1,6.817,0,2193681000,5,2025,
2025-05-11,2,6.943,0,2193681000,5,2025,
2025-05-11,3,6.941,0,2193681000,5,2025,
2025-05-11,4,6.922,0,2193681000,5,2025,
2025-05-11,5,5.67,0,2193681000,5,2025,
2025-05-11,6,0.0,0,2193681000,5,2025,
2025-05-11,7,0.001,0,2193681000,5,2025,
2025-05-11,8,0.0,0,2193681000,5,2025,
2025-05-11,9,0.001,0,2193681000,5,2025,
2025-05-11,10,0.0,0,2193681000,5,2025,
2025-05-11,11,0.001,0,2193681000,5,2025,
2025-05-11,12,0.0,0,2193681000,5,2025,
2025-05-11,13,0.001,0,2193681000,5,2025,
2025-05-11,14,0.0,0,2193681000,5,2025,
2025-05-11,15,0.001,0,2193681000,5,2025,
2025-05-11,16,0.0,0,2193681000,5,2025,
2025-05-11,17,0.001,0,2193681000,5,2025,
2025-05-11,18,0.0,0,2193681000,5,2025,
2025-05-11,19,0.001,0,2193681000,5,2025,
2025-05-11,20,5.527,0,2193681000,5,2025,
2025-05-11,21,6.658,0,2193681000,5,2025,
2025-05-11,22,6.737,0,2193681000,5,2025,
2025-05-11,23,6.798,0,2193681000,5,2025,
2025-05-12,0,6.886,0,2193681000,5,2025,
2025-05-12,1,6.949,0,2193681000,5,2025,
2025-05-12,2,7.02,0,2193681000,5,2025,
2025-05-12,3,7.058,0,2193681000,5,2025,
2025-05-12,4,5.584,0,2193681000,5,2025,
2025-05-12,5,0.0,0,2193681000,5,2025,
2025-05-12,6,0.0,0,2193681000,5,2025,
2025-05-12,7,0.0,0,2193681000,5,2025,
2025-05-12,8,0.001,0,2193681000,5,2025,
2025-05-12,9,0.0,0,2193681000,5,2025,
2025-05-12,10,0.001,0,2193681000,5,2025,
2025-05-12,11,0.0,0,2193681000,5,2025,
2025-05-12,12,0.001,0,2193681000,5,2025,
2025-05-12,13,0.0,0,2193681000,5,2025,
2025-05-12,14,0.001,0,2193681000,5,2025,
2025-05-12,15,0.0,0,2193681000,5,2025,
2025-05-12,16,0.001,0,2193681000,5,2025,
2025-05-12,17,0.0,0,2193681000,5,2025,
2025-05-12,18,0.0,0,2193681000,5,2025,
2025-05-12,19,0.001,0,2193681000,5,2025,
2025-05-12,20,5.423,0,2193681000,5,2025,
2025-05-12,21,6.715,0,2193681000,5,2025,
2025-05-12,22,6.808,0,2193681000,5,2025,
2025-05-12,23,6.825,0,2193681000,5,2025,
2025-05-13,0,6.893,0,2193681000,5,2025,
2025-05-13,1,6.98,0,2193681000,5,2025,
2025-05-13,2,7.016,0,2193681000,5,2025,
2025-05-13,3,7.038,0,2193681000,5,2025,
2025-05-13,4,7.06,0,2193681000,5,2025,
2025-05-13,5,5.536,0,2193681000,5,2025,
2025-05-13,6,0.0,0,2193681000,5,2025,
2025-05-13,7,0.001,0,2193681000,5,2025,
2025-05-13,8,0.0,0,2193681000,5,2025,
2025-05-13,9,0.001,0,2193681000,5,2025,
2025-05-13,10,0.0,0,2193681000,5,2025,
2025-05-13,11,0.001,0,2193681000,5,2025,
2025-05-13,12,0.0,0,2193681000,5,2025,
2025-05-13,13,0.0,0,2193681000,5,2025,
2025-05-13,14,0.001,0,2193681000,5,2025,
2025-05-13,15,0.0,0,2193681000,5,2025,
2025-05-13,16,0.001,0,2193681000,5,2025,
2025-05-13,17,0.001,0,2193681000,5,2025,
2025-05-13,18,0.0,0,2193681000,5,2025,
2025-05-13,19,0.594,0,2193681000,5,2025,
2025-05-13,20,6.554,0,2193681000,5,2025,
2025-05-13,21,6.656,0,2193681000,5,2025,
2025-05-13,22,6.772,0,2193681000,5,2025,
2025-05-13,23,6.858,0,2193681000,5,2025,
2025-05-14,0,6.841,0,2193681000,5,2025,
2025-05-14,1,6.874,0,2193681000,5,2025,
2025-05-14,2,6.936,0,2193681000,5,2025,
2025-05-14,3,6.975,0,2193681000,5,2025,
2025-05-14,4,6.991,0,2193681000,5,2025,
2025-05-14,5,3.355,0,2193681000,5,2025,
2025-05-14,6,0.001,0,2193681000,5,2025,
2025-05-14,7,0.0,0,2193681000,5,2025,
2025-05-14,8,0.001,0,2193681000,5,2025,
2025-05-14,9,0.001,0,2193681000,5,2025,
2025-05-14,10,0.0,0,2193681000,5,2025,
2025-05-14,11,0.001,0,2193681000,5,2025,
2025-05-14,12,0.0,0,2193681000,5,2025,
2025-05-14,13,0.001,0,2193681000,5,2025,
2025-05-14,14,0.0,0,2193681000,5,2025,
2025-05-14,15,0.001,0,2193681000,5,2025,
2025-05-14,16,0.0,0,2193681000,5,2025,
2025-05-14,17,0.001,0,2193681000,5,2025,
2025-05-14,18,0.001,0,2193681000,5,2025,
2025-05-14,19,0.492,0,2193681000,5,2025,
2025-05-14,20,6.61,0,2193681000,5,2025,
2025-05-14,21,6.664,0,2193681000,5,2025,
2025-05-14,22,6.781,0,2193681000,5,2025,
2025-05-14,23,6.782,0,2193681000,5,2025,
2025-05-15,0,6.825,0,2193681000,5,2025,
2025-05-15,1,6.902,0,2193681000,5,2025,
2025-05-15,2,6.907,0,2193681000,5,2025,
2025-05-15,3,6.865,0,2193681000,5,2025,
2025-05-15,4,6.898,0,2193681000,5,2025,
2025-05-15,5,3.192,0,2193681000,5,2025,
2025-05-15,6,0.001,0,2193681000,5,2025,
2025-05-15,7,0.0,0,2193681000,5,2025,
2025-05-15,8,0.001,0,2193681000,5,2025,
2025-05-15,9,0.0,0,2193681000,5,2025,
2025-05-15,10,0.001,0,2193681000,5,2025,
2025-05-15,11,0.0,0,2193681000,5,2025,
2025-05-15,12,0.001,0,2193681000,5,2025,
2025-05-15,13,0.0,0,2193681000,5,2025,
2025-05-15,14,0.001,0,2193681000,5,2025,
2025-05-15,15,0.001,0,2193681000,5,2025,
2025-05-15,16,0.0,0,2193681000,5,2025,
2025-05-15,17,0.001,0,2193681000,5,2025,
2025-05-15,18,0.0,0,2193681000,5,2025,
2025-05-15,19,0.382,0,2193681000,5,2025,
2025-05-15,20,6.578,0,2193681000,5,2025,
2025-05-15,21,6.699,0,2193681000,5,2025,
2025-05-15,22,6.769,0,2193681000,5,2025,
2025-05-15,23,6.836,0,2193681000,5,2025,
2025-05-16,0,6.876,0,2193681000,5,2025,
2025-05-16,1,6.962,0,2193681000,5,2025,
2025-05-16,2,6.899,0,2193681000,5,2025,
2025-05-16,3,6.946,0,2193681000,5,2025,
2025-05-16,4,6.964,0,2193681000,5,2025,
2025-05-16,5,3.101,0,2193681000,5,2025,
2025-05-16,6,0.0,0,2193681000,5,2025,
2025-05-16,7,0.001,0,2193681000,5,2025,
2025-05-16,8,0.0,0,2193681000,5,2025,
2025-05-16,9,0.001,0,2193681000,5,2025,
2025-05-16,10,0.0,0,2193681000,5,2025,
2025-05-16,11,0.001,0,2193681000,5,2025,
2025-05-16,12,0.0,0,2193681000,5,2025,
2025-05-16,13,0.001,0,2193681000,5,2025,
2025-05-16,14,0.001,0,2193681000,5,2025,
2025-05-16,15,0.0,0,2193681000,5,2025,
2025-05-16,16,0.001,0,2193681000,5,2025,
2025-05-16,17,0.0,0,2193681000,5,2025,
2025-05-16,18,0.001,0,2193681000,5,2025,
2025-05-16,19,0.283,0,2193681000,5,2025,
2025-05-16,20,6.618,0,2193681000,5,2025,
2025-05-16,21,6.686,0,2193681000,5,2025,
2025-05-16,22,6.77,0,2193681000,5,2025,
2025-05-16,23,6.756,0,2193681000,5,2025,
2025-05-17,0,6.731,0,2193681000,5,2025,
2025-05-17,1,6.831,0,2193681000,5,2025,
2025-05-17,2,6.913,0,2193681000,5,2025,
2025-05-17,3,6.925,0,2193681000,5,2025,
2025-05-17,4,6.894,0,2193681000,5,2025,
2025-05-17,5,2.954,0,2193681000,5,2025,
2025-05-17,6,0.001,0,2193681000,5,2025,
2025-05-17,7,0.001,0,2193681000,5,2025,
2025-05-17,8,0.0,0,2193681000,5,2025,
2025-05-17,9,0.001,0,2193681000,5,2025,
2025-05-17,10,0.0,0,2193681000,5,2025,
2025-05-17,11,0.001,0,2193681000,5,2025,
2025-05-17,12,0.0,0,2193681000,5,2025,
2025-05-17,13,0.001,0,2193681000,5,2025,
2025-05-17,14,0.0,0,2193681000,5,2025,
2025-05-17,15,0.001,0,2193681000,5,2025,
2025-05-17,16,0.001,0,2193681000,5,2025,
2025-05-17,17,0.0,0,2193681000,5,2025,
2025-05-17,18,0.001,0,2193681000,5,2025,
2025-05-17,19,0.282,0,2193681000,5,2025,
2025-05-17,20,6.609,0,2193681000,5,2025,
2025-05-17,21,6.677,0,2193681000,5,2025,
2025-05-17,22,6.799,0,2193681000,5,2025,
2025-05-17,23,6.881,0,2193681000,5,2025,
2025-05-18,0,6.827,0,2193681000,5,2025,
2025-05-18,1,6.866,0,2193681000,5,2025,
2025-05-18,2,6.875,0,2193681000,5,2025,
2025-05-18,3,6.943,0,2193681000,5,2025,
2025-05-18,4,6.991,0,2193681000,5,2025,
2025-05-18,5,2.896,0,2193681000,5,2025,
2025-05-18,6,0.0,0,2193681000,5,2025,
2025-05-18,7,0.001,0,2193681000,5,2025,
2025-05-18,8,0.0,0,2193681000,5,2025,
2025-05-18,9,0.001,0,2193681000,5,2025,
2025-05-18,10,0.001,0,2193681000,5,2025,
2025-05-18,11,0.0,0,2193681000,5,2025,
2025-05-18,12,0.001,0,2193681000,5,2025,
2025-05-18,13,0.0,0,2193681000,5,2025,
2025-05-18,14,0.001,0,2193681000,5,2025,
2025-05-18,15,0.0,0,2193681000,5,2025,
2025-05-18,16,0.001,0,2193681000,5,2025,
2025-05-18,17,0.0,0,2193681000,5,2025,
2025-05-18,18,0.001,0,2193681000,5,2025,
2025-05-18,19,0.186,0,2193681000,5,2025,
2025-05-18,20,6.662,0,2193681000,5,2025,
2025-05-18,21,6.744,0,2193681000,5,2025,
2025-05-18,22,6.825,0,2193681000,5,2025,
2025-05-18,23,6.899,0,2193681000,5,2025,
2025-05-19,0,6.936,0,2193681000,5,2025,
2025-05-19,1,6.974,0,2193681000,5,2025,
2025-05-19,2,6.979,0,2193681000,5,2025,
2025-05-19,3,7.165,0,2193681000,5,2025,
2025-05-19,4,7.296,0,2193681000,5,2025,
2025-05-19,5,2.904,0,2193681000,5,2025,
2025-05-19,6,0.0,0,2193681000,5,2025,
2025-05-19,7,0.001,0,2193681000,5,2025,
2025-05-19,8,0.0,0,2193681000,5,2025,
2025-05-19,9,0.001,0,2193681000,5,2025,
2025-05-19,10,0.001,0,2193681000,5,2025,
2025-05-19,11,0.0,0,2193681000,5,2025,
2025-05-19,12,0.001,0,2193681000,5,2025,
2025-05-19,13,0.0,0,2193681000,5,2025,
2025-05-19,14,0.001,0,2193681000,5,2025,
2025-05-19,15,0.0,0,2193681000,5,2025,
2025-05-19,16,0.001,0,2193681000,5,2025,
2025-05-19,17,0.0,0,2193681000,5,2025,
2025-05-19,18,0.001,0,2193681000,5,2025,
2025-05-19,19,0.097,0,2193681000,5,2025,
2025-05-19,20,6.74,0,2193681000,5,2025,
2025-05-19,21,6.82,0,2193681000,5,2025,
2025-05-19,22,6.935,0,2193681000,5,2025,
2025-05-19,23,6.95,0,2193681000,5,2025,
2025-05-20,0,6.947,0,2193681000,5,2025,
2025-05-20,1,7.045,0,2193681000,5,2025,
2025-05-20,2,7.08,0,2193681000,5,2025,
2025-05-20,3,7.12,0,2193681000,5,2025,
2025-05-20,4,7.129,0,2193681000,5,2025,
2025-05-20,5,2.703,0,2193681000,5,2025,
2025-05-20,6,0.0,0,2193681000,5,2025,
2025-05-20,7,0.001,0,2193681000,5,2025,
2025-05-20,8,0.0,0,2193681000,5,2025,
2025-05-20,9,0.001,0,2193681000,5,2025,
2025-05-20,10,0.001,0,2193681000,5,2025,
2025-05-20,11,0.0,0,2193681000,5,2025,
2025-05-20,12,0.001,0,2193681000,5,2025,
2025-05-20,13,0.0,0,2193681000,5,2025,
2025-05-20,14,0.001,0,2193681000,5,2025,
2025-05-20,15,0.0,0,2193681000,5,2025,
2025-05-20,16,0.001,0,2193681000,5,2025,
2025-05-20,17,0.0,0,2193681000,5,2025,
2025-05-20,18,0.001,0,2193681000,5,2025,
2025-05-20,19,0.017,0,2193681000,5,2025,
2025-05-20,20,6.802,0,2193681000,5,2025,
2025-05-20,21,6.955,0,2193681000,5,2025,
2025-05-20,22,7.016,0,2193681000,5,2025,
2025-05-20,23,7.04,0,2193681000,5,2025,
2025-05-21,0,7.11,0,2193681000,5,2025,
2025-05-21,1,7.163,0,2193681000,5,2025,
2025-05-21,2,7.109,0,2193681000,5,2025,
2025-05-21,3,7.123,0,2193681000,5,2025,
2025-05-21,4,7.119,0,2193681000,5,2025,
2025-05-21,5,2.58,0,2193681000,5,2025,
2025-05-21,6,0.0,0,2193681000,5,2025,
2025-05-21,7,0.001,0,2193681000,5,2025,
2025-05-21,8,0.0,0,2193681000,5,2025,
2025-05-21,9,0.001,0,2193681000,5,2025,
2025-05-21,10,0.001,0,2193681000,5,2025,
2025-05-21,11,0.0,0,2193681000,5,2025,
2025-05-21,12,0.001,0,2193681000,5,2025,
2025-05-21,13,0.0,0,2193681000,5,2025,
2025-05-21,14,0.001,0,2193681000,5,2025,
2025-05-21,15,0.0,0,2193681000,5,2025,
2025-05-21,16,0.001,0,2193681000,5,2025,
2025-05-21,17,0.0,0,2193681000,5,2025,
2025-05-21,18,0.001,0,2193681000,5,2025,
2025-05-21,19,0.0,0,2193681000,5,2025,
2025-05-21,20,6.69,0,2193681000,5,2025,
2025-05-21,21,6.918,0,2193681000,5,2025,
2025-05-21,22,6.991,0,2193681000,5,2025,
2025-05-21,23,7.04,0,2193681000,5,2025,
2025-05-22,0,7.034,0,2193681000,5,2025,
2025-05-22,1,7.106,0,2193681000,5,2025,
2025-05-22,2,7.122,0,2193681000,5,2025,
2025-05-22,3,7.155,0,2193681000,5,2025,
2025-05-22,4,7.161,0,2193681000,5,2025,
2025-05-22,5,2.589,0,2193681000,5,2025,
2025-05-22,6,0.0,0,2193681000,5,2025,
2025-05-22,7,0.001,0,2193681000,5,2025,
2025-05-22,8,0.0,0,2193681000,5,2025,
2025-05-22,9,0.001,0,2193681000,5,2025,
2025-05-22,10,0.001,0,2193681000,5,2025,
2025-05-22,11,0.0,0,2193681000,5,2025,
2025-05-22,12,0.001,0,2193681000,5,2025,
2025-05-22,13,0.0,0,2193681000,5,2025,
2025-05-22,14,0.001,0,2193681000,5,2025,
2025-05-22,15,0.0,0,2193681000,5,2025,
2025-05-22,16,0.001,0,2193681000,5,2025,
2025-05-22,17,0.0,0,2193681000,5,2025,
2025-05-22,18,0.001,0,2193681000,5,2025,
2025-05-22,19,0.0,0,2193681000,5,2025,
2025-05-22,20,6.61,0,2193681000,5,2025,
2025-05-22,21,6.933,0,2193681000,5,2025,
2025-05-22,22,6.977,0,2193681000,5,2025,
2025-05-22,23,7.055,0,2193681000,5,2025,
2025-05-23,0,7.042,0,2193681000,5,2025,
2025-05-23,1,7.061,0,2193681000,5,2025,
2025-05-23,2,7.103,0,2193681000,5,2025,
2025-05-23,3,7.13,0,2193681000,5,2025,
2025-05-23,4,7.163,0,2193681000,5,2025,
2025-05-23,5,2.475,0,2193681000,5,2025,
2025-05-23,6,0.0,0,2193681000,5,2025,
2025-05-23,7,0.001,0,2193681000,5,2025,
2025-05-23,8,0.0,0,2193681000,5,2025,
2025-05-23,9,0.001,0,2193681000,5,2025,
2025-05-23,10,0.001,0,2193681000,5,2025,
2025-05-23,11,0.0,0,2193681000,5,2025,
2025-05-23,12,0.001,0,2193681000,5,2025,
2025-05-23,13,0.0,0,2193681000,5,2025,
2025-05-23,14,0.001,0,2193681000,5,2025,
2025-05-23,15,0.0,0,2193681000,5,2025,
2025-05-23,16,0.001,0,2193681000,5,2025,
2025-05-23,17,0.0,0,2193681000,5,2025,
2025-05-23,18,0.001,0,2193681000,5,2025,
2025-05-23,19,0.0,0,2193681000,5,2025,
2025-05-23,20,6.43,0,2193681000,5,2025,
2025-05-23,21,6.871,0,2193681000,5,2025,
2025-05-23,22,6.902,0,2193681000,5,2025,
2025-05-23,23,6.984,0,2193681000,5,2025,
2025-05-24,0,6.94,0,2193681000,5,2025,
2025-05-24,1,7.041,0,2193681000,5,2025,
2025-05-24,2,7.066,0,2193681000,5,2025,
2025-05-24,3,7.111,0,2193681000,5,2025,
2025-05-24,4,7.147,0,2193681000,5,2025,
2025-05-24,5,2.351,0,2193681000,5,2025,
2025-05-24,6,0.0,0,2193681000,5,2025,
2025-05-24,7,0.001,0,2193681000,5,2025,
2025-05-24,8,0.0,0,2193681000,5,2025,
2025-05-24,9,0.001,0,2193681000,5,2025,
2025-05-24,10,0.001,0,2193681000,5,2025,
2025-05-24,11,0.0,0,2193681000,5,2025,
2025-05-24,12,0.001,0,2193681000,5,2025,
2025-05-24,13,0.0,0,2193681000,5,2025,
2025-05-24,14,0.001,0,2193681000,5,2025,
2025-05-24,15,0.0,0,2193681000,5,2025,
2025-05-24,16,0.001,0,2193681000,5,2025,
2025-05-24,17,0.0,0,2193681000,5,2025,
2025-05-24,18,0.001,0,2193681000,5,2025,
2025-05-24,19,0.0,0,2193681000,5,2025,
2025-05-24,20,6.346,0,2193681000,5,2025,
2025-05-24,21,6.892,0,2193681000,5,2025,
2025-05-24,22,6.977,0,2193681000,5,2025,
2025-05-24,23,6.993,0,2193681000,5,2025,
2025-05-25,0,6.997,0,2193681000,5,2025,
2025-05-25,1,7.084,0,2193681000,5,2025,
2025-05-25,2,7.053,0,2193681000,5,2025,
2025-05-25,3,7.08,0,2193681000,5,2025,
2025-05-25,4,7.11,0,2193681000,5,2025,
2025-05-25,5,2.216,0,2193681000,5,2025,
2025-05-25,6,0.0,0,2193681000,5,2025,
2025-05-25,7,0.001,0,2193681000,5,2025,
2025-05-25,8,0.0,0,2193681000,5,2025,
2025-05-25,9,0.001,0,2193681000,5,2025,
2025-05-25,10,0.001,0,2193681000,5,2025,
2025-05-25,11,0.0,0,2193681000,5,2025,
2025-05-25,12,0.001,0,2193681000,5,2025,
2025-05-25,13,0.0,0,2193681000,5,2025,
2025-05-25,14,0.001,0,2193681000,5,2025,
2025-05-25,15,0.0,0,2193681000,5,2025,
2025-05-25,16,0.001,0,2193681000,5,2025,
2025-05-25,17,0.0,0,2193681000,5,2025,
2025-05-25,18,0.001,0,2193681000,5,2025,
2025-05-25,19,0.0,0,2193681000,5,2025,
2025-05-25,20,6.171,0,2193681000,5,2025,
2025-05-25,21,6.815,0,2193681000,5,2025,
2025-05-25,22,6.89,0,2193681000,5,2025,
2025-05-25,23,6.987,0,2193681000,5,2025,
2025-05-26,0,7.102,0,2193681000,5,2025,
2025-05-26,1,7.112,0,2193681000,5,2025,
2025-05-26,2,7.1,0,2193681000,5,2025,
2025-05-26,3,7.163,0,2193681000,5,2025,
2025-05-26,4,7.089,0,2193681000,5,2025,
2025-05-26,5,2.198,0,2193681000,5,2025,
2025-05-26,6,0.0,0,2193681000,5,2025,
2025-05-26,7,0.001,0,2193681000,5,2025,
2025-05-26,8,0.0,0,2193681000,5,2025,
2025-05-26,9,0.001,0,2193681000,5,2025,
2025-05-26,10,0.001,0,2193681000,5,2025,
2025-05-26,11,0.0,0,2193681000,5,2025,
2025-05-26,12,0.001,0,2193681000,5,2025,
2025-05-26,13,0.0,0,2193681000,5,2025,
2025-05-26,14,0.001,0,2193681000,5,2025,
2025-05-26,15,0.0,0,2193681000,5,2025,
2025-05-26,16,0.001,0,2193681000,5,2025,
2025-05-26,17,0.0,0,2193681000,5,2025,
2025-05-26,18,0.001,0,2193681000,5,2025,
2025-05-26,19,0.001,0,2193681000,5,2025,
2025-05-26,20,6.104,0,2193681000,5,2025,
2025-05-26,21,6.897,0,2193681000,5,2025,
2025-05-26,22,6.98,0,2193681000,5,2025,
2025-05-26,23,7.048,0,2193681000,5,2025,
2025-05-27,0,7.079,0,2193681000,5,2025,
2025-05-27,1,7.069,0,2193681000,5,2025,
2025-05-27,2,7.075,0,2193681000,5,2025,
2025-05-27,3,7.117,0,2193681000,5,2025,
2025-05-27,4,7.135,0,2193681000,5,2025,
2025-05-27,5,2.099,0,2193681000,5,2025,
2025-05-27,6,0.0,0,2193681000,5,2025,
2025-05-27,7,0.001,0,2193681000,5,2025,
2025-05-27,8,0.0,0,2193681000,5,2025,
2025-05-27,9,0.001,0,2193681000,5,2025,
2025-05-27,10,0.001,0,2193681000,5,2025,
2025-05-27,11,0.0,0,2193681000,5,2025,
2025-05-27,12,0.001,0,2193681000,5,2025,
2025-05-27,13,0.0,0,2193681000,5,2025,
2025-05-27,14,0.001,0,2193681000,5,2025,
2025-05-27,15,0.0,0,2193681000,5,2025,
2025-05-27,16,0.001,0,2193681000,5,2025,
2025-05-27,17,0.0,0,2193681000,5,2025,
2025-05-27,18,0.001,0,2193681000,5,2025,
2025-05-27,19,0.001,0,2193681000,5,2025,
2025-05-27,20,6.108,0,2193681000,5,2025,
2025-05-27,21,6.858,0,2193681000,5,2025,
2025-05-27,22,6.965,0,2193681000,5,2025,
2025-05-27,23,7.027,0,2193681000,5,2025,
2025-05-28,0,7.045,0,2193681000,5,2025,
2025-05-28,1,7.124,0,2193681000,5,2025,
2025-05-28,2,7.171,0,2193681000,5,2025,
2025-05-28,3,7.173,0,2193681000,5,2025,
2025-05-28,4,7.189,0,2193681000,5,2025,
2025-05-28,5,2.105,0,2193681000,5,2025,
2025-05-28,6,0.0,0,2193681000,5,2025,
2025-05-28,7,0.001,0,2193681000,5,2025,
2025-05-28,8,0.0,0,2193681000,5,2025,
2025-05-28,9,0.001,0,2193681000,5,2025,
2025-05-28,10,0.001,0,2193681000,5,2025,
2025-05-28,11,0.0,0,2193681000,5,2025,
2025-05-28,12,0.001,0,2193681000,5,2025,
2025-05-28,13,0.0,0,2193681000,5,2025,
2025-05-28,14,0.001,0,2193681000,5,2025,
2025-05-28,15,0.0,0,2193681000,5,2025,
2025-05-28,16,0.001,0,2193681000,5,2025,
2025-05-28,17,0.0,0,2193681000,5,2025,
2025-05-28,18,0.001,0,2193681000,5,2025,
2025-05-28,19,0.001,0,2193681000,5,2025,
2025-05-28,20,6.035,0,2193681000,5,2025,
2025-05-28,21,6.938,0,2193681000,5,2025,
2025-05-28,22,6.998,0,2193681000,5,2025,
2025-05-28,23,7.043,0,2193681000,5,2025,
2025-05-29,0,7.04,0,2193681000,5,2025,
2025-05-29,1,7.075,0,2193681000,5,2025,
2025-05-29,2,7.13,0,2193681000,5,2025,
2025-05-29,3,7.143,0,2193681000,5,2025,
2025-05-29,4,7.149,0,2193681000,5,2025,
2025-05-29,5,1.973,0,2193681000,5,2025,
2025-05-29,6,0.0,0,2193681000,5,2025,
2025-05-29,7,0.001,0,2193681000,5,2025,
2025-05-29,8,0.0,0,2193681000,5,2025,
2025-05-29,9,0.001,0,2193681000,5,2025,
2025-05-29,10,0.001,0,2193681000,5,2025,
2025-05-29,11,0.0,0,2193681000,5,2025,
2025-05-29,12,0.001,0,2193681000,5,2025,
2025-05-29,13,0.0,0,2193681000,5,2025,
2025-05-29,14,0.001,0,2193681000,5,2025,
2025-05-29,15,0.0,0,2193681000,5,2025,
2025-05-29,16,0.001,0,2193681000,5,2025,
2025-05-29,17,0.0,0,2193681000,5,2025,
2025-05-29,18,0.001,0,2193681000,5,2025,
2025-05-29,19,0.001,0,2193681000,5,2025,
2025-05-29,20,5.882,0,2193681000,5,2025,
2025-05-29,21,6.869,0,2193681000,5,2025,
2025-05-29,22,6.945,0,2193681000,5,2025,
2025-05-29,23,7.017,0,2193681000,5,2025,
2025-05-30,0,7.055,0,2193681000,5,2025,
2025-05-30,1,7.155,0,2193681000,5,2025,
2025-05-30,2,7.062,0,2193681000,5,2025,
2025-05-30,3,7.1,0,2193681000,5,2025,
2025-05-30,4,7.123,0,2193681000,5,2025,
2025-05-30,5,1.846,0,2193681000,5,2025,
2025-05-30,6,0.0,0,2193681000,5,2025,
2025-05-30,7,0.001,0,2193681000,5,2025,
2025-05-30,8,0.0,0,2193681000,5,2025,
2025-05-30,9,0.001,0,2193681000,5,2025,
2025-05-30,10,0.001,0,2193681000,5,2025,
2025-05-30,11,0.0,0,2193681000,5,2025,
2025-05-30,12,0.001,0,2193681000,5,2025,
2025-05-30,13,0.0,0,2193681000,5,2025,
2025-05-30,14,0.001,0,2193681000,5,2025,
2025-05-30,15,0.0,0,2193681000,5,2025,
2025-05-30,16,0.001,0,2193681000,5,2025,
2025-05-30,17,0.0,0,2193681000,5,2025,
2025-05-30,18,0.001,0,2193681000,5,2025,
2025-05-30,19,0.001,0,2193681000,5,2025,
2025-05-30,20,5.753,0,2193681000,5,2025,
2025-05-30,21,6.897,0,2193681000,5,2025,
2025-05-30,22,6.98,0,2193681000,5,2025,
2025-05-30,23,7.027,0,2193681000,5,2025,
2025-05-31,0,7.033,0,2193681000,5,2025,
2025-05-31,1,7.159,0,2193681000,5,2025,
2025-05-31,2,7.195,0,2193681000,5,2025,
2025-05-31,3,7.152,0,2193681000,5,2025,
2025-05-31,4,7.161,0,2193681000,5,2025,
2025-05-31,5,1.849,0,2193681000,5,2025,
2025-05-31,6,0.0,0,2193681000,5,2025,
2025-05-31,7,0.001,0,2193681000,5,2025,
2025-05-31,8,0.0,0,2193681000,5,2025,
2025-05-31,9,0.001,0,2193681000,5,2025,
2025-05-31,10,0.001,0,2193681000,5,2025,
2025-05-31,11,0.0,0,2193681000,5,2025,
2025-05-31,12,0.001,0,2193681000,5,2025,
2025-05-31,13,0.0,0,2193681000,5,2025,
2025-05-31,14,0.001,0,2193681000,5,2025,
2025-05-31,15,0.0,0,2193681000,5,2025,
2025-05-31,16,0.001,0,2193681000,5,2025,
2025-05-31,17,0.0,0,2193681000,5,2025,
2025-05-31,18,0.001,0,2193681000,5,2025,
2025-05-31,19,0.001,0,2193681000,5,2025,
2025-05-31,20,5.644,0,2193681000,5,2025,
2025-05-31,21,6.9,0,2193681000,5,2025,
2025-05-31,22,6.971,0,2193681000,5,2025,
2025-05-31,23,7.033,0,2193681000,5,2025,
2025-06-01,0,7.139,0,2193681000,6,2025,
2025-06-01,1,7.125,0,2193681000,6,2025,
2025-06-01,2,7.236,0,2193681000,6,2025,
2025-06-01,3,7.278,0,2193681000,6,2025,
2025-06-01,4,7.217,0,2193681000,6,2025,
2025-06-01,5,1.862,0,2193681000,6,2025,
2025-06-01,6,0.0,0,2193681000,6,2025,
2025-06-01,7,0.001,0,2193681000,6,2025,
2025-06-01,8,0.0,0,2193681000,6,2025,
2025-06-01,9,0.001,0,2193681000,6,2025,
2025-06-01,10,0.001,0,2193681000,6,2025,
2025-06-01,11,0.0,0,2193681000,6,2025,
2025-06-01,12,0.001,0,2193681000,6,2025,
2025-06-01,13,0.0,0,2193681000,6,2025,
2025-06-01,14,0.001,0,2193681000,6,2025,
2025-06-01,15,0.0,0,2193681000,6,2025,
2025-06-01,16,0.001,0,2193681000,6,2025,
2025-06-01,17,0.0,0,2193681000,6,2025,
2025-06-01,18,0.001,0,2193681000,6,2025,
2025-06-01,19,0.001,0,2193681000,6,2025,
2025-06-01,20,5.677,0,2193681000,6,2025,
2025-06-01,21,6.925,0,2193681000,6,2025,
2025-06-01,22,6.983,0,2193681000,6,2025,
2025-06-01,23,7.043,0,2193681000,6,2025,
2025-06-02,0,7.064,0,2193681000,6,2025,
2025-06-02,1,7.173,0,2193681000,6,2025,
2025-06-02,2,7.211,0,2193681000,6,2025,
2025-06-02,3,7.227,0,2193681000,6,2025,
2025-06-02,4,7.232,0,2193681000,6,2025,
2025-06-02,5,1.739,0,2193681000,6,2025,
2025-06-02,6,0.0,0,2193681000,6,2025,
2025-06-02,7,0.001,0,2193681000,6,2025,
2025-06-02,8,0.0,0,2193681000,6,2025,
2025-06-02,9,0.001,0,2193681000,6,2025,
2025-06-02,10,0.001,0,2193681000,6,2025,
2025-06-02,11,0.0,0,2193681000,6,2025,
2025-06-02,12,0.001,0,2193681000,6,2025,
2025-06-02,13,0.0,0,2193681000,6,2025,
2025-06-02,14,0.001,0,2193681000,6,2025,
2025-06-02,15,0.0,0,2193681000,6,2025,
2025-06-02,16,0.001,0,2193681000,6,2025,
2025-06-02,17,0.0,0,2193681000,6,2025,
2025-06-02,18,0.001,0,2193681000,6,2025,
2025-06-02,19,0.0,0,2193681000,6,2025,
2025-06-02,20,5.553,0,2193681000,6,2025,
2025-06-02,21,6.867,0,2193681000,6,2025,
2025-06-02,22,6.998,0,2193681000,6,2025,
2025-06-02,23,7.087,0,2193681000,6,2025,
2025-06-03,0,6.983,0,2193681000,6,2025,
2025-06-03,1,7.099,0,2193681000,6,2025,
2025-06-03,2,7.174,0,2193681000,6,2025,
2025-06-03,3,7.212,0,2193681000,6,2025,
2025-06-03,4,7.247,0,2193681000,6,2025,
2025-06-03,5,1.751,0,2193681000,6,2025,
2025-06-03,6,0.0,0,2193681000,6,2025,
2025-06-03,7,0.001,0,2193681000,6,2025,
2025-06-03,8,0.0,0,2193681000,6,2025,
2025-06-03,9,0.001,0,2193681000,6,2025,
2025-06-03,10,0.001,0,2193681000,6,2025,
2025-06-03,11,0.0,0,2193681000,6,2025,
2025-06-03,12,0.001,0,2193681000,6,2025,
2025-06-03,13,0.0,0,2193681000,6,2025,
2025-06-03,14,0.001,0,2193681000,6,2025,
2025-06-03,15,0.0,0,2193681000,6,2025,
2025-06-03,16,0.001,0,2193681000,6,2025,
2025-06-03,17,0.0,0,2193681000,6,2025,
2025-06-03,18,0.001,0,2193681000,6,2025,
2025-06-03,19,0.001,0,2193681000,6,2025,
2025-06-03,20,5.493,0,2193681000,6,2025,
2025-06-03,21,6.94,0,2193681000,6,2025,
2025-06-03,22,7.046,0,2193681000,6,2025,
2025-06-03,23,7.073,0,2193681000,6,2025,
2025-06-04,0,7.073,0,2193681000,6,2025,
2025-06-04,1,7.177,0,2193681000,6,2025,
2025-06-04,2,7.194,0,2193681000,6,2025,
2025-06-04,3,7.233,0,2193681000,6,2025,
2025-06-04,4,7.247,0,2193681000,6,2025,
2025-06-04,5,1.627,0,2193681000,6,2025,
2025-06-04,6,0.0,0,2193681000,6,2025,
2025-06-04,7,0.001,0,2193681000,6,2025,
2025-06-04,8,0.0,0,2193681000,6,2025,
2025-06-04,9,0.001,0,2193681000,6,2025,
2025-06-04,10,0.001,0,2193681000,6,2025,
2025-06-04,11,0.0,0,2193681000,6,2025,
2025-06-04,12,0.001,0,2193681000,6,2025,
2025-06-04,13,0.0,0,2193681000,6,2025,
2025-06-04,14,0.001,0,2193681000,6,2025,
2025-06-04,15,0.0,0,2193681000,6,2025,
2025-06-04,16,0.001,0,2193681000,6,2025,
2025-06-04,17,0.0,0,2193681000,6,2025,
2025-06-04,18,0.001,0,2193681000,6,2025,
2025-06-04,19,0.0,0,2193681000,6,2025,
2025-06-04,20,5.367,0,2193681000,6,2025,
2025-06-04,21,6.893,0,2193681000,6,2025,
2025-06-04,22,7.047,0,2193681000,6,2025,
2025-06-04,23,7.011,0,2193681000,6,2025,
2025-06-05,0,7.082,0,2193681000,6,2025,
2025-06-05,1,7.197,0,2193681000,6,2025,
2025-06-05,2,7.202,0,2193681000,6,2025,
2025-06-05,3,7.261,0,2193681000,6,2025,
2025-06-05,4,7.351,0,2193681000,6,2025,
2025-06-05,5,1.65,0,2193681000,6,2025,
2025-06-05,6,0.0,0,2193681000,6,2025,
2025-06-05,7,0.001,0,2193681000,6,2025,
2025-06-05,8,0.0,0,2193681000,6,2025,
2025-06-05,9,0.001,0,2193681000,6,2025,
2025-06-05,10,0.001,0,2193681000,6,2025,
2025-06-05,11,0.0,0,2193681000,6,2025,
2025-06-05,12,0.001,0,2193681000,6,2025,
2025-06-05,13,0.0,0,2193681000,6,2025,
2025-06-05,14,0.001,0,2193681000,6,2025,
2025-06-05,15,0.0,0,2193681000,6,2025,
2025-06-05,16,0.001,0,2193681000,6,2025,
2025-06-05,17,0.0,0,2193681000,6,2025,
2025-06-05,18,0.001,0,2193681000,6,2025,
2025-06-05,19,0.001,0,2193681000,6,2025,
2025-06-05,20,5.372,0,2193681000,6,2025,
2025-06-05,21,6.902,0,2193681000,6,2025,
2025-06-05,22,6.955,0,2193681000,6,2025,
2025-06-05,23,7.023,0,2193681000,6,2025,
2025-06-06,0,7.041,0,2193681000,6,2025,
2025-06-06,1,7.17,0,2193681000,6,2025,
2025-06-06,2,7.224,0,2193681000,6,2025,
2025-06-06,3,7.25,0,2193681000,6,2025,
2025-06-06,4,7.27,0,2193681000,6,2025,
2025-06-06,5,1.627,0,2193681000,6,2025,
2025-06-06,6,0.0,0,2193681000,6,2025,
2025-06-06,7,0.001,0,2193681000,6,2025,
2025-06-06,8,0.001,0,2193681000,6,2025,
2025-06-06,9,0.0,0,2193681000,6,2025,
2025-06-06,10,0.001,0,2193681000,6,2025,
2025-06-06,11,0.0,0,2193681000,6,2025,
2025-06-06,12,0.001,0,2193681000,6,2025,
2025-06-06,13,0.0,0,2193681000,6,2025,
2025-06-06,14,0.001,0,2193681000,6,2025,
2025-06-06,15,0.0,0,2193681000,6,2025,
2025-06-06,16,0.001,0,2193681000,6,2025,
2025-06-06,17,0.0,0,2193681000,6,2025,
2025-06-06,18,0.001,0,2193681000,6,2025,
2025-06-06,19,0.001,0,2193681000,6,2025,
2025-06-06,20,5.338,0,2193681000,6,2025,
2025-06-06,21,7.029,0,2193681000,6,2025,
2025-06-06,22,7.12,0,2193681000,6,2025,
2025-06-06,23,7.144,0,2193681000,6,2025,
2025-06-07,0,7.038,0,2193681000,6,2025,
2025-06-07,1,7.164,0,2193681000,6,2025,
2025-06-07,2,7.251,0,2193681000,6,2025,
2025-06-07,3,7.213,0,2193681000,6,2025,
2025-06-07,4,7.249,0,2193681000,6,2025,
2025-06-07,5,1.493,0,2193681000,6,2025,
2025-06-07,6,0.0,0,2193681000,6,2025,
2025-06-07,7,0.001,0,2193681000,6,2025,
2025-06-07,8,0.0,0,2193681000,6,2025,
2025-06-07,9,0.001,0,2193681000,6,2025,
2025-06-07,10,0.001,0,2193681000,6,2025,
2025-06-07,11,0.0,0,2193681000,6,2025,
2025-06-07,12,0.001,0,2193681000,6,2025,
2025-06-07,13,0.0,0,2193681000,6,2025,
2025-06-07,14,0.001,0,2193681000,6,2025,
2025-06-07,15,0.0,0,2193681000,6,2025,
2025-06-07,16,0.001,0,2193681000,6,2025,
2025-06-07,17,0.0,0,2193681000,6,2025,
2025-06-07,18,0.001,0,2193681000,6,2025,
2025-06-07,19,0.001,0,2193681000,6,2025,
2025-06-07,20,5.362,0,2193681000,6,2025,
2025-06-07,21,7.014,0,2193681000,6,2025,
2025-06-07,22,7.103,0,2193681000,6,2025,
2025-06-07,23,7.13,0,2193681000,6,2025,
2025-06-08,0,7.108,0,2193681000,6,2025,
2025-06-08,1,7.233,0,2193681000,6,2025,
2025-06-08,2,7.167,0,2193681000,6,2025,
2025-06-08,3,7.226,0,2193681000,6,2025,
2025-06-08,4,7.262,0,2193681000,6,2025,
2025-06-08,5,1.498,0,2193681000,6,2025,
2025-06-08,6,0.0,0,2193681000,6,2025,
2025-06-08,7,0.001,0,2193681000,6,2025,
2025-06-08,8,0.001,0,2193681000,6,2025,
2025-06-08,9,0.0,0,2193681000,6,2025,
2025-06-08,10,0.001,0,2193681000,6,2025,
2025-06-08,11,0.0,0,2193681000,6,2025,
2025-06-08,12,0.001,0,2193681000,6,2025,
2025-06-08,13,0.0,0,2193681000,6,2025,
2025-06-08,14,0.001,0,2193681000,6,2025,
2025-06-08,15,0.0,0,2193681000,6,2025,
2025-06-08,16,0.001,0,2193681000,6,2025,
2025-06-08,17,0.0,0,2193681000,6,2025,
2025-06-08,18,0.001,0,2193681000,6,2025,
2025-06-08,19,0.001,0,2193681000,6,2025,
2025-06-08,20,5.158,0,2193681000,6,2025,
2025-06-08,21,6.89,0,2193681000,6,2025,
2025-06-08,22,6.975,0,2193681000,6,2025,
2025-06-08,23,7.04,0,2193681000,6,2025,
2025-06-09,0,7.077,0,2193681000,6,2025,
2025-06-09,1,7.157,0,2193681000,6,2025,
2025-06-09,2,7.23,0,2193681000,6,2025,
2025-06-09,3,7.298,0,2193681000,6,2025,
2025-06-09,4,7.348,0,2193681000,6,2025,
2025-06-09,5,1.513,0,2193681000,6,2025,
2025-06-09,6,0.0,0,2193681000,6,2025,
2025-06-09,7,0.001,0,2193681000,6,2025,
2025-06-09,8,0.0,0,2193681000,6,2025,
2025-06-09,9,0.001,0,2193681000,6,2025,
2025-06-09,10,0.001,0,2193681000,6,2025,
2025-06-09,11,0.0,0,2193681000,6,2025,
2025-06-09,12,0.001,0,2193681000,6,2025,
2025-06-09,13,0.0,0,2193681000,6,2025,
2025-06-09,14,0.001,0,2193681000,6,2025,
2025-06-09,15,0.0,0,2193681000,6,2025,
2025-06-09,16,0.001,0,2193681000,6,2025,
2025-06-09,17,0.0,0,2193681000,6,2025,
2025-06-09,18,0.001,0,2193681000,6,2025,
2025-06-09,19,0.001,0,2193681000,6,2025,
2025-06-09,20,5.064,0,2193681000,6,2025,
2025-06-09,21,6.901,0,2193681000,6,2025,
2025-06-09,22,7.037,0,2193681000,6,2025,
2025-06-09,23,7.135,0,2193681000,6,2025,
2025-06-10,0,7.036,0,2193681000,6,2025,
2025-06-10,1,7.141,0,2193681000,6,2025,
2025-06-10,2,7.207,0,2193681000,6,2025,
2025-06-10,3,7.24,0,2193681000,6,2025,
2025-06-10,4,7.251,0,2193681000,6,2025,
2025-06-10,5,1.486,0,2193681000,6,2025,
2025-06-10,6,0.0,0,2193681000,6,2025,
2025-06-10,7,0.001,0,2193681000,6,2025,
2025-06-10,8,0.0,0,2193681000,6,2025,
2025-06-10,9,0.001,0,2193681000,6,2025,
2025-06-10,10,0.001,0,2193681000,6,2025,
2025-06-10,11,0.0,0,2193681000,6,2025,
2025-06-10,12,0.001,0,2193681000,6,2025,
2025-06-10,13,0.0,0,2193681000,6,2025,
2025-06-10,14,0.001,0,2193681000,6,2025,
2025-06-10,15,0.0,0,2193681000,6,2025,
2025-06-10,16,0.001,0,2193681000,6,2025,
2025-06-10,17,0.0,0,2193681000,6,2025,
2025-06-10,18,0.001,0,2193681000,6,2025,
2025-06-10,19,0.0,0,2193681000,6,2025,
2025-06-10,20,5.104,0,2193681000,6,2025,
2025-06-10,21,6.995,0,2193681000,6,2025,
2025-06-10,22,7.105,0,2193681000,6,2025,
2025-06-10,23,7.094,0,2193681000,6,2025,
2025-06-11,0,7.116,0,2193681000,6,2025,
2025-06-11,1,7.15,0,2193681000,6,2025,
2025-06-11,2,7.192,0,2193681000,6,2025,
2025-06-11,3,7.216,0,2193681000,6,2025,
2025-06-11,4,7.251,0,2193681000,6,2025,
2025-06-11,5,1.485,0,2193681000,6,2025,
2025-06-11,6,0.0,0,2193681000,6,2025,
2025-06-11,7,0.001,0,2193681000,6,2025,
2025-06-11,8,0.0,0,2193681000,6,2025,
2025-06-11,9,0.001,0,2193681000,6,2025,
2025-06-11,10,0.001,0,2193681000,6,2025,
2025-06-11,11,0.0,0,2193681000,6,2025,
2025-06-11,12,0.001,0,2193681000,6,2025,
2025-06-11,13,0.0,0,2193681000,6,2025,
2025-06-11,14,0.001,0,2193681000,6,2025,
2025-06-11,15,0.0,0,2193681000,6,2025,
2025-06-11,16,0.001,0,2193681000,6,2025,
2025-06-11,17,0.0,0,2193681000,6,2025,
2025-06-11,18,0.001,0,2193681000,6,2025,
2025-06-11,19,0.0,0,2193681000,6,2025,
2025-06-11,20,5.499,0,2193681000,6,2025,
2025-06-11,21,6.568,0,2193681000,6,2025,
2025-06-11,22,6.644,0,2193681000,6,2025,
2025-06-11,23,6.675,0,2193681000,6,2025,
2025-06-12,0,6.623,0,2193681000,6,2025,
2025-06-12,1,6.717,0,2193681000,6,2025,
2025-06-12,2,6.8,0,2193681000,6,2025,
2025-06-12,3,6.676,0,2193681000,6,2025,
2025-06-12,4,6.82,0,2193681000,6,2025,
2025-06-12,5,1.399,0,2193681000,6,2025,
2025-06-12,6,0.0,0,2193681000,6,2025,
2025-06-12,7,0.001,0,2193681000,6,2025,
2025-06-12,8,0.0,0,2193681000,6,2025,
2025-06-12,9,0.001,0,2193681000,6,2025,
2025-06-12,10,0.001,0,2193681000,6,2025,
2025-06-12,11,0.0,0,2193681000,6,2025,
2025-06-12,12,0.001,0,2193681000,6,2025,
2025-06-12,13,0.0,0,2193681000,6,2025,
2025-06-12,14,0.001,0,2193681000,6,2025,
2025-06-12,15,0.0,0,2193681000,6,2025,
2025-06-12,16,0.001,0,2193681000,6,2025,
2025-06-12,17,0.0,0,2193681000,6,2025,
2025-06-12,18,0.001,0,2193681000,6,2025,
2025-06-12,19,0.0,0,2193681000,6,2025,
2025-06-12,20,5.468,0,2193681000,6,2025,
2025-06-12,21,6.722,0,2193681000,6,2025,
2025-06-12,22,6.749,0,2193681000,6,2025,
2025-06-12,23,6.775,0,2193681000,6,2025,
2025-06-13,0,6.828,0,2193681000,6,2025,
2025-06-13,1,6.821,0,2193681000,6,2025,
2025-06-13,2,6.805,0,2193681000,6,2025,
2025-06-13,3,6.83,0,2193681000,6,2025,
2025-06-13,4,6.846,0,2193681000,6,2025,
2025-06-13,5,1.397,0,2193681000,6,2025,
2025-06-13,6,0.0,0,2193681000,6,2025,
2025-06-13,7,0.001,0,2193681000,6,2025,
2025-06-13,8,0.0,0,2193681000,6,2025,
2025-06-13,9,0.001,0,2193681000,6,2025,
2025-06-13,10,0.001,0,2193681000,6,2025,
2025-06-13,11,0.0,0,2193681000,6,2025,
2025-06-13,12,0.001,0,2193681000,6,2025,
2025-06-13,13,0.0,0,2193681000,6,2025,
2025-06-13,14,0.001,0,2193681000,6,2025,
2025-06-13,15,0.0,0,2193681000,6,2025,
2025-06-13,16,0.001,0,2193681000,6,2025,
2025-06-13,17,0.0,0,2193681000,6,2025,
2025-06-13,18,0.001,0,2193681000,6,2025,
2025-06-13,19,0.0,0,2193681000,6,2025,
2025-06-13,20,4.775,0,2193681000,6,2025,
2025-06-13,21,6.62,0,2193681000,6,2025,
2025-06-13,22,6.701,0,2193681000,6,2025,
2025-06-13,23,6.742,0,2193681000,6,2025,
2025-06-14,0,6.628,0,2193681000,6,2025,
2025-06-14,1,6.712,0,2193681000,6,2025,
2025-06-14,2,6.799,0,2193681000,6,2025,
2025-06-14,3,6.851,0,2193681000,6,2025,
2025-06-14,4,6.774,0,2193681000,6,2025,
2025-06-14,5,1.268,0,2193681000,6,2025,
2025-06-14,6,0.0,0,2193681000,6,2025,
2025-06-14,7,0.001,0,2193681000,6,2025,
2025-06-14,8,0.0,0,2193681000,6,2025,
2025-06-14,9,0.001,0,2193681000,6,2025,
2025-06-14,10,0.001,0,2193681000,6,2025,
2025-06-14,11,0.0,0,2193681000,6,2025,
2025-06-14,12,0.001,0,2193681000,6,2025,
2025-06-14,13,0.0,0,2193681000,6,2025,
2025-06-14,14,0.001,0,2193681000,6,2025,
2025-06-14,15,0.0,0,2193681000,6,2025,
2025-06-14,16,0.001,0,2193681000,6,2025,
2025-06-14,17,0.0,0,2193681000,6,2025,
2025-06-14,18,0.001,0,2193681000,6,2025,
2025-06-14,19,0.0,0,2193681000,6,2025,
2025-06-14,20,4.707,0,2193681000,6,2025,
2025-06-14,21,6.621,0,2193681000,6,2025,
2025-06-14,22,6.704,0,2193681000,6,2025,
2025-06-14,23,6.692,0,2193681000,6,2025,
2025-06-15,0,6.604,0,2193681000,6,2025,
2025-06-15,1,6.703,0,2193681000,6,2025,
2025-06-15,2,6.745,0,2193681000,6,2025,
2025-06-15,3,6.881,0,2193681000,6,2025,
2025-06-15,4,6.815,0,2193681000,6,2025,
2025-06-15,5,1.278,0,2193681000,6,2025,
2025-06-15,6,0.0,0,2193681000,6,2025,
2025-06-15,7,0.001,0,2193681000,6,2025,
2025-06-15,8,0.0,0,2193681000,6,2025,
2025-06-15,9,0.001,0,2193681000,6,2025,
2025-06-15,10,0.001,0,2193681000,6,2025,
2025-06-15,11,0.0,0,2193681000,6,2025,
2025-06-15,12,0.001,0,2193681000,6,2025,
2025-06-15,13,0.0,0,2193681000,6,2025,
2025-06-15,14,0.001,0,2193681000,6,2025,
2025-06-15,15,0.0,0,2193681000,6,2025,
2025-06-15,16,0.001,0,2193681000,6,2025,
2025-06-15,17,0.0,0,2193681000,6,2025,
2025-06-15,18,0.001,0,2193681000,6,2025,
2025-06-15,19,0.0,0,2193681000,6,2025,
2025-06-15,20,4.559,0,2193681000,6,2025,
2025-06-15,21,6.498,0,2193681000,6,2025,
2025-06-15,22,6.617,0,2193681000,6,2025,
2025-06-15,23,6.7,0,2193681000,6,2025,
2025-06-16,0,6.747,0,2193681000,6,2025,
2025-06-16,1,6.763,0,2193681000,6,2025,
2025-06-16,2,6.812,0,2193681000,6,2025,
2025-06-16,3,6.766,0,2193681000,6,2025,
2025-06-16,4,6.725,0,2193681000,6,2025,
2025-06-16,5,1.364,0,2193681000,6,2025,
2025-06-16,6,0.0,0,2193681000,6,2025,
2025-06-16,7,0.001,0,2193681000,6,2025,
2025-06-16,8,0.0,0,2193681000,6,2025,
2025-06-16,9,0.001,0,2193681000,6,2025,
2025-06-16,10,0.001,0,2193681000,6,2025,
2025-06-16,11,0.0,0,2193681000,6,2025,
2025-06-16,12,0.001,0,2193681000,6,2025,
2025-06-16,13,0.0,0,2193681000,6,2025,
2025-06-16,14,0.001,0,2193681000,6,2025,
2025-06-16,15,0.0,0,2193681000,6,2025,
2025-06-16,16,0.001,0,2193681000,6,2025,
2025-06-16,17,0.0,0,2193681000,6,2025,
2025-06-16,18,0.001,0,2193681000,6,2025,
2025-06-16,19,0.0,0,2193681000,6,2025,
2025-06-16,20,4.446,0,2193681000,6,2025,
2025-06-16,21,6.514,0,2193681000,6,2025,
2025-06-16,22,6.572,0,2193681000,6,2025,
2025-06-16,23,6.612,0,2193681000,6,2025,
2025-06-17,0,6.637,0,2193681000,6,2025,
2025-06-17,1,6.676,0,2193681000,6,2025,
2025-06-17,2,6.716,0,2193681000,6,2025,
2025-06-17,3,6.733,0,2193681000,6,2025,
2025-06-17,4,6.72,0,2193681000,6,2025,
2025-06-17,5,1.363,0,2193681000,6,2025,
2025-06-17,6,0.0,0,2193681000,6,2025,
2025-06-17,7,0.001,0,2193681000,6,2025,
2025-06-17,8,0.0,0,2193681000,6,2025,
2025-06-17,9,0.001,0,2193681000,6,2025,
2025-06-17,10,0.001,0,2193681000,6,2025,
2025-06-17,11,0.0,0,2193681000,6,2025,
2025-06-17,12,0.001,0,2193681000,6,2025,
2025-06-17,13,0.0,0,2193681000,6,2025,
2025-06-17,14,0.001,0,2193681000,6,2025,
2025-06-17,15,0.0,0,2193681000,6,2025,
2025-06-17,16,0.001,0,2193681000,6,2025,
2025-06-17,17,0.0,0,2193681000,6,2025,
2025-06-17,18,0.001,0,2193681000,6,2025,
2025-06-17,19,0.0,0,2193681000,6,2025,
2025-06-17,20,4.374,0,2193681000,6,2025,
2025-06-17,21,6.448,0,2193681000,6,2025,
2025-06-17,22,6.566,0,2193681000,6,2025,
2025-06-17,23,6.584,0,2193681000,6,2025,
2025-06-18,0,6.558,0,2193681000,6,2025,
2025-06-18,1,6.644,0,2193681000,6,2025,
2025-06-18,2,6.675,0,2193681000,6,2025,
2025-06-18,3,6.702,0,2193681000,6,2025,
2025-06-18,4,6.731,0,2193681000,6,2025,
2025-06-18,5,1.363,0,2193681000,6,2025,
2025-06-18,6,0.0,0,2193681000,6,2025,
2025-06-18,7,0.001,0,2193681000,6,2025,
2025-06-18,8,0.0,0,2193681000,6,2025,
2025-06-18,9,0.001,0,2193681000,6,2025,
2025-06-18,10,0.001,0,2193681000,6,2025,
2025-06-18,11,0.0,0,2193681000,6,2025,
2025-06-18,12,0.001,0,2193681000,6,2025,
2025-06-18,13,0.0,0,2193681000,6,2025,
2025-06-18,14,0.001,0,2193681000,6,2025,
2025-06-18,15,0.0,0,2193681000,6,2025,
2025-06-18,16,0.001,0,2193681000,6,2025,
2025-06-18,17,0.0,0,2193681000,6,2025,
2025-06-18,18,0.001,0,2193681000,6,2025,
2025-06-18,19,0.0,0,2193681000,6,2025,
2025-06-18,20,4.393,0,2193681000,6,2025,
2025-06-18,21,6.427,0,2193681000,6,2025,
2025-06-18,22,6.495,0,2193681000,6,2025,
2025-06-18,23,6.569,0,2193681000,6,2025,
2025-06-19,0,6.603,0,2193681000,6,2025,
2025-06-19,1,6.67,0,2193681000,6,2025,
2025-06-19,2,6.691,0,2193681000,6,2025,
2025-06-19,3,6.726,0,2193681000,6,2025,
2025-06-19,4,6.752,0,2193681000,6,2025,
2025-06-19,5,1.363,0,2193681000,6,2025,
2025-06-19,6,0.0,0,2193681000,6,2025,
2025-06-19,7,0.001,0,2193681000,6,2025,
2025-06-19,8,0.0,0,2193681000,6,2025,
2025-06-19,9,0.001,0,2193681000,6,2025,
2025-06-19,10,0.001,0,2193681000,6,2025,
2025-06-19,11,0.0,0,2193681000,6,2025,
2025-06-19,12,0.001,0,2193681000,6,2025,
2025-06-19,13,0.0,0,2193681000,6,2025,
2025-06-19,14,0.001,0,2193681000,6,2025,
2025-06-19,15,0.0,0,2193681000,6,2025,
2025-06-19,16,0.001,0,2193681000,6,2025,
2025-06-19,17,0.0,0,2193681000,6,2025,
2025-06-19,18,0.001,0,2193681000,6,2025,
2025-06-19,19,0.0,0,2193681000,6,2025,
2025-06-19,20,4.27,0,2193681000,6,2025,
2025-06-19,21,6.393,0,2193681000,6,2025,
2025-06-19,22,6.447,0,2193681000,6,2025,
2025-06-19,23,6.508,0,2193681000,6,2025,
2025-06-20,0,6.535,0,2193681000,6,2025,
2025-06-20,1,6.635,0,2193681000,6,2025,
2025-06-20,2,6.693,0,2193681000,6,2025,
2025-06-20,3,6.718,0,2193681000,6,2025,
2025-06-20,4,6.728,0,2193681000,6,2025,
2025-06-20,5,1.359,0,2193681000,6,2025,
2025-06-20,6,0.0,0,2193681000,6,2025,
2025-06-20,7,0.001,0,2193681000,6,2025,
2025-06-20,8,0.0,0,2193681000,6,2025,
2025-06-20,9,0.061,0,2193681000,6,2025,
2025-06-20,10,0.001,0,2193681000,6,2025,
2025-06-20,11,0.0,0,2193681000,6,2025,
2025-06-20,12,0.001,0,2193681000,6,2025,
2025-06-20,13,0.0,0,2193681000,6,2025,
2025-06-20,14,0.001,0,2193681000,6,2025,
2025-06-20,15,0.0,0,2193681000,6,2025,
2025-06-20,16,0.001,0,2193681000,6,2025,
2025-06-20,17,0.0,0,2193681000,6,2025,
2025-06-20,18,0.001,0,2193681000,6,2025,
2025-06-20,19,0.0,0,2193681000,6,2025,
2025-06-20,20,4.207,0,2193681000,6,2025,
2025-06-20,21,6.386,0,2193681000,6,2025,
2025-06-20,22,6.458,0,2193681000,6,2025,
2025-06-20,23,6.538,0,2193681000,6,2025,
2025-06-21,0,6.503,0,2193681000,6,2025,
2025-06-21,1,6.555,0,2193681000,6,2025,
2025-06-21,2,6.647,0,2193681000,6,2025,
2025-06-21,3,6.692,0,2193681000,6,2025,
2025-06-21,4,6.615,0,2193681000,6,2025,
2025-06-21,5,1.332,0,2193681000,6,2025,
2025-06-21,6,0.0,0,2193681000,6,2025,
2025-06-21,7,0.001,0,2193681000,6,2025,
2025-06-21,8,0.0,0,2193681000,6,2025,
2025-06-21,9,0.001,0,2193681000,6,2025,
2025-06-21,10,0.0,0,2193681000,6,2025,
2025-06-21,11,0.001,0,2193681000,6,2025,
2025-06-21,12,0.001,0,2193681000,6,2025,
2025-06-21,13,0.0,0,2193681000,6,2025,
2025-06-21,14,0.001,0,2193681000,6,2025,
2025-06-21,15,0.0,0,2193681000,6,2025,
2025-06-21,16,0.001,0,2193681000,6,2025,
2025-06-21,17,0.0,0,2193681000,6,2025,
2025-06-21,18,0.001,0,2193681000,6,2025,
2025-06-21,19,0.0,0,2193681000,6,2025,
2025-06-21,20,4.319,0,2193681000,6,2025,
2025-06-21,21,6.528,0,2193681000,6,2025,
2025-06-21,22,6.563,0,2193681000,6,2025,
2025-06-21,23,6.632,0,2193681000,6,2025,
2025-06-22,0,6.613,0,2193681000,6,2025,
2025-06-22,1,6.618,0,2193681000,6,2025,
2025-06-22,2,6.573,0,2193681000,6,2025,
2025-06-22,3,6.587,0,2193681000,6,2025,
2025-06-22,4,6.622,0,2193681000,6,2025,
2025-06-22,5,1.331,0,2193681000,6,2025,
2025-06-22,6,0.0,0,2193681000,6,2025,
2025-06-22,7,0.001,0,2193681000,6,2025,
2025-06-22,8,0.0,0,2193681000,6,2025,
2025-06-22,9,0.001,0,2193681000,6,2025,
2025-06-22,10,0.0,0,2193681000,6,2025,
2025-06-22,11,0.001,0,2193681000,6,2025,
2025-06-22,12,0.001,0,2193681000,6,2025,
2025-06-22,13,0.0,0,2193681000,6,2025,
2025-06-22,14,0.001,0,2193681000,6,2025,
2025-06-22,15,0.0,0,2193681000,6,2025,
2025-06-22,16,0.001,0,2193681000,6,2025,
2025-06-22,17,0.0,0,2193681000,6,2025,
2025-06-22,18,0.001,0,2193681000,6,2025,
2025-06-22,19,0.0,0,2193681000,6,2025,
2025-06-22,20,4.321,0,2193681000,6,2025,
2025-06-22,21,6.458,0,2193681000,6,2025,
2025-06-22,22,6.542,0,2193681000,6,2025,
2025-06-22,23,6.597,0,2193681000,6,2025,
2025-06-23,0,6.617,0,2193681000,6,2025,
2025-06-23,1,6.698,0,2193681000,6,2025,
2025-06-23,2,6.725,0,2193681000,6,2025,
2025-06-23,3,6.682,0,2193681000,6,2025,
2025-06-23,4,6.688,0,2193681000,6,2025,
2025-06-23,5,1.454,0,2193681000,6,2025,
2025-06-23,6,0.0,0,2193681000,6,2025,
2025-06-23,7,0.001,0,2193681000,6,2025,
2025-06-23,8,0.0,0,2193681000,6,2025,
2025-06-23,9,0.001,0,2193681000,6,2025,
2025-06-23,10,0.0,0,2193681000,6,2025,
2025-06-23,11,0.001,0,2193681000,6,2025,
2025-06-23,12,0.001,0,2193681000,6,2025,
2025-06-23,13,0.0,0,2193681000,6,2025,
2025-06-23,14,0.001,0,2193681000,6,2025,
2025-06-23,15,0.0,0,2193681000,6,2025,
2025-06-23,16,0.001,0,2193681000,6,2025,
2025-06-23,17,0.0,0,2193681000,6,2025,
2025-06-23,18,0.001,0,2193681000,6,2025,
2025-06-23,19,0.0,0,2193681000,6,2025,
2025-06-23,20,4.136,0,2193681000,6,2025,
2025-06-23,21,6.362,0,2193681000,6,2025,
2025-06-23,22,6.443,0,2193681000,6,2025,
2025-06-23,23,6.507,0,2193681000,6,2025,
2025-06-24,0,6.521,0,2193681000,6,2025,
2025-06-24,1,6.598,0,2193681000,6,2025,
2025-06-24,2,6.642,0,2193681000,6,2025,
2025-06-24,3,6.682,0,2193681000,6,2025,
2025-06-24,4,6.7,0,2193681000,6,2025,
2025-06-24,5,1.452,0,2193681000,6,2025,
2025-06-24,6,0.0,0,2193681000,6,2025,
2025-06-24,7,0.001,0,2193681000,6,2025,
2025-06-24,8,0.0,0,2193681000,6,2025,
2025-06-24,9,0.001,0,2193681000,6,2025,
2025-06-24,10,0.0,0,2193681000,6,2025,
2025-06-24,11,0.001,0,2193681000,6,2025,
2025-06-24,12,0.001,0,2193681000,6,2025,
2025-06-24,13,0.0,0,2193681000,6,2025,
2025-06-24,14,0.001,0,2193681000,6,2025,
2025-06-24,15,0.0,0,2193681000,6,2025,
2025-06-24,16,0.001,0,2193681000,6,2025,
2025-06-24,17,0.0,0,2193681000,6,2025,
2025-06-24,18,0.001,0,2193681000,6,2025,
2025-06-24,19,0.0,0,2193681000,6,2025,
2025-06-24,20,4.111,0,2193681000,6,2025,
2025-06-24,21,6.419,0,2193681000,6,2025,
2025-06-24,22,6.516,0,2193681000,6,2025,
2025-06-24,23,6.588,0,2193681000,6,2025,
2025-06-25,0,6.64,0,2193681000,6,2025,
2025-06-25,1,6.572,0,2193681000,6,2025,
2025-06-25,2,6.702,0,2193681000,6,2025,
2025-06-25,3,6.732,0,2193681000,6,2025,
2025-06-25,4,6.761,0,2193681000,6,2025,
2025-06-25,5,1.467,0,2193681000,6,2025,
2025-06-25,6,0.0,0,2193681000,6,2025,
2025-06-25,7,0.001,0,2193681000,6,2025,
2025-06-25,8,0.0,0,2193681000,6,2025,
2025-06-25,9,0.001,0,2193681000,6,2025,
2025-06-25,10,0.0,0,2193681000,6,2025,
2025-06-25,11,0.001,0,2193681000,6,2025,
2025-06-25,12,0.001,0,2193681000,6,2025,
2025-06-25,13,0.0,0,2193681000,6,2025,
2025-06-25,14,0.001,0,2193681000,6,2025,
2025-06-25,15,0.0,0,2193681000,6,2025,
2025-06-25,16,0.001,0,2193681000,6,2025,
2025-06-25,17,0.0,0,2193681000,6,2025,
2025-06-25,18,0.001,0,2193681000,6,2025,
2025-06-25,19,0.0,0,2193681000,6,2025,
2025-06-25,20,4.146,0,2193681000,6,2025,
2025-06-25,21,6.34,0,2193681000,6,2025,
2025-06-25,22,6.44,0,2193681000,6,2025,
2025-06-25,23,6.5,0,2193681000,6,2025,
2025-06-26,0,6.536,0,2193681000,6,2025,
2025-06-26,1,6.596,0,2193681000,6,2025,
2025-06-26,2,6.63,0,2193681000,6,2025,
2025-06-26,3,6.646,0,2193681000,6,2025,
2025-06-26,4,6.668,0,2193681000,6,2025,
2025-06-26,5,1.553,0,2193681000,6,2025,
2025-06-26,6,0.0,0,2193681000,6,2025,
2025-06-26,7,0.001,0,2193681000,6,2025,
2025-06-26,8,0.0,0,2193681000,6,2025,
2025-06-26,9,0.001,0,2193681000,6,2025,
2025-06-26,10,0.0,0,2193681000,6,2025,
2025-06-26,11,0.001,0,2193681000,6,2025,
2025-06-26,12,0.001,0,2193681000,6,2025,
2025-06-26,13,0.0,0,2193681000,6,2025,
2025-06-26,14,0.001,0,2193681000,6,2025,
2025-06-26,15,0.0,0,2193681000,6,2025,
2025-06-26,16,0.001,0,2193681000,6,2025,
2025-06-26,17,0.0,0,2193681000,6,2025,
2025-06-26,18,0.001,0,2193681000,6,2025,
2025-06-26,19,0.0,0,2193681000,6,2025,
2025-06-26,20,4.265,0,2193681000,6,2025,
2025-06-26,21,6.524,0,2193681000,6,2025,
2025-06-26,22,6.579,0,2193681000,6,2025,
2025-06-26,23,6.673,0,2193681000,6,2025,
2025-06-27,0,6.726,0,2193681000,6,2025,
2025-06-27,1,6.878,0,2193681000,6,2025,
2025-06-27,2,6.958,0,2193681000,6,2025,
2025-06-27,3,6.909,0,2193681000,6,2025,
2025-06-27,4,6.916,0,2193681000,6,2025,
2025-06-27,5,1.613,0,2193681000,6,2025,
2025-06-27,6,0.0,0,2193681000,6,2025,
2025-06-27,7,0.001,0,2193681000,6,2025,
2025-06-27,8,0.0,0,2193681000,6,2025,
2025-06-27,9,0.001,0,2193681000,6,2025,
2025-06-27,10,0.0,0,2193681000,6,2025,
2025-06-27,11,0.001,0,2193681000,6,2025,
2025-06-27,12,0.001,0,2193681000,6,2025,
2025-06-27,13,0.0,0,2193681000,6,2025,
2025-06-27,14,0.001,0,2193681000,6,2025,
2025-06-27,15,0.0,0,2193681000,6,2025,
2025-06-27,16,0.001,0,2193681000,6,2025,
2025-06-27,17,0.0,0,2193681000,6,2025,
2025-06-27,18,0.001,0,2193681000,6,2025,
2025-06-27,19,0.0,0,2193681000,6,2025,
2025-06-27,20,4.251,0,2193681000,6,2025,
2025-06-27,21,6.554,0,2193681000,6,2025,
2025-06-27,22,6.622,0,2193681000,6,2025,
2025-06-27,23,6.684,0,2193681000,6,2025,
2025-06-28,0,6.579,0,2193681000,6,2025,
2025-06-28,1,6.683,0,2193681000,6,2025,
2025-06-28,2,6.777,0,2193681000,6,2025,
2025-06-28,3,6.836,0,2193681000,6,2025,
2025-06-28,4,6.877,0,2193681000,6,2025,
2025-06-28,5,1.599,0,2193681000,6,2025,
2025-06-28,6,0.0,0,2193681000,6,2025,
2025-06-28,7,0.001,0,2193681000,6,2025,
2025-06-28,8,0.0,0,2193681000,6,2025,
2025-06-28,9,0.001,0,2193681000,6,2025,
2025-06-28,10,0.0,0,2193681000,6,2025,
2025-06-28,11,0.001,0,2193681000,6,2025,
2025-06-28,12,0.001,0,2193681000,6,2025,
2025-06-28,13,0.0,0,2193681000,6,2025,
2025-06-28,14,0.001,0,2193681000,6,2025,
2025-06-28,15,0.0,0,2193681000,6,2025,
2025-06-28,16,0.001,0,2193681000,6,2025,
2025-06-28,17,0.0,0,2193681000,6,2025,
2025-06-28,18,0.001,0,2193681000,6,2025,
2025-06-28,19,0.0,0,2193681000,6,2025,
2025-06-28,20,4.327,0,2193681000,6,2025,
2025-06-28,21,6.604,0,2193681000,6,2025,
2025-06-28,22,6.678,0,2193681000,6,2025,
2025-06-28,23,6.741,0,2193681000,6,2025,
2025-06-29,0,6.707,0,2193681000,6,2025,
2025-06-29,1,6.763,0,2193681000,6,2025,
2025-06-29,2,6.855,0,2193681000,6,2025,
2025-06-29,3,6.828,0,2193681000,6,2025,
2025-06-29,4,6.861,0,2193681000,6,2025,
2025-06-29,5,1.705,0,2193681000,6,2025,
2025-06-29,6,0.0,0,2193681000,6,2025,
2025-06-29,7,0.001,0,2193681000,6,2025,
2025-06-29,8,0.0,0,2193681000,6,2025,
2025-06-29,9,0.001,0,2193681000,6,2025,
2025-06-29,10,0.0,0,2193681000,6,2025,
2025-06-29,11,0.001,0,2193681000,6,2025,
2025-06-29,12,0.001,0,2193681000,6,2025,
2025-06-29,13,0.0,0,2193681000,6,2025,
2025-06-29,14,0.001,0,2193681000,6,2025,
2025-06-29,15,0.0,0,2193681000,6,2025,
2025-06-29,16,0.001,0,2193681000,6,2025,
2025-06-29,17,0.0,0,2193681000,6,2025,
2025-06-29,18,0.001,0,2193681000,6,2025,
2025-06-29,19,0.0,0,2193681000,6,2025,
2025-06-29,20,4.342,0,2193681000,6,2025,
2025-06-29,21,6.621,0,2193681000,6,2025,
2025-06-29,22,6.689,0,2193681000,6,2025,
2025-06-29,23,6.758,0,2193681000,6,2025,
2025-06-30,0,6.826,0,2193681000,6,2025,
2025-06-30,1,6.781,0,2193681000,6,2025,
2025-06-30,2,6.815,0,2193681000,6,2025,
2025-06-30,3,6.836,0,2193681000,6,2025,
2025-06-30,4,6.863,0,2193681000,6,2025,
2025-06-30,5,1.707,0,2193681000,6,2025,
2025-06-30,6,0.0,0,2193681000,6,2025,
2025-06-30,7,0.001,0,2193681000,6,2025,
2025-06-30,8,0.0,0,2193681000,6,2025,
2025-06-30,9,0.001,0,2193681000,6,2025,
2025-06-30,10,0.0,0,2193681000,6,2025,
2025-06-30,11,0.001,0,2193681000,6,2025,
2025-06-30,12,0.001,0,2193681000,6,2025,
2025-06-30,13,0.0,0,2193681000,6,2025,
2025-06-30,14,0.001,0,2193681000,6,2025,
2025-06-30,15,0.0,0,2193681000,6,2025,
2025-06-30,16,0.001,0,2193681000,6,2025,
2025-06-30,17,0.0,0,2193681000,6,2025,
2025-06-30,18,0.001,0,2193681000,6,2025,
2025-06-30,19,0.0,0,2193681000,6,2025,
2025-06-30,20,4.369,0,2193681000,6,2025,
2025-06-30,21,6.654,0,2193681000,6,2025,
2025-06-30,22,6.721,0,2193681000,6,2025,
2025-06-30,23,6.695,0,2193681000,6,2025,
2025-07-01,0,6.694,0,2193681000,7,2025,
2025-07-01,1,6.758,0,2193681000,7,2025,
2025-07-01,2,6.818,0,2193681000,7,2025,
2025-07-01,3,6.829,0,2193681000,7,2025,
2025-07-01,4,6.853,0,2193681000,7,2025,
2025-07-01,5,1.79,0,2193681000,7,2025,
2025-07-01,6,0.0,0,2193681000,7,2025,
2025-07-01,7,0.001,0,2193681000,7,2025,
2025-07-01,8,0.0,0,2193681000,7,2025,
2025-07-01,9,0.001,0,2193681000,7,2025,
2025-07-01,10,0.0,0,2193681000,7,2025,
2025-07-01,11,0.001,0,2193681000,7,2025,
2025-07-01,12,0.0,0,2193681000,7,2025,
2025-07-01,13,0.001,0,2193681000,7,2025,
2025-07-01,14,0.001,0,2193681000,7,2025,
2025-07-01,15,0.0,0,2193681000,7,2025,
2025-07-01,16,0.001,0,2193681000,7,2025,
2025-07-01,17,0.0,0,2193681000,7,2025,
2025-07-01,18,0.001,0,2193681000,7,2025,
2025-07-01,19,0.0,0,2193681000,7,2025,
2025-07-01,20,4.345,0,2193681000,7,2025,
2025-07-01,21,6.657,0,2193681000,7,2025,
2025-07-01,22,6.739,0,2193681000,7,2025,
2025-07-01,23,6.78,0,2193681000,7,2025,
2025-07-02,0,6.804,0,2193681000,7,2025,
2025-07-02,1,6.767,0,2193681000,7,2025,
2025-07-02,2,6.808,0,2193681000,7,2025,
2025-07-02,3,6.817,0,2193681000,7,2025,
2025-07-02,4,6.847,0,2193681000,7,2025,
2025-07-02,5,1.812,0,2193681000,7,2025,
2025-07-02,6,0.0,0,2193681000,7,2025,
2025-07-02,7,0.001,0,2193681000,7,2025,
2025-07-02,8,0.0,0,2193681000,7,2025,
2025-07-02,9,0.001,0,2193681000,7,2025,
2025-07-02,10,0.0,0,2193681000,7,2025,
2025-07-02,11,0.001,0,2193681000,7,2025,
2025-07-02,12,0.001,0,2193681000,7,2025,
2025-07-02,13,0.0,0,2193681000,7,2025,
2025-07-02,14,0.001,0,2193681000,7,2025,
2025-07-02,15,0.0,0,2193681000,7,2025,
2025-07-02,16,0.001,0,2193681000,7,2025,
2025-07-02,17,0.0,0,2193681000,7,2025,
2025-07-02,18,0.001,0,2193681000,7,2025,
2025-07-02,19,0.0,0,2193681000,7,2025,
2025-07-02,20,4.439,0,2193681000,7,2025,
2025-07-02,21,6.601,0,2193681000,7,2025,
2025-07-02,22,6.658,0,2193681000,7,2025,
2025-07-02,23,6.741,0,2193681000,7,2025,
2025-07-03,0,6.812,0,2193681000,7,2025,
2025-07-03,1,6.813,0,2193681000,7,2025,
2025-07-03,2,6.849,0,2193681000,7,2025,
2025-07-03,3,6.877,0,2193681000,7,2025,
2025-07-03,4,6.909,0,2193681000,7,2025,
2025-07-03,5,1.931,0,2193681000,7,2025,
2025-07-03,6,0.0,0,2193681000,7,2025,
2025-07-03,7,0.001,0,2193681000,7,2025,
2025-07-03,8,0.0,0,2193681000,7,2025,
2025-07-03,9,0.001,0,2193681000,7,2025,
2025-07-03,10,0.0,0,2193681000,7,2025,
2025-07-03,11,0.001,0,2193681000,7,2025,
2025-07-03,12,0.001,0,2193681000,7,2025,
2025-07-03,13,0.0,0,2193681000,7,2025,
2025-07-03,14,0.001,0,2193681000,7,2025,
2025-07-03,15,0.0,0,2193681000,7,2025,
2025-07-03,16,0.001,0,2193681000,7,2025,
2025-07-03,17,0.0,0,2193681000,7,2025,
2025-07-03,18,0.001,0,2193681000,7,2025,
2025-07-03,19,0.0,0,2193681000,7,2025,
2025-07-03,20,4.442,0,2193681000,7,2025,
2025-07-03,21,6.746,0,2193681000,7,2025,
2025-07-03,22,7.083,0,2193681000,7,2025,
2025-07-03,23,7.179,0,2193681000,7,2025,
2025-07-04,0,7.167,0,2193681000,7,2025,
2025-07-04,1,7.203,0,2193681000,7,2025,
2025-07-04,2,7.263,0,2193681000,7,2025,
2025-07-04,3,7.273,0,2193681000,7,2025,
2025-07-04,4,7.301,0,2193681000,7,2025,
2025-07-04,5,2.015,0,2193681000,7,2025,
2025-07-04,6,0.0,0,2193681000,7,2025,
2025-07-04,7,0.001,0,2193681000,7,2025,
2025-07-04,8,0.0,0,2193681000,7,2025,
2025-07-04,9,0.001,0,2193681000,7,2025,
2025-07-04,10,0.0,0,2193681000,7,2025,
2025-07-04,11,0.001,0,2193681000,7,2025,
2025-07-04,12,0.001,0,2193681000,7,2025,
2025-07-04,13,0.0,0,2193681000,7,2025,
2025-07-04,14,0.001,0,2193681000,7,2025,
2025-07-04,15,0.0,0,2193681000,7,2025,
2025-07-04,16,0.001,0,2193681000,7,2025,
2025-07-04,17,0.0,0,2193681000,7,2025,
2025-07-04,18,0.001,0,2193681000,7,2025,
2025-07-04,19,0.0,0,2193681000,7,2025,
2025-07-04,20,4.746,0,2193681000,7,2025,
2025-07-04,21,7.001,0,2193681000,7,2025,
2025-07-04,22,7.069,0,2193681000,7,2025,
2025-07-04,23,7.145,0,2193681000,7,2025,
2025-07-05,0,7.083,0,2193681000,7,2025,
2025-07-05,1,6.856,0,2193681000,7,2025,
2025-07-05,2,7.051,0,2193681000,7,2025,
2025-07-05,3,7.076,0,2193681000,7,2025,
2025-07-05,4,7.093,0,2193681000,7,2025,
2025-07-05,5,1.864,0,2193681000,7,2025,
2025-07-05,6,0.0,0,2193681000,7,2025,
2025-07-05,7,0.001,0,2193681000,7,2025,
2025-07-05,8,0.0,0,2193681000,7,2025,
2025-07-05,9,0.001,0,2193681000,7,2025,
2025-07-05,10,0.0,0,2193681000,7,2025,
2025-07-05,11,0.001,0,2193681000,7,2025,
2025-07-05,12,0.0,0,2193681000,7,2025,
2025-07-05,13,0.001,0,2193681000,7,2025,
2025-07-05,14,0.0,0,2193681000,7,2025,
2025-07-05,15,0.001,0,2193681000,7,2025,
2025-07-05,16,0.0,0,2193681000,7,2025,
2025-07-05,17,0.001,0,2193681000,7,2025,
2025-07-05,18,0.001,0,2193681000,7,2025,
2025-07-05,19,0.0,0,2193681000,7,2025,
2025-07-05,20,4.647,0,2193681000,7,2025,
2025-07-05,21,6.905,0,2193681000,7,2025,
2025-07-05,22,7.025,0,2193681000,7,2025,
2025-07-05,23,7.064,0,2193681000,7,2025,
2025-07-06,0,6.948,0,2193681000,7,2025,
2025-07-06,1,7.027,0,2193681000,7,2025,
2025-07-06,2,7.086,0,2193681000,7,2025,
2025-07-06,3,7.156,0,2193681000,7,2025,
2025-07-06,4,7.162,0,2193681000,7,2025,
2025-07-06,5,2.107,0,2193681000,7,2025,
2025-07-06,6,0.0,0,2193681000,7,2025,
2025-07-06,7,0.001,0,2193681000,7,2025,
2025-07-06,8,0.0,0,2193681000,7,2025,
2025-07-06,9,0.001,0,2193681000,7,2025,
2025-07-06,10,0.0,0,2193681000,7,2025,
2025-07-06,11,0.001,0,2193681000,7,2025,
2025-07-06,12,0.0,0,2193681000,7,2025,
2025-07-06,13,0.001,0,2193681000,7,2025,
2025-07-06,14,0.0,0,2193681000,7,2025,
2025-07-06,15,0.001,0,2193681000,7,2025,
2025-07-06,16,0.0,0,2193681000,7,2025,
2025-07-06,17,0.001,0,2193681000,7,2025,
2025-07-06,18,0.001,0,2193681000,7,2025,
2025-07-06,19,0.0,0,2193681000,7,2025,
2025-07-06,20,4.598,0,2193681000,7,2025,
2025-07-06,21,6.79,0,2193681000,7,2025,
2025-07-06,22,6.851,0,2193681000,7,2025,
2025-07-06,23,6.91,0,2193681000,7,2025,
2025-07-07,0,7.01,0,2193681000,7,2025,
2025-07-07,1,7.111,0,2193681000,7,2025,
2025-07-07,2,7.138,0,2193681000,7,2025,
2025-07-07,3,7.131,0,2193681000,7,2025,
2025-07-07,4,7.147,0,2193681000,7,2025,
2025-07-07,5,2.225,0,2193681000,7,2025,
2025-07-07,6,0.0,0,2193681000,7,2025,
2025-07-07,7,0.001,0,2193681000,7,2025,
2025-07-07,8,0.0,0,2193681000,7,2025,
2025-07-07,9,0.001,0,2193681000,7,2025,
2025-07-07,10,0.0,0,2193681000,7,2025,
2025-07-07,11,0.001,0,2193681000,7,2025,
2025-07-07,12,0.0,0,2193681000,7,2025,
2025-07-07,13,0.001,0,2193681000,7,2025,
2025-07-07,14,0.0,0,2193681000,7,2025,
2025-07-07,15,0.001,0,2193681000,7,2025,
2025-07-07,16,0.001,0,2193681000,7,2025,
2025-07-07,17,0.0,0,2193681000,7,2025,
2025-07-07,18,0.001,0,2193681000,7,2025,
2025-07-07,19,0.0,0,2193681000,7,2025,
2025-07-07,20,4.205,0,2193681000,7,2025,
2025-07-07,21,6.139,0,2193681000,7,2025,
2025-07-07,22,6.23,0,2193681000,7,2025,
2025-07-07,23,6.286,0,2193681000,7,2025,
2025-07-08,0,6.324,0,2193681000,7,2025,
2025-07-08,1,6.403,0,2193681000,7,2025,
2025-07-08,2,6.436,0,2193681000,7,2025,
2025-07-08,3,6.444,0,2193681000,7,2025,
2025-07-08,4,6.474,0,2193681000,7,2025,
2025-07-08,5,2.125,0,2193681000,7,2025,
2025-07-08,6,0.0,0,2193681000,7,2025,
2025-07-08,7,0.001,0,2193681000,7,2025,
2025-07-08,8,0.0,0,2193681000,7,2025,
2025-07-08,9,0.001,0,2193681000,7,2025,
2025-07-08,10,0.0,0,2193681000,7,2025,
2025-07-08,11,0.001,0,2193681000,7,2025,
2025-07-08,12,0.0,0,2193681000,7,2025,
2025-07-08,13,0.001,0,2193681000,7,2025,
2025-07-08,14,0.0,0,2193681000,7,2025,
2025-07-08,15,0.001,0,2193681000,7,2025,
2025-07-08,16,0.001,0,2193681000,7,2025,
2025-07-08,17,0.0,0,2193681000,7,2025,
2025-07-08,18,0.001,0,2193681000,7,2025,
2025-07-08,19,0.0,0,2193681000,7,2025,
2025-07-08,20,4.301,0,2193681000,7,2025,
2025-07-08,21,6.228,0,2193681000,7,2025,
2025-07-08,22,6.288,0,2193681000,7,2025,
2025-07-08,23,6.34,0,2193681000,7,2025,
2025-07-09,0,6.304,0,2193681000,7,2025,
2025-07-09,1,6.376,0,2193681000,7,2025,
2025-07-09,2,6.447,0,2193681000,7,2025,
2025-07-09,3,6.488,0,2193681000,7,2025,
2025-07-09,4,6.537,0,2193681000,7,2025,
2025-07-09,5,2.138,0,2193681000,7,2025,
2025-07-09,6,0.0,0,2193681000,7,2025,
2025-07-09,7,0.001,0,2193681000,7,2025,
2025-07-09,8,0.0,0,2193681000,7,2025,
2025-07-09,9,0.001,0,2193681000,7,2025,
2025-07-09,10,0.0,0,2193681000,7,2025,
2025-07-09,11,0.001,0,2193681000,7,2025,
2025-07-09,12,0.0,0,2193681000,7,2025,
2025-07-09,13,0.001,0,2193681000,7,2025,
2025-07-09,14,0.0,0,2193681000,7,2025,
2025-07-09,15,0.001,0,2193681000,7,2025,
2025-07-09,16,0.001,0,2193681000,7,2025,
2025-07-09,17,0.0,0,2193681000,7,2025,
2025-07-09,18,0.001,0,2193681000,7,2025,
2025-07-09,19,0.0,0,2193681000,7,2025,
2025-07-09,20,4.21,0,2193681000,7,2025,
2025-07-09,21,6.108,0,2193681000,7,2025,
2025-07-09,22,6.157,0,2193681000,7,2025,
2025-07-09,23,6.21,0,2193681000,7,2025,
2025-07-10,0,6.257,0,2193681000,7,2025,
2025-07-10,1,6.316,0,2193681000,7,2025,
2025-07-10,2,6.394,0,2193681000,7,2025,
2025-07-10,3,6.446,0,2193681000,7,2025,
2025-07-10,4,6.499,0,2193681000,7,2025,
2025-07-10,5,2.228,0,2193681000,7,2025,
2025-07-10,6,0.0,0,2193681000,7,2025,
2025-07-10,7,0.001,0,2193681000,7,2025,
2025-07-10,8,0.0,0,2193681000,7,2025,
2025-07-10,9,0.001,0,2193681000,7,2025,
2025-07-10,10,0.0,0,2193681000,7,2025,
2025-07-10,11,0.001,0,2193681000,7,2025,
2025-07-10,12,0.0,0,2193681000,7,2025,
2025-07-10,13,0.001,0,2193681000,7,2025,
2025-07-10,14,0.0,0,2193681000,7,2025,
2025-07-10,15,0.001,0,2193681000,7,2025,
2025-07-10,16,0.0,0,2193681000,7,2025,
2025-07-10,17,0.001,0,2193681000,7,2025,
2025-07-10,18,0.0,0,2193681000,7,2025,
2025-07-10,19,0.001,0,2193681000,7,2025,
2025-07-10,20,4.417,0,2193681000,7,2025,
2025-07-10,21,6.212,0,2193681000,7,2025,
2025-07-10,22,6.294,0,2193681000,7,2025,
2025-07-10,23,6.263,0,2193681000,7,2025,
2025-07-11,0,6.296,0,2193681000,7,2025,
2025-07-11,1,6.362,0,2193681000,7,2025,
2025-07-11,2,6.429,0,2193681000,7,2025,
2025-07-11,3,6.465,0,2193681000,7,2025,
2025-07-11,4,6.439,0,2193681000,7,2025,
2025-07-11,5,2.315,0,2193681000,7,2025,
2025-07-11,6,0.0,0,2193681000,7,2025,
2025-07-11,7,0.001,0,2193681000,7,2025,
2025-07-11,8,0.0,0,2193681000,7,2025,
2025-07-11,9,0.001,0,2193681000,7,2025,
2025-07-11,10,0.0,0,2193681000,7,2025,
2025-07-11,11,0.001,0,2193681000,7,2025,
2025-07-11,12,0.0,0,2193681000,7,2025,
2025-07-11,13,0.001,0,2193681000,7,2025,
2025-07-11,14,0.0,0,2193681000,7,2025,
2025-07-11,15,0.001,0,2193681000,7,2025,
2025-07-11,16,0.0,0,2193681000,7,2025,
2025-07-11,17,0.001,0,2193681000,7,2025,
2025-07-11,18,0.0,0,2193681000,7,2025,
2025-07-11,19,0.001,0,2193681000,7,2025,
2025-07-11,20,4.412,0,2193681000,7,2025,
2025-07-11,21,6.187,0,2193681000,7,2025,
2025-07-11,22,6.183,0,2193681000,7,2025,
2025-07-11,23,6.247,0,2193681000,7,2025,
2025-07-12,0,6.265,0,2193681000,7,2025,
2025-07-12,1,6.323,0,2193681000,7,2025,
2025-07-12,2,6.385,0,2193681000,7,2025,
2025-07-12,3,6.412,0,2193681000,7,2025,
2025-07-12,4,6.46,0,2193681000,7,2025,
2025-07-12,5,2.331,0,2193681000,7,2025,
2025-07-12,6,0.0,0,2193681000,7,2025,
2025-07-12,7,0.001,0,2193681000,7,2025,
2025-07-12,8,0.0,0,2193681000,7,2025,
2025-07-12,9,0.001,0,2193681000,7,2025,
2025-07-12,10,0.0,0,2193681000,7,2025,
2025-07-12,11,0.001,0,2193681000,7,2025,
2025-07-12,12,0.0,0,2193681000,7,2025,
2025-07-12,13,0.001,0,2193681000,7,2025,
2025-07-12,14,0.0,0,2193681000,7,2025,
2025-07-12,15,0.001,0,2193681000,7,2025,
2025-07-12,16,0.0,0,2193681000,7,2025,
2025-07-12,17,0.001,0,2193681000,7,2025,
2025-07-12,18,0.0,0,2193681000,7,2025,
2025-07-12,19,0.001,0,2193681000,7,2025,
2025-07-12,20,4.541,0,2193681000,7,2025,
2025-07-12,21,6.214,0,2193681000,7,2025,
2025-07-12,22,6.3,0,2193681000,7,2025,
2025-07-12,23,6.32,0,2193681000,7,2025,
2025-07-13,0,6.375,0,2193681000,7,2025,
2025-07-13,1,6.43,0,2193681000,7,2025,
2025-07-13,2,6.451,0,2193681000,7,2025,
2025-07-13,3,6.467,0,2193681000,7,2025,
2025-07-13,4,6.525,0,2193681000,7,2025,
2025-07-13,5,2.448,0,2193681000,7,2025,
2025-07-13,6,0.0,0,2193681000,7,2025,
2025-07-13,7,0.001,0,2193681000,7,2025,
2025-07-13,8,0.0,0,2193681000,7,2025,
2025-07-13,9,0.001,0,2193681000,7,2025,
2025-07-13,10,0.0,0,2193681000,7,2025,
2025-07-13,11,0.001,0,2193681000,7,2025,
2025-07-13,12,0.0,0,2193681000,7,2025,
2025-07-13,13,0.001,0,2193681000,7,2025,
2025-07-13,14,0.0,0,2193681000,7,2025,
2025-07-13,15,0.001,0,2193681000,7,2025,
2025-07-13,16,0.0,0,2193681000,7,2025,
2025-07-13,17,0.001,0,2193681000,7,2025,
2025-07-13,18,0.0,0,2193681000,7,2025,
2025-07-13,19,0.001,0,2193681000,7,2025,
2025-07-13,20,4.581,0,2193681000,7,2025,
2025-07-13,21,6.238,0,2193681000,7,2025,
2025-07-13,22,6.332,0,2193681000,7,2025,
2025-07-13,23,6.369,0,2193681000,7,2025,
2025-07-14,0,6.443,0,2193681000,7,2025,
2025-07-14,1,6.477,0,2193681000,7,2025,
2025-07-14,2,6.494,0,2193681000,7,2025,
2025-07-14,3,6.505,0,2193681000,7,2025,
2025-07-14,4,6.095,0,2193681000,7,2025,
2025-07-14,5,2.075,0,2193681000,7,2025,
2025-07-14,6,0.0,0,2193681000,7,2025,
2025-07-14,7,0.001,0,2193681000,7,2025,
2025-07-14,8,0.0,0,2193681000,7,2025,
2025-07-14,9,0.001,0,2193681000,7,2025,
2025-07-14,10,0.0,0,2193681000,7,2025,
2025-07-14,11,0.001,0,2193681000,7,2025,
2025-07-14,12,0.0,0,2193681000,7,2025,
2025-07-14,13,0.001,0,2193681000,7,2025,
2025-07-14,14,0.0,0,2193681000,7,2025,
2025-07-14,15,0.001,0,2193681000,7,2025,
2025-07-14,16,0.0,0,2193681000,7,2025,
2025-07-14,17,0.001,0,2193681000,7,2025,
2025-07-14,18,0.0,0,2193681000,7,2025,
2025-07-14,19,0.001,0,2193681000,7,2025,
2025-07-14,20,4.619,0,2193681000,7,2025,
2025-07-14,21,6.212,0,2193681000,7,2025,
2025-07-14,22,6.188,0,2193681000,7,2025,
2025-07-14,23,6.221,0,2193681000,7,2025,
2025-07-15,0,6.272,0,2193681000,7,2025,
2025-07-15,1,6.334,0,2193681000,7,2025,
2025-07-15,2,6.515,0,2193681000,7,2025,
2025-07-15,3,6.545,0,2193681000,7,2025,
2025-07-15,4,6.6,0,2193681000,7,2025,
2025-07-15,5,2.709,0,2193681000,7,2025,
2025-07-15,6,0.0,0,2193681000,7,2025,
2025-07-15,7,0.001,0,2193681000,7,2025,
2025-07-15,8,0.0,0,2193681000,7,2025,
2025-07-15,9,0.001,0,2193681000,7,2025,
2025-07-15,10,0.0,0,2193681000,7,2025,
2025-07-15,11,0.001,0,2193681000,7,2025,
2025-07-15,12,0.0,0,2193681000,7,2025,
2025-07-15,13,0.001,0,2193681000,7,2025,
2025-07-15,14,0.0,0,2193681000,7,2025,
2025-07-15,15,0.001,0,2193681000,7,2025,
2025-07-15,16,0.0,0,2193681000,7,2025,
2025-07-15,17,0.001,0,2193681000,7,2025,
2025-07-15,18,0.0,0,2193681000,7,2025,
2025-07-15,19,0.001,0,2193681000,7,2025,
2025-07-15,20,4.571,0,2193681000,7,2025,
2025-07-15,21,6.115,0,2193681000,7,2025,
2025-07-15,22,6.176,0,2193681000,7,2025,
2025-07-15,23,6.22,0,2193681000,7,2025,
2025-07-16,0,6.298,0,2193681000,7,2025,
2025-07-16,1,6.362,0,2193681000,7,2025,
2025-07-16,2,6.439,0,2193681000,7,2025,
2025-07-16,3,6.437,0,2193681000,7,2025,
2025-07-16,4,6.467,0,2193681000,7,2025,
2025-07-16,5,2.734,0,2193681000,7,2025,
2025-07-16,6,0.001,0,2193681000,7,2025,
2025-07-16,7,0.0,0,2193681000,7,2025,
2025-07-16,8,0.001,0,2193681000,7,2025,
2025-07-16,9,0.0,0,2193681000,7,2025,
2025-07-16,10,0.001,0,2193681000,7,2025,
2025-07-16,11,0.0,0,2193681000,7,2025,
2025-07-16,12,0.001,0,2193681000,7,2025,
2025-07-16,13,0.0,0,2193681000,7,2025,
2025-07-16,14,0.001,0,2193681000,7,2025,
2025-07-16,15,0.0,0,2193681000,7,2025,
2025-07-16,16,0.001,0,2193681000,7,2025,
2025-07-16,17,0.0,0,2193681000,7,2025,
2025-07-16,18,0.001,0,2193681000,7,2025,
2025-07-16,19,0.0,0,2193681000,7,2025,
2025-07-16,20,4.223,0,2193681000,7,2025,
2025-07-16,21,5.548,0,2193681000,7,2025,
2025-07-16,22,5.604,0,2193681000,7,2025,
2025-07-16,23,5.668,0,2193681000,7,2025,
2025-07-17,0,5.684,0,2193681000,7,2025,
2025-07-17,1,6.042,0,2193681000,7,2025,
2025-07-17,2,6.349,0,2193681000,7,2025,
2025-07-17,3,6.381,0,2193681000,7,2025,
2025-07-17,4,6.414,0,2193681000,7,2025,
2025-07-17,5,2.711,0,2193681000,7,2025,
2025-07-17,6,0.0,0,2193681000,7,2025,
2025-07-17,7,0.001,0,2193681000,7,2025,
2025-07-17,8,0.0,0,2193681000,7,2025,
2025-07-17,9,0.001,0,2193681000,7,2025,
2025-07-17,10,0.0,0,2193681000,7,2025,
2025-07-17,11,0.001,0,2193681000,7,2025,
2025-07-17,12,0.0,0,2193681000,7,2025,
2025-07-17,13,0.001,0,2193681000,7,2025,
2025-07-17,14,0.0,0,2193681000,7,2025,
2025-07-17,15,0.001,0,2193681000,7,2025,
2025-07-17,16,0.0,0,2193681000,7,2025,
2025-07-17,17,0.001,0,2193681000,7,2025,
2025-07-17,18,0.0,0,2193681000,7,2025,
2025-07-17,19,0.001,0,2193681000,7,2025,
2025-07-17,20,4.764,0,2193681000,7,2025,
2025-07-17,21,6.126,0,2193681000,7,2025,
2025-07-17,22,6.178,0,2193681000,7,2025,
2025-07-17,23,6.218,0,2193681000,7,2025,
2025-07-18,0,6.208,0,2193681000,7,2025,
2025-07-18,1,6.281,0,2193681000,7,2025,
2025-07-18,2,6.323,0,2193681000,7,2025,
2025-07-18,3,6.384,0,2193681000,7,2025,
2025-07-18,4,6.459,0,2193681000,7,2025,
2025-07-18,5,2.831,0,2193681000,7,2025,
2025-07-18,6,0.0,0,2193681000,7,2025,
2025-07-18,7,0.001,0,2193681000,7,2025,
2025-07-18,8,0.0,0,2193681000,7,2025,
2025-07-18,9,0.001,0,2193681000,7,2025,
2025-07-18,10,0.0,0,2193681000,7,2025,
2025-07-18,11,0.001,0,2193681000,7,2025,
2025-07-18,12,0.0,0,2193681000,7,2025,
2025-07-18,13,0.001,0,2193681000,7,2025,
2025-07-18,14,0.0,0,2193681000,7,2025,
2025-07-18,15,0.001,0,2193681000,7,2025,
2025-07-18,16,0.0,0,2193681000,7,2025,
2025-07-18,17,0.001,0,2193681000,7,2025,
2025-07-18,18,0.0,0,2193681000,7,2025,
2025-07-18,19,0.001,0,2193681000,7,2025,
2025-07-18,20,4.743,0,2193681000,7,2025,
2025-07-18,21,6.084,0,2193681000,7,2025,
2025-07-18,22,6.149,0,2193681000,7,2025,
2025-07-18,23,6.169,0,2193681000,7,2025,
2025-07-19,0,6.174,0,2193681000,7,2025,
2025-07-19,1,6.266,0,2193681000,7,2025,
2025-07-19,2,6.322,0,2193681000,7,2025,
2025-07-19,3,6.385,0,2193681000,7,2025,
2025-07-19,4,6.41,0,2193681000,7,2025,
2025-07-19,5,2.926,0,2193681000,7,2025,
2025-07-19,6,0.001,0,2193681000,7,2025,
2025-07-19,7,0.0,0,2193681000,7,2025,
2025-07-19,8,0.001,0,2193681000,7,2025,
2025-07-19,9,0.0,0,2193681000,7,2025,
2025-07-19,10,0.001,0,2193681000,7,2025,
2025-07-19,11,0.0,0,2193681000,7,2025,
2025-07-19,12,0.001,0,2193681000,7,2025,
2025-07-19,13,0.0,0,2193681000,7,2025,
2025-07-19,14,0.001,0,2193681000,7,2025,
2025-07-19,15,0.0,0,2193681000,7,2025,
2025-07-19,16,0.001,0,2193681000,7,2025,
2025-07-19,17,0.0,0,2193681000,7,2025,
2025-07-19,18,0.001,0,2193681000,7,2025,
2025-07-19,19,0.0,0,2193681000,7,2025,
2025-07-19,20,4.887,0,2193681000,7,2025,
2025-07-19,21,6.152,0,2193681000,7,2025,
2025-07-19,22,6.212,0,2193681000,7,2025,
2025-07-19,23,6.234,0,2193681000,7,2025,
2025-07-20,0,6.231,0,2193681000,7,2025,
2025-07-20,1,6.313,0,2193681000,7,2025,
2025-07-20,2,6.35,0,2193681000,7,2025,
2025-07-20,3,6.381,0,2193681000,7,2025,
2025-07-20,4,6.403,0,2193681000,7,2025,
2025-07-20,5,3.031,0,2193681000,7,2025,
2025-07-20,6,0.0,0,2193681000,7,2025,
2025-07-20,7,0.001,0,2193681000,7,2025,
2025-07-20,8,0.0,0,2193681000,7,2025,
2025-07-20,9,0.001,0,2193681000,7,2025,
2025-07-20,10,0.0,0,2193681000,7,2025,
2025-07-20,11,0.001,0,2193681000,7,2025,
2025-07-20,12,0.0,0,2193681000,7,2025,
2025-07-20,13,0.001,0,2193681000,7,2025,
2025-07-20,14,0.0,0,2193681000,7,2025,
2025-07-20,15,0.001,0,2193681000,7,2025,
2025-07-20,16,0.0,0,2193681000,7,2025,
2025-07-20,17,0.001,0,2193681000,7,2025,
2025-07-20,18,0.0,0,2193681000,7,2025,
2025-07-20,19,0.001,0,2193681000,7,2025,
2025-07-20,20,4.991,0,2193681000,7,2025,
2025-07-20,21,6.152,0,2193681000,7,2025,
2025-07-20,22,6.226,0,2193681000,7,2025,
2025-07-20,23,6.249,0,2193681000,7,2025,
2025-07-21,0,6.343,0,2193681000,7,2025,
2025-07-21,1,6.394,0,2193681000,7,2025,
2025-07-21,2,6.429,0,2193681000,7,2025,
2025-07-21,3,6.438,0,2193681000,7,2025,
2025-07-21,4,6.467,0,2193681000,7,2025,
2025-07-21,5,3.161,0,2193681000,7,2025,
2025-07-21,6,0.001,0,2193681000,7,2025,
2025-07-21,7,0.0,0,2193681000,7,2025,
2025-07-21,8,0.001,0,2193681000,7,2025,
2025-07-21,9,0.0,0,2193681000,7,2025,
2025-07-21,10,0.001,0,2193681000,7,2025,
2025-07-21,11,0.0,0,2193681000,7,2025,
2025-07-21,12,0.001,0,2193681000,7,2025,
2025-07-21,13,0.0,0,2193681000,7,2025,
2025-07-21,14,0.001,0,2193681000,7,2025,
2025-07-21,15,0.0,0,2193681000,7,2025,
2025-07-21,16,0.001,0,2193681000,7,2025,
2025-07-21,17,0.0,0,2193681000,7,2025,
2025-07-21,18,0.001,0,2193681000,7,2025,
2025-07-21,19,0.0,0,2193681000,7,2025,
2025-07-21,20,5.199,0,2193681000,7,2025,
2025-07-21,21,6.27,0,2193681000,7,2025,
2025-07-21,22,6.238,0,2193681000,7,2025,
2025-07-21,23,6.279,0,2193681000,7,2025,
2025-07-22,0,6.288,0,2193681000,7,2025,
2025-07-22,1,6.334,0,2193681000,7,2025,
2025-07-22,2,6.683,0,2193681000,7,2025,
2025-07-22,3,7.304,0,2193681000,7,2025,
2025-07-22,4,7.367,0,2193681000,7,2025,
2025-07-22,5,3.723,0,2193681000,7,2025,
2025-07-22,6,0.001,0,2193681000,7,2025,
2025-07-22,7,0.0,0,2193681000,7,2025,
2025-07-22,8,0.001,0,2193681000,7,2025,
2025-07-22,9,0.0,0,2193681000,7,2025,
2025-07-22,10,0.001,0,2193681000,7,2025,
2025-07-22,11,0.0,0,2193681000,7,2025,
2025-07-22,12,0.001,0,2193681000,7,2025,
2025-07-22,13,0.0,0,2193681000,7,2025,
2025-07-22,14,0.001,0,2193681000,7,2025,
2025-07-22,15,0.0,0,2193681000,7,2025,
2025-07-22,16,0.001,0,2193681000,7,2025,
2025-07-22,17,0.0,0,2193681000,7,2025,
2025-07-22,18,0.001,0,2193681000,7,2025,
2025-07-22,19,0.0,0,2193681000,7,2025,
2025-07-22,20,5.763,0,2193681000,7,2025,
2025-07-22,21,6.94,0,2193681000,7,2025,
2025-07-22,22,7.293,0,2193681000,7,2025,
2025-07-22,23,7.175,0,2193681000,7,2025,
2025-07-23,0,7.281,0,2193681000,7,2025,
2025-07-23,1,7.39,0,2193681000,7,2025,
2025-07-23,2,7.448,0,2193681000,7,2025,
2025-07-23,3,7.53,0,2193681000,7,2025,
2025-07-23,4,7.566,0,2193681000,7,2025,
2025-07-23,5,3.814,0,2193681000,7,2025,
2025-07-23,6,0.0,0,2193681000,7,2025,
2025-07-23,7,0.001,0,2193681000,7,2025,
2025-07-23,8,0.0,0,2193681000,7,2025,
2025-07-23,9,0.001,0,2193681000,7,2025,
2025-07-23,10,0.0,0,2193681000,7,2025,
2025-07-23,11,0.001,0,2193681000,7,2025,
2025-07-23,12,0.0,0,2193681000,7,2025,
2025-07-23,13,0.001,0,2193681000,7,2025,
2025-07-23,14,0.0,0,2193681000,7,2025,
2025-07-23,15,0.001,0,2193681000,7,2025,
2025-07-23,16,0.0,0,2193681000,7,2025,
2025-07-23,17,0.001,0,2193681000,7,2025,
2025-07-23,18,0.0,0,2193681000,7,2025,
2025-07-23,19,0.001,0,2193681000,7,2025,
2025-07-23,20,5.83,0,2193681000,7,2025,
2025-07-23,21,6.893,0,2193681000,7,2025,
2025-07-23,22,7.267,0,2193681000,7,2025,
2025-07-23,23,7.275,0,2193681000,7,2025,
2025-07-24,0,7.328,0,2193681000,7,2025,
2025-07-24,1,7.41,0,2193681000,7,2025,
2025-07-24,2,7.489,0,2193681000,7,2025,
2025-07-24,3,7.528,0,2193681000,7,2025,
2025-07-24,4,7.549,0,2193681000,7,2025,
2025-07-24,5,3.919,0,2193681000,7,2025,
2025-07-24,6,0.001,0,2193681000,7,2025,
2025-07-24,7,0.0,0,2193681000,7,2025,
2025-07-24,8,0.001,0,2193681000,7,2025,
2025-07-24,9,0.0,0,2193681000,7,2025,
2025-07-24,10,0.001,0,2193681000,7,2025,
2025-07-24,11,0.0,0,2193681000,7,2025,
2025-07-24,12,0.001,0,2193681000,7,2025,
2025-07-24,13,0.0,0,2193681000,7,2025,
2025-07-24,14,0.001,0,2193681000,7,2025,
2025-07-24,15,0.0,0,2193681000,7,2025,
2025-07-24,16,0.001,0,2193681000,7,2025,
2025-07-24,17,0.0,0,2193681000,7,2025,
2025-07-24,18,0.001,0,2193681000,7,2025,
2025-07-24,19,0.0,0,2193681000,7,2025,
2025-07-24,20,5.843,0,2193681000,7,2025,
2025-07-24,21,6.77,0,2193681000,7,2025,
2025-07-24,22,6.832,0,2193681000,7,2025,
2025-07-24,23,6.902,0,2193681000,7,2025,
2025-07-25,0,6.967,0,2193681000,7,2025,
2025-07-25,1,7.098,0,2193681000,7,2025,
2025-07-25,2,7.174,0,2193681000,7,2025,
2025-07-25,3,7.235,0,2193681000,7,2025,
2025-07-25,4,7.288,0,2193681000,7,2025,
2025-07-25,5,3.913,0,2193681000,7,2025,
2025-07-25,6,0.0,0,2193681000,7,2025,
2025-07-25,7,0.001,0,2193681000,7,2025,
2025-07-25,8,0.0,0,2193681000,7,2025,
2025-07-25,9,0.001,0,2193681000,7,2025,
2025-07-25,10,0.0,0,2193681000,7,2025,
2025-07-25,11,0.001,0,2193681000,7,2025,
2025-07-25,12,0.0,0,2193681000,7,2025,
2025-07-25,13,0.001,0,2193681000,7,2025,
2025-07-25,14,0.0,0,2193681000,7,2025,
2025-07-25,15,0.001,0,2193681000,7,2025,
2025-07-25,16,0.0,0,2193681000,7,2025,
2025-07-25,17,0.001,0,2193681000,7,2025,
2025-07-25,18,0.0,0,2193681000,7,2025,
2025-07-25,19,0.001,0,2193681000,7,2025,
2025-07-25,20,6.051,0,2193681000,7,2025,
2025-07-25,21,6.943,0,2193681000,7,2025,
2025-07-25,22,7.009,0,2193681000,7,2025,
2025-07-25,23,7.059,0,2193681000,7,2025,
2025-07-26,0,7.038,0,2193681000,7,2025,
2025-07-26,1,7.143,0,2193681000,7,2025,
2025-07-26,2,7.169,0,2193681000,7,2025,
2025-07-26,3,7.229,0,2193681000,7,2025,
2025-07-26,4,7.285,0,2193681000,7,2025,
2025-07-26,5,4.046,0,2193681000,7,2025,
2025-07-26,6,0.0,0,2193681000,7,2025,
2025-07-26,7,0.001,0,2193681000,7,2025,
2025-07-26,8,0.0,0,2193681000,7,2025,
2025-07-26,9,0.001,0,2193681000,7,2025,
2025-07-26,10,0.0,0,2193681000,7,2025,
2025-07-26,11,0.001,0,2193681000,7,2025,
2025-07-26,12,0.0,0,2193681000,7,2025,
2025-07-26,13,0.001,0,2193681000,7,2025,
2025-07-26,14,0.0,0,2193681000,7,2025,
2025-07-26,15,0.001,0,2193681000,7,2025,
2025-07-26,16,0.0,0,2193681000,7,2025,
2025-07-26,17,0.001,0,2193681000,7,2025,
2025-07-26,18,0.0,0,2193681000,7,2025,
2025-07-26,19,0.001,0,2193681000,7,2025,
2025-07-26,20,6.2,0,2193681000,7,2025,
2025-07-26,21,6.915,0,2193681000,7,2025,
2025-07-26,22,6.973,0,2193681000,7,2025,
2025-07-26,23,7.033,0,2193681000,7,2025,
2025-07-27,0,6.896,0,2193681000,7,2025,
2025-07-27,1,7.003,0,2193681000,7,2025,
2025-07-27,2,7.034,0,2193681000,7,2025,
2025-07-27,3,7.083,0,2193681000,7,2025,
2025-07-27,4,7.14,0,2193681000,7,2025,
2025-07-27,5,4.066,0,2193681000,7,2025,
2025-07-27,6,0.0,0,2193681000,7,2025,
2025-07-27,7,0.001,0,2193681000,7,2025,
2025-07-27,8,0.0,0,2193681000,7,2025,
2025-07-27,9,0.001,0,2193681000,7,2025,
2025-07-27,10,0.0,0,2193681000,7,2025,
2025-07-27,11,0.001,0,2193681000,7,2025,
2025-07-27,12,0.0,0,2193681000,7,2025,
2025-07-27,13,0.001,0,2193681000,7,2025,
2025-07-27,14,0.0,0,2193681000,7,2025,
2025-07-27,15,0.001,0,2193681000,7,2025,
2025-07-27,16,0.0,0,2193681000,7,2025,
2025-07-27,17,0.001,0,2193681000,7,2025,
2025-07-27,18,0.0,0,2193681000,7,2025,
2025-07-27,19,0.001,0,2193681000,7,2025,
2025-07-27,20,6.394,0,2193681000,7,2025,
2025-07-27,21,6.968,0,2193681000,7,2025,
2025-07-27,22,7.027,0,2193681000,7,2025,
2025-07-27,23,7.084,0,2193681000,7,2025,
2025-07-28,0,7.03,0,2193681000,7,2025,
2025-07-28,1,7.086,0,2193681000,7,2025,
2025-07-28,2,7.14,0,2193681000,7,2025,
2025-07-28,3,7.204,0,2193681000,7,2025,
2025-07-28,4,6.508,0,2193681000,7,2025,
2025-07-28,5,3.513,0,2193681000,7,2025,
2025-07-28,6,0.001,0,2193681000,7,2025,
2025-07-28,7,0.0,0,2193681000,7,2025,
2025-07-28,8,0.001,0,2193681000,7,2025,
2025-07-28,9,0.0,0,2193681000,7,2025,
2025-07-28,10,0.001,0,2193681000,7,2025,
2025-07-28,11,0.0,0,2193681000,7,2025,
2025-07-28,12,0.001,0,2193681000,7,2025,
2025-07-28,13,0.0,0,2193681000,7,2025,
2025-07-28,14,0.001,0,2193681000,7,2025,
2025-07-28,15,0.0,0,2193681000,7,2025,
2025-07-28,16,0.001,0,2193681000,7,2025,
2025-07-28,17,0.0,0,2193681000,7,2025,
2025-07-28,18,0.001,0,2193681000,7,2025,
2025-07-28,19,0.0,0,2193681000,7,2025,
2025-07-28,20,6.327,0,2193681000,7,2025,
2025-07-28,21,6.831,0,2193681000,7,2025,
2025-07-28,22,6.907,0,2193681000,7,2025,
2025-07-28,23,6.95,0,2193681000,7,2025,
2025-07-29,0,6.956,0,2193681000,7,2025,
2025-07-29,1,7.089,0,2193681000,7,2025,
2025-07-29,2,7.168,0,2193681000,7,2025,
2025-07-29,3,7.208,0,2193681000,7,2025,
2025-07-29,4,7.253,0,2193681000,7,2025,
2025-07-29,5,4.359,0,2193681000,7,2025,
2025-07-29,6,0.0,0,2193681000,7,2025,
2025-07-29,7,0.001,0,2193681000,7,2025,
2025-07-29,8,0.0,0,2193681000,7,2025,
2025-07-29,9,0.001,0,2193681000,7,2025,
2025-07-29,10,0.0,0,2193681000,7,2025,
2025-07-29,11,0.001,0,2193681000,7,2025,
2025-07-29,12,0.0,0,2193681000,7,2025,
2025-07-29,13,0.001,0,2193681000,7,2025,
2025-07-29,14,0.0,0,2193681000,7,2025,
2025-07-29,15,0.001,0,2193681000,7,2025,
2025-07-29,16,0.0,0,2193681000,7,2025,
2025-07-29,17,0.001,0,2193681000,7,2025,
2025-07-29,18,0.0,0,2193681000,7,2025,
2025-07-29,19,0.001,0,2193681000,7,2025,
2025-07-29,20,6.557,0,2193681000,7,2025,
2025-07-29,21,6.915,0,2193681000,7,2025,
2025-07-29,22,7.012,0,2193681000,7,2025,
2025-07-29,23,6.978,0,2193681000,7,2025,
2025-07-30,0,6.998,0,2193681000,7,2025,
2025-07-30,1,7.096,0,2193681000,7,2025,
2025-07-30,2,7.184,0,2193681000,7,2025,
2025-07-30,3,7.229,0,2193681000,7,2025,
2025-07-30,4,7.282,0,2193681000,7,2025,
2025-07-30,5,4.478,0,2193681000,7,2025,
2025-07-30,6,0.001,0,2193681000,7,2025,
2025-07-30,7,0.0,0,2193681000,7,2025,
2025-07-30,8,0.001,0,2193681000,7,2025,
2025-07-30,9,0.0,0,2193681000,7,2025,
2025-07-30,10,0.001,0,2193681000,7,2025,
2025-07-30,11,0.0,0,2193681000,7,2025,
2025-07-30,12,0.001,0,2193681000,7,2025,
2025-07-30,13,0.0,0,2193681000,7,2025,
2025-07-30,14,0.001,0,2193681000,7,2025,
2025-07-30,15,0.0,0,2193681000,7,2025,
2025-07-30,16,0.001,0,2193681000,7,2025,
2025-07-30,17,0.0,0,2193681000,7,2025,
2025-07-30,18,0.001,0,2193681000,7,2025,
2025-07-30,19,0.0,0,2193681000,7,2025,
2025-07-30,20,6.605,0,2193681000,7,2025,
2025-07-30,21,6.892,0,2193681000,7,2025,
2025-07-30,22,6.963,0,2193681000,7,2025,
2025-07-30,23,7.019,0,2193681000,7,2025,
2025-07-31,0,7.046,0,2193681000,7,2025,
2025-07-31,1,7.14,0,2193681000,7,2025,
2025-07-31,2,7.197,0,2193681000,7,2025,
2025-07-31,3,7.229,0,2193681000,7,2025,
2025-07-31,4,7.275,0,2193681000,7,2025,
2025-07-31,5,4.615,0,2193681000,7,2025,
2025-07-31,6,0.001,0,2193681000,7,2025,
2025-07-31,7,0.0,0,2193681000,7,2025,
2025-07-31,8,0.001,0,2193681000,7,2025,
2025-07-31,9,0.0,0,2193681000,7,2025,
2025-07-31,10,0.001,0,2193681000,7,2025,
2025-07-31,11,0.0,0,2193681000,7,2025,
2025-07-31,12,0.001,0,2193681000,7,2025,
2025-07-31,13,0.0,0,2193681000,7,2025,
2025-07-31,14,0.001,0,2193681000,7,2025,
2025-07-31,15,0.0,0,2193681000,7,2025,
2025-07-31,16,0.001,0,2193681000,7,2025,
2025-07-31,17,0.0,0,2193681000,7,2025,
2025-07-31,18,0.001,0,2193681000,7,2025,
2025-07-31,19,0.0,0,2193681000,7,2025,
2025-07-31,20,6.759,0,2193681000,7,2025,
2025-07-31,21,6.884,0,2193681000,7,2025,
2025-07-31,22,6.947,0,2193681000,7,2025,
2025-07-31,23,7.007,0,2193681000,7,2025,
2025-08-01,0,7.039,0,2193681000,8,2025,
2025-08-01,1,7.112,0,2193681000,8,2025,
2025-08-01,2,7.22,0,2193681000,8,2025,
2025-08-01,3,7.257,0,2193681000,8,2025,
2025-08-01,4,7.332,0,2193681000,8,2025,
2025-08-01,5,4.768,0,2193681000,8,2025,
2025-08-01,6,0.0,0,2193681000,8,2025,
2025-08-01,7,0.001,0,2193681000,8,2025,
2025-08-01,8,0.0,0,2193681000,8,2025,
2025-08-01,9,0.001,0,2193681000,8,2025,
2025-08-01,10,0.0,0,2193681000,8,2025,
2025-08-01,11,0.0,0,2193681000,8,2025,
2025-08-01,12,0.0,0,2193681000,8,2025,
2025-08-01,13,0.001,0,2193681000,8,2025,
2025-08-01,14,0.0,0,2193681000,8,2025,
2025-08-01,15,0.001,0,2193681000,8,2025,
2025-08-01,16,0.0,0,2193681000,8,2025,
2025-08-01,17,0.001,0,2193681000,8,2025,
2025-08-01,18,0.0,0,2193681000,8,2025,
2025-08-01,19,0.072,0,2193681000,8,2025,
2025-08-01,20,6.905,0,2193681000,8,2025,
2025-08-01,21,6.972,0,2193681000,8,2025,
2025-08-01,22,7.044,0,2193681000,8,2025,
2025-08-01,23,7.061,0,2193681000,8,2025,
2025-08-02,0,7.045,0,2193681000,8,2025,
2025-08-02,1,7.078,0,2193681000,8,2025,
2025-08-02,2,7.171,0,2193681000,8,2025,
2025-08-02,3,7.249,0,2193681000,8,2025,
2025-08-02,4,7.273,0,2193681000,8,2025,
2025-08-02,5,4.819,0,2193681000,8,2025,
2025-08-02,6,0.0,0,2193681000,8,2025,
2025-08-02,7,0.001,0,2193681000,8,2025,
2025-08-02,8,0.0,0,2193681000,8,2025,
2025-08-02,9,0.001,0,2193681000,8,2025,
2025-08-02,10,0.0,0,2193681000,8,2025,
2025-08-02,11,0.001,0,2193681000,8,2025,
2025-08-02,12,0.0,0,2193681000,8,2025,
2025-08-02,13,0.001,0,2193681000,8,2025,
2025-08-02,14,0.0,0,2193681000,8,2025,
2025-08-02,15,0.001,0,2193681000,8,2025,
2025-08-02,16,0.0,0,2193681000,8,2025,
2025-08-02,17,0.001,0,2193681000,8,2025,
2025-08-02,18,0.0,0,2193681000,8,2025,
2025-08-02,19,0.163,0,2193681000,8,2025,
2025-08-02,20,6.91,0,2193681000,8,2025,
2025-08-02,21,6.973,0,2193681000,8,2025,
2025-08-02,22,7.023,0,2193681000,8,2025,
2025-08-02,23,7.088,0,2193681000,8,2025,
2025-08-03,0,7.084,0,2193681000,8,2025,
2025-08-03,1,7.151,0,2193681000,8,2025,
2025-08-03,2,7.232,0,2193681000,8,2025,
2025-08-03,3,7.265,0,2193681000,8,2025,
2025-08-03,4,7.3,0,2193681000,8,2025,
2025-08-03,5,5.003,0,2193681000,8,2025,
2025-08-03,6,0.001,0,2193681000,8,2025,
2025-08-03,7,0.0,0,2193681000,8,2025,
2025-08-03,8,0.001,0,2193681000,8,2025,
2025-08-03,9,0.0,0,2193681000,8,2025,
2025-08-03,10,0.001,0,2193681000,8,2025,
2025-08-03,11,0.0,0,2193681000,8,2025,
2025-08-03,12,0.001,0,2193681000,8,2025,
2025-08-03,13,0.0,0,2193681000,8,2025,
2025-08-03,14,0.001,0,2193681000,8,2025,
2025-08-03,15,0.0,0,2193681000,8,2025,
2025-08-03,16,0.001,0,2193681000,8,2025,
2025-08-03,17,0.0,0,2193681000,8,2025,
2025-08-03,18,0.001,0,2193681000,8,2025,
2025-08-03,19,0.274,0,2193681000,8,2025,
2025-08-03,20,6.939,0,2193681000,8,2025,
2025-08-03,21,6.953,0,2193681000,8,2025,
2025-08-03,22,7.018,0,2193681000,8,2025,
2025-08-03,23,7.047,0,2193681000,8,2025,
2025-08-04,0,7.195,0,2193681000,8,2025,
2025-08-04,1,7.305,0,2193681000,8,2025,
2025-08-04,2,7.357,0,2193681000,8,2025,
2025-08-04,3,7.377,0,2193681000,8,2025,
2025-08-04,4,7.408,0,2193681000,8,2025,
2025-08-04,5,5.181,0,2193681000,8,2025,
2025-08-04,6,0.0,0,2193681000,8,2025,
2025-08-04,7,0.001,0,2193681000,8,2025,
2025-08-04,8,0.0,0,2193681000,8,2025,
2025-08-04,9,0.001,0,2193681000,8,2025,
2025-08-04,10,0.0,0,2193681000,8,2025,
2025-08-04,11,0.001,0,2193681000,8,2025,
2025-08-04,12,0.0,0,2193681000,8,2025,
2025-08-04,13,0.001,0,2193681000,8,2025,
2025-08-04,14,0.0,0,2193681000,8,2025,
2025-08-04,15,0.001,0,2193681000,8,2025,
2025-08-04,16,0.0,0,2193681000,8,2025,
2025-08-04,17,0.001,0,2193681000,8,2025,
2025-08-04,18,0.0,0,2193681000,8,2025,
2025-08-04,19,0.383,0,2193681000,8,2025,
2025-08-04,20,6.877,0,2193681000,8,2025,
2025-08-04,21,6.906,0,2193681000,8,2025,
2025-08-04,22,6.964,0,2193681000,8,2025,
2025-08-04,23,7.012,0,2193681000,8,2025,
2025-08-05,0,7.009,0,2193681000,8,2025,
2025-08-05,1,7.121,0,2193681000,8,2025,
2025-08-05,2,7.155,0,2193681000,8,2025,
2025-08-05,3,7.211,0,2193681000,8,2025,
2025-08-05,4,7.241,0,2193681000,8,2025,
2025-08-05,5,5.199,0,2193681000,8,2025,
2025-08-05,6,0.001,0,2193681000,8,2025,
2025-08-05,7,0.0,0,2193681000,8,2025,
2025-08-05,8,0.001,0,2193681000,8,2025,
2025-08-05,9,0.0,0,2193681000,8,2025,
2025-08-05,10,0.001,0,2193681000,8,2025,
2025-08-05,11,0.0,0,2193681000,8,2025,
2025-08-05,12,0.001,0,2193681000,8,2025,
2025-08-05,13,0.001,0,2193681000,8,2025,
2025-08-05,14,0.0,0,2193681000,8,2025,
2025-08-05,15,0.001,0,2193681000,8,2025,
2025-08-05,16,0.0,0,2193681000,8,2025,
2025-08-05,17,0.001,0,2193681000,8,2025,
2025-08-05,18,0.0,0,2193681000,8,2025,
2025-08-05,19,0.61,0,2193681000,8,2025,
2025-08-05,20,6.879,0,2193681000,8,2025,
2025-08-05,21,6.912,0,2193681000,8,2025,
2025-08-05,22,7.007,0,2193681000,8,2025,
2025-08-05,23,7.038,0,2193681000,8,2025,
2025-08-06,0,7.069,0,2193681000,8,2025,
2025-08-06,1,7.155,0,2193681000,8,2025,
2025-08-06,2,7.227,0,2193681000,8,2025,
2025-08-06,3,7.252,0,2193681000,8,2025,
2025-08-06,4,7.324,0,2193681000,8,2025,
2025-08-06,5,5.338,0,2193681000,8,2025,
2025-08-06,6,0.0,0,2193681000,8,2025,
2025-08-06,7,0.001,0,2193681000,8,2025,
2025-08-06,8,0.0,0,2193681000,8,2025,
2025-08-06,9,0.001,0,2193681000,8,2025,
2025-08-06,10,0.0,0,2193681000,8,2025,
2025-08-06,11,0.001,0,2193681000,8,2025,
2025-08-06,12,0.0,0,2193681000,8,2025,
2025-08-06,13,0.001,0,2193681000,8,2025,
2025-08-06,14,0.0,0,2193681000,8,2025,
2025-08-06,15,0.001,0,2193681000,8,2025,
2025-08-06,16,0.0,0,2193681000,8,2025,
2025-08-06,17,0.001,0,2193681000,8,2025,
2025-08-06,18,0.001,0,2193681000,8,2025,
2025-08-06,19,0.724,0,2193681000,8,2025,
2025-08-06,20,6.864,0,2193681000,8,2025,
2025-08-06,21,6.869,0,2193681000,8,2025,
2025-08-06,22,6.96,0,2193681000,8,2025,
2025-08-06,23,6.996,0,2193681000,8,2025,
2025-08-07,0,7.075,0,2193681000,8,2025,
2025-08-07,1,7.16,0,2193681000,8,2025,
2025-08-07,2,7.26,0,2193681000,8,2025,
2025-08-07,3,7.214,0,2193681000,8,2025,
2025-08-07,4,7.314,0,2193681000,8,2025,
2025-08-07,5,5.46,0,2193681000,8,2025,
2025-08-07,6,0.0,0,2193681000,8,2025,
2025-08-07,7,0.001,0,2193681000,8,2025,
2025-08-07,8,0.0,0,2193681000,8,2025,
2025-08-07,9,0.001,0,2193681000,8,2025,
2025-08-07,10,0.0,0,2193681000,8,2025,
2025-08-07,11,0.001,0,2193681000,8,2025,
2025-08-07,12,0.0,0,2193681000,8,2025,
2025-08-07,13,0.001,0,2193681000,8,2025,
2025-08-07,14,0.0,0,2193681000,8,2025,
2025-08-07,15,0.001,0,2193681000,8,2025,
2025-08-07,16,0.0,0,2193681000,8,2025,
2025-08-07,17,0.001,0,2193681000,8,2025,
2025-08-07,18,0.0,0,2193681000,8,2025,
2025-08-07,19,0.851,0,2193681000,8,2025,
2025-08-07,20,6.979,0,2193681000,8,2025,
2025-08-07,21,6.987,0,2193681000,8,2025,
2025-08-07,22,7.084,0,2193681000,8,2025,
2025-08-07,23,7.017,0,2193681000,8,2025,
2025-08-08,0,7.073,0,2193681000,8,2025,
2025-08-08,1,7.164,0,2193681000,8,2025,
2025-08-08,2,7.246,0,2193681000,8,2025,
2025-08-08,3,7.227,0,2193681000,8,2025,
2025-08-08,4,7.289,0,2193681000,8,2025,
2025-08-08,5,5.566,0,2193681000,8,2025,
2025-08-08,6,0.0,0,2193681000,8,2025,
2025-08-08,7,0.001,0,2193681000,8,2025,
2025-08-08,8,0.0,0,2193681000,8,2025,
2025-08-08,9,0.001,0,2193681000,8,2025,
2025-08-08,10,0.0,0,2193681000,8,2025,
2025-08-08,11,0.001,0,2193681000,8,2025,
2025-08-08,12,0.0,0,2193681000,8,2025,
2025-08-08,13,0.001,0,2193681000,8,2025,
2025-08-08,14,0.0,0,2193681000,8,2025,
2025-08-08,15,0.001,0,2193681000,8,2025,
2025-08-08,16,0.0,0,2193681000,8,2025,
2025-08-08,17,0.001,0,2193681000,8,2025,
2025-08-08,18,0.0,0,2193681000,8,2025,
2025-08-08,19,0.965,0,2193681000,8,2025,
2025-08-08,20,6.942,0,2193681000,8,2025,
2025-08-08,21,7.012,0,2193681000,8,2025,
2025-08-08,22,7.01,0,2193681000,8,2025,
2025-08-08,23,7.017,0,2193681000,8,2025,
2025-08-09,0,7.032,0,2193681000,8,2025,
2025-08-09,1,7.143,0,2193681000,8,2025,
2025-08-09,2,7.216,0,2193681000,8,2025,
2025-08-09,3,7.232,0,2193681000,8,2025,
2025-08-09,4,7.186,0,2193681000,8,2025,
2025-08-09,5,5.691,0,2193681000,8,2025,
2025-08-09,6,0.0,0,2193681000,8,2025,
2025-08-09,7,0.001,0,2193681000,8,2025,
2025-08-09,8,0.0,0,2193681000,8,2025,
2025-08-09,9,0.001,0,2193681000,8,2025,
2025-08-09,10,0.001,0,2193681000,8,2025,
2025-08-09,11,0.0,0,2193681000,8,2025,
2025-08-09,12,0.001,0,2193681000,8,2025,
2025-08-09,13,0.0,0,2193681000,8,2025,
2025-08-09,14,0.001,0,2193681000,8,2025,
2025-08-09,15,0.0,0,2193681000,8,2025,
2025-08-09,16,0.001,0,2193681000,8,2025,
2025-08-09,17,0.0,0,2193681000,8,2025,
2025-08-09,18,0.001,0,2193681000,8,2025,
2025-08-09,19,1.207,0,2193681000,8,2025,
2025-08-09,20,6.979,0,2193681000,8,2025,
2025-08-09,21,7.014,0,2193681000,8,2025,
2025-08-09,22,7.077,0,2193681000,8,2025,
2025-08-09,23,7.071,0,2193681000,8,2025,
2025-08-10,0,7.064,0,2193681000,8,2025,
2025-08-10,1,7.148,0,2193681000,8,2025,
2025-08-10,2,7.188,0,2193681000,8,2025,
2025-08-10,3,7.258,0,2193681000,8,2025,
2025-08-10,4,7.353,0,2193681000,8,2025,
2025-08-10,5,5.852,0,2193681000,8,2025,
2025-08-10,6,0.0,0,2193681000,8,2025,
2025-08-10,7,0.001,0,2193681000,8,2025,
2025-08-10,8,0.0,0,2193681000,8,2025,
2025-08-10,9,0.001,0,2193681000,8,2025,
2025-08-10,10,0.0,0,2193681000,8,2025,
2025-08-10,11,0.001,0,2193681000,8,2025,
2025-08-10,12,0.0,0,2193681000,8,2025,
2025-08-10,13,0.001,0,2193681000,8,2025,
2025-08-10,14,0.0,0,2193681000,8,2025,
2025-08-10,15,0.001,0,2193681000,8,2025,
2025-08-10,16,0.0,0,2193681000,8,2025,
2025-08-10,17,0.001,0,2193681000,8,2025,
2025-08-10,18,0.0,0,2193681000,8,2025,
2025-08-10,19,1.325,0,2193681000,8,2025,
2025-08-10,20,7.016,0,2193681000,8,2025,
2025-08-10,21,6.997,0,2193681000,8,2025,
2025-08-10,22,7.043,0,2193681000,8,2025,
2025-08-10,23,7.102,0,2193681000,8,2025,
2025-08-11,0,7.212,0,2193681000,8,2025,
2025-08-11,1,7.252,0,2193681000,8,2025,
2025-08-11,2,7.264,0,2193681000,8,2025,
2025-08-11,3,7.309,0,2193681000,8,2025,
2025-08-11,4,7.344,0,2193681000,8,2025,
2025-08-11,5,5.947,0,2193681000,8,2025,
2025-08-11,6,0.001,0,2193681000,8,2025,
2025-08-11,7,0.0,0,2193681000,8,2025,
2025-08-11,8,0.001,0,2193681000,8,2025,
2025-08-11,9,0.0,0,2193681000,8,2025,
2025-08-11,10,0.001,0,2193681000,8,2025,
2025-08-11,11,0.001,0,2193681000,8,2025,
2025-08-11,12,0.0,0,2193681000,8,2025,
2025-08-11,13,0.001,0,2193681000,8,2025,
2025-08-11,14,0.0,0,2193681000,8,2025,
2025-08-11,15,0.001,0,2193681000,8,2025,
2025-08-11,16,0.0,0,2193681000,8,2025,
2025-08-11,17,0.001,0,2193681000,8,2025,
2025-08-11,18,0.0,0,2193681000,8,2025,
2025-08-11,19,1.447,0,2193681000,8,2025,
2025-08-11,20,6.925,0,2193681000,8,2025,
2025-08-11,21,6.967,0,2193681000,8,2025,
2025-08-11,22,7.044,0,2193681000,8,2025,
2025-08-11,23,7.09,0,2193681000,8,2025,
2025-08-12,0,7.154,0,2193681000,8,2025,
2025-08-12,1,7.23,0,2193681000,8,2025,
2025-08-12,2,7.293,0,2193681000,8,2025,
2025-08-12,3,7.348,0,2193681000,8,2025,
2025-08-12,4,7.419,0,2193681000,8,2025,
2025-08-12,5,6.142,0,2193681000,8,2025,
2025-08-12,6,0.0,0,2193681000,8,2025,
2025-08-12,7,0.001,0,2193681000,8,2025,
2025-08-12,8,0.001,0,2193681000,8,2025,
2025-08-12,9,0.0,0,2193681000,8,2025,
2025-08-12,10,0.001,0,2193681000,8,2025,
2025-08-12,11,0.0,0,2193681000,8,2025,
2025-08-12,12,0.001,0,2193681000,8,2025,
2025-08-12,13,0.0,0,2193681000,8,2025,
2025-08-12,14,0.001,0,2193681000,8,2025,
2025-08-12,15,0.0,0,2193681000,8,2025,
2025-08-12,16,0.001,0,2193681000,8,2025,
2025-08-12,17,0.0,0,2193681000,8,2025,
2025-08-12,18,0.001,0,2193681000,8,2025,
2025-08-12,19,1.385,0,2193681000,8,2025,
2025-08-12,20,6.146,0,2193681000,8,2025,
2025-08-12,21,6.197,0,2193681000,8,2025,
2025-08-12,22,6.179,0,2193681000,8,2025,
2025-08-12,23,6.224,0,2193681000,8,2025,
2025-08-13,0,6.247,0,2193681000,8,2025,
2025-08-13,1,6.278,0,2193681000,8,2025,
2025-08-13,2,6.369,0,2193681000,8,2025,
2025-08-13,3,6.417,0,2193681000,8,2025,
2025-08-13,4,6.439,0,2193681000,8,2025,
2025-08-13,5,5.458,0,2193681000,8,2025,
2025-08-13,6,0.0,0,2193681000,8,2025,
2025-08-13,7,0.001,0,2193681000,8,2025,
2025-08-13,8,0.0,0,2193681000,8,2025,
2025-08-13,9,0.001,0,2193681000,8,2025,
2025-08-13,10,0.0,0,2193681000,8,2025,
2025-08-13,11,0.001,0,2193681000,8,2025,
2025-08-13,12,0.001,0,2193681000,8,2025,
2025-08-13,13,0.0,0,2193681000,8,2025,
2025-08-13,14,0.001,0,2193681000,8,2025,
2025-08-13,15,0.0,0,2193681000,8,2025,
2025-08-13,16,0.001,0,2193681000,8,2025,
2025-08-13,17,0.0,0,2193681000,8,2025,
2025-08-13,18,0.001,0,2193681000,8,2025,
2025-08-13,19,1.581,0,2193681000,8,2025,
2025-08-13,20,6.148,0,2193681000,8,2025,
2025-08-13,21,6.142,0,2193681000,8,2025,
2025-08-13,22,6.179,0,2193681000,8,2025,
2025-08-13,23,6.227,0,2193681000,8,2025,
2025-08-14,0,6.258,0,2193681000,8,2025,
2025-08-14,1,6.331,0,2193681000,8,2025,
2025-08-14,2,6.407,0,2193681000,8,2025,
2025-08-14,3,6.431,0,2193681000,8,2025,
2025-08-14,4,6.488,0,2193681000,8,2025,
2025-08-14,5,5.598,0,2193681000,8,2025,
2025-08-14,6,0.0,0,2193681000,8,2025,
2025-08-14,7,0.001,0,2193681000,8,2025,
2025-08-14,8,0.0,0,2193681000,8,2025,
2025-08-14,9,0.001,0,2193681000,8,2025,
2025-08-14,10,0.0,0,2193681000,8,2025,
2025-08-14,11,0.001,0,2193681000,8,2025,
2025-08-14,12,0.0,0,2193681000,8,2025,
2025-08-14,13,0.001,0,2193681000,8,2025,
2025-08-14,14,0.0,0,2193681000,8,2025,
2025-08-14,15,0.001,0,2193681000,8,2025,
2025-08-14,16,0.0,0,2193681000,8,2025,
2025-08-14,17,0.001,0,2193681000,8,2025,
2025-08-14,18,0.0,0,2193681000,8,2025,
2025-08-14,19,1.718,0,2193681000,8,2025,
2025-08-14,20,6.136,0,2193681000,8,2025,
2025-08-14,21,6.177,0,2193681000,8,2025,
2025-08-14,22,6.229,0,2193681000,8,2025,
2025-08-14,23,6.252,0,2193681000,8,2025,
2025-08-15,0,6.297,0,2193681000,8,2025,
2025-08-15,1,6.375,0,2193681000,8,2025,
2025-08-15,2,6.418,0,2193681000,8,2025,
2025-08-15,3,6.437,0,2193681000,8,2025,
2025-08-15,4,6.466,0,2193681000,8,2025,
2025-08-15,5,5.665,0,2193681000,8,2025,
2025-08-15,6,0.0,0,2193681000,8,2025,
2025-08-15,7,0.001,0,2193681000,8,2025,
2025-08-15,8,0.0,0,2193681000,8,2025,
2025-08-15,9,0.001,0,2193681000,8,2025,
2025-08-15,10,0.0,0,2193681000,8,2025,
2025-08-15,11,0.001,0,2193681000,8,2025,
2025-08-15,12,0.0,0,2193681000,8,2025,
2025-08-15,13,0.001,0,2193681000,8,2025,
2025-08-15,14,0.0,0,2193681000,8,2025,
2025-08-15,15,0.001,0,2193681000,8,2025,
2025-08-15,16,0.0,0,2193681000,8,2025,
2025-08-15,17,0.001,0,2193681000,8,2025,
2025-08-15,18,0.0,0,2193681000,8,2025,
2025-08-15,19,1.881,0,2193681000,8,2025,
2025-08-15,20,6.108,0,2193681000,8,2025,
2025-08-15,21,6.159,0,2193681000,8,2025,
2025-08-15,22,6.241,0,2193681000,8,2025,
2025-08-15,23,6.249,0,2193681000,8,2025,
2025-08-16,0,6.281,0,2193681000,8,2025,
2025-08-16,1,6.372,0,2193681000,8,2025,
2025-08-16,2,6.419,0,2193681000,8,2025,
2025-08-16,3,6.465,0,2193681000,8,2025,
2025-08-16,4,6.489,0,2193681000,8,2025,
2025-08-16,5,5.788,0,2193681000,8,2025,
2025-08-16,6,0.001,0,2193681000,8,2025,
2025-08-16,7,0.0,0,2193681000,8,2025,
2025-08-16,8,0.001,0,2193681000,8,2025,
2025-08-16,9,0.0,0,2193681000,8,2025,
2025-08-16,10,0.001,0,2193681000,8,2025,
2025-08-16,11,0.0,0,2193681000,8,2025,
2025-08-16,12,0.001,0,2193681000,8,2025,
2025-08-16,13,0.0,0,2193681000,8,2025,
2025-08-16,14,0.001,0,2193681000,8,2025,
2025-08-16,15,0.0,0,2193681000,8,2025,
2025-08-16,16,0.001,0,2193681000,8,2025,
2025-08-16,17,0.0,0,2193681000,8,2025,
2025-08-16,18,0.001,0,2193681000,8,2025,
2025-08-16,19,2.022,0,2193681000,8,2025,
2025-08-16,20,6.212,0,2193681000,8,2025,
2025-08-16,21,6.225,0,2193681000,8,2025,
2025-08-16,22,6.324,0,2193681000,8,2025,
2025-08-16,23,6.345,0,2193681000,8,2025,
2025-08-17,0,6.322,0,2193681000,8,2025,
2025-08-17,1,6.478,0,2193681000,8,2025,
2025-08-17,2,6.504,0,2193681000,8,2025,
2025-08-17,3,6.513,0,2193681000,8,2025,
2025-08-17,4,6.526,0,2193681000,8,2025,
2025-08-17,5,5.914,0,2193681000,8,2025,
2025-08-17,6,0.001,0,2193681000,8,2025,
2025-08-17,7,0.0,0,2193681000,8,2025,
2025-08-17,8,0.001,0,2193681000,8,2025,
2025-08-17,9,0.0,0,2193681000,8,2025,
2025-08-17,10,0.001,0,2193681000,8,2025,
2025-08-17,11,0.0,0,2193681000,8,2025,
2025-08-17,12,0.001,0,2193681000,8,2025,
2025-08-17,13,0.001,0,2193681000,8,2025,
2025-08-17,14,0.0,0,2193681000,8,2025,
2025-08-17,15,0.001,0,2193681000,8,2025,
2025-08-17,16,0.0,0,2193681000,8,2025,
2025-08-17,17,0.001,0,2193681000,8,2025,
2025-08-17,18,0.0,0,2193681000,8,2025,
2025-08-17,19,2.14,0,2193681000,8,2025,
2025-08-17,20,6.228,0,2193681000,8,2025,
2025-08-17,21,6.212,0,2193681000,8,2025,
2025-08-17,22,6.263,0,2193681000,8,2025,
2025-08-17,23,6.253,0,2193681000,8,2025,
2025-08-18,0,6.34,0,2193681000,8,2025,
2025-08-18,1,6.416,0,2193681000,8,2025,
2025-08-18,2,6.488,0,2193681000,8,2025,
2025-08-18,3,6.532,0,2193681000,8,2025,
2025-08-18,4,6.552,0,2193681000,8,2025,
2025-08-18,5,6.076,0,2193681000,8,2025,
2025-08-18,6,0.001,0,2193681000,8,2025,
2025-08-18,7,0.0,0,2193681000,8,2025,
2025-08-18,8,0.001,0,2193681000,8,2025,
2025-08-18,9,0.0,0,2193681000,8,2025,
2025-08-18,10,0.001,0,2193681000,8,2025,
2025-08-18,11,0.0,0,2193681000,8,2025,
2025-08-18,12,0.001,0,2193681000,8,2025,
2025-08-18,13,0.0,0,2193681000,8,2025,
2025-08-18,14,0.001,0,2193681000,8,2025,
2025-08-18,15,0.0,0,2193681000,8,2025,
2025-08-18,16,0.001,0,2193681000,8,2025,
2025-08-18,17,0.0,0,2193681000,8,2025,
2025-08-18,18,0.001,0,2193681000,8,2025,
2025-08-18,19,2.33,0,2193681000,8,2025,
2025-08-18,20,6.178,0,2193681000,8,2025,
2025-08-18,21,6.233,0,2193681000,8,2025,
2025-08-18,22,6.27,0,2193681000,8,2025,
2025-08-18,23,6.271,0,2193681000,8,2025,
2025-08-19,0,6.31,0,2193681000,8,2025,
2025-08-19,1,6.372,0,2193681000,8,2025,
2025-08-19,2,6.454,0,2193681000,8,2025,
2025-08-19,3,6.235,0,2193681000,8,2025,
2025-08-19,4,6.239,0,2193681000,8,2025,
2025-08-19,5,5.867,0,2193681000,8,2025,
2025-08-19,6,0.001,0,2193681000,8,2025,
2025-08-19,7,0.0,0,2193681000,8,2025,
2025-08-19,8,0.001,0,2193681000,8,2025,
2025-08-19,9,0.0,0,2193681000,8,2025,
2025-08-19,10,0.001,0,2193681000,8,2025,
2025-08-19,11,0.0,0,2193681000,8,2025,
2025-08-19,12,0.001,0,2193681000,8,2025,
2025-08-19,13,0.0,0,2193681000,8,2025,
2025-08-19,14,0.001,0,2193681000,8,2025,
2025-08-19,15,0.0,0,2193681000,8,2025,
2025-08-19,16,0.001,0,2193681000,8,2025,
2025-08-19,17,0.0,0,2193681000,8,2025,
2025-08-19,18,0.001,0,2193681000,8,2025,
2025-08-19,19,2.475,0,2193681000,8,2025,
2025-08-19,20,6.202,0,2193681000,8,2025,
2025-08-19,21,6.277,0,2193681000,8,2025,
2025-08-19,22,6.353,0,2193681000,8,2025,
2025-08-19,23,6.34,0,2193681000,8,2025,
2025-08-20,0,6.339,0,2193681000,8,2025,
2025-08-20,1,6.414,0,2193681000,8,2025,
2025-08-20,2,6.462,0,2193681000,8,2025,
2025-08-20,3,6.489,0,2193681000,8,2025,
2025-08-20,4,6.523,0,2193681000,8,2025,
2025-08-20,5,6.253,0,2193681000,8,2025,
2025-08-20,6,0.0,0,2193681000,8,2025,
2025-08-20,7,0.001,0,2193681000,8,2025,
2025-08-20,8,0.001,0,2193681000,8,2025,
2025-08-20,9,0.0,0,2193681000,8,2025,
2025-08-20,10,0.001,0,2193681000,8,2025,
2025-08-20,11,0.0,0,2193681000,8,2025,
2025-08-20,12,0.001,0,2193681000,8,2025,
2025-08-20,13,0.0,0,2193681000,8,2025,
2025-08-20,14,0.001,0,2193681000,8,2025,
2025-08-20,15,0.0,0,2193681000,8,2025,
2025-08-20,16,0.001,0,2193681000,8,2025,
2025-08-20,17,0.0,0,2193681000,8,2025,
2025-08-20,18,0.001,0,2193681000,8,2025,
2025-08-20,19,2.631,0,2193681000,8,2025,
2025-08-20,20,6.165,0,2193681000,8,2025,
2025-08-20,21,6.217,0,2193681000,8,2025,
2025-08-20,22,6.287,0,2193681000,8,2025,
2025-08-20,23,6.328,0,2193681000,8,2025,
2025-08-21,0,6.387,0,2193681000,8,2025,
2025-08-21,1,6.452,0,2193681000,8,2025,
2025-08-21,2,6.453,0,2193681000,8,2025,
2025-08-21,3,6.403,0,2193681000,8,2025,
2025-08-21,4,6.439,0,2193681000,8,2025,
2025-08-21,5,6.197,0,2193681000,8,2025,
2025-08-21,6,0.001,0,2193681000,8,2025,
2025-08-21,7,0.0,0,2193681000,8,2025,
2025-08-21,8,0.001,0,2193681000,8,2025,
2025-08-21,9,0.0,0,2193681000,8,2025,
2025-08-21,10,0.001,0,2193681000,8,2025,
2025-08-21,11,0.0,0,2193681000,8,2025,
2025-08-21,12,0.001,0,2193681000,8,2025,
2025-08-21,13,0.0,0,2193681000,8,2025,
2025-08-21,14,0.001,0,2193681000,8,2025,
2025-08-21,15,0.0,0,2193681000,8,2025,
2025-08-21,16,0.001,0,2193681000,8,2025,
2025-08-21,17,0.001,0,2193681000,8,2025,
2025-08-21,18,0.0,0,2193681000,8,2025,
2025-08-21,19,2.776,0,2193681000,8,2025,
2025-08-21,20,6.279,0,2193681000,8,2025,
2025-08-21,21,6.322,0,2193681000,8,2025,
2025-08-21,22,6.388,0,2193681000,8,2025,
2025-08-21,23,6.436,0,2193681000,8,2025,
2025-08-22,0,6.458,0,2193681000,8,2025,
2025-08-22,1,6.482,0,2193681000,8,2025,
2025-08-22,2,6.467,0,2193681000,8,2025,
2025-08-22,3,6.534,0,2193681000,8,2025,
2025-08-22,4,6.563,0,2193681000,8,2025,
2025-08-22,5,6.512,0,2193681000,8,2025,
2025-08-22,6,0.001,0,2193681000,8,2025,
2025-08-22,7,0.0,0,2193681000,8,2025,
2025-08-22,8,0.001,0,2193681000,8,2025,
2025-08-22,9,0.0,0,2193681000,8,2025,
2025-08-22,10,0.001,0,2193681000,8,2025,
2025-08-22,11,0.0,0,2193681000,8,2025,
2025-08-22,12,0.001,0,2193681000,8,2025,
2025-08-22,13,0.001,0,2193681000,8,2025,
2025-08-22,14,0.0,0,2193681000,8,2025,
2025-08-22,15,0.001,0,2193681000,8,2025,
2025-08-22,16,0.0,0,2193681000,8,2025,
2025-08-22,17,0.001,0,2193681000,8,2025,
2025-08-22,18,0.0,0,2193681000,8,2025,
2025-08-22,19,2.976,0,2193681000,8,2025,
2025-08-22,20,6.234,0,2193681000,8,2025,
2025-08-22,21,6.276,0,2193681000,8,2025,
2025-08-22,22,6.3,0,2193681000,8,2025,
2025-08-22,23,6.301,0,2193681000,8,2025,
2025-08-23,0,6.311,0,2193681000,8,2025,
2025-08-23,1,6.377,0,2193681000,8,2025,
2025-08-23,2,6.419,0,2193681000,8,2025,
2025-08-23,3,6.483,0,2193681000,8,2025,
2025-08-23,4,6.505,0,2193681000,8,2025,
2025-08-23,5,6.494,0,2193681000,8,2025,
2025-08-23,6,0.074,0,2193681000,8,2025,
2025-08-23,7,0.0,0,2193681000,8,2025,
2025-08-23,8,0.001,0,2193681000,8,2025,
2025-08-23,9,0.0,0,2193681000,8,2025,
2025-08-23,10,0.333,0,2193681000,8,2025,
2025-08-23,11,1.78,0,2193681000,8,2025,
2025-08-23,12,0.001,0,2193681000,8,2025,
2025-08-23,13,0.0,0,2193681000,8,2025,
2025-08-23,14,0.001,0,2193681000,8,2025,
2025-08-23,15,0.0,0,2193681000,8,2025,
2025-08-23,16,0.001,0,2193681000,8,2025,
2025-08-23,17,0.0,0,2193681000,8,2025,
2025-08-23,18,0.001,0,2193681000,8,2025,
2025-08-23,19,3.085,0,2193681000,8,2025,
2025-08-23,20,6.274,0,2193681000,8,2025,
2025-08-23,21,6.252,0,2193681000,8,2025,
2025-08-23,22,6.317,0,2193681000,8,2025,
2025-08-23,23,6.345,0,2193681000,8,2025,
2025-08-24,0,6.325,0,2193681000,8,2025,
2025-08-24,1,6.4,0,2193681000,8,2025,
2025-08-24,2,6.464,0,2193681000,8,2025,
2025-08-24,3,6.515,0,2193681000,8,2025,
2025-08-24,4,6.578,0,2193681000,8,2025,
2025-08-24,5,6.581,0,2193681000,8,2025,
2025-08-24,6,0.182,0,2193681000,8,2025,
2025-08-24,7,0.0,0,2193681000,8,2025,
2025-08-24,8,0.0,0,2193681000,8,2025,
2025-08-24,9,0.0,0,2193681000,8,2025,
2025-08-24,10,0.0,0,2193681000,8,2025,
2025-08-24,11,0.001,0,2193681000,8,2025,
2025-08-24,12,0.0,0,2193681000,8,2025,
2025-08-24,13,0.001,0,2193681000,8,2025,
2025-08-24,14,0.0,0,2193681000,8,2025,
2025-08-24,15,0.001,0,2193681000,8,2025,
2025-08-24,16,0.001,0,2193681000,8,2025,
2025-08-24,17,0.0,0,2193681000,8,2025,
2025-08-24,18,0.001,0,2193681000,8,2025,
2025-08-24,19,3.315,0,2193681000,8,2025,
2025-08-24,20,6.283,0,2193681000,8,2025,
2025-08-24,21,6.289,0,2193681000,8,2025,
2025-08-24,22,6.369,0,2193681000,8,2025,
2025-08-24,23,6.425,0,2193681000,8,2025,
2025-08-25,0,6.514,0,2193681000,8,2025,
2025-08-25,1,6.442,0,2193681000,8,2025,
2025-08-25,2,6.45,0,2193681000,8,2025,
2025-08-25,3,6.022,0,2193681000,8,2025,
2025-08-25,4,6.533,0,2193681000,8,2025,
2025-08-25,5,6.541,0,2193681000,8,2025,
2025-08-25,6,0.288,0,2193681000,8,2025,
2025-08-25,7,0.0,0,2193681000,8,2025,
2025-08-25,8,0.001,0,2193681000,8,2025,
2025-08-25,9,0.0,0,2193681000,8,2025,
2025-08-25,10,0.001,0,2193681000,8,2025,
2025-08-25,11,0.0,0,2193681000,8,2025,
2025-08-25,12,0.001,0,2193681000,8,2025,
2025-08-25,13,0.0,0,2193681000,8,2025,
2025-08-25,14,0.001,0,2193681000,8,2025,
2025-08-25,15,0.0,0,2193681000,8,2025,
2025-08-25,16,0.001,0,2193681000,8,2025,
2025-08-25,17,0.001,0,2193681000,8,2025,
2025-08-25,18,0.0,0,2193681000,8,2025,
2025-08-25,19,3.452,0,2193681000,8,2025,
2025-08-25,20,6.334,0,2193681000,8,2025,
2025-08-25,21,6.384,0,2193681000,8,2025,
2025-08-25,22,6.424,0,2193681000,8,2025,
2025-08-25,23,6.463,0,2193681000,8,2025,
2025-08-26,0,6.476,0,2193681000,8,2025,
2025-08-26,1,6.53,0,2193681000,8,2025,
2025-08-26,2,6.542,0,2193681000,8,2025,
2025-08-26,3,6.568,0,2193681000,8,2025,
2025-08-26,4,6.584,0,2193681000,8,2025,
2025-08-26,5,6.6,0,2193681000,8,2025,
2025-08-26,6,0.393,0,2193681000,8,2025,
2025-08-26,7,0.0,0,2193681000,8,2025,
2025-08-26,8,0.001,0,2193681000,8,2025,
2025-08-26,9,0.0,0,2193681000,8,2025,
2025-08-26,10,0.001,0,2193681000,8,2025,
2025-08-26,11,0.0,0,2193681000,8,2025,
2025-08-26,12,0.001,0,2193681000,8,2025,
2025-08-26,13,0.0,0,2193681000,8,2025,
2025-08-26,14,0.001,0,2193681000,8,2025,
2025-08-26,15,0.0,0,2193681000,8,2025,
2025-08-26,16,0.001,0,2193681000,8,2025,
2025-08-26,17,0.001,0,2193681000,8,2025,
2025-08-26,18,0.0,0,2193681000,8,2025,
2025-08-26,19,3.695,0,2193681000,8,2025,
2025-08-26,20,6.391,0,2193681000,8,2025,
2025-08-26,21,6.406,0,2193681000,8,2025,
2025-08-26,22,6.409,0,2193681000,8,2025,
2025-08-26,23,6.473,0,2193681000,8,2025,
2025-08-27,0,6.508,0,2193681000,8,2025,
2025-08-27,1,6.567,0,2193681000,8,2025,
2025-08-27,2,6.599,0,2193681000,8,2025,
2025-08-27,3,6.581,0,2193681000,8,2025,
2025-08-27,4,6.58,0,2193681000,8,2025,
2025-08-27,5,6.562,0,2193681000,8,2025,
2025-08-27,6,0.502,0,2193681000,8,2025,
2025-08-27,7,0.001,0,2193681000,8,2025,
2025-08-27,8,0.221,0,2193681000,8,2025,
2025-08-27,9,0.001,0,2193681000,8,2025,
2025-08-27,10,0.0,0,2193681000,8,2025,
2025-08-27,11,0.001,0,2193681000,8,2025,
2025-08-27,12,0.0,0,2193681000,8,2025,
2025-08-27,13,0.001,0,2193681000,8,2025,
2025-08-27,14,0.0,0,2193681000,8,2025,
2025-08-27,15,0.001,0,2193681000,8,2025,
2025-08-27,16,0.0,0,2193681000,8,2025,
2025-08-27,17,0.001,0,2193681000,8,2025,
2025-08-27,18,0.0,0,2193681000,8,2025,
2025-08-27,19,4.284,0,2193681000,8,2025,
2025-08-27,20,7.211,0,2193681000,8,2025,
2025-08-27,21,7.183,0,2193681000,8,2025,
2025-08-27,22,7.215,0,2193681000,8,2025,
2025-08-27,23,7.303,0,2193681000,8,2025,
2025-08-28,0,7.324,0,2193681000,8,2025,
2025-08-28,1,7.387,0,2193681000,8,2025,
2025-08-28,2,7.414,0,2193681000,8,2025,
2025-08-28,3,7.441,0,2193681000,8,2025,
2025-08-28,4,7.426,0,2193681000,8,2025,
2025-08-28,5,7.411,0,2193681000,8,2025,
2025-08-28,6,0.688,0,2193681000,8,2025,
2025-08-28,7,0.0,0,2193681000,8,2025,
2025-08-28,8,0.001,0,2193681000,8,2025,
2025-08-28,9,0.0,0,2193681000,8,2025,
2025-08-28,10,0.001,0,2193681000,8,2025,
2025-08-28,11,0.0,0,2193681000,8,2025,
2025-08-28,12,0.001,0,2193681000,8,2025,
2025-08-28,13,0.0,0,2193681000,8,2025,
2025-08-28,14,0.001,0,2193681000,8,2025,
2025-08-28,15,0.0,0,2193681000,8,2025,
2025-08-28,16,0.001,0,2193681000,8,2025,
2025-08-28,17,0.001,0,2193681000,8,2025,
2025-08-28,18,0.0,0,2193681000,8,2025,
2025-08-28,19,4.525,0,2193681000,8,2025,
2025-08-28,20,7.15,0,2193681000,8,2025,
2025-08-28,21,7.216,0,2193681000,8,2025,
2025-08-28,22,7.204,0,2193681000,8,2025,
2025-08-28,23,7.261,0,2193681000,8,2025,
2025-08-29,0,7.361,0,2193681000,8,2025,
2025-08-29,1,7.399,0,2193681000,8,2025,
2025-08-29,2,7.403,0,2193681000,8,2025,
2025-08-29,3,7.425,0,2193681000,8,2025,
2025-08-29,4,7.436,0,2193681000,8,2025,
2025-08-29,5,7.381,0,2193681000,8,2025,
2025-08-29,6,0.806,0,2193681000,8,2025,
2025-08-29,7,0.0,0,2193681000,8,2025,
2025-08-29,8,0.001,0,2193681000,8,2025,
2025-08-29,9,0.0,0,2193681000,8,2025,
2025-08-29,10,0.0,0,2193681000,8,2025,
2025-08-29,11,0.001,0,2193681000,8,2025,
2025-08-29,12,0.0,0,2193681000,8,2025,
2025-08-29,13,0.001,0,2193681000,8,2025,
2025-08-29,14,0.0,0,2193681000,8,2025,
2025-08-29,15,0.001,0,2193681000,8,2025,
2025-08-29,16,0.0,0,2193681000,8,2025,
2025-08-29,17,0.001,0,2193681000,8,2025,
2025-08-29,18,0.0,0,2193681000,8,2025,
2025-08-29,19,4.641,0,2193681000,8,2025,
2025-08-29,20,7.156,0,2193681000,8,2025,
2025-08-29,21,7.209,0,2193681000,8,2025,
2025-08-29,22,7.229,0,2193681000,8,2025,
2025-08-29,23,6.39,0,2193681000,8,2025,
2025-08-30,0,6.004,0,2193681000,8,2025,
2025-08-30,1,6.053,0,2193681000,8,2025,
2025-08-30,2,6.199,0,2193681000,8,2025,
2025-08-30,3,6.436,0,2193681000,8,2025,
2025-08-30,4,6.734,0,2193681000,8,2025,
2025-08-30,5,6.994,0,2193681000,8,2025,
2025-08-30,6,0.98,0,2193681000,8,2025,
2025-08-30,7,0.0,0,2193681000,8,2025,
2025-08-30,8,0.001,0,2193681000,8,2025,
2025-08-30,9,0.0,0,2193681000,8,2025,
2025-08-30,10,0.001,0,2193681000,8,2025,
2025-08-30,11,0.0,0,2193681000,8,2025,
2025-08-30,12,0.0,0,2193681000,8,2025,
2025-08-30,13,0.001,0,2193681000,8,2025,
2025-08-30,14,0.0,0,2193681000,8,2025,
2025-08-30,15,0.001,0,2193681000,8,2025,
2025-08-30,16,0.0,0,2193681000,8,2025,
2025-08-30,17,0.001,0,2193681000,8,2025,
2025-08-30,18,0.0,0,2193681000,8,2025,
2025-08-30,19,4.762,0,2193681000,8,2025,
2025-08-30,20,7.17,0,2193681000,8,2025,
2025-08-30,21,7.218,0,2193681000,8,2025,
2025-08-30,22,7.287,0,2193681000,8,2025,
2025-08-30,23,7.273,0,2193681000,8,2025,
2025-08-31,0,7.162,0,2193681000,8,2025,
2025-08-31,1,7.275,0,2193681000,8,2025,
2025-08-31,2,7.362,0,2193681000,8,2025,
2025-08-31,3,7.391,0,2193681000,8,2025,
2025-08-31,4,7.43,0,2193681000,8,2025,
2025-08-31,5,7.347,0,2193681000,8,2025,
2025-08-31,6,1.118,0,2193681000,8,2025,
2025-08-31,7,0.0,0,2193681000,8,2025,
2025-08-31,8,0.001,0,2193681000,8,2025,
2025-08-31,9,0.0,0,2193681000,8,2025,
2025-08-31,10,0.001,0,2193681000,8,2025,
2025-08-31,11,0.0,0,2193681000,8,2025,
2025-08-31,12,0.001,0,2193681000,8,2025,
2025-08-31,13,0.0,0,2193681000,8,2025,
2025-08-31,14,0.001,0,2193681000,8,2025,
2025-08-31,15,0.0,0,2193681000,8,2025,
2025-08-31,16,0.001,0,2193681000,8,2025,
2025-08-31,17,0.0,0,2193681000,8,2025,
2025-08-31,18,0.001,0,2193681000,8,2025,
2025-08-31,19,5.023,0,2193681000,8,2025,
2025-08-31,20,7.152,0,2193681000,8,2025,
2025-08-31,21,7.127,0,2193681000,8,2025,
2025-08-31,22,7.188,0,2193681000,8,2025,
2025-08-31,23,7.262,0,2193681000,8,2025,
2025-09-01,0,7.291,0,2193681000,9,2025,
2025-09-01,1,7.374,0,2193681000,9,2025,
2025-09-01,2,7.453,0,2193681000,9,2025,
2025-09-01,3,7.321,0,2193681000,9,2025,
2025-09-01,4,7.168,0,2193681000,9,2025,
2025-09-01,5,7.342,0,2193681000,9,2025,
2025-09-01,6,1.261,0,2193681000,9,2025,
2025-09-01,7,0.001,0,2193681000,9,2025,
2025-09-01,8,0.0,0,2193681000,9,2025,
2025-09-01,9,0.001,0,2193681000,9,2025,
2025-09-01,10,0.0,0,2193681000,9,2025,
2025-09-01,11,0.001,0,2193681000,9,2025,
2025-09-01,12,0.0,0,2193681000,9,2025,
2025-09-01,13,0.001,0,2193681000,9,2025,
2025-09-01,14,0.0,0,2193681000,9,2025,
2025-09-01,15,0.001,0,2193681000,9,2025,
2025-09-01,16,0.0,0,2193681000,9,2025,
2025-09-01,17,0.001,0,2193681000,9,2025,
2025-09-01,18,0.0,0,2193681000,9,2025,
2025-09-01,19,5.103,0,2193681000,9,2025,
2025-09-01,20,7.137,0,2193681000,9,2025,
2025-09-01,21,7.196,0,2193681000,9,2025,
2025-09-01,22,7.242,0,2193681000,9,2025,
2025-09-01,23,7.224,0,2193681000,9,2025,
2025-09-02,0,7.27,0,2193681000,9,2025,
2025-09-02,1,7.397,0,2193681000,9,2025,
2025-09-02,2,7.481,0,2193681000,9,2025,
2025-09-02,3,7.539,0,2193681000,9,2025,
2025-09-02,4,7.55,0,2193681000,9,2025,
2025-09-02,5,7.51,0,2193681000,9,2025,
2025-09-02,6,1.416,0,2193681000,9,2025,
2025-09-02,7,0.001,0,2193681000,9,2025,
2025-09-02,8,0.0,0,2193681000,9,2025,
2025-09-02,9,0.001,0,2193681000,9,2025,
2025-09-02,10,0.0,0,2193681000,9,2025,
2025-09-02,11,0.001,0,2193681000,9,2025,
2025-09-02,12,0.0,0,2193681000,9,2025,
2025-09-02,13,0.001,0,2193681000,9,2025,
2025-09-02,14,0.0,0,2193681000,9,2025,
2025-09-02,15,0.001,0,2193681000,9,2025,
2025-09-02,16,0.0,0,2193681000,9,2025,
2025-09-02,17,0.001,0,2193681000,9,2025,
2025-09-02,18,0.0,0,2193681000,9,2025,
2025-09-02,19,5.358,0,2193681000,9,2025,
2025-09-02,20,7.197,0,2193681000,9,2025,
2025-09-02,21,7.233,0,2193681000,9,2025,
2025-09-02,22,7.282,0,2193681000,9,2025,
2025-09-02,23,7.313,0,2193681000,9,2025,
2025-09-03,0,7.26,0,2193681000,9,2025,
2025-09-03,1,7.333,0,2193681000,9,2025,
2025-09-03,2,7.234,0,2193681000,9,2025,
2025-09-03,3,7.094,0,2193681000,9,2025,
2025-09-03,4,7.134,0,2193681000,9,2025,
2025-09-03,5,7.108,0,2193681000,9,2025,
2025-09-03,6,1.326,0,2193681000,9,2025,
2025-09-03,7,0.001,0,2193681000,9,2025,
2025-09-03,8,0.0,0,2193681000,9,2025,
2025-09-03,9,0.001,0,2193681000,9,2025,
2025-09-03,10,0.0,0,2193681000,9,2025,
2025-09-03,11,0.001,0,2193681000,9,2025,
2025-09-03,12,0.0,0,2193681000,9,2025,
2025-09-03,13,0.001,0,2193681000,9,2025,
2025-09-03,14,0.0,0,2193681000,9,2025,
2025-09-03,15,0.001,0,2193681000,9,2025,
2025-09-03,16,0.0,0,2193681000,9,2025,
2025-09-03,17,0.001,0,2193681000,9,2025,
2025-09-03,18,0.0,0,2193681000,9,2025,
2025-09-03,19,5.626,0,2193681000,9,2025,
2025-09-03,20,7.155,0,2193681000,9,2025,
2025-09-03,21,7.167,0,2193681000,9,2025,
2025-09-03,22,7.218,0,2193681000,9,2025,
2025-09-03,23,7.275,0,2193681000,9,2025,
2025-09-04,0,7.32,0,2193681000,9,2025,
2025-09-04,1,7.371,0,2193681000,9,2025,
2025-09-04,2,7.191,0,2193681000,9,2025,
2025-09-04,3,6.941,0,2193681000,9,2025,
2025-09-04,4,7.023,0,2193681000,9,2025,
2025-09-04,5,7.01,0,2193681000,9,2025,
2025-09-04,6,1.548,0,2193681000,9,2025,
2025-09-04,7,0.001,0,2193681000,9,2025,
2025-09-04,8,0.0,0,2193681000,9,2025,
2025-09-04,9,0.001,0,2193681000,9,2025,
2025-09-04,10,0.0,0,2193681000,9,2025,
2025-09-04,11,0.001,0,2193681000,9,2025,
2025-09-04,12,0.0,0,2193681000,9,2025,
2025-09-04,13,0.001,0,2193681000,9,2025,
2025-09-04,14,0.0,0,2193681000,9,2025,
2025-09-04,15,0.001,0,2193681000,9,2025,
2025-09-04,16,0.0,0,2193681000,9,2025,
2025-09-04,17,0.001,0,2193681000,9,2025,
2025-09-04,18,0.0,0,2193681000,9,2025,
2025-09-04,19,5.632,0,2193681000,9,2025,
2025-09-04,20,7.081,0,2193681000,9,2025,
2025-09-04,21,7.124,0,2193681000,9,2025,
2025-09-04,22,7.192,0,2193681000,9,2025,
2025-09-04,23,7.218,0,2193681000,9,2025,
2025-09-05,0,7.301,0,2193681000,9,2025,
2025-09-05,1,7.354,0,2193681000,9,2025,
2025-09-05,2,7.37,0,2193681000,9,2025,
2025-09-05,3,7.373,0,2193681000,9,2025,
2025-09-05,4,7.398,0,2193681000,9,2025,
2025-09-05,5,7.382,0,2193681000,9,2025,
2025-09-05,6,1.75,0,2193681000,9,2025,
2025-09-05,7,0.0,0,2193681000,9,2025,
2025-09-05,8,0.001,0,2193681000,9,2025,
2025-09-05,9,0.0,0,2193681000,9,2025,
2025-09-05,10,0.001,0,2193681000,9,2025,
2025-09-05,11,0.0,0,2193681000,9,2025,
2025-09-05,12,0.001,0,2193681000,9,2025,
2025-09-05,13,0.0,0,2193681000,9,2025,
2025-09-05,14,0.0,0,2193681000,9,2025,
2025-09-05,15,0.001,0,2193681000,9,2025,
2025-09-05,16,0.0,0,2193681000,9,2025,
2025-09-05,17,0.001,0,2193681000,9,2025,
2025-09-05,18,0.0,0,2193681000,9,2025,
2025-09-05,19,5.985,0,2193681000,9,2025,
2025-09-05,20,7.194,0,2193681000,9,2025,
2025-09-05,21,7.233,0,2193681000,9,2025,
2025-09-05,22,7.238,0,2193681000,9,2025,
2025-09-05,23,7.276,0,2193681000,9,2025,
2025-09-06,0,7.314,0,2193681000,9,2025,
2025-09-06,1,7.366,0,2193681000,9,2025,
2025-09-06,2,7.35,0,2193681000,9,2025,
2025-09-06,3,7.385,0,2193681000,9,2025,
2025-09-06,4,7.451,0,2193681000,9,2025,
2025-09-06,5,7.429,0,2193681000,9,2025,
2025-09-06,6,1.885,0,2193681000,9,2025,
2025-09-06,7,0.0,0,2193681000,9,2025,
2025-09-06,8,0.001,0,2193681000,9,2025,
2025-09-06,9,0.0,0,2193681000,9,2025,
2025-09-06,10,0.001,0,2193681000,9,2025,
2025-09-06,11,0.0,0,2193681000,9,2025,
2025-09-06,12,0.001,0,2193681000,9,2025,
2025-09-06,13,0.0,0,2193681000,9,2025,
2025-09-06,14,0.001,0,2193681000,9,2025,
2025-09-06,15,0.0,0,2193681000,9,2025,
2025-09-06,16,0.001,0,2193681000,9,2025,
2025-09-06,17,0.0,0,2193681000,9,2025,
2025-09-06,18,0.001,0,2193681000,9,2025,
2025-09-06,19,6.213,0,2193681000,9,2025,
2025-09-06,20,7.197,0,2193681000,9,2025,
2025-09-06,21,7.248,0,2193681000,9,2025,
2025-09-06,22,7.321,0,2193681000,9,2025,
2025-09-06,23,7.35,0,2193681000,9,2025,
2025-09-07,0,7.343,0,2193681000,9,2025,
2025-09-07,1,7.419,0,2193681000,9,2025,
2025-09-07,2,7.372,0,2193681000,9,2025,
2025-09-07,3,7.391,0,2193681000,9,2025,
2025-09-07,4,7.412,0,2193681000,9,2025,
2025-09-07,5,7.379,0,2193681000,9,2025,
2025-09-07,6,1.878,0,2193681000,9,2025,
2025-09-07,7,0.0,0,2193681000,9,2025,
2025-09-07,8,0.001,0,2193681000,9,2025,
2025-09-07,9,0.0,0,2193681000,9,2025,
2025-09-07,10,0.001,0,2193681000,9,2025,
2025-09-07,11,0.0,0,2193681000,9,2025,
2025-09-07,12,0.001,0,2193681000,9,2025,
2025-09-07,13,0.0,0,2193681000,9,2025,
2025-09-07,14,0.0,0,2193681000,9,2025,
2025-09-07,15,0.001,0,2193681000,9,2025,
2025-09-07,16,0.0,0,2193681000,9,2025,
2025-09-07,17,0.001,0,2193681000,9,2025,
2025-09-07,18,0.0,0,2193681000,9,2025,
2025-09-07,19,6.326,0,2193681000,9,2025,
2025-09-07,20,7.22,0,2193681000,9,2025,
2025-09-07,21,7.243,0,2193681000,9,2025,
2025-09-07,22,7.317,0,2193681000,9,2025,
2025-09-07,23,7.395,0,2193681000,9,2025,
2025-09-08,0,7.393,0,2193681000,9,2025,
2025-09-08,1,7.398,0,2193681000,9,2025,
2025-09-08,2,7.446,0,2193681000,9,2025,
2025-09-08,3,7.467,0,2193681000,9,2025,
2025-09-08,4,7.477,0,2193681000,9,2025,
2025-09-08,5,7.439,0,2193681000,9,2025,
2025-09-08,6,2.0,0,2193681000,9,2025,
2025-09-08,7,0.0,0,2193681000,9,2025,
2025-09-08,8,0.001,0,2193681000,9,2025,
2025-09-08,9,0.0,0,2193681000,9,2025,
2025-09-08,10,0.001,0,2193681000,9,2025,
2025-09-08,11,0.0,0,2193681000,9,2025,
2025-09-08,12,0.001,0,2193681000,9,2025,
2025-09-08,13,0.0,0,2193681000,9,2025,
2025-09-08,14,0.001,0,2193681000,9,2025,
2025-09-08,15,0.0,0,2193681000,9,2025,
2025-09-08,16,0.001,0,2193681000,9,2025,
2025-09-08,17,0.0,0,2193681000,9,2025,
2025-09-08,18,0.001,0,2193681000,9,2025,
2025-09-08,19,6.572,0,2193681000,9,2025,
2025-09-08,20,7.224,0,2193681000,9,2025,
2025-09-08,21,7.272,0,2193681000,9,2025,
2025-09-08,22,7.307,0,2193681000,9,2025,
2025-09-08,23,7.313,0,2193681000,9,2025,
2025-09-09,0,7.359,0,2193681000,9,2025,
2025-09-09,1,7.395,0,2193681000,9,2025,
2025-09-09,2,7.407,0,2193681000,9,2025,
2025-09-09,3,7.441,0,2193681000,9,2025,
2025-09-09,4,7.469,0,2193681000,9,2025,
2025-09-09,5,7.45,0,2193681000,9,2025,
2025-09-09,6,2.123,0,2193681000,9,2025,
2025-09-09,7,0.001,0,2193681000,9,2025,
2025-09-09,8,0.0,0,2193681000,9,2025,
2025-09-09,9,0.001,0,2193681000,9,2025,
2025-09-09,10,0.0,0,2193681000,9,2025,
2025-09-09,11,0.001,0,2193681000,9,2025,
2025-09-09,12,0.0,0,2193681000,9,2025,
2025-09-09,13,0.001,0,2193681000,9,2025,
2025-09-09,14,0.0,0,2193681000,9,2025,
2025-09-09,15,0.001,0,2193681000,9,2025,
2025-09-09,16,0.0,0,2193681000,9,2025,
2025-09-09,17,0.001,0,2193681000,9,2025,
2025-09-09,18,0.0,0,2193681000,9,2025,
2025-09-09,19,6.834,0,2193681000,9,2025,
2025-09-09,20,7.222,0,2193681000,9,2025,
2025-09-09,21,7.18,0,2193681000,9,2025,
2025-09-09,22,7.246,0,2193681000,9,2025,
2025-09-09,23,7.319,0,2193681000,9,2025,
2025-09-10,0,7.428,0,2193681000,9,2025,
2025-09-10,1,7.452,0,2193681000,9,2025,
2025-09-10,2,7.447,0,2193681000,9,2025,
2025-09-10,3,7.426,0,2193681000,9,2025,
2025-09-10,4,7.453,0,2193681000,9,2025,
2025-09-10,5,7.203,0,2193681000,9,2025,
2025-09-10,6,2.152,0,2193681000,9,2025,
2025-09-10,7,0.0,0,2193681000,9,2025,
2025-09-10,8,0.001,0,2193681000,9,2025,
2025-09-10,9,0.0,0,2193681000,9,2025,
2025-09-10,10,0.001,0,2193681000,9,2025,
2025-09-10,11,0.0,0,2193681000,9,2025,
2025-09-10,12,0.001,0,2193681000,9,2025,
2025-09-10,13,0.0,0,2193681000,9,2025,
2025-09-10,14,0.001,0,2193681000,9,2025,
2025-09-10,15,0.0,0,2193681000,9,2025,
2025-09-10,16,0.001,0,2193681000,9,2025,
2025-09-10,17,0.0,0,2193681000,9,2025,
2025-09-10,18,0.001,0,2193681000,9,2025,
2025-09-10,19,6.927,0,2193681000,9,2025,
2025-09-10,20,7.181,0,2193681000,9,2025,
2025-09-10,21,7.059,0,2193681000,9,2025,
2025-09-10,22,7.208,0,2193681000,9,2025,
2025-09-10,23,7.271,0,2193681000,9,2025,
2025-09-11,0,7.291,0,2193681000,9,2025,
2025-09-11,1,7.382,0,2193681000,9,2025,
2025-09-11,2,7.453,0,2193681000,9,2025,
2025-09-11,3,7.499,0,2193681000,9,2025,
2025-09-11,4,7.542,0,2193681000,9,2025,
2025-09-11,5,7.478,0,2193681000,9,2025,
2025-09-11,6,2.379,0,2193681000,9,2025,
2025-09-11,7,0.001,0,2193681000,9,2025,
2025-09-11,8,0.0,0,2193681000,9,2025,
2025-09-11,9,0.001,0,2193681000,9,2025,
2025-09-11,10,0.0,0,2193681000,9,2025,
2025-09-11,11,0.001,0,2193681000,9,2025,
2025-09-11,12,0.0,0,2193681000,9,2025,
2025-09-11,13,0.001,0,2193681000,9,2025,
2025-09-11,14,0.0,0,2193681000,9,2025,
2025-09-11,15,0.001,0,2193681000,9,2025,
2025-09-11,16,0.0,0,2193681000,9,2025,
2025-09-11,17,0.0,0,2193681000,9,2025,
2025-09-11,18,0.078,0,2193681000,9,2025,
2025-09-11,19,7.049,0,2193681000,9,2025,
2025-09-11,20,7.164,0,2193681000,9,2025,
2025-09-11,21,7.249,0,2193681000,9,2025,
2025-09-11,22,7.269,0,2193681000,9,2025,
2025-09-11,23,7.319,0,2193681000,9,2025,
2025-09-12,0,7.374,0,2193681000,9,2025,
2025-09-12,1,7.397,0,2193681000,9,2025,
2025-09-12,2,7.363,0,2193681000,9,2025,
2025-09-12,3,7.44,0,2193681000,9,2025,
2025-09-12,4,7.42,0,2193681000,9,2025,
2025-09-12,5,7.399,0,2193681000,9,2025,
2025-09-12,6,2.437,0,2193681000,9,2025,
2025-09-12,7,0.0,0,2193681000,9,2025,
2025-09-12,8,0.001,0,2193681000,9,2025,
2025-09-12,9,0.0,0,2193681000,9,2025,
2025-09-12,10,0.001,0,2193681000,9,2025,
2025-09-12,11,0.0,0,2193681000,9,2025,
2025-09-12,12,0.001,0,2193681000,9,2025,
2025-09-12,13,0.0,0,2193681000,9,2025,
2025-09-12,14,0.001,0,2193681000,9,2025,
2025-09-12,15,0.0,0,2193681000,9,2025,
2025-09-12,16,0.001,0,2193681000,9,2025,
2025-09-12,17,0.0,0,2193681000,9,2025,
2025-09-12,18,0.285,0,2193681000,9,2025,
2025-09-12,19,7.194,0,2193681000,9,2025,
2025-09-12,20,7.211,0,2193681000,9,2025,
2025-09-12,21,7.244,0,2193681000,9,2025,
2025-09-12,22,7.295,0,2193681000,9,2025,
2025-09-12,23,7.3,0,2193681000,9,2025,
2025-09-13,0,7.257,0,2193681000,9,2025,
2025-09-13,1,7.384,0,2193681000,9,2025,
2025-09-13,2,7.499,0,2193681000,9,2025,
2025-09-13,3,7.54,0,2193681000,9,2025,
2025-09-13,4,7.507,0,2193681000,9,2025,
2025-09-13,5,7.446,0,2193681000,9,2025,
2025-09-13,6,2.612,0,2193681000,9,2025,
2025-09-13,7,0.001,0,2193681000,9,2025,
2025-09-13,8,0.0,0,2193681000,9,2025,
2025-09-13,9,0.001,0,2193681000,9,2025,
2025-09-13,10,0.0,0,2193681000,9,2025,
2025-09-13,11,0.0,0,2193681000,9,2025,
2025-09-13,12,0.001,0,2193681000,9,2025,
2025-09-13,13,0.0,0,2193681000,9,2025,
2025-09-13,14,0.001,0,2193681000,9,2025,
2025-09-13,15,0.0,0,2193681000,9,2025,
2025-09-13,16,0.001,0,2193681000,9,2025,
2025-09-13,17,0.0,0,2193681000,9,2025,
2025-09-13,18,0.403,0,2193681000,9,2025,
2025-09-13,19,7.157,0,2193681000,9,2025,
2025-09-13,20,7.219,0,2193681000,9,2025,
2025-09-13,21,7.274,0,2193681000,9,2025,
2025-09-13,22,7.315,0,2193681000,9,2025,
2025-09-13,23,7.371,0,2193681000,9,2025,
2025-09-14,0,7.382,0,2193681000,9,2025,
2025-09-14,1,7.44,0,2193681000,9,2025,
2025-09-14,2,7.443,0,2193681000,9,2025,
2025-09-14,3,7.443,0,2193681000,9,2025,
2025-09-14,4,7.442,0,2193681000,9,2025,
2025-09-14,5,7.435,0,2193681000,9,2025,
2025-09-14,6,2.77,0,2193681000,9,2025,
2025-09-14,7,0.001,0,2193681000,9,2025,
2025-09-14,8,0.0,0,2193681000,9,2025,
2025-09-14,9,0.0,0,2193681000,9,2025,
2025-09-14,10,0.001,0,2193681000,9,2025,
2025-09-14,11,0.0,0,2193681000,9,2025,
2025-09-14,12,0.001,0,2193681000,9,2025,
2025-09-14,13,0.0,0,2193681000,9,2025,
2025-09-14,14,0.001,0,2193681000,9,2025,
2025-09-14,15,0.0,0,2193681000,9,2025,
2025-09-14,16,0.001,0,2193681000,9,2025,
2025-09-14,17,0.0,0,2193681000,9,2025,
2025-09-14,18,0.643,0,2193681000,9,2025,
2025-09-14,19,7.191,0,2193681000,9,2025,
2025-09-14,20,7.142,0,2193681000,9,2025,
2025-09-14,21,7.16,0,2193681000,9,2025,
2025-09-14,22,7.254,0,2193681000,9,2025,
2025-09-14,23,7.267,0,2193681000,9,2025,
2025-09-15,0,7.429,0,2193681000,9,2025,
2025-09-15,1,7.492,0,2193681000,9,2025,
2025-09-15,2,7.565,0,2193681000,9,2025,
2025-09-15,3,7.553,0,2193681000,9,2025,
2025-09-15,4,7.551,0,2193681000,9,2025,
2025-09-15,5,7.467,0,2193681000,9,2025,
2025-09-15,6,2.862,0,2193681000,9,2025,
2025-09-15,7,0.001,0,2193681000,9,2025,
2025-09-15,8,0.0,0,2193681000,9,2025,
2025-09-15,9,0.0,0,2193681000,9,2025,
2025-09-15,10,0.001,0,2193681000,9,2025,
2025-09-15,11,0.0,0,2193681000,9,2025,
2025-09-15,12,0.001,0,2193681000,9,2025,
2025-09-15,13,0.0,0,2193681000,9,2025,
2025-09-15,14,0.001,0,2193681000,9,2025,
2025-09-15,15,0.0,0,2193681000,9,2025,
2025-09-15,16,0.001,0,2193681000,9,2025,
2025-09-15,17,0.0,0,2193681000,9,2025,
2025-09-15,18,0.887,0,2193681000,9,2025,
2025-09-15,19,7.221,0,2193681000,9,2025,
2025-09-15,20,7.206,0,2193681000,9,2025,
2025-09-15,21,7.257,0,2193681000,9,2025,
2025-09-15,22,7.291,0,2193681000,9,2025,
2025-09-15,23,7.378,0,2193681000,9,2025,
2025-09-16,0,7.434,0,2193681000,9,2025,
2025-09-16,1,7.462,0,2193681000,9,2025,
2025-09-16,2,7.434,0,2193681000,9,2025,
2025-09-16,3,7.502,0,2193681000,9,2025,
2025-09-16,4,7.508,0,2193681000,9,2025,
2025-09-16,5,7.47,0,2193681000,9,2025,
2025-09-16,6,2.976,0,2193681000,9,2025,
2025-09-16,7,0.001,0,2193681000,9,2025,
2025-09-16,8,0.0,0,2193681000,9,2025,
2025-09-16,9,0.001,0,2193681000,9,2025,
2025-09-16,10,0.0,0,2193681000,9,2025,
2025-09-16,11,0.001,0,2193681000,9,2025,
2025-09-16,12,0.0,0,2193681000,9,2025,
2025-09-16,13,0.001,0,2193681000,9,2025,
2025-09-16,14,0.0,0,2193681000,9,2025,
2025-09-16,15,0.0,0,2193681000,9,2025,
2025-09-16,16,0.001,0,2193681000,9,2025,
2025-09-16,17,0.0,0,2193681000,9,2025,
2025-09-16,18,1.018,0,2193681000,9,2025,
2025-09-16,19,7.253,0,2193681000,9,2025,
2025-09-16,20,7.111,0,2193681000,9,2025,
2025-09-16,21,7.159,0,2193681000,9,2025,
2025-09-16,22,7.284,0,2193681000,9,2025,
2025-09-16,23,7.348,0,2193681000,9,2025,
2025-09-17,0,7.306,0,2193681000,9,2025,
2025-09-17,1,7.441,0,2193681000,9,2025,
2025-09-17,2,7.527,0,2193681000,9,2025,
2025-09-17,3,7.537,0,2193681000,9,2025,
2025-09-17,4,7.566,0,2193681000,9,2025,
2025-09-17,5,7.523,0,2193681000,9,2025,
2025-09-17,6,3.118,0,2193681000,9,2025,
2025-09-17,7,0.001,0,2193681000,9,2025,
2025-09-17,8,0.0,0,2193681000,9,2025,
2025-09-17,9,0.001,0,2193681000,9,2025,
2025-09-17,10,0.0,0,2193681000,9,2025,
2025-09-17,11,0.0,0,2193681000,9,2025,
2025-09-17,12,0.001,0,2193681000,9,2025,
2025-09-17,13,0.0,0,2193681000,9,2025,
2025-09-17,14,0.001,0,2193681000,9,2025,
2025-09-17,15,0.0,0,2193681000,9,2025,
2025-09-17,16,0.001,0,2193681000,9,2025,
2025-09-17,17,0.0,0,2193681000,9,2025,
2025-09-17,18,1.279,0,2193681000,9,2025,
2025-09-17,19,7.358,0,2193681000,9,2025,
2025-09-17,20,7.39,0,2193681000,9,2025,
2025-09-17,21,7.251,0,2193681000,9,2025,
2025-09-17,22,7.345,0,2193681000,9,2025,
2025-09-17,23,7.45,0,2193681000,9,2025,
2025-09-18,0,7.431,0,2193681000,9,2025,
2025-09-18,1,7.482,0,2193681000,9,2025,
2025-09-18,2,7.529,0,2193681000,9,2025,
2025-09-18,3,7.545,0,2193681000,9,2025,
2025-09-18,4,7.495,0,2193681000,9,2025,
2025-09-18,5,7.448,0,2193681000,9,2025,
2025-09-18,6,3.211,0,2193681000,9,2025,
2025-09-18,7,0.0,0,2193681000,9,2025,
2025-09-18,8,0.001,0,2193681000,9,2025,
2025-09-18,9,0.0,0,2193681000,9,2025,
2025-09-18,10,0.0,0,2193681000,9,2025,
2025-09-18,11,0.001,0,2193681000,9,2025,
2025-09-18,12,0.0,0,2193681000,9,2025,
2025-09-18,13,0.001,0,2193681000,9,2025,
2025-09-18,14,0.0,0,2193681000,9,2025,
2025-09-18,15,0.001,0,2193681000,9,2025,
2025-09-18,16,0.0,0,2193681000,9,2025,
2025-09-18,17,0.001,0,2193681000,9,2025,
2025-09-18,18,1.521,0,2193681000,9,2025,
2025-09-18,19,7.302,0,2193681000,9,2025,
2025-09-18,20,7.358,0,2193681000,9,2025,
2025-09-18,21,7.373,0,2193681000,9,2025,
2025-09-18,22,7.445,0,2193681000,9,2025,
2025-09-18,23,7.44,0,2193681000,9,2025,
2025-09-19,0,7.468,0,2193681000,9,2025,
2025-09-19,1,7.495,0,2193681000,9,2025,
2025-09-19,2,7.472,0,2193681000,9,2025,
2025-09-19,3,7.512,0,2193681000,9,2025,
2025-09-19,4,7.566,0,2193681000,9,2025,
2025-09-19,5,7.542,0,2193681000,9,2025,
2025-09-19,6,3.356,0,2193681000,9,2025,
2025-09-19,7,0.0,0,2193681000,9,2025,
2025-09-19,8,0.001,0,2193681000,9,2025,
2025-09-19,9,0.0,0,2193681000,9,2025,
2025-09-19,10,0.001,0,2193681000,9,2025,
2025-09-19,11,0.0,0,2193681000,9,2025,
2025-09-19,12,0.001,0,2193681000,9,2025,
2025-09-19,13,0.7,0,2193681000,9,2025,
2025-09-19,14,0.0,0,2193681000,9,2025,
2025-09-19,15,0.001,0,2193681000,9,2025,
2025-09-19,16,0.0,0,2193681000,9,2025,
2025-09-19,17,0.001,0,2193681000,9,2025,
2025-09-19,18,1.753,0,2193681000,9,2025,
2025-09-19,19,7.278,0,2193681000,9,2025,
2025-09-19,20,7.323,0,2193681000,9,2025,
2025-09-19,21,7.374,0,2193681000,9,2025,
2025-09-19,22,7.408,0,2193681000,9,2025,
2025-09-19,23,7.363,0,2193681000,9,2025,
2025-09-20,0,7.319,0,2193681000,9,2025,
2025-09-20,1,7.427,0,2193681000,9,2025,
2025-09-20,2,7.533,0,2193681000,9,2025,
2025-09-20,3,7.569,0,2193681000,9,2025,
2025-09-20,4,7.578,0,2193681000,9,2025,
2025-09-20,5,7.532,0,2193681000,9,2025,
2025-09-20,6,3.503,0,2193681000,9,2025,
2025-09-20,7,0.001,0,2193681000,9,2025,
2025-09-20,8,0.0,0,2193681000,9,2025,
2025-09-20,9,0.001,0,2193681000,9,2025,
2025-09-20,10,0.0,0,2193681000,9,2025,
2025-09-20,11,0.001,0,2193681000,9,2025,
2025-09-20,12,0.0,0,2193681000,9,2025,
2025-09-20,13,0.001,0,2193681000,9,2025,
2025-09-20,14,0.0,0,2193681000,9,2025,
2025-09-20,15,0.001,0,2193681000,9,2025,
2025-09-20,16,0.0,0,2193681000,9,2025,
2025-09-20,17,0.0,0,2193681000,9,2025,
2025-09-20,18,1.865,0,2193681000,9,2025,
2025-09-20,19,7.192,0,2193681000,9,2025,
2025-09-20,20,7.279,0,2193681000,9,2025,
2025-09-20,21,7.349,0,2193681000,9,2025,
2025-09-20,22,7.402,0,2193681000,9,2025,
2025-09-20,23,7.468,0,2193681000,9,2025,
2025-09-21,0,7.394,0,2193681000,9,2025,
2025-09-21,1,7.444,0,2193681000,9,2025,
2025-09-21,2,7.403,0,2193681000,9,2025,
2025-09-21,3,7.466,0,2193681000,9,2025,
2025-09-21,4,7.507,0,2193681000,9,2025,
2025-09-21,5,7.472,0,2193681000,9,2025,
2025-09-21,6,3.599,0,2193681000,9,2025,
2025-09-21,7,0.0,0,2193681000,9,2025,
2025-09-21,8,0.0,0,2193681000,9,2025,
2025-09-21,9,0.001,0,2193681000,9,2025,
2025-09-21,10,0.0,0,2193681000,9,2025,
2025-09-21,11,0.001,0,2193681000,9,2025,
2025-09-21,12,0.0,0,2193681000,9,2025,
2025-09-21,13,0.001,0,2193681000,9,2025,
2025-09-21,14,0.0,0,2193681000,9,2025,
2025-09-21,15,0.001,0,2193681000,9,2025,
2025-09-21,16,0.0,0,2193681000,9,2025,
2025-09-21,17,0.001,0,2193681000,9,2025,
2025-09-21,18,2.089,0,2193681000,9,2025,
2025-09-21,19,7.228,0,2193681000,9,2025,
2025-09-21,20,7.305,0,2193681000,9,2025,
2025-09-21,21,7.322,0,2193681000,9,2025,
2025-09-21,22,7.372,0,2193681000,9,2025,
2025-09-21,23,7.422,0,2193681000,9,2025,
2025-09-22,0,7.447,0,2193681000,9,2025,
2025-09-22,1,7.47,0,2193681000,9,2025,
2025-09-22,2,7.567,0,2193681000,9,2025,
2025-09-22,3,7.569,0,2193681000,9,2025,
2025-09-22,4,7.572,0,2193681000,9,2025,
2025-09-22,5,7.521,0,2193681000,9,2025,
2025-09-22,6,3.721,0,2193681000,9,2025,
2025-09-22,7,0.001,0,2193681000,9,2025,
2025-09-22,8,0.0,0,2193681000,9,2025,
2025-09-22,9,0.001,0,2193681000,9,2025,
2025-09-22,10,0.0,0,2193681000,9,2025,
2025-09-22,11,0.001,0,2193681000,9,2025,
2025-09-22,12,0.0,0,2193681000,9,2025,
2025-09-22,13,0.0,0,2193681000,9,2025,
2025-09-22,14,0.001,0,2193681000,9,2025,
2025-09-22,15,0.0,0,2193681000,9,2025,
2025-09-22,16,0.001,0,2193681000,9,2025,
2025-09-22,17,0.0,0,2193681000,9,2025,
2025-09-22,18,2.372,0,2193681000,9,2025,
2025-09-22,19,7.299,0,2193681000,9,2025,
2025-09-22,20,7.307,0,2193681000,9,2025,
2025-09-22,21,7.301,0,2193681000,9,2025,
2025-09-22,22,7.317,0,2193681000,9,2025,
2025-09-22,23,7.412,0,2193681000,9,2025,
2025-09-23,0,7.462,0,2193681000,9,2025,
2025-09-23,1,7.534,0,2193681000,9,2025,
2025-09-23,2,7.404,0,2193681000,9,2025,
2025-09-23,3,7.437,0,2193681000,9,2025,
2025-09-23,4,7.447,0,2193681000,9,2025,
2025-09-23,5,7.379,0,2193681000,9,2025,
2025-09-23,6,3.783,0,2193681000,9,2025,
2025-09-23,7,0.0,0,2193681000,9,2025,
2025-09-23,8,0.001,0,2193681000,9,2025,
2025-09-23,9,0.0,0,2193681000,9,2025,
2025-09-23,10,0.001,0,2193681000,9,2025,
2025-09-23,11,0.0,0,2193681000,9,2025,
2025-09-23,12,0.001,0,2193681000,9,2025,
2025-09-23,13,0.0,0,2193681000,9,2025,
2025-09-23,14,0.001,0,2193681000,9,2025,
2025-09-23,15,0.0,0,2193681000,9,2025,
2025-09-23,16,0.001,0,2193681000,9,2025,
2025-09-23,17,0.0,0,2193681000,9,2025,
2025-09-23,18,2.492,0,2193681000,9,2025,
2025-09-23,19,7.227,0,2193681000,9,2025,
2025-09-23,20,7.298,0,2193681000,9,2025,
2025-09-23,21,7.364,0,2193681000,9,2025,
2025-09-23,22,7.402,0,2193681000,9,2025,
2025-09-23,23,7.438,0,2193681000,9,2025,
2025-09-24,0,7.43,0,2193681000,9,2025,
2025-09-24,1,7.504,0,2193681000,9,2025,
2025-09-24,2,7.492,0,2193681000,9,2025,
2025-09-24,3,7.508,0,2193681000,9,2025,
2025-09-24,4,7.487,0,2193681000,9,2025,
2025-09-24,5,7.436,0,2193681000,9,2025,
2025-09-24,6,3.926,0,2193681000,9,2025,
2025-09-24,7,0.0,0,2193681000,9,2025,
2025-09-24,8,0.001,0,2193681000,9,2025,
2025-09-24,9,0.0,0,2193681000,9,2025,
2025-09-24,10,0.001,0,2193681000,9,2025,
2025-09-24,11,0.0,0,2193681000,9,2025,
2025-09-24,12,0.001,0,2193681000,9,2025,
2025-09-24,13,0.0,0,2193681000,9,2025,
2025-09-24,14,0.001,0,2193681000,9,2025,
2025-09-24,15,0.0,0,2193681000,9,2025,
2025-09-24,16,0.001,0,2193681000,9,2025,
2025-09-24,17,0.0,0,2193681000,9,2025,
2025-09-24,18,2.704,0,2193681000,9,2025,
2025-09-24,19,7.235,0,2193681000,9,2025,
2025-09-24,20,7.192,0,2193681000,9,2025,
2025-09-24,21,7.246,0,2193681000,9,2025,
2025-09-24,22,7.319,0,2193681000,9,2025,
2025-09-24,23,7.386,0,2193681000,9,2025,
2025-09-25,0,7.443,0,2193681000,9,2025,
2025-09-25,1,7.502,0,2193681000,9,2025,
2025-09-25,2,7.486,0,2193681000,9,2025,
2025-09-25,3,7.46,0,2193681000,9,2025,
2025-09-25,4,7.454,0,2193681000,9,2025,
2025-09-25,5,7.412,0,2193681000,9,2025,
2025-09-25,6,4.03,0,2193681000,9,2025,
2025-09-25,7,0.0,0,2193681000,9,2025,
2025-09-25,8,0.0,0,2193681000,9,2025,
2025-09-25,9,0.001,0,2193681000,9,2025,
2025-09-25,10,0.0,0,2193681000,9,2025,
2025-09-25,11,0.001,0,2193681000,9,2025,
2025-09-25,12,0.0,0,2193681000,9,2025,
2025-09-25,13,0.001,0,2193681000,9,2025,
2025-09-25,14,0.0,0,2193681000,9,2025,
2025-09-25,15,0.001,0,2193681000,9,2025,
2025-09-25,16,0.0,0,2193681000,9,2025,
2025-09-25,17,0.001,0,2193681000,9,2025,
2025-09-25,18,2.936,0,2193681000,9,2025,
2025-09-25,19,7.157,0,2193681000,9,2025,
2025-09-25,20,7.191,0,2193681000,9,2025,
2025-09-25,21,7.219,0,2193681000,9,2025,
2025-09-25,22,7.223,0,2193681000,9,2025,
2025-09-25,23,7.349,0,2193681000,9,2025,
2025-09-26,0,7.403,0,2193681000,9,2025,
2025-09-26,1,7.485,0,2193681000,9,2025,
2025-09-26,2,7.432,0,2193681000,9,2025,
2025-09-26,3,7.469,0,2193681000,9,2025,
2025-09-26,4,7.455,0,2193681000,9,2025,
2025-09-26,5,7.385,0,2193681000,9,2025,
2025-09-26,6,4.141,0,2193681000,9,2025,
2025-09-26,7,0.0,0,2193681000,9,2025,
2025-09-26,8,0.001,0,2193681000,9,2025,
2025-09-26,9,0.0,0,2193681000,9,2025,
2025-09-26,10,0.001,0,2193681000,9,2025,
2025-09-26,11,0.0,0,2193681000,9,2025,
2025-09-26,12,0.0,0,2193681000,9,2025,
2025-09-26,13,0.001,0,2193681000,9,2025,
2025-09-26,14,0.0,0,2193681000,9,2025,
2025-09-26,15,0.001,0,2193681000,9,2025,
2025-09-26,16,0.0,0,2193681000,9,2025,
2025-09-26,17,0.001,0,2193681000,9,2025,
2025-09-26,18,3.066,0,2193681000,9,2025,
2025-09-26,19,7.222,0,2193681000,9,2025,
2025-09-26,20,7.245,0,2193681000,9,2025,
2025-09-26,21,7.258,0,2193681000,9,2025,
2025-09-26,22,7.338,0,2193681000,9,2025,
2025-09-26,23,7.315,0,2193681000,9,2025,
2025-09-27,0,7.294,0,2193681000,9,2025,
2025-09-27,1,7.383,0,2193681000,9,2025,
2025-09-27,2,7.522,0,2193681000,9,2025,
2025-09-27,3,7.567,0,2193681000,9,2025,
2025-09-27,4,7.569,0,2193681000,9,2025,
2025-09-27,5,7.538,0,2193681000,9,2025,
2025-09-27,6,4.358,0,2193681000,9,2025,
2025-09-27,7,0.001,0,2193681000,9,2025,
2025-09-27,8,0.0,0,2193681000,9,2025,
2025-09-27,9,0.001,0,2193681000,9,2025,
2025-09-27,10,0.0,0,2193681000,9,2025,
2025-09-27,11,0.001,0,2193681000,9,2025,
2025-09-27,12,0.0,0,2193681000,9,2025,
2025-09-27,13,0.001,0,2193681000,9,2025,
2025-09-27,14,0.0,0,2193681000,9,2025,
2025-09-27,15,0.001,0,2193681000,9,2025,
2025-09-27,16,0.0,0,2193681000,9,2025,
2025-09-27,17,0.001,0,2193681000,9,2025,
2025-09-27,18,3.306,0,2193681000,9,2025,
2025-09-27,19,7.174,0,2193681000,9,2025,
2025-09-27,20,7.288,0,2193681000,9,2025,
2025-09-27,21,7.342,0,2193681000,9,2025,
2025-09-27,22,7.368,0,2193681000,9,2025,
2025-09-27,23,7.342,0,2193681000,9,2025,
2025-09-28,0,7.416,0,2193681000,9,2025,
2025-09-28,1,7.361,0,2193681000,9,2025,
2025-09-28,2,7.446,0,2193681000,9,2025,
2025-09-28,3,7.548,0,2193681000,9,2025,
2025-09-28,4,7.543,0,2193681000,9,2025,
2025-09-28,5,7.529,0,2193681000,9,2025,
2025-09-28,6,4.513,0,2193681000,9,2025,
2025-09-28,7,0.0,0,2193681000,9,2025,
2025-09-28,8,0.001,0,2193681000,9,2025,
2025-09-28,9,0.0,0,2193681000,9,2025,
2025-09-28,10,0.001,0,2193681000,9,2025,
2025-09-28,11,0.0,0,2193681000,9,2025,
2025-09-28,12,0.001,0,2193681000,9,2025,
2025-09-28,13,0.0,0,2193681000,9,2025,
2025-09-28,14,0.001,0,2193681000,9,2025,
2025-09-28,15,0.0,0,2193681000,9,2025,
2025-09-28,16,0.001,0,2193681000,9,2025,
2025-09-28,17,0.0,0,2193681000,9,2025,
2025-09-28,18,3.56,0,2193681000,9,2025,
2025-09-28,19,7.185,0,2193681000,9,2025,
2025-09-28,20,7.216,0,2193681000,9,2025,
2025-09-28,21,7.266,0,2193681000,9,2025,
2025-09-28,22,7.348,0,2193681000,9,2025,
2025-09-28,23,7.402,0,2193681000,9,2025,
2025-09-29,0,7.495,0,2193681000,9,2025,
2025-09-29,1,7.59,0,2193681000,9,2025,
2025-09-29,2,7.527,0,2193681000,9,2025,
2025-09-29,3,7.272,0,2193681000,9,2025,
2025-09-29,4,6.573,0,2193681000,9,2025,
2025-09-29,5,6.543,0,2193681000,9,2025,
2025-09-29,6,3.996,0,2193681000,9,2025,
2025-09-29,7,0.0,0,2193681000,9,2025,
2025-09-29,8,0.001,0,2193681000,9,2025,
2025-09-29,9,0.0,0,2193681000,9,2025,
2025-09-29,10,0.001,0,2193681000,9,2025,
2025-09-29,11,0.0,0,2193681000,9,2025,
2025-09-29,12,0.001,0,2193681000,9,2025,
2025-09-29,13,0.0,0,2193681000,9,2025,
2025-09-29,14,0.001,0,2193681000,9,2025,
2025-09-29,15,0.0,0,2193681000,9,2025,
2025-09-29,16,0.001,0,2193681000,9,2025,
2025-09-29,17,0.0,0,2193681000,9,2025,
2025-09-29,18,3.76,0,2193681000,9,2025,
2025-09-29,19,7.173,0,2193681000,9,2025,
2025-09-29,20,7.308,0,2193681000,9,2025,
2025-09-29,21,7.339,0,2193681000,9,2025,
2025-09-29,22,7.392,0,2193681000,9,2025,
2025-09-29,23,7.409,0,2193681000,9,2025,
2025-09-30,0,7.394,0,2193681000,9,2025,
2025-09-30,1,7.469,0,2193681000,9,2025,
2025-09-30,2,7.49,0,2193681000,9,2025,
2025-09-30,3,7.507,0,2193681000,9,2025,
2025-09-30,4,7.538,0,2193681000,9,2025,
2025-09-30,5,7.483,0,2193681000,9,2025,
2025-09-30,6,4.675,0,2193681000,9,2025,
2025-09-30,7,0.001,0,2193681000,9,2025,
2025-09-30,8,0.0,0,2193681000,9,2025,
2025-09-30,9,0.001,0,2193681000,9,2025,
2025-09-30,10,0.0,0,2193681000,9,2025,
2025-09-30,11,0.001,0,2193681000,9,2025,
2025-09-30,12,0.0,0,2193681000,9,2025,
2025-09-30,13,0.001,0,2193681000,9,2025,
2025-09-30,14,0.0,0,2193681000,9,2025,
2025-09-30,15,0.001,0,2193681000,9,2025,
2025-09-30,16,0.0,0,2193681000,9,2025,
2025-09-30,17,0.001,0,2193681000,9,2025,
2025-09-30,18,3.935,0,2193681000,9,2025,
2025-09-30,19,7.273,0,2193681000,9,2025,
2025-09-30,20,7.352,0,2193681000,9,2025,
2025-09-30,21,7.386,0,2193681000,9,2025,
2025-09-30,22,7.381,0,2193681000,9,2025,
2025-09-30,23,7.416,0,2193681000,9,2025,
2025-10-01,0,7.347,0,2193681000,10,2025,
2025-10-01,1,7.42,0,2193681000,10,2025,
2025-10-01,2,7.502,0,2193681000,10,2025,
2025-10-01,3,7.541,0,2193681000,10,2025,
2025-10-01,4,7.542,0,2193681000,10,2025,
2025-10-01,5,7.49,0,2193681000,10,2025,
2025-10-01,6,4.777,0,2193681000,10,2025,
2025-10-01,7,0.0,0,2193681000,10,2025,
2025-10-01,8,0.001,0,2193681000,10,2025,
2025-10-01,9,0.0,0,2193681000,10,2025,
2025-10-01,10,0.001,0,2193681000,10,2025,
2025-10-01,11,0.0,0,2193681000,10,2025,
2025-10-01,12,0.001,0,2193681000,10,2025,
2025-10-01,13,0.0,0,2193681000,10,2025,
2025-10-01,14,0.001,0,2193681000,10,2025,
2025-10-01,15,0.0,0,2193681000,10,2025,
2025-10-01,16,0.001,0,2193681000,10,2025,
2025-10-01,17,0.0,0,2193681000,10,2025,
2025-10-01,18,3.761,0,2193681000,10,2025,
2025-10-01,19,6.514,0,2193681000,10,2025,
2025-10-01,20,6.585,0,2193681000,10,2025,
2025-10-01,21,6.623,0,2193681000,10,2025,
2025-10-01,22,6.651,0,2193681000,10,2025,
2025-10-01,23,6.669,0,2193681000,10,2025,
2025-10-02,0,6.68,0,2193681000,10,2025,
2025-10-02,1,6.728,0,2193681000,10,2025,
2025-10-02,2,6.776,0,2193681000,10,2025,
2025-10-02,3,6.835,0,2193681000,10,2025,
2025-10-02,4,6.833,0,2193681000,10,2025,
2025-10-02,5,6.789,0,2193681000,10,2025,
2025-10-02,6,0.565,0,2193681000,10,2025,
2025-10-02,7,0.001,0,2193681000,10,2025,
2025-10-02,8,0.0,0,2193681000,10,2025,
2025-10-02,9,0.001,0,2193681000,10,2025,
2025-10-02,10,0.0,0,2193681000,10,2025,
2025-10-02,11,0.001,0,2193681000,10,2025,
2025-10-02,12,0.0,0,2193681000,10,2025,
2025-10-02,13,0.0,0,2193681000,10,2025,
2025-10-02,14,0.001,0,2193681000,10,2025,
2025-10-02,15,0.0,0,2193681000,10,2025,
2025-10-02,16,0.001,0,2193681000,10,2025,
2025-10-02,17,0.0,0,2193681000,10,2025,
2025-10-02,18,3.784,0,2193681000,10,2025,
2025-10-02,19,6.2,0,2193681000,10,2025,
2025-10-02,20,6.247,0,2193681000,10,2025,
2025-10-02,21,6.295,0,2193681000,10,2025,
2025-10-02,22,6.35,0,2193681000,10,2025,
2025-10-02,23,6.436,0,2193681000,10,2025,
2025-10-03,0,6.471,0,2193681000,10,2025,
2025-10-03,1,6.537,0,2193681000,10,2025,
2025-10-03,2,5.311,0,2193681000,10,2025,
2025-10-03,3,5.401,0,2193681000,10,2025,
2025-10-03,4,5.528,0,2193681000,10,2025,
2025-10-03,5,5.475,0,2193681000,10,2025,
2025-10-03,6,3.692,0,2193681000,10,2025,
2025-10-03,7,0.0,0,2193681000,10,2025,
2025-10-03,8,0.001,0,2193681000,10,2025,
2025-10-03,9,0.0,0,2193681000,10,2025,
2025-10-03,10,0.001,0,2193681000,10,2025,
2025-10-03,11,0.0,0,2193681000,10,2025,
2025-10-03,12,0.001,0,2193681000,10,2025,
2025-10-03,13,0.0,0,2193681000,10,2025,
2025-10-03,14,0.001,0,2193681000,10,2025,
2025-10-03,15,0.0,0,2193681000,10,2025,
2025-10-03,16,0.001,0,2193681000,10,2025,
2025-10-03,17,0.0,0,2193681000,10,2025,
2025-10-03,18,3.914,0,2193681000,10,2025,
2025-10-03,19,6.259,0,2193681000,10,2025,
2025-10-03,20,6.22,0,2193681000,10,2025,
2025-10-03,21,6.304,0,2193681000,10,2025,
2025-10-03,22,6.346,0,2193681000,10,2025,
2025-10-03,23,6.424,0,2193681000,10,2025,
2025-10-04,0,6.411,0,2193681000,10,2025,
2025-10-04,1,6.513,0,2193681000,10,2025,
2025-10-04,2,6.468,0,2193681000,10,2025,
2025-10-04,3,6.496,0,2193681000,10,2025,
2025-10-04,4,6.512,0,2193681000,10,2025,
2025-10-04,5,6.472,0,2193681000,10,2025,
2025-10-04,6,4.475,0,2193681000,10,2025,
2025-10-04,7,0.001,0,2193681000,10,2025,
2025-10-04,8,0.0,0,2193681000,10,2025,
2025-10-04,9,0.0,0,2193681000,10,2025,
2025-10-04,10,0.0,0,2193681000,10,2025,
2025-10-04,11,0.0,0,2193681000,10,2025,
2025-10-04,12,0.001,0,2193681000,10,2025,
2025-10-04,13,0.0,0,2193681000,10,2025,
2025-10-04,14,0.001,0,2193681000,10,2025,
2025-10-04,15,0.0,0,2193681000,10,2025,
2025-10-04,16,0.001,0,2193681000,10,2025,
2025-10-04,17,0.0,0,2193681000,10,2025,
2025-10-04,18,4.082,0,2193681000,10,2025,
2025-10-04,19,6.197,0,2193681000,10,2025,
2025-10-04,20,6.302,0,2193681000,10,2025,
2025-10-04,21,6.35,0,2193681000,10,2025,
2025-10-04,22,6.373,0,2193681000,10,2025,
2025-10-04,23,6.414,0,2193681000,10,2025,
2025-10-05,0,6.457,0,2193681000,10,2025,
2025-10-05,1,6.753,0,2193681000,10,2025,
2025-10-05,2,6.804,0,2193681000,10,2025,
2025-10-05,3,6.718,0,2193681000,10,2025,
2025-10-05,4,6.759,0,2193681000,10,2025,
2025-10-05,5,6.772,0,2193681000,10,2025,
2025-10-05,6,4.824,0,2193681000,10,2025,
2025-10-05,7,0.001,0,2193681000,10,2025,
2025-10-05,8,0.0,0,2193681000,10,2025,
2025-10-05,9,0.001,0,2193681000,10,2025,
2025-10-05,10,0.0,0,2193681000,10,2025,
2025-10-05,11,0.001,0,2193681000,10,2025,
2025-10-05,12,0.0,0,2193681000,10,2025,
2025-10-05,13,0.001,0,2193681000,10,2025,
2025-10-05,14,0.0,0,2193681000,10,2025,
2025-10-05,15,0.0,0,2193681000,10,2025,
2025-10-05,16,0.001,0,2193681000,10,2025,
2025-10-05,17,0.0,0,2193681000,10,2025,
2025-10-05,18,4.35,0,2193681000,10,2025,
2025-10-05,19,6.085,0,2193681000,10,2025,
2025-10-05,20,6.141,0,2193681000,10,2025,
2025-10-05,21,6.156,0,2193681000,10,2025,
2025-10-05,22,6.221,0,2193681000,10,2025,
2025-10-05,23,6.213,0,2193681000,10,2025,
2025-10-06,0,6.197,0,2193681000,10,2025,
2025-10-06,1,6.279,0,2193681000,10,2025,
2025-10-06,2,6.338,0,2193681000,10,2025,
2025-10-06,3,6.369,0,2193681000,10,2025,
2025-10-06,4,6.372,0,2193681000,10,2025,
2025-10-06,5,6.293,0,2193681000,10,2025,
2025-10-06,6,4.697,0,2193681000,10,2025,
2025-10-06,7,0.001,0,2193681000,10,2025,
2025-10-06,8,0.0,0,2193681000,10,2025,
2025-10-06,9,0.001,0,2193681000,10,2025,
2025-10-06,10,0.0,0,2193681000,10,2025,
2025-10-06,11,0.001,0,2193681000,10,2025,
2025-10-06,12,0.0,0,2193681000,10,2025,
2025-10-06,13,0.0,0,2193681000,10,2025,
2025-10-06,14,0.001,0,2193681000,10,2025,
2025-10-06,15,0.0,0,2193681000,10,2025,
2025-10-06,16,0.001,0,2193681000,10,2025,
2025-10-06,17,0.0,0,2193681000,10,2025,
2025-10-06,18,4.621,0,2193681000,10,2025,
2025-10-06,19,6.529,0,2193681000,10,2025,
2025-10-06,20,6.539,0,2193681000,10,2025,
2025-10-06,21,6.557,0,2193681000,10,2025,
2025-10-06,22,6.621,0,2193681000,10,2025,
2025-10-06,23,6.655,0,2193681000,10,2025,
2025-10-07,0,6.724,0,2193681000,10,2025,
2025-10-07,1,6.816,0,2193681000,10,2025,
2025-10-07,2,6.747,0,2193681000,10,2025,
2025-10-07,3,6.763,0,2193681000,10,2025,
2025-10-07,4,6.813,0,2193681000,10,2025,
2025-10-07,5,6.786,0,2193681000,10,2025,
2025-10-07,6,5.111,0,2193681000,10,2025,
2025-10-07,7,0.0,0,2193681000,10,2025,
2025-10-07,8,0.001,0,2193681000,10,2025,
2025-10-07,9,0.0,0,2193681000,10,2025,
2025-10-07,10,0.001,0,2193681000,10,2025,
2025-10-07,11,0.0,0,2193681000,10,2025,
2025-10-07,12,0.001,0,2193681000,10,2025,
2025-10-07,13,0.0,0,2193681000,10,2025,
2025-10-07,14,0.0,0,2193681000,10,2025,
2025-10-07,15,0.001,0,2193681000,10,2025,
2025-10-07,16,0.0,0,2193681000,10,2025,
2025-10-07,17,0.001,0,2193681000,10,2025,
2025-10-07,18,4.877,0,2193681000,10,2025,
2025-10-07,19,6.559,0,2193681000,10,2025,
2025-10-07,20,6.519,0,2193681000,10,2025,
2025-10-07,21,6.547,0,2193681000,10,2025,
2025-10-07,22,6.586,0,2193681000,10,2025,
2025-10-07,23,6.7,0,2193681000,10,2025,
2025-10-08,0,6.616,0,2193681000,10,2025,
2025-10-08,1,6.708,0,2193681000,10,2025,
2025-10-08,2,6.781,0,2193681000,10,2025,
2025-10-08,3,6.795,0,2193681000,10,2025,
2025-10-08,4,6.804,0,2193681000,10,2025,
2025-10-08,5,6.766,0,2193681000,10,2025,
2025-10-08,6,5.216,0,2193681000,10,2025,
2025-10-08,7,0.001,0,2193681000,10,2025,
2025-10-08,8,0.0,0,2193681000,10,2025,
2025-10-08,9,0.001,0,2193681000,10,2025,
2025-10-08,10,0.0,0,2193681000,10,2025,
2025-10-08,11,0.001,0,2193681000,10,2025,
2025-10-08,12,0.0,0,2193681000,10,2025,
2025-10-08,13,0.001,0,2193681000,10,2025,
2025-10-08,14,0.0,0,2193681000,10,2025,
2025-10-08,15,0.0,0,2193681000,10,2025,
2025-10-08,16,0.001,0,2193681000,10,2025,
2025-10-08,17,0.0,0,2193681000,10,2025,
2025-10-08,18,4.984,0,2193681000,10,2025,
2025-10-08,19,6.513,0,2193681000,10,2025,
2025-10-08,20,6.527,0,2193681000,10,2025,
2025-10-08,21,6.558,0,2193681000,10,2025,
2025-10-08,22,6.593,0,2193681000,10,2025,
2025-10-08,23,6.557,0,2193681000,10,2025,
2025-10-09,0,6.608,0,2193681000,10,2025,
2025-10-09,1,6.687,0,2193681000,10,2025,
2025-10-09,2,6.734,0,2193681000,10,2025,
2025-10-09,3,6.759,0,2193681000,10,2025,
2025-10-09,4,6.785,0,2193681000,10,2025,
2025-10-09,5,6.753,0,2193681000,10,2025,
2025-10-09,6,5.31,0,2193681000,10,2025,
2025-10-09,7,0.0,0,2193681000,10,2025,
2025-10-09,8,0.0,0,2193681000,10,2025,
2025-10-09,9,0.001,0,2193681000,10,2025,
2025-10-09,10,0.0,0,2193681000,10,2025,
2025-10-09,11,0.001,0,2193681000,10,2025,
2025-10-09,12,0.0,0,2193681000,10,2025,
2025-10-09,13,0.001,0,2193681000,10,2025,
2025-10-09,14,0.0,0,2193681000,10,2025,
2025-10-09,15,0.001,0,2193681000,10,2025,
2025-10-09,16,0.0,0,2193681000,10,2025,
2025-10-09,17,0.001,0,2193681000,10,2025,
2025-10-09,18,5.12,0,2193681000,10,2025,
2025-10-09,19,6.472,0,2193681000,10,2025,
2025-10-09,20,6.531,0,2193681000,10,2025,
2025-10-09,21,6.551,0,2193681000,10,2025,
2025-10-09,22,6.594,0,2193681000,10,2025,
2025-10-09,23,6.626,0,2193681000,10,2025,
2025-10-10,0,6.631,0,2193681000,10,2025,
2025-10-10,1,6.682,0,2193681000,10,2025,
2025-10-10,2,6.744,0,2193681000,10,2025,
2025-10-10,3,6.775,0,2193681000,10,2025,
2025-10-10,4,6.792,0,2193681000,10,2025,
2025-10-10,5,6.796,0,2193681000,10,2025,
2025-10-10,6,5.461,0,2193681000,10,2025,
2025-10-10,7,0.0,0,2193681000,10,2025,
2025-10-10,8,0.001,0,2193681000,10,2025,
2025-10-10,9,0.0,0,2193681000,10,2025,
2025-10-10,10,0.001,0,2193681000,10,2025,
2025-10-10,11,0.0,0,2193681000,10,2025,
2025-10-10,12,0.001,0,2193681000,10,2025,
2025-10-10,13,0.0,0,2193681000,10,2025,
2025-10-10,14,0.001,0,2193681000,10,2025,
2025-10-10,15,0.0,0,2193681000,10,2025,
2025-10-10,16,0.001,0,2193681000,10,2025,
2025-10-10,17,0.0,0,2193681000,10,2025,
2025-10-10,18,5.474,0,2193681000,10,2025,
2025-10-10,19,6.584,0,2193681000,10,2025,
2025-10-10,20,6.53,0,2193681000,10,2025,
2025-10-10,21,6.536,0,2193681000,10,2025,
2025-10-10,22,6.613,0,2193681000,10,2025,
2025-10-10,23,6.661,0,2193681000,10,2025,
2025-10-11,0,6.665,0,2193681000,10,2025,
2025-10-11,1,6.797,0,2193681000,10,2025,
2025-10-11,2,6.826,0,2193681000,10,2025,
2025-10-11,3,6.847,0,2193681000,10,2025,
2025-10-11,4,6.863,0,2193681000,10,2025,
2025-10-11,5,6.844,0,2193681000,10,2025,
2025-10-11,6,5.66,0,2193681000,10,2025,
2025-10-11,7,0.001,0,2193681000,10,2025,
2025-10-11,8,0.0,0,2193681000,10,2025,
2025-10-11,9,0.001,0,2193681000,10,2025,
2025-10-11,10,0.0,0,2193681000,10,2025,
2025-10-11,11,0.001,0,2193681000,10,2025,
2025-10-11,12,0.0,0,2193681000,10,2025,
2025-10-11,13,0.0,0,2193681000,10,2025,
2025-10-11,14,0.001,0,2193681000,10,2025,
2025-10-11,15,0.0,0,2193681000,10,2025,
2025-10-11,16,0.001,0,2193681000,10,2025,
2025-10-11,17,0.0,0,2193681000,10,2025,
2025-10-11,18,5.494,0,2193681000,10,2025,
2025-10-11,19,6.491,0,2193681000,10,2025,
2025-10-11,20,6.551,0,2193681000,10,2025,
2025-10-11,21,6.61,0,2193681000,10,2025,
2025-10-11,22,6.671,0,2193681000,10,2025,
2025-10-11,23,6.71,0,2193681000,10,2025,
2025-10-12,0,6.714,0,2193681000,10,2025,
2025-10-12,1,6.794,0,2193681000,10,2025,
2025-10-12,2,6.845,0,2193681000,10,2025,
2025-10-12,3,6.895,0,2193681000,10,2025,
2025-10-12,4,6.932,0,2193681000,10,2025,
2025-10-12,5,6.902,0,2193681000,10,2025,
2025-10-12,6,5.791,0,2193681000,10,2025,
2025-10-12,7,0.0,0,2193681000,10,2025,
2025-10-12,8,0.001,0,2193681000,10,2025,
2025-10-12,9,0.0,0,2193681000,10,2025,
2025-10-12,10,0.001,0,2193681000,10,2025,
2025-10-12,11,0.0,0,2193681000,10,2025,
2025-10-12,12,0.001,0,2193681000,10,2025,
2025-10-12,13,0.0,0,2193681000,10,2025,
2025-10-12,14,0.001,0,2193681000,10,2025,
2025-10-12,15,0.0,0,2193681000,10,2025,
2025-10-12,16,0.001,0,2193681000,10,2025,
2025-10-12,17,0.0,0,2193681000,10,2025,
2025-10-12,18,5.798,0,2193681000,10,2025,
2025-10-12,19,6.571,0,2193681000,10,2025,
2025-10-12,20,6.626,0,2193681000,10,2025,
2025-10-12,21,6.682,0,2193681000,10,2025,
2025-10-12,22,6.712,0,2193681000,10,2025,
2025-10-12,23,6.755,0,2193681000,10,2025,
2025-10-13,0,6.732,0,2193681000,10,2025,
2025-10-13,1,6.824,0,2193681000,10,2025,
2025-10-13,2,6.907,0,2193681000,10,2025,
2025-10-13,3,6.882,0,2193681000,10,2025,
2025-10-13,4,6.887,0,2193681000,10,2025,
2025-10-13,5,6.815,0,2193681000,10,2025,
2025-10-13,6,5.781,0,2193681000,10,2025,
2025-10-13,7,0.001,0,2193681000,10,2025,
2025-10-13,8,0.0,0,2193681000,10,2025,
2025-10-13,9,0.0,0,2193681000,10,2025,
2025-10-13,10,0.001,0,2193681000,10,2025,
2025-10-13,11,0.0,0,2193681000,10,2025,
2025-10-13,12,0.001,0,2193681000,10,2025,
2025-10-13,13,0.0,0,2193681000,10,2025,
2025-10-13,14,0.001,0,2193681000,10,2025,
2025-10-13,15,0.0,0,2193681000,10,2025,
2025-10-13,16,0.001,0,2193681000,10,2025,
2025-10-13,17,0.0,0,2193681000,10,2025,
2025-10-13,18,5.837,0,2193681000,10,2025,
2025-10-13,19,6.553,0,2193681000,10,2025,
2025-10-13,20,6.495,0,2193681000,10,2025,
2025-10-13,21,6.531,0,2193681000,10,2025,
2025-10-13,22,6.6,0,2193681000,10,2025,
2025-10-13,23,6.655,0,2193681000,10,2025,
2025-10-14,0,6.621,0,2193681000,10,2025,
2025-10-14,1,6.662,0,2193681000,10,2025,
2025-10-14,2,6.713,0,2193681000,10,2025,
2025-10-14,3,6.734,0,2193681000,10,2025,
2025-10-14,4,6.761,0,2193681000,10,2025,
2025-10-14,5,6.711,0,2193681000,10,2025,
2025-10-14,6,5.815,0,2193681000,10,2025,
2025-10-14,7,0.0,0,2193681000,10,2025,
2025-10-14,8,0.001,0,2193681000,10,2025,
2025-10-14,9,0.0,0,2193681000,10,2025,
2025-10-14,10,0.0,0,2193681000,10,2025,
2025-10-14,11,0.001,0,2193681000,10,2025,
2025-10-14,12,0.0,0,2193681000,10,2025,
2025-10-14,13,0.001,0,2193681000,10,2025,
2025-10-14,14,0.0,0,2193681000,10,2025,
2025-10-14,15,0.001,0,2193681000,10,2025,
2025-10-14,16,0.0,0,2193681000,10,2025,
2025-10-14,17,0.001,0,2193681000,10,2025,
2025-10-14,18,6.029,0,2193681000,10,2025,
2025-10-14,19,6.49,0,2193681000,10,2025,
2025-10-14,20,6.411,0,2193681000,10,2025,
2025-10-14,21,6.462,0,2193681000,10,2025,
2025-10-14,22,6.525,0,2193681000,10,2025,
2025-10-14,23,6.574,0,2193681000,10,2025,
2025-10-15,0,6.655,0,2193681000,10,2025,
2025-10-15,1,6.708,0,2193681000,10,2025,
2025-10-15,2,6.743,0,2193681000,10,2025,
2025-10-15,3,6.704,0,2193681000,10,2025,
2025-10-15,4,6.686,0,2193681000,10,2025,
2025-10-15,5,6.643,0,2193681000,10,2025,
2025-10-15,6,5.881,0,2193681000,10,2025,
2025-10-15,7,0.0,0,2193681000,10,2025,
2025-10-15,8,0.001,0,2193681000,10,2025,
2025-10-15,9,0.0,0,2193681000,10,2025,
2025-10-15,10,0.001,0,2193681000,10,2025,
2025-10-15,11,0.0,0,2193681000,10,2025,
2025-10-15,12,0.0,0,2193681000,10,2025,
2025-10-15,13,0.001,0,2193681000,10,2025,
2025-10-15,14,0.0,0,2193681000,10,2025,
2025-10-15,15,0.001,0,2193681000,10,2025,
2025-10-15,16,0.0,0,2193681000,10,2025,
2025-10-15,17,0.001,0,2193681000,10,2025,
2025-10-15,18,6.172,0,2193681000,10,2025,
2025-10-15,19,6.521,0,2193681000,10,2025,
2025-10-15,20,6.466,0,2193681000,10,2025,
2025-10-15,21,6.503,0,2193681000,10,2025,
2025-10-15,22,6.566,0,2193681000,10,2025,
2025-10-15,23,6.615,0,2193681000,10,2025,
2025-10-16,0,6.656,0,2193681000,10,2025,
2025-10-16,1,6.762,0,2193681000,10,2025,
2025-10-16,2,6.729,0,2193681000,10,2025,
2025-10-16,3,6.734,0,2193681000,10,2025,
2025-10-16,4,6.741,0,2193681000,10,2025,
2025-10-16,5,6.7,0,2193681000,10,2025,
2025-10-16,6,6.023,0,2193681000,10,2025,
2025-10-16,7,0.001,0,2193681000,10,2025,
2025-10-16,8,0.0,0,2193681000,10,2025,
2025-10-16,9,0.001,0,2193681000,10,2025,
2025-10-16,10,0.0,0,2193681000,10,2025,
2025-10-16,11,0.001,0,2193681000,10,2025,
2025-10-16,12,0.0,0,2193681000,10,2025,
2025-10-16,13,0.001,0,2193681000,10,2025,
2025-10-16,14,0.0,0,2193681000,10,2025,
2025-10-16,15,0.001,0,2193681000,10,2025,
2025-10-16,16,0.0,0,2193681000,10,2025,
2025-10-16,17,0.0,0,2193681000,10,2025,
2025-10-16,18,6.303,0,2193681000,10,2025,
2025-10-16,19,6.47,0,2193681000,10,2025,
2025-10-16,20,6.053,0,2193681000,10,2025,
2025-10-16,21,5.622,0,2193681000,10,2025,
2025-10-16,22,5.667,0,2193681000,10,2025,
2025-10-16,23,5.756,0,2193681000,10,2025,
2025-10-17,0,5.776,0,2193681000,10,2025,
2025-10-17,1,5.803,0,2193681000,10,2025,
2025-10-17,2,5.842,0,2193681000,10,2025,
2025-10-17,3,5.819,0,2193681000,10,2025,
2025-10-17,4,5.858,0,2193681000,10,2025,
2025-10-17,5,5.827,0,2193681000,10,2025,
2025-10-17,6,5.339,0,2193681000,10,2025,
2025-10-17,7,0.001,0,2193681000,10,2025,
2025-10-17,8,0.0,0,2193681000,10,2025,
2025-10-17,9,0.001,0,2193681000,10,2025,
2025-10-17,10,0.0,0,2193681000,10,2025,
2025-10-17,11,0.001,0,2193681000,10,2025,
2025-10-17,12,0.0,0,2193681000,10,2025,
2025-10-17,13,0.0,0,2193681000,10,2025,
2025-10-17,14,0.001,0,2193681000,10,2025,
2025-10-17,15,0.0,0,2193681000,10,2025,
2025-10-17,16,0.001,0,2193681000,10,2025,
2025-10-17,17,0.06,0,2193681000,10,2025,
2025-10-17,18,6.42,0,2193681000,10,2025,
2025-10-17,19,6.505,0,2193681000,10,2025,
2025-10-17,20,6.468,0,2193681000,10,2025,
2025-10-17,21,6.499,0,2193681000,10,2025,
2025-10-17,22,6.552,0,2193681000,10,2025,
2025-10-17,23,6.598,0,2193681000,10,2025,
2025-10-18,0,6.671,0,2193681000,10,2025,
2025-10-18,1,6.673,0,2193681000,10,2025,
2025-10-18,2,6.753,0,2193681000,10,2025,
2025-10-18,3,6.809,0,2193681000,10,2025,
2025-10-18,4,6.85,0,2193681000,10,2025,
2025-10-18,5,6.742,0,2193681000,10,2025,
2025-10-18,6,6.301,0,2193681000,10,2025,
2025-10-18,7,0.0,0,2193681000,10,2025,
2025-10-18,8,0.001,0,2193681000,10,2025,
2025-10-18,9,0.0,0,2193681000,10,2025,
2025-10-18,10,0.001,0,2193681000,10,2025,
2025-10-18,11,0.0,0,2193681000,10,2025,
2025-10-18,12,0.001,0,2193681000,10,2025,
2025-10-18,13,0.0,0,2193681000,10,2025,
2025-10-18,14,0.001,0,2193681000,10,2025,
2025-10-18,15,0.0,0,2193681000,10,2025,
2025-10-18,16,0.001,0,2193681000,10,2025,
2025-10-18,17,0.24,0,2193681000,10,2025,
2025-10-18,18,6.36,0,2193681000,10,2025,
2025-10-18,19,6.425,0,2193681000,10,2025,
2025-10-18,20,6.476,0,2193681000,10,2025,
2025-10-18,21,6.51,0,2193681000,10,2025,
2025-10-18,22,6.582,0,2193681000,10,2025,
2025-10-18,23,6.6,0,2193681000,10,2025,
2025-10-19,0,6.616,0,2193681000,10,2025,
2025-10-19,1,6.72,0,2193681000,10,2025,
2025-10-19,2,6.725,0,2193681000,10,2025,
2025-10-19,3,6.746,0,2193681000,10,2025,
2025-10-19,4,6.789,0,2193681000,10,2025,
2025-10-19,5,6.765,0,2193681000,10,2025,
2025-10-19,6,6.449,0,2193681000,10,2025,
2025-10-19,7,0.001,0,2193681000,10,2025,
2025-10-19,8,0.0,0,2193681000,10,2025,
2025-10-19,9,0.001,0,2193681000,10,2025,
2025-10-19,10,0.0,0,2193681000,10,2025,
2025-10-19,11,0.001,0,2193681000,10,2025,
2025-10-19,12,0.0,0,2193681000,10,2025,
2025-10-19,13,0.001,0,2193681000,10,2025,
2025-10-19,14,0.0,0,2193681000,10,2025,
2025-10-19,15,0.0,0,2193681000,10,2025,
2025-10-19,16,0.001,0,2193681000,10,2025,
2025-10-19,17,0.343,0,2193681000,10,2025,
2025-10-19,18,6.357,0,2193681000,10,2025,
2025-10-19,19,6.415,0,2193681000,10,2025,
2025-10-19,20,6.514,0,2193681000,10,2025,
2025-10-19,21,6.544,0,2193681000,10,2025,
2025-10-19,22,6.629,0,2193681000,10,2025,
2025-10-19,23,6.675,0,2193681000,10,2025,
2025-10-20,0,6.777,0,2193681000,10,2025,
2025-10-20,1,6.814,0,2193681000,10,2025,
2025-10-20,2,6.773,0,2193681000,10,2025,
2025-10-20,3,6.758,0,2193681000,10,2025,
2025-10-20,4,6.779,0,2193681000,10,2025,
2025-10-20,5,6.737,0,2193681000,10,2025,
2025-10-20,6,6.601,0,2193681000,10,2025,
2025-10-20,7,0.001,0,2193681000,10,2025,
2025-10-20,8,0.0,0,2193681000,10,2025,
2025-10-20,9,0.001,0,2193681000,10,2025,
2025-10-20,10,0.0,0,2193681000,10,2025,
2025-10-20,11,0.0,0,2193681000,10,2025,
2025-10-20,12,0.001,0,2193681000,10,2025,
2025-10-20,13,0.0,0,2193681000,10,2025,
2025-10-20,14,0.001,0,2193681000,10,2025,
2025-10-20,15,0.0,0,2193681000,10,2025,
2025-10-20,16,0.001,0,2193681000,10,2025,
2025-10-20,17,0.564,0,2193681000,10,2025,
2025-10-20,18,6.499,0,2193681000,10,2025,
2025-10-20,19,6.539,0,2193681000,10,2025,
2025-10-20,20,6.543,0,2193681000,10,2025,
2025-10-20,21,6.572,0,2193681000,10,2025,
2025-10-20,22,6.561,0,2193681000,10,2025,
2025-10-20,23,6.602,0,2193681000,10,2025,
2025-10-21,0,6.653,0,2193681000,10,2025,
2025-10-21,1,6.752,0,2193681000,10,2025,
2025-10-21,2,6.787,0,2193681000,10,2025,
2025-10-21,3,6.792,0,2193681000,10,2025,
2025-10-21,4,6.738,0,2193681000,10,2025,
2025-10-21,5,6.695,0,2193681000,10,2025,
2025-10-21,6,6.656,0,2193681000,10,2025,
2025-10-21,7,0.014,0,2193681000,10,2025,
2025-10-21,8,0.001,0,2193681000,10,2025,
2025-10-21,9,0.0,0,2193681000,10,2025,
2025-10-21,10,0.001,0,2193681000,10,2025,
2025-10-21,11,0.0,0,2193681000,10,2025,
2025-10-21,12,0.001,0,2193681000,10,2025,
2025-10-21,13,0.0,0,2193681000,10,2025,
2025-10-21,14,0.001,0,2193681000,10,2025,
2025-10-21,15,0.0,0,2193681000,10,2025,
2025-10-21,16,0.001,0,2193681000,10,2025,
2025-10-21,17,0.683,0,2193681000,10,2025,
2025-10-21,18,6.535,0,2193681000,10,2025,
2025-10-21,19,6.576,0,2193681000,10,2025,
2025-10-21,20,6.554,0,2193681000,10,2025,
2025-10-21,21,6.534,0,2193681000,10,2025,
2025-10-21,22,6.577,0,2193681000,10,2025,
2025-10-21,23,6.653,0,2193681000,10,2025,
2025-10-22,0,6.692,0,2193681000,10,2025,
2025-10-22,1,6.767,0,2193681000,10,2025,
2025-10-22,2,6.79,0,2193681000,10,2025,
2025-10-22,3,6.777,0,2193681000,10,2025,
2025-10-22,4,6.826,0,2193681000,10,2025,
2025-10-22,5,6.791,0,2193681000,10,2025,
2025-10-22,6,6.75,0,2193681000,10,2025,
2025-10-22,7,0.125,0,2193681000,10,2025,
2025-10-22,8,0.0,0,2193681000,10,2025,
2025-10-22,9,0.001,0,2193681000,10,2025,
2025-10-22,10,0.0,0,2193681000,10,2025,
2025-10-22,11,0.001,0,2193681000,10,2025,
2025-10-22,12,0.0,0,2193681000,10,2025,
2025-10-22,13,0.0,0,2193681000,10,2025,
2025-10-22,14,0.001,0,2193681000,10,2025,
2025-10-22,15,0.0,0,2193681000,10,2025,
2025-10-22,16,0.0,0,2193681000,10,2025,
2025-10-22,17,0.895,0,2193681000,10,2025,
2025-10-22,18,6.496,0,2193681000,10,2025,
2025-10-22,19,6.552,0,2193681000,10,2025,
2025-10-22,20,6.589,0,2193681000,10,2025,
2025-10-22,21,6.619,0,2193681000,10,2025,
2025-10-22,22,6.607,0,2193681000,10,2025,
2025-10-22,23,6.678,0,2193681000,10,2025,
2025-10-23,0,6.7,0,2193681000,10,2025,
2025-10-23,1,6.747,0,2193681000,10,2025,
2025-10-23,2,6.802,0,2193681000,10,2025,
2025-10-23,3,6.706,0,2193681000,10,2025,
2025-10-23,4,6.694,0,2193681000,10,2025,
2025-10-23,5,6.655,0,2193681000,10,2025,
2025-10-23,6,6.677,0,2193681000,10,2025,
2025-10-23,7,0.231,0,2193681000,10,2025,
2025-10-23,8,0.001,0,2193681000,10,2025,
2025-10-23,9,0.0,0,2193681000,10,2025,
2025-10-23,10,0.001,0,2193681000,10,2025,
2025-10-23,11,0.0,0,2193681000,10,2025,
2025-10-23,12,0.001,0,2193681000,10,2025,
2025-10-23,13,0.0,0,2193681000,10,2025,
2025-10-23,14,0.001,0,2193681000,10,2025,
2025-10-23,15,0.0,0,2193681000,10,2025,
2025-10-23,16,0.0,0,2193681000,10,2025,
2025-10-23,17,1.006,0,2193681000,10,2025,
2025-10-23,18,6.448,0,2193681000,10,2025,
2025-10-23,19,6.493,0,2193681000,10,2025,
2025-10-23,20,6.52,0,2193681000,10,2025,
2025-10-23,21,6.547,0,2193681000,10,2025,
2025-10-23,22,6.59,0,2193681000,10,2025,
2025-10-23,23,6.59,0,2193681000,10,2025,
2025-10-24,0,6.602,0,2193681000,10,2025,
2025-10-24,1,6.674,0,2193681000,10,2025,
2025-10-24,2,6.74,0,2193681000,10,2025,
2025-10-24,3,6.781,0,2193681000,10,2025,
2025-10-24,4,6.795,0,2193681000,10,2025,
2025-10-24,5,6.764,0,2193681000,10,2025,
2025-10-24,6,6.701,0,2193681000,10,2025,
2025-10-24,7,0.342,0,2193681000,10,2025,
2025-10-24,8,0.0,0,2193681000,10,2025,
2025-10-24,9,0.001,0,2193681000,10,2025,
2025-10-24,10,0.0,0,2193681000,10,2025,
2025-10-24,11,0.001,0,2193681000,10,2025,
2025-10-24,12,0.0,0,2193681000,10,2025,
2025-10-24,13,0.001,0,2193681000,10,2025,
2025-10-24,14,0.0,0,2193681000,10,2025,
2025-10-24,15,0.0,0,2193681000,10,2025,
2025-10-24,16,0.001,0,2193681000,10,2025,
2025-10-24,17,1.212,0,2193681000,10,2025,
2025-10-24,18,6.464,0,2193681000,10,2025,
2025-10-24,19,6.487,0,2193681000,10,2025,
2025-10-24,20,6.464,0,2193681000,10,2025,
2025-10-24,21,6.517,0,2193681000,10,2025,
2025-10-24,22,6.566,0,2193681000,10,2025,
2025-10-24,23,6.644,0,2193681000,10,2025,
2025-10-25,0,6.551,0,2193681000,10,2025,
2025-10-25,1,6.638,0,2193681000,10,2025,
2025-10-25,2,6.725,0,2193681000,10,2025,
2025-10-25,3,6.69,0,2193681000,10,2025,
2025-10-25,4,6.298,0,2193681000,10,2025,
2025-10-25,5,6.671,0,2193681000,10,2025,
2025-10-25,6,6.613,0,2193681000,10,2025,
2025-10-25,7,0.448,0,2193681000,10,2025,
2025-10-25,8,0.0,0,2193681000,10,2025,
2025-10-25,9,0.001,0,2193681000,10,2025,
2025-10-25,10,0.0,0,2193681000,10,2025,
2025-10-25,11,0.001,0,2193681000,10,2025,
2025-10-25,12,0.0,0,2193681000,10,2025,
2025-10-25,13,0.0,0,2193681000,10,2025,
2025-10-25,14,0.001,0,2193681000,10,2025,
2025-10-25,15,0.0,0,2193681000,10,2025,
2025-10-25,16,0.001,0,2193681000,10,2025,
2025-10-25,17,1.316,0,2193681000,10,2025,
2025-10-25,18,6.326,0,2193681000,10,2025,
2025-10-25,19,6.385,0,2193681000,10,2025,
2025-10-25,20,6.447,0,2193681000,10,2025,
2025-10-25,21,6.441,0,2193681000,10,2025,
2025-10-25,22,6.513,0,2193681000,10,2025,
2025-10-25,23,6.581,0,2193681000,10,2025,
2025-10-26,0,6.639,0,2193681000,10,2025,
2025-10-26,1,6.763,0,2193681000,10,2025,
2025-10-26,2,6.842,0,2193681000,10,2025,
2025-10-26,3,6.835,0,2193681000,10,2025,
2025-10-26,4,6.774,0,2193681000,10,2025,
2025-10-26,5,6.727,0,2193681000,10,2025,
2025-10-26,6,6.731,0,2193681000,10,2025,
2025-10-26,7,0.563,0,2193681000,10,2025,
2025-10-26,8,0.0,0,2193681000,10,2025,
2025-10-26,9,0.001,0,2193681000,10,2025,
2025-10-26,10,0.0,0,2193681000,10,2025,
2025-10-26,11,0.0,0,2193681000,10,2025,
2025-10-26,12,0.001,0,2193681000,10,2025,
2025-10-26,13,0.0,0,2193681000,10,2025,
2025-10-26,14,0.001,0,2193681000,10,2025,
2025-10-26,15,0.0,0,2193681000,10,2025,
2025-10-26,16,0.001,0,2193681000,10,2025,
2025-10-26,17,1.42,0,2193681000,10,2025,
2025-10-26,18,6.415,0,2193681000,10,2025,
2025-10-26,19,6.485,0,2193681000,10,2025,
2025-10-26,20,6.554,0,2193681000,10,2025,
2025-10-26,21,6.583,0,2193681000,10,2025,
2025-10-26,22,6.612,0,2193681000,10,2025,
2025-10-26,23,6.636,0,2193681000,10,2025,
2025-10-27,0,6.665,0,2193681000,10,2025,
2025-10-27,1,6.676,0,2193681000,10,2025,
2025-10-27,2,6.739,0,2193681000,10,2025,
2025-10-27,3,6.797,0,2193681000,10,2025,
2025-10-27,4,6.82,0,2193681000,10,2025,
2025-10-27,5,6.76,0,2193681000,10,2025,
2025-10-27,6,6.683,0,2193681000,10,2025,
2025-10-27,7,0.777,0,2193681000,10,2025,
2025-10-27,8,0.001,0,2193681000,10,2025,
2025-10-27,9,0.0,0,2193681000,10,2025,
2025-10-27,10,0.001,0,2193681000,10,2025,
2025-10-27,11,0.0,0,2193681000,10,2025,
2025-10-27,12,0.0,0,2193681000,10,2025,
2025-10-27,13,0.001,0,2193681000,10,2025,
2025-10-27,14,0.0,0,2193681000,10,2025,
2025-10-27,15,0.001,0,2193681000,10,2025,
2025-10-27,16,0.0,0,2193681000,10,2025,
2025-10-27,17,1.664,0,2193681000,10,2025,
2025-10-27,18,6.48,0,2193681000,10,2025,
2025-10-27,19,6.446,0,2193681000,10,2025,
2025-10-27,20,6.515,0,2193681000,10,2025,
2025-10-27,21,6.565,0,2193681000,10,2025,
2025-10-27,22,6.597,0,2193681000,10,2025,
2025-10-27,23,6.594,0,2193681000,10,2025,
2025-10-28,0,6.648,0,2193681000,10,2025,
2025-10-28,1,6.714,0,2193681000,10,2025,
2025-10-28,2,6.807,0,2193681000,10,2025,
2025-10-28,3,6.824,0,2193681000,10,2025,
2025-10-28,4,6.841,0,2193681000,10,2025,
2025-10-28,5,6.817,0,2193681000,10,2025,
2025-10-28,6,6.783,0,2193681000,10,2025,
2025-10-28,7,0.897,0,2193681000,10,2025,
2025-10-28,8,0.0,0,2193681000,10,2025,
2025-10-28,9,0.0,0,2193681000,10,2025,
2025-10-28,10,0.001,0,2193681000,10,2025,
2025-10-28,11,0.0,0,2193681000,10,2025,
2025-10-28,12,0.001,0,2193681000,10,2025,
2025-10-28,13,0.0,0,2193681000,10,2025,
2025-10-28,14,0.0,0,2193681000,10,2025,
2025-10-28,15,0.001,0,2193681000,10,2025,
2025-10-28,16,0.0,0,2193681000,10,2025,
2025-10-28,17,1.77,0,2193681000,10,2025,
2025-10-28,18,6.425,0,2193681000,10,2025,
2025-10-28,19,6.518,0,2193681000,10,2025,
2025-10-28,20,6.583,0,2193681000,10,2025,
2025-10-28,21,6.612,0,2193681000,10,2025,
2025-10-28,22,6.623,0,2193681000,10,2025,
2025-10-28,23,6.635,0,2193681000,10,2025,
2025-10-29,0,6.633,0,2193681000,10,2025,
2025-10-29,1,6.686,0,2193681000,10,2025,
2025-10-29,2,6.726,0,2193681000,10,2025,
2025-10-29,3,6.742,0,2193681000,10,2025,
2025-10-29,4,6.756,0,2193681000,10,2025,
2025-10-29,5,5.75,0,2193681000,10,2025,
2025-10-29,6,5.473,0,2193681000,10,2025,
2025-10-29,7,0.817,0,2193681000,10,2025,
2025-10-29,8,0.001,0,2193681000,10,2025,
2025-10-29,9,0.0,0,2193681000,10,2025,
2025-10-29,10,0.001,0,2193681000,10,2025,
2025-10-29,11,0.0,0,2193681000,10,2025,
2025-10-29,12,0.0,0,2193681000,10,2025,
2025-10-29,13,0.001,0,2193681000,10,2025,
2025-10-29,14,0.0,0,2193681000,10,2025,
2025-10-29,15,0.001,0,2193681000,10,2025,
2025-10-29,16,0.0,0,2193681000,10,2025,
2025-10-29,17,1.853,0,2193681000,10,2025,
2025-10-29,18,6.337,0,2193681000,10,2025,
2025-10-29,19,6.419,0,2193681000,10,2025,
2025-10-29,20,6.52,0,2193681000,10,2025,
2025-10-29,21,6.537,0,2193681000,10,2025,
2025-10-29,22,6.566,0,2193681000,10,2025,
2025-10-29,23,6.632,0,2193681000,10,2025,
2025-10-30,0,6.679,0,2193681000,10,2025,
2025-10-30,1,6.75,0,2193681000,10,2025,
2025-10-30,2,6.837,0,2193681000,10,2025,
2025-10-30,3,6.791,0,2193681000,10,2025,
2025-10-30,4,6.791,0,2193681000,10,2025,
2025-10-30,5,6.749,0,2193681000,10,2025,
2025-10-30,6,6.702,0,2193681000,10,2025,
2025-10-30,7,1.103,0,2193681000,10,2025,
2025-10-30,8,0.0,0,2193681000,10,2025,
2025-10-30,9,0.001,0,2193681000,10,2025,
2025-10-30,10,0.0,0,2193681000,10,2025,
2025-10-30,11,0.0,0,2193681000,10,2025,
2025-10-30,12,0.001,0,2193681000,10,2025,
2025-10-30,13,0.0,0,2193681000,10,2025,
2025-10-30,14,0.001,0,2193681000,10,2025,
2025-10-30,15,0.0,0,2193681000,10,2025,
2025-10-30,16,0.001,0,2193681000,10,2025,
2025-10-30,17,2.085,0,2193681000,10,2025,
2025-10-30,18,6.412,0,2193681000,10,2025,
2025-10-30,19,6.488,0,2193681000,10,2025,
2025-10-30,20,6.485,0,2193681000,10,2025,
2025-10-30,21,6.519,0,2193681000,10,2025,
2025-10-30,22,6.584,0,2193681000,10,2025,
2025-10-30,23,6.65,0,2193681000,10,2025,
2025-10-31,0,6.698,0,2193681000,10,2025,
2025-10-31,1,6.775,0,2193681000,10,2025,
2025-10-31,2,6.731,0,2193681000,10,2025,
2025-10-31,3,6.772,0,2193681000,10,2025,
2025-10-31,4,6.807,0,2193681000,10,2025,
2025-10-31,5,6.756,0,2193681000,10,2025,
2025-10-31,6,6.722,0,2193681000,10,2025,
2025-10-31,7,1.213,0,2193681000,10,2025,
2025-10-31,8,0.001,0,2193681000,10,2025,
2025-10-31,9,0.0,0,2193681000,10,2025,
2025-10-31,10,0.001,0,2193681000,10,2025,
2025-10-31,11,0.0,0,2193681000,10,2025,
2025-10-31,12,0.001,0,2193681000,10,2025,
2025-10-31,13,0.0,0,2193681000,10,2025,
2025-10-31,14,0.001,0,2193681000,10,2025,
2025-10-31,15,0.0,0,2193681000,10,2025,
2025-10-31,16,0.0,0,2193681000,10,2025,
2025-10-31,17,2.167,0,2193681000,10,2025,
2025-10-31,18,6.366,0,2193681000,10,2025,
2025-10-31,19,6.453,0,2193681000,10,2025,
2025-10-31,20,6.552,0,2193681000,10,2025,
2025-10-31,21,6.58,0,2193681000,10,2025,
2025-10-31,22,6.603,0,2193681000,10,2025,
2025-10-31,23,6.618,0,2193681000,10,2025,
2025-11-01,0,6.613,0,2193681000,11,2025,
2025-11-01,1,6.68,0,2193681000,11,2025,
2025-11-01,2,6.739,0,2193681000,11,2025,
2025-11-01,3,6.757,0,2193681000,11,2025,
2025-11-01,4,6.792,0,2193681000,11,2025,
2025-11-01,5,6.76,0,2193681000,11,2025,
2025-11-01,6,6.767,0,2193681000,11,2025,
2025-11-01,7,1.327,0,2193681000,11,2025,
2025-11-01,8,0.001,0,2193681000,11,2025,
2025-11-01,9,0.0,0,2193681000,11,2025,
2025-11-01,10,0.001,0,2193681000,11,2025,
2025-11-01,11,0.0,0,2193681000,11,2025,
2025-11-01,12,0.001,0,2193681000,11,2025,
2025-11-01,13,0.0,0,2193681000,11,2025,
2025-11-01,14,0.0,0,2193681000,11,2025,
2025-11-01,15,0.001,0,2193681000,11,2025,
2025-11-01,16,0.0,0,2193681000,11,2025,
2025-11-01,17,2.319,0,2193681000,11,2025,
2025-11-01,18,6.379,0,2193681000,11,2025,
2025-11-01,19,6.453,0,2193681000,11,2025,
2025-11-01,20,6.529,0,2193681000,11,2025,
2025-11-01,21,6.561,0,2193681000,11,2025,
2025-11-01,22,6.618,0,2193681000,11,2025,
2025-11-01,23,6.69,0,2193681000,11,2025,
2025-11-02,0,6.672,0,2193681000,11,2025,
2025-11-02,1,6.784,0,2193681000,11,2025,
2025-11-02,2,6.88,0,2193681000,11,2025,
2025-11-02,3,6.789,0,2193681000,11,2025,
2025-11-02,4,6.819,0,2193681000,11,2025,
2025-11-02,5,6.803,0,2193681000,11,2025,
2025-11-02,6,6.913,0,2193681000,11,2025,
2025-11-02,7,1.476,0,2193681000,11,2025,
2025-11-02,8,0.0,0,2193681000,11,2025,
2025-11-02,9,0.001,0,2193681000,11,2025,
2025-11-02,10,0.0,0,2193681000,11,2025,
2025-11-02,11,0.001,0,2193681000,11,2025,
2025-11-02,12,0.0,0,2193681000,11,2025,
2025-11-02,13,0.0,0,2193681000,11,2025,
2025-11-02,14,0.001,0,2193681000,11,2025,
2025-11-02,15,0.0,0,2193681000,11,2025,
2025-11-02,16,0.001,0,2193681000,11,2025,
2025-11-02,17,2.417,0,2193681000,11,2025,
2025-11-02,18,6.408,0,2193681000,11,2025,
2025-11-02,19,6.452,0,2193681000,11,2025,
2025-11-02,20,6.428,0,2193681000,11,2025,
2025-11-02,21,6.433,0,2193681000,11,2025,
2025-11-02,22,6.507,0,2193681000,11,2025,
2025-11-02,23,6.564,0,2193681000,11,2025,
2025-11-03,0,6.645,0,2193681000,11,2025,
2025-11-03,1,6.642,0,2193681000,11,2025,
2025-11-03,2,6.729,0,2193681000,11,2025,
2025-11-03,3,6.763,0,2193681000,11,2025,
2025-11-03,4,6.77,0,2193681000,11,2025,
2025-11-03,5,6.685,0,2193681000,11,2025,
2025-11-03,6,6.637,0,2193681000,11,2025,
2025-11-03,7,1.638,0,2193681000,11,2025,
2025-11-03,8,0.0,0,2193681000,11,2025,
2025-11-03,9,0.0,0,2193681000,11,2025,
2025-11-03,10,0.001,0,2193681000,11,2025,
2025-11-03,11,0.0,0,2193681000,11,2025,
2025-11-03,12,0.001,0,2193681000,11,2025,
2025-11-03,13,0.0,0,2193681000,11,2025,
2025-11-03,14,0.001,0,2193681000,11,2025,
2025-11-03,15,0.0,0,2193681000,11,2025,
2025-11-03,16,2.348,0,2193681000,11,2025,
2025-11-03,17,2.535,0,2193681000,11,2025,
2025-11-03,18,6.432,0,2193681000,11,2025,
2025-11-03,19,6.407,0,2193681000,11,2025,
2025-11-03,20,6.382,0,2193681000,11,2025,
2025-11-03,21,6.423,0,2193681000,11,2025,
2025-11-03,22,6.47,0,2193681000,11,2025,
2025-11-03,23,6.532,0,2193681000,11,2025,
2025-11-04,0,6.555,0,2193681000,11,2025,
2025-11-04,1,6.629,0,2193681000,11,2025,
2025-11-04,2,6.665,0,2193681000,11,2025,
2025-11-04,3,6.63,0,2193681000,11,2025,
2025-11-04,4,6.643,0,2193681000,11,2025,
2025-11-04,5,6.623,0,2193681000,11,2025,
2025-11-04,6,6.635,0,2193681000,11,2025,
2025-11-04,7,1.766,0,2193681000,11,2025,
2025-11-04,8,0.0,0,2193681000,11,2025,
2025-11-04,9,0.0,0,2193681000,11,2025,
2025-11-04,10,0.001,0,2193681000,11,2025,
2025-11-04,11,0.0,0,2193681000,11,2025,
2025-11-04,12,0.001,0,2193681000,11,2025,
2025-11-04,13,0.0,0,2193681000,11,2025,
2025-11-04,14,0.001,0,2193681000,11,2025,
2025-11-04,15,0.0,0,2193681000,11,2025,
2025-11-04,16,0.0,0,2193681000,11,2025,
2025-11-04,17,2.641,0,2193681000,11,2025,
2025-11-04,18,6.387,0,2193681000,11,2025,
2025-11-04,19,6.446,0,2193681000,11,2025,
2025-11-04,20,6.431,0,2193681000,11,2025,
2025-11-04,21,6.462,0,2193681000,11,2025,
2025-11-04,22,6.51,0,2193681000,11,2025,
2025-11-04,23,6.544,0,2193681000,11,2025,
2025-11-05,0,6.604,0,2193681000,11,2025,
2025-11-05,1,6.666,0,2193681000,11,2025,
2025-11-05,2,6.732,0,2193681000,11,2025,
2025-11-05,3,6.746,0,2193681000,11,2025,
2025-11-05,4,6.74,0,2193681000,11,2025,
2025-11-05,5,6.672,0,2193681000,11,2025,
2025-11-05,6,6.642,0,2193681000,11,2025,
2025-11-05,7,1.866,0,2193681000,11,2025,
2025-11-05,8,0.001,0,2193681000,11,2025,
2025-11-05,9,0.0,0,2193681000,11,2025,
2025-11-05,10,0.001,0,2193681000,11,2025,
2025-11-05,11,0.0,0,2193681000,11,2025,
2025-11-05,12,0.001,0,2193681000,11,2025,
2025-11-05,13,0.0,0,2193681000,11,2025,
2025-11-05,14,0.0,0,2193681000,11,2025,
2025-11-05,15,0.001,0,2193681000,11,2025,
2025-11-05,16,0.0,0,2193681000,11,2025,
2025-11-05,17,2.733,0,2193681000,11,2025,
2025-11-05,18,6.405,0,2193681000,11,2025,
2025-11-05,19,6.455,0,2193681000,11,2025,
2025-11-05,20,6.479,0,2193681000,11,2025,
2025-11-05,21,6.524,0,2193681000,11,2025,
2025-11-05,22,6.531,0,2193681000,11,2025,
2025-11-05,23,6.602,0,2193681000,11,2025,
2025-11-06,0,6.718,0,2193681000,11,2025,
2025-11-06,1,6.709,0,2193681000,11,2025,
2025-11-06,2,6.732,0,2193681000,11,2025,
2025-11-06,3,6.738,0,2193681000,11,2025,
2025-11-06,4,6.784,0,2193681000,11,2025,
2025-11-06,5,6.761,0,2193681000,11,2025,
2025-11-06,6,6.693,0,2193681000,11,2025,
2025-11-06,7,1.983,0,2193681000,11,2025,
2025-11-06,8,0.001,0,2193681000,11,2025,
2025-11-06,9,0.0,0,2193681000,11,2025,
2025-11-06,10,0.0,0,2193681000,11,2025,
2025-11-06,11,0.001,0,2193681000,11,2025,
2025-11-06,12,0.0,0,2193681000,11,2025,
2025-11-06,13,0.001,0,2193681000,11,2025,
2025-11-06,14,0.0,0,2193681000,11,2025,
2025-11-06,15,0.0,0,2193681000,11,2025,
2025-11-06,16,0.001,0,2193681000,11,2025,
2025-11-06,17,2.951,0,2193681000,11,2025,
2025-11-06,18,6.387,0,2193681000,11,2025,
2025-11-06,19,6.459,0,2193681000,11,2025,
2025-11-06,20,6.479,0,2193681000,11,2025,
2025-11-06,21,6.523,0,2193681000,11,2025,
2025-11-06,22,6.6,0,2193681000,11,2025,
2025-11-06,23,6.698,0,2193681000,11,2025,
2025-11-07,0,6.695,0,2193681000,11,2025,
2025-11-07,1,6.734,0,2193681000,11,2025,
2025-11-07,2,6.77,0,2193681000,11,2025,
2025-11-07,3,6.788,0,2193681000,11,2025,
2025-11-07,4,6.808,0,2193681000,11,2025,
2025-11-07,5,6.785,0,2193681000,11,2025,
2025-11-07,6,6.731,0,2193681000,11,2025,
2025-11-07,7,2.085,0,2193681000,11,2025,
2025-11-07,8,0.0,0,2193681000,11,2025,
2025-11-07,9,0.001,0,2193681000,11,2025,
2025-11-07,10,0.0,0,2193681000,11,2025,
2025-11-07,11,0.001,0,2193681000,11,2025,
2025-11-07,12,0.0,0,2193681000,11,2025,
2025-11-07,13,0.001,0,2193681000,11,2025,
2025-11-07,14,0.0,0,2193681000,11,2025,
2025-11-07,15,0.0,0,2193681000,11,2025,
2025-11-07,16,0.001,0,2193681000,11,2025,
2025-11-07,17,3.068,0,2193681000,11,2025,
2025-11-07,18,6.417,0,2193681000,11,2025,
2025-11-07,19,6.485,0,2193681000,11,2025,
2025-11-07,20,6.45,0,2193681000,11,2025,
2025-11-07,21,6.502,0,2193681000,11,2025,
2025-11-07,22,6.542,0,2193681000,11,2025,
2025-11-07,23,6.581,0,2193681000,11,2025,
2025-11-08,0,6.589,0,2193681000,11,2025,
2025-11-08,1,6.649,0,2193681000,11,2025,
2025-11-08,2,6.696,0,2193681000,11,2025,
2025-11-08,3,6.77,0,2193681000,11,2025,
2025-11-08,4,6.753,0,2193681000,11,2025,
2025-11-08,5,6.705,0,2193681000,11,2025,
2025-11-08,6,6.697,0,2193681000,11,2025,
2025-11-08,7,2.315,0,2193681000,11,2025,
2025-11-08,8,0.0,0,2193681000,11,2025,
2025-11-08,9,0.0,0,2193681000,11,2025,
2025-11-08,10,0.001,0,2193681000,11,2025,
2025-11-08,11,0.0,0,2193681000,11,2025,
2025-11-08,12,0.001,0,2193681000,11,2025,
2025-11-08,13,0.0,0,2193681000,11,2025,
2025-11-08,14,0.001,0,2193681000,11,2025,
2025-11-08,15,0.0,0,2193681000,11,2025,
2025-11-08,16,0.001,0,2193681000,11,2025,
2025-11-08,17,3.155,0,2193681000,11,2025,
2025-11-08,18,6.382,0,2193681000,11,2025,
2025-11-08,19,6.439,0,2193681000,11,2025,
2025-11-08,20,6.479,0,2193681000,11,2025,
2025-11-08,21,6.471,0,2193681000,11,2025,
2025-11-08,22,6.571,0,2193681000,11,2025,
2025-11-08,23,6.633,0,2193681000,11,2025,
2025-11-09,0,6.612,0,2193681000,11,2025,
2025-11-09,1,6.705,0,2193681000,11,2025,
2025-11-09,2,6.722,0,2193681000,11,2025,
2025-11-09,3,6.748,0,2193681000,11,2025,
2025-11-09,4,6.794,0,2193681000,11,2025,
2025-11-09,5,6.792,0,2193681000,11,2025,
2025-11-09,6,6.8,0,2193681000,11,2025,
2025-11-09,7,2.441,0,2193681000,11,2025,
2025-11-09,8,0.0,0,2193681000,11,2025,
2025-11-09,9,0.001,0,2193681000,11,2025,
2025-11-09,10,0.0,0,2193681000,11,2025,
2025-11-09,11,0.0,0,2193681000,11,2025,
2025-11-09,12,0.001,0,2193681000,11,2025,
2025-11-09,13,0.0,0,2193681000,11,2025,
2025-11-09,14,0.001,0,2193681000,11,2025,
2025-11-09,15,0.0,0,2193681000,11,2025,
2025-11-09,16,0.001,0,2193681000,11,2025,
2025-11-09,17,3.276,0,2193681000,11,2025,
2025-11-09,18,6.379,0,2193681000,11,2025,
2025-11-09,19,6.425,0,2193681000,11,2025,
2025-11-09,20,6.434,0,2193681000,11,2025,
2025-11-09,21,6.441,0,2193681000,11,2025,
2025-11-09,22,6.559,0,2193681000,11,2025,
2025-11-09,23,6.667,0,2193681000,11,2025,
2025-11-10,0,6.653,0,2193681000,11,2025,
2025-11-10,1,6.694,0,2193681000,11,2025,
2025-11-10,2,6.741,0,2193681000,11,2025,
2025-11-10,3,6.762,0,2193681000,11,2025,
2025-11-10,4,6.776,0,2193681000,11,2025,
2025-11-10,5,6.748,0,2193681000,11,2025,
2025-11-10,6,6.723,0,2193681000,11,2025,
2025-11-10,7,2.518,0,2193681000,11,2025,
2025-11-10,8,0.001,0,2193681000,11,2025,
2025-11-10,9,0.0,0,2193681000,11,2025,
2025-11-10,10,0.001,0,2193681000,11,2025,
2025-11-10,11,0.0,0,2193681000,11,2025,
2025-11-10,12,0.001,0,2193681000,11,2025,
2025-11-10,13,0.0,0,2193681000,11,2025,
2025-11-10,14,0.0,0,2193681000,11,2025,
2025-11-10,15,0.001,0,2193681000,11,2025,
2025-11-10,16,0.0,0,2193681000,11,2025,
2025-11-10,17,3.432,0,2193681000,11,2025,
2025-11-10,18,6.468,0,2193681000,11,2025,
2025-11-10,19,6.532,0,2193681000,11,2025,
2025-11-10,20,6.559,0,2193681000,11,2025,
2025-11-10,21,6.602,0,2193681000,11,2025,
2025-11-10,22,6.618,0,2193681000,11,2025,
2025-11-10,23,6.649,0,2193681000,11,2025,
2025-11-11,0,6.717,0,2193681000,11,2025,
2025-11-11,1,6.788,0,2193681000,11,2025,
2025-11-11,2,6.859,0,2193681000,11,2025,
2025-11-11,3,6.863,0,2193681000,11,2025,
2025-11-11,4,6.881,0,2193681000,11,2025,
2025-11-11,5,6.841,0,2193681000,11,2025,
2025-11-11,6,6.805,0,2193681000,11,2025,
2025-11-11,7,2.664,0,2193681000,11,2025,
2025-11-11,8,0.0,0,2193681000,11,2025,
2025-11-11,9,0.001,0,2193681000,11,2025,
2025-11-11,10,0.0,0,2193681000,11,2025,
2025-11-11,11,0.001,0,2193681000,11,2025,
2025-11-11,12,0.0,0,2193681000,11,2025,
2025-11-11,13,0.001,0,2193681000,11,2025,
2025-11-11,14,0.0,0,2193681000,11,2025,
2025-11-11,15,0.0,0,2193681000,11,2025,
2025-11-11,16,0.001,0,2193681000,11,2025,
2025-11-11,17,3.486,0,2193681000,11,2025,
2025-11-11,18,6.409,0,2193681000,11,2025,
2025-11-11,19,6.432,0,2193681000,11,2025,
2025-11-11,20,6.445,0,2193681000,11,2025,
2025-11-11,21,6.519,0,2193681000,11,2025,
2025-11-11,22,6.588,0,2193681000,11,2025,
2025-11-11,23,6.633,0,2193681000,11,2025,
2025-11-12,0,6.675,0,2193681000,11,2025,
2025-11-12,1,6.668,0,2193681000,11,2025,
2025-11-12,2,6.711,0,2193681000,11,2025,
2025-11-12,3,6.706,0,2193681000,11,2025,
2025-11-12,4,6.717,0,2193681000,11,2025,
2025-11-12,5,6.689,0,2193681000,11,2025,
2025-11-12,6,6.677,0,2193681000,11,2025,
2025-11-12,7,2.734,0,2193681000,11,2025,
2025-11-12,8,0.001,0,2193681000,11,2025,
2025-11-12,9,0.0,0,2193681000,11,2025,
2025-11-12,10,0.001,0,2193681000,11,2025,
2025-11-12,11,0.0,0,2193681000,11,2025,
2025-11-12,12,0.001,0,2193681000,11,2025,
2025-11-12,13,0.0,0,2193681000,11,2025,
2025-11-12,14,0.0,0,2193681000,11,2025,
2025-11-12,15,0.001,0,2193681000,11,2025,
2025-11-12,16,0.0,0,2193681000,11,2025,
2025-11-12,17,3.63,0,2193681000,11,2025,
2025-11-12,18,6.411,0,2193681000,11,2025,
2025-11-12,19,6.474,0,2193681000,11,2025,
2025-11-12,20,6.499,0,2193681000,11,2025,
2025-11-12,21,6.529,0,2193681000,11,2025,
2025-11-12,22,6.581,0,2193681000,11,2025,
2025-11-12,23,6.564,0,2193681000,11,2025,
2025-11-13,0,6.65,0,2193681000,11,2025,
2025-11-13,1,6.71,0,2193681000,11,2025,
2025-11-13,2,6.708,0,2193681000,11,2025,
2025-11-13,3,6.742,0,2193681000,11,2025,
2025-11-13,4,6.751,0,2193681000,11,2025,
2025-11-13,5,6.737,0,2193681000,11,2025,
2025-11-13,6,6.688,0,2193681000,11,2025,
2025-11-13,7,2.963,0,2193681000,11,2025,
2025-11-13,8,0.0,0,2193681000,11,2025,
2025-11-13,9,0.001,0,2193681000,11,2025,
2025-11-13,10,0.0,0,2193681000,11,2025,
2025-11-13,11,0.001,0,2193681000,11,2025,
2025-11-13,12,0.758,0,2193681000,11,2025,
2025-11-13,13,1.524,0,2193681000,11,2025,
2025-11-13,14,0.001,0,2193681000,11,2025,
2025-11-13,15,0.0,0,2193681000,11,2025,
2025-11-13,16,0.001,0,2193681000,11,2025,
2025-11-13,17,3.637,0,2193681000,11,2025,
2025-11-13,18,6.243,0,2193681000,11,2025,
2025-11-13,19,6.287,0,2193681000,11,2025,
2025-11-13,20,6.26,0,2193681000,11,2025,
2025-11-13,21,6.287,0,2193681000,11,2025,
2025-11-13,22,6.351,0,2193681000,11,2025,
2025-11-13,23,6.414,0,2193681000,11,2025,
2025-11-14,0,6.415,0,2193681000,11,2025,
2025-11-14,1,6.469,0,2193681000,11,2025,
2025-11-14,2,6.532,0,2193681000,11,2025,
2025-11-14,3,6.594,0,2193681000,11,2025,
2025-11-14,4,6.614,0,2193681000,11,2025,
2025-11-14,5,6.581,0,2193681000,11,2025,
2025-11-14,6,6.54,0,2193681000,11,2025,
2025-11-14,7,2.993,0,2193681000,11,2025,
2025-11-14,8,0.0,0,2193681000,11,2025,
2025-11-14,9,0.001,0,2193681000,11,2025,
2025-11-14,10,0.0,0,2193681000,11,2025,
2025-11-14,11,0.001,0,2193681000,11,2025,
2025-11-14,12,0.0,0,2193681000,11,2025,
2025-11-14,13,0.0,0,2193681000,11,2025,
2025-11-14,14,0.001,0,2193681000,11,2025,
2025-11-14,15,0.0,0,2193681000,11,2025,
2025-11-14,16,0.001,0,2193681000,11,2025,
2025-11-14,17,3.586,0,2193681000,11,2025,
2025-11-14,18,6.226,0,2193681000,11,2025,
2025-11-14,19,6.335,0,2193681000,11,2025,
2025-11-14,20,6.345,0,2193681000,11,2025,
2025-11-14,21,6.379,0,2193681000,11,2025,
2025-11-14,22,6.418,0,2193681000,11,2025,
2025-11-14,23,6.51,0,2193681000,11,2025,
2025-11-15,0,6.473,0,2193681000,11,2025,
2025-11-15,1,6.52,0,2193681000,11,2025,
2025-11-15,2,6.554,0,2193681000,11,2025,
2025-11-15,3,6.622,0,2193681000,11,2025,
2025-11-15,4,6.614,0,2193681000,11,2025,
2025-11-15,5,6.571,0,2193681000,11,2025,
2025-11-15,6,6.56,0,2193681000,11,2025,
2025-11-15,7,3.099,0,2193681000,11,2025,
2025-11-15,8,0.001,0,2193681000,11,2025,
2025-11-15,9,0.0,0,2193681000,11,2025,
2025-11-15,10,0.0,0,2193681000,11,2025,
2025-11-15,11,0.001,0,2193681000,11,2025,
2025-11-15,12,0.0,0,2193681000,11,2025,
2025-11-15,13,0.001,0,2193681000,11,2025,
2025-11-15,14,0.0,0,2193681000,11,2025,
2025-11-15,15,0.001,0,2193681000,11,2025,
2025-11-15,16,0.0,0,2193681000,11,2025,
2025-11-15,17,3.683,0,2193681000,11,2025,
2025-11-15,18,6.131,0,2193681000,11,2025,
2025-11-15,19,6.188,0,2193681000,11,2025,
2025-11-15,20,6.221,0,2193681000,11,2025,
2025-11-15,21,6.237,0,2193681000,11,2025,
2025-11-15,22,6.298,0,2193681000,11,2025,
2025-11-15,23,6.373,0,2193681000,11,2025,
2025-11-16,0,6.366,0,2193681000,11,2025,
2025-11-16,1,6.427,0,2193681000,11,2025,
2025-11-16,2,6.499,0,2193681000,11,2025,
2025-11-16,3,6.663,0,2193681000,11,2025,
2025-11-16,4,6.74,0,2193681000,11,2025,
2025-11-16,5,6.735,0,2193681000,11,2025,
2025-11-16,6,6.742,0,2193681000,11,2025,
2025-11-16,7,3.338,0,2193681000,11,2025,
2025-11-16,8,0.001,0,2193681000,11,2025,
2025-11-16,9,0.0,0,2193681000,11,2025,
2025-11-16,10,0.001,0,2193681000,11,2025,
2025-11-16,11,0.0,0,2193681000,11,2025,
2025-11-16,12,0.001,0,2193681000,11,2025,
2025-11-16,13,0.0,0,2193681000,11,2025,
2025-11-16,14,0.0,0,2193681000,11,2025,
2025-11-16,15,0.001,0,2193681000,11,2025,
2025-11-16,16,0.0,0,2193681000,11,2025,
2025-11-16,17,3.92,0,2193681000,11,2025,
2025-11-16,18,6.408,0,2193681000,11,2025,
2025-11-16,19,6.464,0,2193681000,11,2025,
2025-11-16,20,6.497,0,2193681000,11,2025,
2025-11-16,21,6.463,0,2193681000,11,2025,
2025-11-16,22,6.592,0,2193681000,11,2025,
2025-11-16,23,6.665,0,2193681000,11,2025,
2025-11-17,0,6.805,0,2193681000,11,2025,
2025-11-17,1,6.867,0,2193681000,11,2025,
2025-11-17,2,6.879,0,2193681000,11,2025,
2025-11-17,3,6.912,0,2193681000,11,2025,
2025-11-17,4,6.913,0,2193681000,11,2025,
2025-11-17,5,6.823,0,2193681000,11,2025,
2025-11-17,6,6.713,0,2193681000,11,2025,
2025-11-17,7,3.42,0,2193681000,11,2025,
2025-11-17,8,0.001,0,2193681000,11,2025,
2025-11-17,9,0.0,0,2193681000,11,2025,
2025-11-17,10,0.0,0,2193681000,11,2025,
2025-11-17,11,0.001,0,2193681000,11,2025,
2025-11-17,12,0.0,0,2193681000,11,2025,
2025-11-17,13,0.001,0,2193681000,11,2025,
2025-11-17,14,0.0,0,2193681000,11,2025,
2025-11-17,15,0.001,0,2193681000,11,2025,
2025-11-17,16,0.0,0,2193681000,11,2025,
2025-11-17,17,3.97,0,2193681000,11,2025,
2025-11-17,18,6.351,0,2193681000,11,2025,
2025-11-17,19,6.458,0,2193681000,11,2025,
2025-11-17,20,6.545,0,2193681000,11,2025,
2025-11-17,21,6.585,0,2193681000,11,2025,
2025-11-17,22,6.623,0,2193681000,11,2025,
2025-11-17,23,6.66,0,2193681000,11,2025,
2025-11-18,0,6.739,0,2193681000,11,2025,
2025-11-18,1,6.665,0,2193681000,11,2025,
2025-11-18,2,6.719,0,2193681000,11,2025,
2025-11-18,3,6.744,0,2193681000,11,2025,
2025-11-18,4,6.745,0,2193681000,11,2025,
2025-11-18,5,6.712,0,2193681000,11,2025,
2025-11-18,6,6.665,0,2193681000,11,2025,
2025-11-18,7,3.484,0,2193681000,11,2025,
2025-11-18,8,0.001,0,2193681000,11,2025,
2025-11-18,9,0.0,0,2193681000,11,2025,
2025-11-18,10,0.0,0,2193681000,11,2025,
2025-11-18,11,0.001,0,2193681000,11,2025,
2025-11-18,12,0.0,0,2193681000,11,2025,
2025-11-18,13,0.001,0,2193681000,11,2025,
2025-11-18,14,0.0,0,2193681000,11,2025,
2025-11-18,15,0.001,0,2193681000,11,2025,
2025-11-18,16,0.0,0,2193681000,11,2025,
2025-11-18,17,4.169,0,2193681000,11,2025,
2025-11-18,18,6.438,0,2193681000,11,2025,
2025-11-18,19,6.477,0,2193681000,11,2025,
2025-11-18,20,6.533,0,2193681000,11,2025,
2025-11-18,21,6.579,0,2193681000,11,2025,
2025-11-18,22,6.689,0,2193681000,11,2025,
2025-11-18,23,6.666,0,2193681000,11,2025,
2025-11-19,0,6.787,0,2193681000,11,2025,
2025-11-19,1,6.751,0,2193681000,11,2025,
2025-11-19,2,6.764,0,2193681000,11,2025,
2025-11-19,3,7.232,0,2193681000,11,2025,
2025-11-19,4,7.531,0,2193681000,11,2025,
2025-11-19,5,7.428,0,2193681000,11,2025,
2025-11-19,6,7.262,0,2193681000,11,2025,
2025-11-19,7,4.039,0,2193681000,11,2025,
2025-11-19,8,0.0,0,2193681000,11,2025,
2025-11-19,9,0.0,0,2193681000,11,2025,
2025-11-19,10,0.001,0,2193681000,11,2025,
2025-11-19,11,0.0,0,2193681000,11,2025,
2025-11-19,12,0.001,0,2193681000,11,2025,
2025-11-19,13,0.0,0,2193681000,11,2025,
2025-11-19,14,0.001,0,2193681000,11,2025,
2025-11-19,15,0.0,0,2193681000,11,2025,
2025-11-19,16,0.001,0,2193681000,11,2025,
2025-11-19,17,4.504,0,2193681000,11,2025,
2025-11-19,18,6.939,0,2193681000,11,2025,
2025-11-19,19,7.002,0,2193681000,11,2025,
2025-11-19,20,6.993,0,2193681000,11,2025,
2025-11-19,21,7.093,0,2193681000,11,2025,
2025-11-19,22,6.926,0,2193681000,11,2025,
2025-11-19,23,7.149,0,2193681000,11,2025,
2025-11-20,0,7.224,0,2193681000,11,2025,
2025-11-20,1,7.272,0,2193681000,11,2025,
2025-11-20,2,7.358,0,2193681000,11,2025,
2025-11-20,3,7.381,0,2193681000,11,2025,
2025-11-20,4,7.406,0,2193681000,11,2025,
2025-11-20,5,7.335,0,2193681000,11,2025,
2025-11-20,6,7.245,0,2193681000,11,2025,
2025-11-20,7,4.107,0,2193681000,11,2025,
2025-11-20,8,0.001,0,2193681000,11,2025,
2025-11-20,9,0.0,0,2193681000,11,2025,
2025-11-20,10,0.001,0,2193681000,11,2025,
2025-11-20,11,0.0,0,2193681000,11,2025,
2025-11-20,12,0.001,0,2193681000,11,2025,
2025-11-20,13,0.0,0,2193681000,11,2025,
2025-11-20,14,0.001,0,2193681000,11,2025,
2025-11-20,15,0.0,0,2193681000,11,2025,
2025-11-20,16,0.001,0,2193681000,11,2025,
2025-11-20,17,4.625,0,2193681000,11,2025,
2025-11-20,18,6.947,0,2193681000,11,2025,
2025-11-20,19,7.051,0,2193681000,11,2025,
2025-11-20,20,7.05,0,2193681000,11,2025,
2025-11-20,21,7.081,0,2193681000,11,2025,
2025-11-20,22,7.206,0,2193681000,11,2025,
2025-11-20,23,7.201,0,2193681000,11,2025,
2025-11-21,0,7.325,0,2193681000,11,2025,
2025-11-21,1,7.403,0,2193681000,11,2025,
2025-11-21,2,7.478,0,2193681000,11,2025,
2025-11-21,3,7.495,0,2193681000,11,2025,
2025-11-21,4,7.513,0,2193681000,11,2025,
2025-11-21,5,7.458,0,2193681000,11,2025,
2025-11-21,6,7.351,0,2193681000,11,2025,
2025-11-21,7,4.323,0,2193681000,11,2025,
2025-11-21,8,0.0,0,2193681000,11,2025,
2025-11-21,9,0.001,0,2193681000,11,2025,
2025-11-21,10,0.0,0,2193681000,11,2025,
2025-11-21,11,0.001,0,2193681000,11,2025,
2025-11-21,12,0.0,0,2193681000,11,2025,
2025-11-21,13,0.001,0,2193681000,11,2025,
2025-11-21,14,0.0,0,2193681000,11,2025,
2025-11-21,15,0.001,0,2193681000,11,2025,
2025-11-21,16,0.0,0,2193681000,11,2025,
2025-11-21,17,4.726,0,2193681000,11,2025,
2025-11-21,18,6.976,0,2193681000,11,2025,
2025-11-21,19,7.076,0,2193681000,11,2025,
2025-11-21,20,7.073,0,2193681000,11,2025,
2025-11-21,21,7.13,0,2193681000,11,2025,
2025-11-21,22,7.245,0,2193681000,11,2025,
2025-11-21,23,7.285,0,2193681000,11,2025,
2025-11-22,0,7.185,0,2193681000,11,2025,
2025-11-22,1,7.306,0,2193681000,11,2025,
2025-11-22,2,7.408,0,2193681000,11,2025,
2025-11-22,3,7.465,0,2193681000,11,2025,
2025-11-22,4,7.516,0,2193681000,11,2025,
2025-11-22,5,7.472,0,2193681000,11,2025,
2025-11-22,6,7.478,0,2193681000,11,2025,
2025-11-22,7,4.514,0,2193681000,11,2025,
2025-11-22,8,0.001,0,2193681000,11,2025,
2025-11-22,9,0.0,0,2193681000,11,2025,
2025-11-22,10,0.001,0,2193681000,11,2025,
2025-11-22,11,0.0,0,2193681000,11,2025,
2025-11-22,12,0.001,0,2193681000,11,2025,
2025-11-22,13,0.0,0,2193681000,11,2025,
2025-11-22,14,0.001,0,2193681000,11,2025,
2025-11-22,15,0.0,0,2193681000,11,2025,
2025-11-22,16,0.001,0,2193681000,11,2025,
2025-11-22,17,4.856,0,2193681000,11,2025,
2025-11-22,18,7.058,0,2193681000,11,2025,
2025-11-22,19,7.124,0,2193681000,11,2025,
2025-11-22,20,7.162,0,2193681000,11,2025,
2025-11-22,21,7.203,0,2193681000,11,2025,
2025-11-22,22,7.238,0,2193681000,11,2025,
2025-11-22,23,7.204,0,2193681000,11,2025,
2025-11-23,0,7.301,0,2193681000,11,2025,
2025-11-23,1,7.359,0,2193681000,11,2025,
2025-11-23,2,7.434,0,2193681000,11,2025,
2025-11-23,3,7.471,0,2193681000,11,2025,
2025-11-23,4,7.468,0,2193681000,11,2025,
2025-11-23,5,7.464,0,2193681000,11,2025,
2025-11-23,6,7.478,0,2193681000,11,2025,
2025-11-23,7,4.71,0,2193681000,11,2025,
2025-11-23,8,0.0,0,2193681000,11,2025,
2025-11-23,9,0.001,0,2193681000,11,2025,
2025-11-23,10,0.0,0,2193681000,11,2025,
2025-11-23,11,0.001,0,2193681000,11,2025,
2025-11-23,12,0.0,0,2193681000,11,2025,
2025-11-23,13,0.001,0,2193681000,11,2025,
2025-11-23,14,0.0,0,2193681000,11,2025,
2025-11-23,15,0.001,0,2193681000,11,2025,
2025-11-23,16,0.0,0,2193681000,11,2025,
2025-11-23,17,4.964,0,2193681000,11,2025,
2025-11-23,18,7.067,0,2193681000,11,2025,
2025-11-23,19,7.116,0,2193681000,11,2025,
2025-11-23,20,7.067,0,2193681000,11,2025,
2025-11-23,21,7.165,0,2193681000,11,2025,
2025-11-23,22,7.239,0,2193681000,11,2025,
2025-11-23,23,7.284,0,2193681000,11,2025,
2025-11-24,0,7.386,0,2193681000,11,2025,
2025-11-24,1,7.376,0,2193681000,11,2025,
2025-11-24,2,7.428,0,2193681000,11,2025,
2025-11-24,3,7.394,0,2193681000,11,2025,
2025-11-24,4,7.415,0,2193681000,11,2025,
2025-11-24,5,7.357,0,2193681000,11,2025,
2025-11-24,6,7.284,0,2193681000,11,2025,
2025-11-24,7,4.641,0,2193681000,11,2025,
2025-11-24,8,0.001,0,2193681000,11,2025,
2025-11-24,9,0.0,0,2193681000,11,2025,
2025-11-24,10,0.001,0,2193681000,11,2025,
2025-11-24,11,0.0,0,2193681000,11,2025,
2025-11-24,12,0.001,0,2193681000,11,2025,
2025-11-24,13,0.0,0,2193681000,11,2025,
2025-11-24,14,0.001,0,2193681000,11,2025,
2025-11-24,15,0.0,0,2193681000,11,2025,
2025-11-24,16,0.001,0,2193681000,11,2025,
2025-11-24,17,4.837,0,2193681000,11,2025,
2025-11-24,18,6.979,0,2193681000,11,2025,
2025-11-24,19,7.018,0,2193681000,11,2025,
2025-11-24,20,7.08,0,2193681000,11,2025,
2025-11-24,21,7.111,0,2193681000,11,2025,
2025-11-24,22,7.151,0,2193681000,11,2025,
2025-11-24,23,7.215,0,2193681000,11,2025,
2025-11-25,0,7.229,0,2193681000,11,2025,
2025-11-25,1,7.313,0,2193681000,11,2025,
2025-11-25,2,7.363,0,2193681000,11,2025,
2025-11-25,3,7.387,0,2193681000,11,2025,
2025-11-25,4,7.418,0,2193681000,11,2025,
2025-11-25,5,7.384,0,2193681000,11,2025,
2025-11-25,6,7.31,0,2193681000,11,2025,
2025-11-25,7,4.757,0,2193681000,11,2025,
2025-11-25,8,0.001,0,2193681000,11,2025,
2025-11-25,9,0.0,0,2193681000,11,2025,
2025-11-25,10,0.001,0,2193681000,11,2025,
2025-11-25,11,0.0,0,2193681000,11,2025,
2025-11-25,12,0.001,0,2193681000,11,2025,
2025-11-25,13,0.0,0,2193681000,11,2025,
2025-11-25,14,0.001,0,2193681000,11,2025,
2025-11-25,15,0.0,0,2193681000,11,2025,
2025-11-25,16,0.001,0,2193681000,11,2025,
2025-11-25,17,4.964,0,2193681000,11,2025,
2025-11-25,18,6.922,0,2193681000,11,2025,
2025-11-25,19,7.005,0,2193681000,11,2025,
2025-11-25,20,6.929,0,2193681000,11,2025,
2025-11-25,21,6.974,0,2193681000,11,2025,
2025-11-25,22,7.025,0,2193681000,11,2025,
2025-11-25,23,7.131,0,2193681000,11,2025,
2025-11-26,0,7.122,0,2193681000,11,2025,
2025-11-26,1,7.217,0,2193681000,11,2025,
2025-11-26,2,7.249,0,2193681000,11,2025,
2025-11-26,3,7.252,0,2193681000,11,2025,
2025-11-26,4,7.253,0,2193681000,11,2025,
2025-11-26,5,7.198,0,2193681000,11,2025,
2025-11-26,6,7.13,0,2193681000,11,2025,
2025-11-26,7,4.893,0,2193681000,11,2025,
2025-11-26,8,0.001,0,2193681000,11,2025,
2025-11-26,9,0.0,0,2193681000,11,2025,
2025-11-26,10,0.001,0,2193681000,11,2025,
2025-11-26,11,0.0,0,2193681000,11,2025,
2025-11-26,12,0.001,0,2193681000,11,2025,
2025-11-26,13,0.0,0,2193681000,11,2025,
2025-11-26,14,0.001,0,2193681000,11,2025,
2025-11-26,15,0.0,0,2193681000,11,2025,
2025-11-26,16,0.001,0,2193681000,11,2025,
2025-11-26,17,5.046,0,2193681000,11,2025,
2025-11-26,18,7.0,0,2193681000,11,2025,
2025-11-26,19,7.041,0,2193681000,11,2025,
2025-11-26,20,6.991,0,2193681000,11,2025,
2025-11-26,21,7.04,0,2193681000,11,2025,
2025-11-26,22,7.152,0,2193681000,11,2025,
2025-11-26,23,7.097,0,2193681000,11,2025,
2025-11-27,0,7.184,0,2193681000,11,2025,
2025-11-27,1,7.297,0,2193681000,11,2025,
2025-11-27,2,7.361,0,2193681000,11,2025,
2025-11-27,3,7.352,0,2193681000,11,2025,
2025-11-27,4,7.333,0,2193681000,11,2025,
2025-11-27,5,7.276,0,2193681000,11,2025,
2025-11-27,6,7.247,0,2193681000,11,2025,
2025-11-27,7,5.099,0,2193681000,11,2025,
2025-11-27,8,0.001,0,2193681000,11,2025,
2025-11-27,9,0.0,0,2193681000,11,2025,
2025-11-27,10,0.001,0,2193681000,11,2025,
2025-11-27,11,0.0,0,2193681000,11,2025,
2025-11-27,12,0.001,0,2193681000,11,2025,
2025-11-27,13,0.0,0,2193681000,11,2025,
2025-11-27,14,0.001,0,2193681000,11,2025,
2025-11-27,15,0.0,0,2193681000,11,2025,
2025-11-27,16,0.0,0,2193681000,11,2025,
2025-11-27,17,5.144,0,2193681000,11,2025,
2025-11-27,18,7.02,0,2193681000,11,2025,
2025-11-27,19,7.028,0,2193681000,11,2025,
2025-11-27,20,6.996,0,2193681000,11,2025,
2025-11-27,21,7.029,0,2193681000,11,2025,
2025-11-27,22,7.084,0,2193681000,11,2025,
2025-11-27,23,7.195,0,2193681000,11,2025,
2025-11-28,0,7.305,0,2193681000,11,2025,
2025-11-28,1,7.406,0,2193681000,11,2025,
2025-11-28,2,7.498,0,2193681000,11,2025,
2025-11-28,3,7.545,0,2193681000,11,2025,
2025-11-28,4,7.56,0,2193681000,11,2025,
2025-11-28,5,7.5,0,2193681000,11,2025,
2025-11-28,6,7.373,0,2193681000,11,2025,
2025-11-28,7,5.272,0,2193681000,11,2025,
2025-11-28,8,0.0,0,2193681000,11,2025,
2025-11-28,9,0.001,0,2193681000,11,2025,
2025-11-28,10,0.0,0,2193681000,11,2025,
2025-11-28,11,0.001,0,2193681000,11,2025,
2025-11-28,12,0.0,0,2193681000,11,2025,
2025-11-28,13,0.0,0,2193681000,11,2025,
2025-11-28,14,0.001,0,2193681000,11,2025,
2025-11-28,15,0.0,0,2193681000,11,2025,
2025-11-28,16,0.001,0,2193681000,11,2025,
2025-11-28,17,5.074,0,2193681000,11,2025,
2025-11-28,18,6.901,0,2193681000,11,2025,
2025-11-28,19,6.936,0,2193681000,11,2025,
2025-11-28,20,6.929,0,2193681000,11,2025,
2025-11-28,21,6.948,0,2193681000,11,2025,
2025-11-28,22,6.994,0,2193681000,11,2025,
2025-11-28,23,7.157,0,2193681000,11,2025,
2025-11-29,0,7.091,0,2193681000,11,2025,
2025-11-29,1,7.271,0,2193681000,11,2025,
2025-11-29,2,7.288,0,2193681000,11,2025,
2025-11-29,3,7.354,0,2193681000,11,2025,
2025-11-29,4,7.417,0,2193681000,11,2025,
2025-11-29,5,7.372,0,2193681000,11,2025,
2025-11-29,6,7.397,0,2193681000,11,2025,
2025-11-29,7,5.413,0,2193681000,11,2025,
2025-11-29,8,0.0,0,2193681000,11,2025,
2025-11-29,9,0.001,0,2193681000,11,2025,
2025-11-29,10,0.0,0,2193681000,11,2025,
2025-11-29,11,0.001,0,2193681000,11,2025,
2025-11-29,12,0.0,0,2193681000,11,2025,
2025-11-29,13,0.001,0,2193681000,11,2025,
2025-11-29,14,0.0,0,2193681000,11,2025,
2025-11-29,15,0.001,0,2193681000,11,2025,
2025-11-29,16,0.0,0,2193681000,11,2025,
2025-11-29,17,5.186,0,2193681000,11,2025,
2025-11-29,18,6.896,0,2193681000,11,2025,
2025-11-29,19,6.977,0,2193681000,11,2025,
2025-11-29,20,7.045,0,2193681000,11,2025,
2025-11-29,21,7.05,0,2193681000,11,2025,
2025-11-29,22,7.189,0,2193681000,11,2025,
2025-11-29,23,7.317,0,2193681000,11,2025,
2025-11-30,0,7.313,0,2193681000,11,2025,
2025-11-30,1,7.389,0,2193681000,11,2025,
2025-11-30,2,7.399,0,2193681000,11,2025,
2025-11-30,3,7.432,0,2193681000,11,2025,
2025-11-30,4,7.464,0,2193681000,11,2025,
2025-11-30,5,7.47,0,2193681000,11,2025,
2025-11-30,6,7.471,0,2193681000,11,2025,
2025-11-30,7,5.631,0,2193681000,11,2025,
2025-11-30,8,0.001,0,2193681000,11,2025,
2025-11-30,9,0.0,0,2193681000,11,2025,
2025-11-30,10,0.001,0,2193681000,11,2025,
2025-11-30,11,0.0,0,2193681000,11,2025,
2025-11-30,12,0.001,0,2193681000,11,2025,
2025-11-30,13,0.0,0,2193681000,11,2025,
2025-11-30,14,0.001,0,2193681000,11,2025,
2025-11-30,15,0.0,0,2193681000,11,2025,
2025-11-30,16,0.001,0,2193681000,11,2025,
2025-11-30,17,5.169,0,2193681000,11,2025,
2025-11-30,18,6.919,0,2193681000,11,2025,
2025-11-30,19,6.98,0,2193681000,11,2025,
2025-11-30,20,7.084,0,2193681000,11,2025,
2025-11-30,21,7.058,0,2193681000,11,2025,
2025-11-30,22,7.155,0,2193681000,11,2025,
2025-11-30,23,7.158,0,2193681000,11,2025,
2025-12-01,0,7.18,0,2193681000,12,2025,
2025-12-01,1,7.271,0,2193681000,12,2025,
2025-12-01,2,7.31,0,2193681000,12,2025,
2025-12-01,3,7.349,0,2193681000,12,2025,
2025-12-01,4,7.367,0,2193681000,12,2025,
2025-12-01,5,7.344,0,2193681000,12,2025,
2025-12-01,6,7.26,0,2193681000,12,2025,
2025-12-01,7,5.502,0,2193681000,12,2025,
2025-12-01,8,0.001,0,2193681000,12,2025,
2025-12-01,9,0.0,0,2193681000,12,2025,
2025-12-01,10,0.0,0,2193681000,12,2025,
2025-12-01,11,0.001,0,2193681000,12,2025,
2025-12-01,12,0.0,0,2193681000,12,2025,
2025-12-01,13,0.001,0,2193681000,12,2025,
2025-12-01,14,0.0,0,2193681000,12,2025,
2025-12-01,15,0.001,0,2193681000,12,2025,
2025-12-01,16,0.0,0,2193681000,12,2025,
2025-12-01,17,5.187,0,2193681000,12,2025,
2025-12-01,18,6.908,0,2193681000,12,2025,
2025-12-01,19,6.94,0,2193681000,12,2025,
2025-12-01,20,6.959,0,2193681000,12,2025,
2025-12-01,21,6.957,0,2193681000,12,2025,
2025-12-01,22,6.977,0,2193681000,12,2025,
2025-12-01,23,7.074,0,2193681000,12,2025,
2025-12-02,0,7.142,0,2193681000,12,2025,
2025-12-02,1,7.232,0,2193681000,12,2025,
2025-12-02,2,7.299,0,2193681000,12,2025,
2025-12-02,3,7.349,0,2193681000,12,2025,
2025-12-02,4,7.375,0,2193681000,12,2025,
2025-12-02,5,7.345,0,2193681000,12,2025,
2025-12-02,6,7.294,0,2193681000,12,2025,
2025-12-02,7,5.689,0,2193681000,12,2025,
2025-12-02,8,0.0,0,2193681000,12,2025,
2025-12-02,9,0.001,0,2193681000,12,2025,
2025-12-02,10,0.0,0,2193681000,12,2025,
2025-12-02,11,0.001,0,2193681000,12,2025,
2025-12-02,12,0.0,0,2193681000,12,2025,
2025-12-02,13,0.001,0,2193681000,12,2025,
2025-12-02,14,0.0,0,2193681000,12,2025,
2025-12-02,15,0.001,0,2193681000,12,2025,
2025-12-02,16,0.0,0,2193681000,12,2025,
2025-12-02,17,5.319,0,2193681000,12,2025,
2025-12-02,18,6.934,0,2193681000,12,2025,
2025-12-02,19,7.014,0,2193681000,12,2025,
2025-12-02,20,7.031,0,2193681000,12,2025,
2025-12-02,21,7.071,0,2193681000,12,2025,
2025-12-02,22,7.137,0,2193681000,12,2025,
2025-12-02,23,7.193,0,2193681000,12,2025,
2025-12-03,0,7.219,0,2193681000,12,2025,
2025-12-03,1,7.22,0,2193681000,12,2025,
2025-12-03,2,7.23,0,2193681000,12,2025,
2025-12-03,3,7.263,0,2193681000,12,2025,
2025-12-03,4,7.285,0,2193681000,12,2025,
2025-12-03,5,7.273,0,2193681000,12,2025,
2025-12-03,6,7.221,0,2193681000,12,2025,
2025-12-03,7,5.768,0,2193681000,12,2025,
2025-12-03,8,0.0,0,2193681000,12,2025,
2025-12-03,9,0.001,0,2193681000,12,2025,
2025-12-03,10,0.0,0,2193681000,12,2025,
2025-12-03,11,0.001,0,2193681000,12,2025,
2025-12-03,12,0.0,0,2193681000,12,2025,
2025-12-03,13,0.001,0,2193681000,12,2025,
2025-12-03,14,0.0,0,2193681000,12,2025,
2025-12-03,15,0.001,0,2193681000,12,2025,
2025-12-03,16,0.0,0,2193681000,12,2025,
2025-12-03,17,5.307,0,2193681000,12,2025,
2025-12-03,18,6.951,0,2193681000,12,2025,
2025-12-03,19,6.938,0,2193681000,12,2025,
2025-12-03,20,6.967,0,2193681000,12,2025,
2025-12-03,21,7.019,0,2193681000,12,2025,
2025-12-03,22,7.083,0,2193681000,12,2025,
2025-12-03,23,7.246,0,2193681000,12,2025,
2025-12-04,0,7.179,0,2193681000,12,2025,
2025-12-04,1,7.231,0,2193681000,12,2025,
2025-12-04,2,7.294,0,2193681000,12,2025,
2025-12-04,3,7.358,0,2193681000,12,2025,
2025-12-04,4,7.388,0,2193681000,12,2025,
2025-12-04,5,7.362,0,2193681000,12,2025,
2025-12-04,6,7.296,0,2193681000,12,2025,
2025-12-04,7,5.898,0,2193681000,12,2025,
2025-12-04,8,0.001,0,2193681000,12,2025,
2025-12-04,9,0.0,0,2193681000,12,2025,
2025-12-04,10,0.001,0,2193681000,12,2025,
2025-12-04,11,0.0,0,2193681000,12,2025,
2025-12-04,12,0.001,0,2193681000,12,2025,
2025-12-04,13,0.0,0,2193681000,12,2025,
2025-12-04,14,0.001,0,2193681000,12,2025,
2025-12-04,15,0.0,0,2193681000,12,2025,
2025-12-04,16,0.001,0,2193681000,12,2025,
2025-12-04,17,5.345,0,2193681000,12,2025,
2025-12-04,18,6.965,0,2193681000,12,2025,
2025-12-04,19,7.0,0,2193681000,12,2025,
2025-12-04,20,7.012,0,2193681000,12,2025,
2025-12-04,21,7.057,0,2193681000,12,2025,
2025-12-04,22,7.131,0,2193681000,12,2025,
2025-12-04,23,7.187,0,2193681000,12,2025,
2025-12-05,0,7.158,0,2193681000,12,2025,
2025-12-05,1,7.229,0,2193681000,12,2025,
2025-12-05,2,7.32,0,2193681000,12,2025,
2025-12-05,3,7.383,0,2193681000,12,2025,
2025-12-05,4,7.435,0,2193681000,12,2025,
2025-12-05,5,7.362,0,2193681000,12,2025,
2025-12-05,6,7.251,0,2193681000,12,2025,
2025-12-05,7,5.987,0,2193681000,12,2025,
2025-12-05,8,0.0,0,2193681000,12,2025,
2025-12-05,9,0.001,0,2193681000,12,2025,
2025-12-05,10,0.0,0,2193681000,12,2025,
2025-12-05,11,0.001,0,2193681000,12,2025,
2025-12-05,12,0.0,0,2193681000,12,2025,
2025-12-05,13,0.001,0,2193681000,12,2025,
2025-12-05,14,0.0,0,2193681000,12,2025,
2025-12-05,15,0.001,0,2193681000,12,2025,
2025-12-05,16,0.0,0,2193681000,12,2025,
2025-12-05,17,5.278,0,2193681000,12,2025,
2025-12-05,18,6.869,0,2193681000,12,2025,
2025-12-05,19,6.96,0,2193681000,12,2025,
2025-12-05,20,6.902,0,2193681000,12,2025,
2025-12-05,21,6.908,0,2193681000,12,2025,
2025-12-05,22,7.028,0,2193681000,12,2025,
2025-12-05,23,7.066,0,2193681000,12,2025,
2025-12-06,0,7.066,0,2193681000,12,2025,
2025-12-06,1,7.152,0,2193681000,12,2025,
2025-12-06,2,7.239,0,2193681000,12,2025,
2025-12-06,3,7.318,0,2193681000,12,2025,
2025-12-06,4,7.183,0,2193681000,12,2025,
2025-12-06,5,6.995,0,2193681000,12,2025,
2025-12-06,6,6.952,0,2193681000,12,2025,
2025-12-06,7,5.855,0,2193681000,12,2025,
2025-12-06,8,0.0,0,2193681000,12,2025,
2025-12-06,9,0.001,0,2193681000,12,2025,
2025-12-06,10,0.0,0,2193681000,12,2025,
2025-12-06,11,0.001,0,2193681000,12,2025,
2025-12-06,12,0.0,0,2193681000,12,2025,
2025-12-06,13,0.001,0,2193681000,12,2025,
2025-12-06,14,0.0,0,2193681000,12,2025,
2025-12-06,15,0.001,0,2193681000,12,2025,
2025-12-06,16,0.0,0,2193681000,12,2025,
2025-12-06,17,5.407,0,2193681000,12,2025,
2025-12-06,18,6.958,0,2193681000,12,2025,
2025-12-06,19,6.999,0,2193681000,12,2025,
2025-12-06,20,7.068,0,2193681000,12,2025,
2025-12-06,21,7.082,0,2193681000,12,2025,
2025-12-06,22,7.145,0,2193681000,12,2025,
2025-12-06,23,7.182,0,2193681000,12,2025,
2025-12-07,0,7.152,0,2193681000,12,2025,
2025-12-07,1,7.228,0,2193681000,12,2025,
2025-12-07,2,7.292,0,2193681000,12,2025,
2025-12-07,3,7.299,0,2193681000,12,2025,
2025-12-07,4,7.338,0,2193681000,12,2025,
2025-12-07,5,7.342,0,2193681000,12,2025,
2025-12-07,6,7.289,0,2193681000,12,2025,
2025-12-07,7,6.313,0,2193681000,12,2025,
2025-12-07,8,0.0,0,2193681000,12,2025,
2025-12-07,9,0.001,0,2193681000,12,2025,
2025-12-07,10,0.0,0,2193681000,12,2025,
2025-12-07,11,0.001,0,2193681000,12,2025,
2025-12-07,12,0.0,0,2193681000,12,2025,
2025-12-07,13,0.001,0,2193681000,12,2025,
2025-12-07,14,0.0,0,2193681000,12,2025,
2025-12-07,15,0.001,0,2193681000,12,2025,
2025-12-07,16,0.0,0,2193681000,12,2025,
2025-12-07,17,5.229,0,2193681000,12,2025,
2025-12-07,18,6.815,0,2193681000,12,2025,
2025-12-07,19,6.833,0,2193681000,12,2025,
2025-12-07,20,6.954,0,2193681000,12,2025,
2025-12-07,21,7.065,0,2193681000,12,2025,
2025-12-07,22,7.14,0,2193681000,12,2025,
2025-12-07,23,7.225,0,2193681000,12,2025,
2025-12-08,0,7.243,0,2193681000,12,2025,
2025-12-08,1,7.03,0,2193681000,12,2025,
2025-12-08,2,7.099,0,2193681000,12,2025,
2025-12-08,3,7.138,0,2193681000,12,2025,
2025-12-08,4,7.078,0,2193681000,12,2025,
2025-12-08,5,7.039,0,2193681000,12,2025,
2025-12-08,6,6.947,0,2193681000,12,2025,
2025-12-08,7,6.101,0,2193681000,12,2025,
2025-12-08,8,0.001,0,2193681000,12,2025,
2025-12-08,9,0.0,0,2193681000,12,2025,
2025-12-08,10,0.001,0,2193681000,12,2025,
2025-12-08,11,0.0,0,2193681000,12,2025,
2025-12-08,12,0.001,0,2193681000,12,2025,
2025-12-08,13,0.0,0,2193681000,12,2025,
2025-12-08,14,0.001,0,2193681000,12,2025,
2025-12-08,15,0.0,0,2193681000,12,2025,
2025-12-08,16,0.001,0,2193681000,12,2025,
2025-12-08,17,5.277,0,2193681000,12,2025,
2025-12-08,18,6.861,0,2193681000,12,2025,
2025-12-08,19,6.908,0,2193681000,12,2025,
2025-12-08,20,6.855,0,2193681000,12,2025,
2025-12-08,21,6.894,0,2193681000,12,2025,
2025-12-08,22,6.976,0,2193681000,12,2025,
2025-12-08,23,6.901,0,2193681000,12,2025,
2025-12-09,0,6.911,0,2193681000,12,2025,
2025-12-09,1,6.948,0,2193681000,12,2025,
2025-12-09,2,6.923,0,2193681000,12,2025,
2025-12-09,3,6.384,0,2193681000,12,2025,
2025-12-09,4,5.28,0,2193681000,12,2025,
2025-12-09,5,5.255,0,2193681000,12,2025,
2025-12-09,6,5.197,0,2193681000,12,2025,
2025-12-09,7,4.676,0,2193681000,12,2025,
2025-12-09,8,0.0,0,2193681000,12,2025,
2025-12-09,9,0.001,0,2193681000,12,2025,
2025-12-09,10,0.0,0,2193681000,12,2025,
2025-12-09,11,0.001,0,2193681000,12,2025,
2025-12-09,12,0.0,0,2193681000,12,2025,
2025-12-09,13,0.001,0,2193681000,12,2025,
2025-12-09,14,0.0,0,2193681000,12,2025,
2025-12-09,15,0.001,0,2193681000,12,2025,
2025-12-09,16,0.0,0,2193681000,12,2025,
2025-12-09,17,3.829,0,2193681000,12,2025,
2025-12-09,18,4.992,0,2193681000,12,2025,
2025-12-09,19,5.025,0,2193681000,12,2025,
2025-12-09,20,5.019,0,2193681000,12,2025,
2025-12-09,21,5.058,0,2193681000,12,2025,
2025-12-09,22,5.09,0,2193681000,12,2025,
2025-12-09,23,5.131,0,2193681000,12,2025,
2025-12-10,0,5.213,0,2193681000,12,2025,
2025-12-10,1,5.273,0,2193681000,12,2025,
2025-12-10,2,5.325,0,2193681000,12,2025,
2025-12-10,3,5.333,0,2193681000,12,2025,
2025-12-10,4,5.303,0,2193681000,12,2025,
2025-12-10,5,5.279,0,2193681000,12,2025,
2025-12-10,6,5.24,0,2193681000,12,2025,
2025-12-10,7,4.649,0,2193681000,12,2025,
2025-12-10,8,0.001,0,2193681000,12,2025,
2025-12-10,9,0.0,0,2193681000,12,2025,
2025-12-10,10,0.001,0,2193681000,12,2025,
2025-12-10,11,0.0,0,2193681000,12,2025,
2025-12-10,12,0.001,0,2193681000,12,2025,
2025-12-10,13,0.0,0,2193681000,12,2025,
2025-12-10,14,0.001,0,2193681000,12,2025,
2025-12-10,15,0.0,0,2193681000,12,2025,
2025-12-10,16,0.001,0,2193681000,12,2025,
2025-12-10,17,3.791,0,2193681000,12,2025,
2025-12-10,18,4.954,0,2193681000,12,2025,
2025-12-10,19,5.015,0,2193681000,12,2025,
2025-12-10,20,5.041,0,2193681000,12,2025,
2025-12-10,21,5.063,0,2193681000,12,2025,
2025-12-10,22,5.054,0,2193681000,12,2025,
2025-12-10,23,5.112,0,2193681000,12,2025,
2025-12-11,0,5.117,0,2193681000,12,2025,
2025-12-11,1,5.209,0,2193681000,12,2025,
2025-12-11,2,5.238,0,2193681000,12,2025,
2025-12-11,3,5.257,0,2193681000,12,2025,
2025-12-11,4,5.279,0,2193681000,12,2025,
2025-12-11,5,5.264,0,2193681000,12,2025,
2025-12-11,6,5.207,0,2193681000,12,2025,
2025-12-11,7,4.702,0,2193681000,12,2025,
2025-12-11,8,0.001,0,2193681000,12,2025,
2025-12-11,9,0.0,0,2193681000,12,2025,
2025-12-11,10,0.001,0,2193681000,12,2025,
2025-12-11,11,0.0,0,2193681000,12,2025,
2025-12-11,12,0.001,0,2193681000,12,2025,
2025-12-11,13,0.0,0,2193681000,12,2025,
2025-12-11,14,0.0,0,2193681000,12,2025,
2025-12-11,15,0.001,0,2193681000,12,2025,
2025-12-11,16,0.0,0,2193681000,12,2025,
2025-12-11,17,3.897,0,2193681000,12,2025,
2025-12-11,18,5.07,0,2193681000,12,2025,
2025-12-11,19,5.114,0,2193681000,12,2025,
2025-12-11,20,5.076,0,2193681000,12,2025,
2025-12-11,21,5.1,0,2193681000,12,2025,
2025-12-11,22,5.174,0,2193681000,12,2025,
2025-12-11,23,5.255,0,2193681000,12,2025,
2025-12-12,0,5.305,0,2193681000,12,2025,
2025-12-12,1,5.305,0,2193681000,12,2025,
2025-12-12,2,5.322,0,2193681000,12,2025,
2025-12-12,3,5.344,0,2193681000,12,2025,
2025-12-12,4,5.355,0,2193681000,12,2025,
2025-12-12,5,5.348,0,2193681000,12,2025,
2025-12-12,6,5.318,0,2193681000,12,2025,
2025-12-12,7,4.86,0,2193681000,12,2025,
2025-12-12,8,0.001,0,2193681000,12,2025,
2025-12-12,9,0.0,0,2193681000,12,2025,
2025-12-12,10,0.001,0,2193681000,12,2025,
2025-12-12,11,0.0,0,2193681000,12,2025,
2025-12-12,12,0.001,0,2193681000,12,2025,
2025-12-12,13,0.0,0,2193681000,12,2025,
2025-12-12,14,0.001,0,2193681000,12,2025,
2025-12-12,15,0.0,0,2193681000,12,2025,
2025-12-12,16,0.0,0,2193681000,12,2025,
2025-12-12,17,3.874,0,2193681000,12,2025,
2025-12-12,18,5.017,0,2193681000,12,2025,
2025-12-12,19,5.087,0,2193681000,12,2025,
2025-12-12,20,5.13,0,2193681000,12,2025,
2025-12-12,21,5.149,0,2193681000,12,2025,
2025-12-12,22,5.171,0,2193681000,12,2025,
2025-12-12,23,5.239,0,2193681000,12,2025,
2025-12-13,0,5.186,0,2193681000,12,2025,
2025-12-13,1,5.219,0,2193681000,12,2025,
2025-12-13,2,5.284,0,2193681000,12,2025,
2025-12-13,3,5.305,0,2193681000,12,2025,
2025-12-13,4,5.32,0,2193681000,12,2025,
2025-12-13,5,5.299,0,2193681000,12,2025,
2025-12-13,6,5.294,0,2193681000,12,2025,
2025-12-13,7,4.983,0,2193681000,12,2025,
2025-12-13,8,0.001,0,2193681000,12,2025,
2025-12-13,9,0.0,0,2193681000,12,2025,
2025-12-13,10,0.001,0,2193681000,12,2025,
2025-12-13,11,0.0,0,2193681000,12,2025,
2025-12-13,12,0.001,0,2193681000,12,2025,
2025-12-13,13,0.0,0,2193681000,12,2025,
2025-12-13,14,0.001,0,2193681000,12,2025,
2025-12-13,15,0.0,0,2193681000,12,2025,
2025-12-13,16,0.001,0,2193681000,12,2025,
2025-12-13,17,3.883,0,2193681000,12,2025,
2025-12-13,18,4.964,0,2193681000,12,2025,
2025-12-13,19,5.009,0,2193681000,12,2025,
2025-12-13,20,5.047,0,2193681000,12,2025,
2025-12-13,21,5.073,0,2193681000,12,2025,
2025-12-13,22,5.108,0,2193681000,12,2025,
2025-12-13,23,5.179,0,2193681000,12,2025,
2025-12-14,0,5.193,0,2193681000,12,2025,
2025-12-14,1,5.21,0,2193681000,12,2025,
2025-12-14,2,5.253,0,2193681000,12,2025,
2025-12-14,3,5.282,0,2193681000,12,2025,
2025-12-14,4,5.316,0,2193681000,12,2025,
2025-12-14,5,5.306,0,2193681000,12,2025,
2025-12-14,6,5.309,0,2193681000,12,2025,
2025-12-14,7,5.109,0,2193681000,12,2025,
2025-12-14,8,0.0,0,2193681000,12,2025,
2025-12-14,9,0.001,0,2193681000,12,2025,
2025-12-14,10,0.0,0,2193681000,12,2025,
2025-12-14,11,0.001,0,2193681000,12,2025,
2025-12-14,12,0.0,0,2193681000,12,2025,
2025-12-14,13,0.001,0,2193681000,12,2025,
2025-12-14,14,0.0,0,2193681000,12,2025,
2025-12-14,15,0.001,0,2193681000,12,2025,
2025-12-14,16,0.0,0,2193681000,12,2025,
2025-12-14,17,3.836,0,2193681000,12,2025,
2025-12-14,18,5.037,0,2193681000,12,2025,
2025-12-14,19,5.094,0,2193681000,12,2025,
2025-12-14,20,5.065,0,2193681000,12,2025,
2025-12-14,21,5.104,0,2193681000,12,2025,
2025-12-14,22,5.013,0,2193681000,12,2025,
2025-12-14,23,5.081,0,2193681000,12,2025,
2025-12-15,0,5.091,0,2193681000,12,2025,
2025-12-15,1,5.1,0,2193681000,12,2025,
2025-12-15,2,5.135,0,2193681000,12,2025,
2025-12-15,3,5.134,0,2193681000,12,2025,
2025-12-15,4,5.134,0,2193681000,12,2025,
2025-12-15,5,5.137,0,2193681000,12,2025,
2025-12-15,6,5.086,0,2193681000,12,2025,
2025-12-15,7,4.885,0,2193681000,12,2025,
2025-12-15,8,0.0,0,2193681000,12,2025,
2025-12-15,9,0.001,0,2193681000,12,2025,
2025-12-15,10,0.0,0,2193681000,12,2025,
2025-12-15,11,0.001,0,2193681000,12,2025,
2025-12-15,12,0.0,0,2193681000,12,2025,
2025-12-15,13,0.001,0,2193681000,12,2025,
2025-12-15,14,0.0,0,2193681000,12,2025,
2025-12-15,15,0.001,0,2193681000,12,2025,
2025-12-15,16,0.0,0,2193681000,12,2025,
2025-12-15,17,3.581,0,2193681000,12,2025,
2025-12-15,18,4.799,0,2193681000,12,2025,
2025-12-15,19,4.847,0,2193681000,12,2025,
2025-12-15,20,4.859,0,2193681000,12,2025,
2025-12-15,21,4.892,0,2193681000,12,2025,
2025-12-15,22,4.913,0,2193681000,12,2025,
2025-12-15,23,4.992,0,2193681000,12,2025,
2025-12-16,0,5.028,0,2193681000,12,2025,
2025-12-16,1,5.085,0,2193681000,12,2025,
2025-12-16,2,5.117,0,2193681000,12,2025,
2025-12-16,3,5.135,0,2193681000,12,2025,
2025-12-16,4,5.156,0,2193681000,12,2025,
2025-12-16,5,5.122,0,2193681000,12,2025,
2025-12-16,6,5.102,0,2193681000,12,2025,
2025-12-16,7,4.944,0,2193681000,12,2025,
2025-12-16,8,0.0,0,2193681000,12,2025,
2025-12-16,9,0.001,0,2193681000,12,2025,
2025-12-16,10,0.0,0,2193681000,12,2025,
2025-12-16,11,0.001,0,2193681000,12,2025,
2025-12-16,12,0.0,0,2193681000,12,2025,
2025-12-16,13,0.001,0,2193681000,12,2025,
2025-12-16,14,0.0,0,2193681000,12,2025,
2025-12-16,15,0.001,0,2193681000,12,2025,
2025-12-16,16,0.0,0,2193681000,12,2025,
2025-12-16,17,3.612,0,2193681000,12,2025,
2025-12-16,18,4.852,0,2193681000,12,2025,
2025-12-16,19,4.861,0,2193681000,12,2025,
2025-12-16,20,4.889,0,2193681000,12,2025,
2025-12-16,21,4.931,0,2193681000,12,2025,
2025-12-16,22,4.985,0,2193681000,12,2025,
2025-12-16,23,5.046,0,2193681000,12,2025,
2025-12-17,0,5.0,0,2193681000,12,2025,
2025-12-17,1,5.076,0,2193681000,12,2025,
2025-12-17,2,5.106,0,2193681000,12,2025,
2025-12-17,3,5.102,0,2193681000,12,2025,
2025-12-17,4,5.119,0,2193681000,12,2025,
2025-12-17,5,5.099,0,2193681000,12,2025,
2025-12-17,6,5.077,0,2193681000,12,2025,
2025-12-17,7,5.04,0,2193681000,12,2025,
2025-12-17,8,0.001,0,2193681000,12,2025,
2025-12-17,9,0.0,0,2193681000,12,2025,
2025-12-17,10,0.001,0,2193681000,12,2025,
2025-12-17,11,0.0,0,2193681000,12,2025,
2025-12-17,12,0.001,0,2193681000,12,2025,
2025-12-17,13,0.0,0,2193681000,12,2025,
2025-12-17,14,0.001,0,2193681000,12,2025,
2025-12-17,15,0.0,0,2193681000,12,2025,
2025-12-17,16,0.001,0,2193681000,12,2025,
2025-12-17,17,3.678,0,2193681000,12,2025,
2025-12-17,18,4.857,0,2193681000,12,2025,
2025-12-17,19,4.918,0,2193681000,12,2025,
2025-12-17,20,4.913,0,2193681000,12,2025,
2025-12-17,21,4.934,0,2193681000,12,2025,
2025-12-17,22,4.981,0,2193681000,12,2025,
2025-12-17,23,4.981,0,2193681000,12,2025,
2025-12-18,0,5.009,0,2193681000,12,2025,
2025-12-18,1,5.093,0,2193681000,12,2025,
2025-12-18,2,5.126,0,2193681000,12,2025,
2025-12-18,3,5.147,0,2193681000,12,2025,
2025-12-18,4,5.16,0,2193681000,12,2025,
2025-12-18,5,5.135,0,2193681000,12,2025,
2025-12-18,6,5.103,0,2193681000,12,2025,
2025-12-18,7,5.008,0,2193681000,12,2025,
2025-12-18,8,0.001,0,2193681000,12,2025,
2025-12-18,9,0.0,0,2193681000,12,2025,
2025-12-18,10,0.001,0,2193681000,12,2025,
2025-12-18,11,0.0,0,2193681000,12,2025,
2025-12-18,12,0.001,0,2193681000,12,2025,
2025-12-18,13,0.0,0,2193681000,12,2025,
2025-12-18,14,0.001,0,2193681000,12,2025,
2025-12-18,15,0.0,0,2193681000,12,2025,
2025-12-18,16,0.001,0,2193681000,12,2025,
2025-12-18,17,3.547,0,2193681000,12,2025,
2025-12-18,18,4.83,0,2193681000,12,2025,
2025-12-18,19,4.883,0,2193681000,12,2025,
2025-12-18,20,4.913,0,2193681000,12,2025,
2025-12-18,21,4.916,0,2193681000,12,2025,
2025-12-18,22,4.973,0,2193681000,12,2025,
2025-12-18,23,5.002,0,2193681000,12,2025,
2025-12-19,0,5.071,0,2193681000,12,2025,
2025-12-19,1,5.114,0,2193681000,12,2025,
2025-12-19,2,5.118,0,2193681000,12,2025,
2025-12-19,3,5.13,0,2193681000,12,2025,
2025-12-19,4,5.139,0,2193681000,12,2025,
2025-12-19,5,5.12,0,2193681000,12,2025,
2025-12-19,6,5.101,0,2193681000,12,2025,
2025-12-19,7,5.06,0,2193681000,12,2025,
2025-12-19,8,0.055,0,2193681000,12,2025,
2025-12-19,9,0.001,0,2193681000,12,2025,
2025-12-19,10,0.0,0,2193681000,12,2025,
2025-12-19,11,0.001,0,2193681000,12,2025,
2025-12-19,12,0.0,0,2193681000,12,2025,
2025-12-19,13,0.001,0,2193681000,12,2025,
2025-12-19,14,0.0,0,2193681000,12,2025,
2025-12-19,15,0.001,0,2193681000,12,2025,
2025-12-19,16,0.0,0,2193681000,12,2025,
2025-12-19,17,3.533,0,2193681000,12,2025,
2025-12-19,18,4.838,0,2193681000,12,2025,
2025-12-19,19,4.894,0,2193681000,12,2025,
2025-12-19,20,4.901,0,2193681000,12,2025,
2025-12-19,21,4.932,0,2193681000,12,2025,
2025-12-19,22,4.98,0,2193681000,12,2025,
2025-12-19,23,5.026,0,2193681000,12,2025,
2025-12-20,0,4.989,0,2193681000,12,2025,
2025-12-20,1,5.058,0,2193681000,12,2025,
2025-12-20,2,5.104,0,2193681000,12,2025,
2025-12-20,3,5.132,0,2193681000,12,2025,
2025-12-20,4,5.161,0,2193681000,12,2025,
2025-12-20,5,5.13,0,2193681000,12,2025,
2025-12-20,6,5.114,0,2193681000,12,2025,
2025-12-20,7,5.105,0,2193681000,12,2025,
2025-12-20,8,0.054,0,2193681000,12,2025,
2025-12-20,9,0.0,0,2193681000,12,2025,
2025-12-20,10,0.001,0,2193681000,12,2025,
2025-12-20,11,0.0,0,2193681000,12,2025,
2025-12-20,12,0.001,0,2193681000,12,2025,
2025-12-20,13,0.0,0,2193681000,12,2025,
2025-12-20,14,0.001,0,2193681000,12,2025,
2025-12-20,15,0.0,0,2193681000,12,2025,
2025-12-20,16,0.001,0,2193681000,12,2025,
2025-12-20,17,3.488,0,2193681000,12,2025,
2025-12-20,18,4.781,0,2193681000,12,2025,
2025-12-20,19,4.849,0,2193681000,12,2025,
2025-12-20,20,4.895,0,2193681000,12,2025,
2025-12-20,21,4.902,0,2193681000,12,2025,
2025-12-20,22,4.973,0,2193681000,12,2025,
2025-12-20,23,5.064,0,2193681000,12,2025,
2025-12-21,0,4.975,0,2193681000,12,2025,
2025-12-21,1,5.071,0,2193681000,12,2025,
2025-12-21,2,5.096,0,2193681000,12,2025,
2025-12-21,3,5.124,0,2193681000,12,2025,
2025-12-21,4,5.138,0,2193681000,12,2025,
2025-12-21,5,5.12,0,2193681000,12,2025,
2025-12-21,6,5.106,0,2193681000,12,2025,
2025-12-21,7,5.088,0,2193681000,12,2025,
2025-12-21,8,0.138,0,2193681000,12,2025,
2025-12-21,9,0.0,0,2193681000,12,2025,
2025-12-21,10,0.001,0,2193681000,12,2025,
2025-12-21,11,0.0,0,2193681000,12,2025,
2025-12-21,12,0.001,0,2193681000,12,2025,
2025-12-21,13,0.0,0,2193681000,12,2025,
2025-12-21,14,0.001,0,2193681000,12,2025,
2025-12-21,15,0.0,0,2193681000,12,2025,
2025-12-21,16,0.001,0,2193681000,12,2025,
2025-12-21,17,3.433,0,2193681000,12,2025,
2025-12-21,18,4.725,0,2193681000,12,2025,
2025-12-21,19,4.77,0,2193681000,12,2025,
2025-12-21,20,4.832,0,2193681000,12,2025,
2025-12-21,21,4.862,0,2193681000,12,2025,
2025-12-21,22,4.945,0,2193681000,12,2025,
2025-12-21,23,5.029,0,2193681000,12,2025,
2025-12-22,0,5.017,0,2193681000,12,2025,
2025-12-22,1,5.018,0,2193681000,12,2025,
2025-12-22,2,5.054,0,2193681000,12,2025,
2025-12-22,3,5.054,0,2193681000,12,2025,
2025-12-22,4,5.05,0,2193681000,12,2025,
2025-12-22,5,5.02,0,2193681000,12,2025,
2025-12-22,6,4.935,0,2193681000,12,2025,
2025-12-22,7,4.947,0,2193681000,12,2025,
2025-12-22,8,0.131,0,2193681000,12,2025,
2025-12-22,9,0.001,0,2193681000,12,2025,
2025-12-22,10,0.0,0,2193681000,12,2025,
2025-12-22,11,0.001,0,2193681000,12,2025,
2025-12-22,12,0.0,0,2193681000,12,2025,
2025-12-22,13,0.001,0,2193681000,12,2025,
2025-12-22,14,0.0,0,2193681000,12,2025,
2025-12-22,15,0.001,0,2193681000,12,2025,
2025-12-22,16,0.0,0,2193681000,12,2025,
2025-12-22,17,3.476,0,2193681000,12,2025,
2025-12-22,18,4.798,0,2193681000,12,2025,
2025-12-22,19,4.863,0,2193681000,12,2025,
2025-12-22,20,4.829,0,2193681000,12,2025,
2025-12-22,21,4.873,0,2193681000,12,2025,
2025-12-22,22,4.936,0,2193681000,12,2025,
2025-12-22,23,5.005,0,2193681000,12,2025,
2025-12-23,0,5.018,0,2193681000,12,2025,
2025-12-23,1,5.017,0,2193681000,12,2025,
2025-12-23,2,5.04,0,2193681000,12,2025,
2025-12-23,3,5.07,0,2193681000,12,2025,
2025-12-23,4,5.124,0,2193681000,12,2025,
2025-12-23,5,5.093,0,2193681000,12,2025,
2025-12-23,6,5.051,0,2193681000,12,2025,
2025-12-23,7,4.983,0,2193681000,12,2025,
2025-12-23,8,0.213,0,2193681000,12,2025,
2025-12-23,9,0.0,0,2193681000,12,2025,
2025-12-23,10,0.001,0,2193681000,12,2025,
2025-12-23,11,0.0,0,2193681000,12,2025,
2025-12-23,12,0.001,0,2193681000,12,2025,
2025-12-23,13,0.0,0,2193681000,12,2025,
2025-12-23,14,0.0,0,2193681000,12,2025,
2025-12-23,15,0.001,0,2193681000,12,2025,
2025-12-23,16,0.0,0,2193681000,12,2025,
2025-12-23,17,3.409,0,2193681000,12,2025,
2025-12-23,18,4.855,0,2193681000,12,2025,
2025-12-23,19,4.828,0,2193681000,12,2025,
2025-12-23,20,4.826,0,2193681000,12,2025,
2025-12-23,21,4.861,0,2193681000,12,2025,
2025-12-23,22,4.925,0,2193681000,12,2025,
2025-12-23,23,4.962,0,2193681000,12,2025,
2025-12-24,0,5.01,0,2193681000,12,2025,
2025-12-24,1,5.038,0,2193681000,12,2025,
2025-12-24,2,5.079,0,2193681000,12,2025,
2025-12-24,3,5.11,0,2193681000,12,2025,
2025-12-24,4,5.124,0,2193681000,12,2025,
2025-12-24,5,4.917,0,2193681000,12,2025,
2025-12-24,6,5.03,0,2193681000,12,2025,
2025-12-24,7,5.005,0,2193681000,12,2025,
2025-12-24,8,0.212,0,2193681000,12,2025,
2025-12-24,9,0.001,0,2193681000,12,2025,
2025-12-24,10,0.0,0,2193681000,12,2025,
2025-12-24,11,0.001,0,2193681000,12,2025,
2025-12-24,12,0.0,0,2193681000,12,2025,
2025-12-24,13,0.001,0,2193681000,12,2025,
2025-12-24,14,0.0,0,2193681000,12,2025,
2025-12-24,15,0.0,0,2193681000,12,2025,
2025-12-24,16,0.001,0,2193681000,12,2025,
2025-12-24,17,3.377,0,2193681000,12,2025,
2025-12-24,18,4.74,0,2193681000,12,2025,
2025-12-24,19,4.812,0,2193681000,12,2025,
2025-12-24,20,4.811,0,2193681000,12,2025,
2025-12-24,21,4.832,0,2193681000,12,2025,
2025-12-24,22,4.885,0,2193681000,12,2025,
2025-12-24,23,4.898,0,2193681000,12,2025,
2025-12-25,0,4.914,0,2193681000,12,2025,
2025-12-25,1,4.9,0,2193681000,12,2025,
2025-12-25,2,4.934,0,2193681000,12,2025,
2025-12-25,3,4.957,0,2193681000,12,2025,
2025-12-25,4,4.975,0,2193681000,12,2025,
2025-12-25,5,4.947,0,2193681000,12,2025,
2025-12-25,6,4.978,0,2193681000,12,2025,
2025-12-25,7,4.965,0,2193681000,12,2025,
2025-12-25,8,0.291,0,2193681000,12,2025,
2025-12-25,9,0.0,0,2193681000,12,2025,
2025-12-25,10,0.0,0,2193681000,12,2025,
2025-12-25,11,0.001,0,2193681000,12,2025,
2025-12-25,12,0.0,0,2193681000,12,2025,
2025-12-25,13,0.001,0,2193681000,12,2025,
2025-12-25,14,0.0,0,2193681000,12,2025,
2025-12-25,15,0.001,0,2193681000,12,2025,
2025-12-25,16,0.0,0,2193681000,12,2025,
2025-12-25,17,3.287,0,2193681000,12,2025,
2025-12-25,18,4.775,0,2193681000,12,2025,
2025-12-25,19,4.807,0,2193681000,12,2025,
2025-12-25,20,4.82,0,2193681000,12,2025,
2025-12-25,21,4.829,0,2193681000,12,2025,
2025-12-25,22,4.872,0,2193681000,12,2025,
2025-12-25,23,4.897,0,2193681000,12,2025,
2025-12-26,0,4.913,0,2193681000,12,2025,
2025-12-26,1,5.008,0,2193681000,12,2025,
2025-12-26,2,5.015,0,2193681000,12,2025,
2025-12-26,3,5.03,0,2193681000,12,2025,
2025-12-26,4,5.043,0,2193681000,12,2025,
2025-12-26,5,5.01,0,2193681000,12,2025,
2025-12-26,6,4.976,0,2193681000,12,2025,
2025-12-26,7,4.978,0,2193681000,12,2025,
2025-12-26,8,0.287,0,2193681000,12,2025,
2025-12-26,9,0.0,0,2193681000,12,2025,
2025-12-26,10,0.001,0,2193681000,12,2025,
2025-12-26,11,0.0,0,2193681000,12,2025,
2025-12-26,12,0.001,0,2193681000,12,2025,
2025-12-26,13,0.0,0,2193681000,12,2025,
2025-12-26,14,0.001,0,2193681000,12,2025,
2025-12-26,15,0.0,0,2193681000,12,2025,
2025-12-26,16,0.0,0,2193681000,12,2025,
2025-12-26,17,3.191,0,2193681000,12,2025,
2025-12-26,18,4.693,0,2193681000,12,2025,
2025-12-26,19,4.746,0,2193681000,12,2025,
2025-12-26,20,4.762,0,2193681000,12,2025,
2025-12-26,21,4.79,0,2193681000,12,2025,
2025-12-26,22,4.83,0,2193681000,12,2025,
2025-12-26,23,4.866,0,2193681000,12,2025,
2025-12-27,0,4.928,0,2193681000,12,2025,
2025-12-27,1,4.958,0,2193681000,12,2025,
2025-12-27,2,4.942,0,2193681000,12,2025,
2025-12-27,3,4.923,0,2193681000,12,2025,
2025-12-27,4,4.954,0,2193681000,12,2025,
2025-12-27,5,4.925,0,2193681000,12,2025,
2025-12-27,6,4.89,0,2193681000,12,2025,
2025-12-27,7,4.902,0,2193681000,12,2025,
2025-12-27,8,0.286,0,2193681000,12,2025,
2025-12-27,9,0.0,0,2193681000,12,2025,
2025-12-27,10,0.001,0,2193681000,12,2025,
2025-12-27,11,0.0,0,2193681000,12,2025,
2025-12-27,12,0.001,0,2193681000,12,2025,
2025-12-27,13,0.0,0,2193681000,12,2025,
2025-12-27,14,0.001,0,2193681000,12,2025,
2025-12-27,15,0.0,0,2193681000,12,2025,
2025-12-27,16,0.001,0,2193681000,12,2025,
2025-12-27,17,3.222,0,2193681000,12,2025,
2025-12-27,18,4.777,0,2193681000,12,2025,
2025-12-27,19,4.832,0,2193681000,12,2025,
2025-12-27,20,4.885,0,2193681000,12,2025,
2025-12-27,21,4.894,0,2193681000,12,2025,
2025-12-27,22,4.925,0,2193681000,12,2025,
2025-12-27,23,4.968,0,2193681000,12,2025,
2025-12-28,0,4.982,0,2193681000,12,2025,
2025-12-28,1,5.02,0,2193681000,12,2025,
2025-12-28,2,5.072,0,2193681000,12,2025,
2025-12-28,3,5.064,0,2193681000,12,2025,
2025-12-28,4,5.041,0,2193681000,12,2025,
2025-12-28,5,5.024,0,2193681000,12,2025,
2025-12-28,6,5.004,0,2193681000,12,2025,
2025-12-28,7,5.047,0,2193681000,12,2025,
2025-12-28,8,0.375,0,2193681000,12,2025,
2025-12-28,9,0.0,0,2193681000,12,2025,
2025-12-28,10,0.0,0,2193681000,12,2025,
2025-12-28,11,0.001,0,2193681000,12,2025,
2025-12-28,12,0.0,0,2193681000,12,2025,
2025-12-28,13,0.001,0,2193681000,12,2025,
2025-12-28,14,0.0,0,2193681000,12,2025,
2025-12-28,15,0.001,0,2193681000,12,2025,
2025-12-28,16,0.0,0,2193681000,12,2025,
2025-12-28,17,3.101,0,2193681000,12,2025,
2025-12-28,18,4.66,0,2193681000,12,2025,
2025-12-28,19,4.712,0,2193681000,12,2025,
2025-12-28,20,4.749,0,2193681000,12,2025,
2025-12-28,21,4.744,0,2193681000,12,2025,
2025-12-28,22,4.798,0,2193681000,12,2025,
2025-12-28,23,4.843,0,2193681000,12,2025,
2025-12-29,0,4.892,0,2193681000,12,2025,
2025-12-29,1,4.977,0,2193681000,12,2025,
2025-12-29,2,5.027,0,2193681000,12,2025,
2025-12-29,3,5.059,0,2193681000,12,2025,
2025-12-29,4,5.103,0,2193681000,12,2025,
2025-12-29,5,5.039,0,2193681000,12,2025,
2025-12-29,6,4.987,0,2193681000,12,2025,
2025-12-29,7,4.916,0,2193681000,12,2025,
2025-12-29,8,0.36,0,2193681000,12,2025,
2025-12-29,9,0.001,0,2193681000,12,2025,
2025-12-29,10,0.0,0,2193681000,12,2025,
2025-12-29,11,0.001,0,2193681000,12,2025,
2025-12-29,12,0.0,0,2193681000,12,2025,
2025-12-29,13,0.001,0,2193681000,12,2025,
2025-12-29,14,0.0,0,2193681000,12,2025,
2025-12-29,15,0.001,0,2193681000,12,2025,
2025-12-29,16,0.0,0,2193681000,12,2025,
2025-12-29,17,3.061,0,2193681000,12,2025,
2025-12-29,18,4.784,0,2193681000,12,2025,
2025-12-29,19,4.841,0,2193681000,12,2025,
2025-12-29,20,4.858,0,2193681000,12,2025,
2025-12-29,21,4.877,0,2193681000,12,2025,
2025-12-29,22,4.898,0,2193681000,12,2025,
2025-12-29,23,4.95,0,2193681000,12,2025,
2025-12-30,0,4.978,0,2193681000,12,2025,
2025-12-30,1,5.054,0,2193681000,12,2025,
2025-12-30,2,5.113,0,2193681000,12,2025,
2025-12-30,3,5.078,0,2193681000,12,2025,
2025-12-30,4,5.069,0,2193681000,12,2025,
2025-12-30,5,5.054,0,2193681000,12,2025,
2025-12-30,6,5.004,0,2193681000,12,2025,
2025-12-30,7,5.034,0,2193681000,12,2025,
2025-12-30,8,0.363,0,2193681000,12,2025,
2025-12-30,9,0.0,0,2193681000,12,2025,
2025-12-30,10,0.001,0,2193681000,12,2025,
2025-12-30,11,0.0,0,2193681000,12,2025,
2025-12-30,12,0.001,0,2193681000,12,2025,
2025-12-30,13,0.0,0,2193681000,12,2025,
2025-12-30,14,0.0,0,2193681000,12,2025,
2025-12-30,15,0.001,0,2193681000,12,2025,
2025-12-30,16,0.0,0,2193681000,12,2025,
2025-12-30,17,3.014,0,2193681000,12,2025,
2025-12-30,18,4.822,0,2193681000,12,2025,
2025-12-30,19,4.884,0,2193681000,12,2025,
2025-12-30,20,4.838,0,2193681000,12,2025,
2025-12-30,21,4.849,0,2193681000,12,2025,
2025-12-30,22,4.879,0,2193681000,12,2025,
2025-12-30,23,4.878,0,2193681000,12,2025,
2025-12-31,0,2.644,0,2193681000,12,2025,
2025-12-31,1,2.443,0,2193681000,12,2025,
2025-12-31,2,2.462,0,2193681000,12,2025,
2025-12-31,3,2.493,0,2193681000,12,2025,
2025-12-31,4,2.496,0,2193681000,12,2025,
2025-12-31,5,2.48,0,2193681000,12,2025,
2025-12-31,6,2.451,0,2193681000,12,2025,
2025-12-31,7,2.416,0,2193681000,12,2025,
2025-12-31,8,0.176,0,2193681000,12,2025,
2025-12-31,9,0.001,0,2193681000,12,2025,
2025-12-31,10,0.0,0,2193681000,12,2025,
2025-12-31,11,0.0,0,2193681000,12,2025,
2025-12-31,12,0.001,0,2193681000,12,2025,
2025-12-31,13,0.0,0,2193681000,12,2025,
2025-12-31,14,0.001,0,2193681000,12,2025,
2025-12-31,15,0.0,0,2193681000,12,2025,
2025-12-31,16,0.0,0,2193681000,12,2025,
2025-12-31,17,1.443,0,2193681000,12,2025,
2025-12-31,18,2.304,0,2193681000,12,2025,
2025-12-31,19,2.366,0,2193681000,12,2025,
2025-12-31,20,2.381,0,2193681000,12,2025,
2025-12-31,21,2.414,0,2193681000,12,2025,
2025-12-31,22,2.372,0,2193681000,12,2025,
2025-12-31,23,2.563,0,2193681000,12,2025,
2026-01-01,0,2.591,0,2193681000,1,2026,
2026-01-01,1,2.591,0,2193681000,1,2026,
2026-01-01,2,2.624,0,2193681000,1,2026,
2026-01-01,3,2.638,0,2193681000,1,2026,
2026-01-01,4,2.644,0,2193681000,1,2026,
2026-01-01,5,2.636,0,2193681000,1,2026,
2026-01-01,6,2.633,0,2193681000,1,2026,
2026-01-01,7,2.631,0,2193681000,1,2026,
2026-01-01,8,0.19,0,2193681000,1,2026,
2026-01-01,9,0.0,0,2193681000,1,2026,
2026-01-01,10,0.001,0,2193681000,1,2026,
2026-01-01,11,0.0,0,2193681000,1,2026,
2026-01-01,12,0.001,0,2193681000,1,2026,
2026-01-01,13,0.0,0,2193681000,1,2026,
2026-01-01,14,0.001,0,2193681000,1,2026,
2026-01-01,15,0.0,0,2193681000,1,2026,
2026-01-01,16,0.001,0,2193681000,1,2026,
2026-01-01,17,1.533,0,2193681000,1,2026,
2026-01-01,18,2.467,0,2193681000,1,2026,
2026-01-01,19,3.776,0,2193681000,1,2026,
2026-01-01,20,4.795,0,2193681000,1,2026,
2026-01-01,21,4.888,0,2193681000,1,2026,
2026-01-01,22,4.952,0,2193681000,1,2026,
2026-01-01,23,5.007,0,2193681000,1,2026,
2026-01-02,0,5.057,0,2193681000,1,2026,
2026-01-02,1,5.089,0,2193681000,1,2026,
2026-01-02,2,5.05,0,2193681000,1,2026,
2026-01-02,3,5.09,0,2193681000,1,2026,
2026-01-02,4,5.101,0,2193681000,1,2026,
2026-01-02,5,5.056,0,2193681000,1,2026,
2026-01-02,6,5.018,0,2193681000,1,2026,
2026-01-02,7,5.015,0,2193681000,1,2026,
2026-01-02,8,0.446,0,2193681000,1,2026,
2026-01-02,9,0.0,0,2193681000,1,2026,
2026-01-02,10,0.001,0,2193681000,1,2026,
2026-01-02,11,0.0,0,2193681000,1,2026,
2026-01-02,12,0.001,0,2193681000,1,2026,
2026-01-02,13,0.0,0,2193681000,1,2026,
2026-01-02,14,0.001,0,2193681000,1,2026,
2026-01-02,15,0.0,0,2193681000,1,2026,
2026-01-02,16,0.001,0,2193681000,1,2026,
2026-01-02,17,2.84,0,2193681000,1,2026,
2026-01-02,18,4.718,0,2193681000,1,2026,
2026-01-02,19,4.82,0,2193681000,1,2026,
2026-01-02,20,4.8,0,2193681000,1,2026,
2026-01-02,21,4.841,0,2193681000,1,2026,
2026-01-02,22,4.88,0,2193681000,1,2026,
2026-01-02,23,4.968,0,2193681000,1,2026,
2026-01-03,0,4.923,0,2193681000,1,2026,
2026-01-03,1,5.026,0,2193681000,1,2026,
2026-01-03,2,5.059,0,2193681000,1,2026,
2026-01-03,3,5.058,0,2193681000,1,2026,
2026-01-03,4,5.054,0,2193681000,1,2026,
2026-01-03,5,5.033,0,2193681000,1,2026,
2026-01-03,6,5.008,0,2193681000,1,2026,
2026-01-03,7,5.009,0,2193681000,1,2026,
2026-01-03,8,0.442,0,2193681000,1,2026,
2026-01-03,9,0.001,0,2193681000,1,2026,
2026-01-03,10,0.0,0,2193681000,1,2026,
2026-01-03,11,0.001,0,2193681000,1,2026,
2026-01-03,12,0.0,0,2193681000,1,2026,
2026-01-03,13,0.001,0,2193681000,1,2026,
2026-01-03,14,0.0,0,2193681000,1,2026,
2026-01-03,15,0.001,0,2193681000,1,2026,
2026-01-03,16,0.0,0,2193681000,1,2026,
2026-01-03,17,2.77,0,2193681000,1,2026,
2026-01-03,18,4.773,0,2193681000,1,2026,
2026-01-03,19,4.824,0,2193681000,1,2026,
2026-01-03,20,4.873,0,2193681000,1,2026,
2026-01-03,21,4.888,0,2193681000,1,2026,
2026-01-03,22,4.943,0,2193681000,1,2026,
2026-01-03,23,4.973,0,2193681000,1,2026,
2026-01-04,0,4.961,0,2193681000,1,2026,
2026-01-04,1,4.991,0,2193681000,1,2026,
2026-01-04,2,5.032,0,2193681000,1,2026,
2026-01-04,3,5.045,0,2193681000,1,2026,
2026-01-04,4,4.991,0,2193681000,1,2026,
2026-01-04,5,5.008,0,2193681000,1,2026,
2026-01-04,6,5.011,0,2193681000,1,2026,
2026-01-04,7,5.041,0,2193681000,1,2026,
2026-01-04,8,0.446,0,2193681000,1,2026,
2026-01-04,9,0.001,0,2193681000,1,2026,
2026-01-04,10,0.0,0,2193681000,1,2026,
2026-01-04,11,0.001,0,2193681000,1,2026,
2026-01-04,12,0.0,0,2193681000,1,2026,
2026-01-04,13,0.0,0,2193681000,1,2026,
2026-01-04,14,0.001,0,2193681000,1,2026,
2026-01-04,15,0.0,0,2193681000,1,2026,
2026-01-04,16,0.001,0,2193681000,1,2026,
2026-01-04,17,2.659,0,2193681000,1,2026,
2026-01-04,18,4.675,0,2193681000,1,2026,
2026-01-04,19,4.724,0,2193681000,1,2026,
2026-01-04,20,4.771,0,2193681000,1,2026,
2026-01-04,21,4.812,0,2193681000,1,2026,
2026-01-04,22,4.846,0,2193681000,1,2026,
2026-01-04,23,4.913,0,2193681000,1,2026,
2026-01-05,0,4.959,0,2193681000,1,2026,
2026-01-05,1,4.932,0,2193681000,1,2026,
2026-01-05,2,4.977,0,2193681000,1,2026,
2026-01-05,3,5.02,0,2193681000,1,2026,
2026-01-05,4,5.026,0,2193681000,1,2026,
2026-01-05,5,5.015,0,2193681000,1,2026,
2026-01-05,6,4.975,0,2193681000,1,2026,
2026-01-05,7,4.964,0,2193681000,1,2026,
2026-01-05,8,0.433,0,2193681000,1,2026,
2026-01-05,9,0.0,0,2193681000,1,2026,
2026-01-05,10,0.001,0,2193681000,1,2026,
2026-01-05,11,0.0,0,2193681000,1,2026,
2026-01-05,12,0.0,0,2193681000,1,2026,
2026-01-05,13,0.001,0,2193681000,1,2026,
2026-01-05,14,0.0,0,2193681000,1,2026,
2026-01-05,15,0.001,0,2193681000,1,2026,
2026-01-05,16,0.0,0,2193681000,1,2026,
2026-01-05,17,2.634,0,2193681000,1,2026,
2026-01-05,18,4.775,0,2193681000,1,2026,
2026-01-05,19,4.846,0,2193681000,1,2026,
2026-01-05,20,4.889,0,2193681000,1,2026,
2026-01-05,21,4.914,0,2193681000,1,2026,
2026-01-05,22,4.866,0,2193681000,1,2026,
2026-01-05,23,4.942,0,2193681000,1,2026,
2026-01-06,0,4.984,0,2193681000,1,2026,
2026-01-06,1,5.008,0,2193681000,1,2026,
2026-01-06,2,5.028,0,2193681000,1,2026,
2026-01-06,3,5.081,0,2193681000,1,2026,
2026-01-06,4,5.128,0,2193681000,1,2026,
2026-01-06,5,5.112,0,2193681000,1,2026,
2026-01-06,6,5.064,0,2193681000,1,2026,
2026-01-06,7,5.048,0,2193681000,1,2026,
2026-01-06,8,0.435,0,2193681000,1,2026,
2026-01-06,9,0.001,0,2193681000,1,2026,
2026-01-06,10,0.0,0,2193681000,1,2026,
2026-01-06,11,0.001,0,2193681000,1,2026,
2026-01-06,12,0.0,0,2193681000,1,2026,
2026-01-06,13,0.001,0,2193681000,1,2026,
2026-01-06,14,0.0,0,2193681000,1,2026,
2026-01-06,15,0.001,0,2193681000,1,2026,
2026-01-06,16,0.0,0,2193681000,1,2026,
2026-01-06,17,2.58,0,2193681000,1,2026,
2026-01-06,18,4.844,0,2193681000,1,2026,
2026-01-06,19,4.887,0,2193681000,1,2026,
2026-01-06,20,4.846,0,2193681000,1,2026,
2026-01-06,21,4.887,0,2193681000,1,2026,
2026-01-06,22,4.914,0,2193681000,1,2026,
2026-01-06,23,4.999,0,2193681000,1,2026,
2026-01-07,0,4.984,0,2193681000,1,2026,
2026-01-07,1,5.035,0,2193681000,1,2026,
2026-01-07,2,5.083,0,2193681000,1,2026,
2026-01-07,3,5.1,0,2193681000,1,2026,
2026-01-07,4,5.114,0,2193681000,1,2026,
2026-01-07,5,5.084,0,2193681000,1,2026,
2026-01-07,6,5.026,0,2193681000,1,2026,
2026-01-07,7,5.038,0,2193681000,1,2026,
2026-01-07,8,0.434,0,2193681000,1,2026,
2026-01-07,9,0.093,0,2193681000,1,2026,
2026-01-07,10,0.0,0,2193681000,1,2026,
2026-01-07,11,0.001,0,2193681000,1,2026,
2026-01-07,12,0.0,0,2193681000,1,2026,
2026-01-07,13,0.001,0,2193681000,1,2026,
2026-01-07,14,0.0,0,2193681000,1,2026,
2026-01-07,15,0.0,0,2193681000,1,2026,
2026-01-07,16,0.001,0,2193681000,1,2026,
2026-01-07,17,3.511,0,2193681000,1,2026,
2026-01-07,18,6.806,0,2193681000,1,2026,
2026-01-07,19,6.831,0,2193681000,1,2026,
2026-01-07,20,6.802,0,2193681000,1,2026,
2026-01-07,21,6.868,0,2193681000,1,2026,
2026-01-07,22,6.943,0,2193681000,1,2026,
2026-01-07,23,6.997,0,2193681000,1,2026,
2026-01-08,0,7.003,0,2193681000,1,2026,
2026-01-08,1,7.09,0,2193681000,1,2026,
2026-01-08,2,7.069,0,2193681000,1,2026,
2026-01-08,3,7.083,0,2193681000,1,2026,
2026-01-08,4,7.121,0,2193681000,1,2026,
2026-01-08,5,7.065,0,2193681000,1,2026,
2026-01-08,6,7.022,0,2193681000,1,2026,
2026-01-08,7,6.987,0,2193681000,1,2026,
2026-01-08,8,0.487,0,2193681000,1,2026,
2026-01-08,9,0.0,0,2193681000,1,2026,
2026-01-08,10,0.001,0,2193681000,1,2026,
2026-01-08,11,0.0,0,2193681000,1,2026,
2026-01-08,12,0.0,0,2193681000,1,2026,
2026-01-08,13,0.001,0,2193681000,1,2026,
2026-01-08,14,0.0,0,2193681000,1,2026,
2026-01-08,15,0.001,0,2193681000,1,2026,
2026-01-08,16,0.0,0,2193681000,1,2026,
2026-01-08,17,3.356,0,2193681000,1,2026,
2026-01-08,18,6.742,0,2193681000,1,2026,
2026-01-08,19,6.87,0,2193681000,1,2026,
2026-01-08,20,6.917,0,2193681000,1,2026,
2026-01-08,21,6.937,0,2193681000,1,2026,
2026-01-08,22,6.932,0,2193681000,1,2026,
2026-01-08,23,7.029,0,2193681000,1,2026,
2026-01-09,0,7.016,0,2193681000,1,2026,
2026-01-09,1,7.101,0,2193681000,1,2026,
2026-01-09,2,7.113,0,2193681000,1,2026,
2026-01-09,3,7.129,0,2193681000,1,2026,
2026-01-09,4,7.138,0,2193681000,1,2026,
2026-01-09,5,7.111,0,2193681000,1,2026,
2026-01-09,6,7.047,0,2193681000,1,2026,
2026-01-09,7,7.025,0,2193681000,1,2026,
2026-01-09,8,0.481,0,2193681000,1,2026,
2026-01-09,9,0.0,0,2193681000,1,2026,
2026-01-09,10,0.0,0,2193681000,1,2026,
2026-01-09,11,0.001,0,2193681000,1,2026,
2026-01-09,12,0.0,0,2193681000,1,2026,
2026-01-09,13,0.001,0,2193681000,1,2026,
2026-01-09,14,0.0,0,2193681000,1,2026,
2026-01-09,15,0.001,0,2193681000,1,2026,
2026-01-09,16,0.0,0,2193681000,1,2026,
2026-01-09,17,3.246,0,2193681000,1,2026,
2026-01-09,18,6.678,0,2193681000,1,2026,
2026-01-09,19,6.773,0,2193681000,1,2026,
2026-01-09,20,6.787,0,2193681000,1,2026,
2026-01-09,21,6.864,0,2193681000,1,2026,
2026-01-09,22,6.901,0,2193681000,1,2026,
2026-01-09,23,6.98,0,2193681000,1,2026,
2026-01-10,0,6.933,0,2193681000,1,2026,
2026-01-10,1,7.025,0,2193681000,1,2026,
2026-01-10,2,7.094,0,2193681000,1,2026,
2026-01-10,3,7.152,0,2193681000,1,2026,
2026-01-10,4,7.16,0,2193681000,1,2026,
2026-01-10,5,7.108,0,2193681000,1,2026,
2026-01-10,6,7.1,0,2193681000,1,2026,
2026-01-10,7,7.097,0,2193681000,1,2026,
2026-01-10,8,0.487,0,2193681000,1,2026,
2026-01-10,9,0.001,0,2193681000,1,2026,
2026-01-10,10,0.0,0,2193681000,1,2026,
2026-01-10,11,0.001,0,2193681000,1,2026,
2026-01-10,12,0.0,0,2193681000,1,2026,
2026-01-10,13,0.0,0,2193681000,1,2026,
2026-01-10,14,0.001,0,2193681000,1,2026,
2026-01-10,15,0.0,0,2193681000,1,2026,
2026-01-10,16,0.001,0,2193681000,1,2026,
2026-01-10,17,3.174,0,2193681000,1,2026,
2026-01-10,18,6.717,0,2193681000,1,2026,
2026-01-10,19,6.806,0,2193681000,1,2026,
2026-01-10,20,6.901,0,2193681000,1,2026,
2026-01-10,21,6.874,0,2193681000,1,2026,
2026-01-10,22,6.911,0,2193681000,1,2026,
2026-01-10,23,6.934,0,2193681000,1,2026,
2026-01-11,0,6.953,0,2193681000,1,2026,
2026-01-11,1,6.993,0,2193681000,1,2026,
2026-01-11,2,7.067,0,2193681000,1,2026,
2026-01-11,3,7.124,0,2193681000,1,2026,
2026-01-11,4,7.166,0,2193681000,1,2026,
2026-01-11,5,6.768,0,2193681000,1,2026,
2026-01-11,6,6.691,0,2193681000,1,2026,
2026-01-11,7,6.695,0,2193681000,1,2026,
2026-01-11,8,0.455,0,2193681000,1,2026,
2026-01-11,9,0.0,0,2193681000,1,2026,
2026-01-11,10,0.001,0,2193681000,1,2026,
2026-01-11,11,0.0,0,2193681000,1,2026,
2026-01-11,12,0.001,0,2193681000,1,2026,
2026-01-11,13,0.0,0,2193681000,1,2026,
2026-01-11,14,0.001,0,2193681000,1,2026,
2026-01-11,15,0.0,0,2193681000,1,2026,
2026-01-11,16,0.001,0,2193681000,1,2026,
2026-01-11,17,3.036,0,2193681000,1,2026,
2026-01-11,18,6.666,0,2193681000,1,2026,
2026-01-11,19,6.722,0,2193681000,1,2026,
2026-01-11,20,6.687,0,2193681000,1,2026,
2026-01-11,21,6.7,0,2193681000,1,2026,
2026-01-11,22,6.545,0,2193681000,1,2026,
2026-01-11,23,6.562,0,2193681000,1,2026,
2026-01-12,0,6.597,0,2193681000,1,2026,
2026-01-12,1,6.724,0,2193681000,1,2026,
2026-01-12,2,6.813,0,2193681000,1,2026,
2026-01-12,3,6.744,0,2193681000,1,2026,
2026-01-12,4,6.759,0,2193681000,1,2026,
2026-01-12,5,6.754,0,2193681000,1,2026,
2026-01-12,6,6.716,0,2193681000,1,2026,
2026-01-12,7,6.673,0,2193681000,1,2026,
2026-01-12,8,0.452,0,2193681000,1,2026,
2026-01-12,9,0.001,0,2193681000,1,2026,
2026-01-12,10,0.0,0,2193681000,1,2026,
2026-01-12,11,0.0,0,2193681000,1,2026,
2026-01-12,12,0.001,0,2193681000,1,2026,
2026-01-12,13,0.0,0,2193681000,1,2026,
2026-01-12,14,0.001,0,2193681000,1,2026,
2026-01-12,15,0.0,0,2193681000,1,2026,
2026-01-12,16,0.001,0,2193681000,1,2026,
2026-01-12,17,2.897,0,2193681000,1,2026,
2026-01-12,18,6.712,0,2193681000,1,2026,
2026-01-12,19,6.772,0,2193681000,1,2026,
2026-01-12,20,6.785,0,2193681000,1,2026,
2026-01-12,21,6.767,0,2193681000,1,2026,
2026-01-12,22,6.867,0,2193681000,1,2026,
2026-01-12,23,6.92,0,2193681000,1,2026,
2026-01-13,0,6.885,0,2193681000,1,2026,
2026-01-13,1,6.95,0,2193681000,1,2026,
2026-01-13,2,7.007,0,2193681000,1,2026,
2026-01-13,3,7.051,0,2193681000,1,2026,
2026-01-13,4,6.733,0,2193681000,1,2026,
2026-01-13,5,6.618,0,2193681000,1,2026,
2026-01-13,6,6.535,0,2193681000,1,2026,
2026-01-13,7,6.443,0,2193681000,1,2026,
2026-01-13,8,0.323,0,2193681000,1,2026,
2026-01-13,9,0.001,0,2193681000,1,2026,
2026-01-13,10,0.0,0,2193681000,1,2026,
2026-01-13,11,0.001,0,2193681000,1,2026,
2026-01-13,12,0.0,0,2193681000,1,2026,
2026-01-13,13,0.001,0,2193681000,1,2026,
2026-01-13,14,0.0,0,2193681000,1,2026,
2026-01-13,15,0.001,0,2193681000,1,2026,
2026-01-13,16,0.0,0,2193681000,1,2026,
2026-01-13,17,2.808,0,2193681000,1,2026,
2026-01-13,18,6.588,0,2193681000,1,2026,
2026-01-13,19,6.603,0,2193681000,1,2026,
2026-01-13,20,6.654,0,2193681000,1,2026,
2026-01-13,21,6.707,0,2193681000,1,2026,
2026-01-13,22,6.803,0,2193681000,1,2026,
2026-01-13,23,6.889,0,2193681000,1,2026,
2026-01-14,0,6.756,0,2193681000,1,2026,
2026-01-14,1,6.895,0,2193681000,1,2026,
2026-01-14,2,6.977,0,2193681000,1,2026,
2026-01-14,3,6.911,0,2193681000,1,2026,
2026-01-14,4,7.035,0,2193681000,1,2026,
2026-01-14,5,7.014,0,2193681000,1,2026,
2026-01-14,6,6.963,0,2193681000,1,2026,
2026-01-14,7,6.861,0,2193681000,1,2026,
2026-01-14,8,0.337,0,2193681000,1,2026,
2026-01-14,9,0.001,0,2193681000,1,2026,
2026-01-14,10,0.0,0,2193681000,1,2026,
2026-01-14,11,0.001,0,2193681000,1,2026,
2026-01-14,12,0.0,0,2193681000,1,2026,
2026-01-14,13,0.001,0,2193681000,1,2026,
2026-01-14,14,0.0,0,2193681000,1,2026,
2026-01-14,15,0.001,0,2193681000,1,2026,
2026-01-14,16,0.0,0,2193681000,1,2026,
2026-01-14,17,2.742,0,2193681000,1,2026,
2026-01-14,18,6.734,0,2193681000,1,2026,
2026-01-14,19,6.758,0,2193681000,1,2026,
2026-01-14,20,6.757,0,2193681000,1,2026,
2026-01-14,21,6.821,0,2193681000,1,2026,
2026-01-14,22,6.865,0,2193681000,1,2026,
2026-01-14,23,6.922,0,2193681000,1,2026,
2026-01-15,0,6.924,0,2193681000,1,2026,
2026-01-15,1,6.97,0,2193681000,1,2026,
2026-01-15,2,6.787,0,2193681000,1,2026,
2026-01-15,3,6.82,0,2193681000,1,2026,
2026-01-15,4,6.852,0,2193681000,1,2026,
2026-01-15,5,6.819,0,2193681000,1,2026,
2026-01-15,6,6.778,0,2193681000,1,2026,
2026-01-15,7,6.727,0,2193681000,1,2026,
2026-01-15,8,0.217,0,2193681000,1,2026,
2026-01-15,9,0.0,0,2193681000,1,2026,
2026-01-15,10,0.001,0,2193681000,1,2026,
2026-01-15,11,0.0,0,2193681000,1,2026,
2026-01-15,12,0.001,0,2193681000,1,2026,
2026-01-15,13,0.0,0,2193681000,1,2026,
2026-01-15,14,0.001,0,2193681000,1,2026,
2026-01-15,15,0.0,0,2193681000,1,2026,
2026-01-15,16,0.0,0,2193681000,1,2026,
2026-01-15,17,2.627,0,2193681000,1,2026,
2026-01-15,18,6.721,0,2193681000,1,2026,
2026-01-15,19,6.798,0,2193681000,1,2026,
2026-01-15,20,6.807,0,2193681000,1,2026,
2026-01-15,21,6.83,0,2193681000,1,2026,
2026-01-15,22,6.831,0,2193681000,1,2026,
2026-01-15,23,6.907,0,2193681000,1,2026,
2026-01-16,0,6.937,0,2193681000,1,2026,
2026-01-16,1,7.021,0,2193681000,1,2026,
2026-01-16,2,6.939,0,2193681000,1,2026,
2026-01-16,3,6.779,0,2193681000,1,2026,
2026-01-16,4,6.807,0,2193681000,1,2026,
2026-01-16,5,6.783,0,2193681000,1,2026,
2026-01-16,6,6.734,0,2193681000,1,2026,
2026-01-16,7,6.674,0,2193681000,1,2026,
2026-01-16,8,0.211,0,2193681000,1,2026,
2026-01-16,9,0.001,0,2193681000,1,2026,
2026-01-16,10,0.0,0,2193681000,1,2026,
2026-01-16,11,0.001,0,2193681000,1,2026,
2026-01-16,12,0.0,0,2193681000,1,2026,
2026-01-16,13,0.001,0,2193681000,1,2026,
2026-01-16,14,0.0,0,2193681000,1,2026,
2026-01-16,15,0.0,0,2193681000,1,2026,
2026-01-16,16,0.001,0,2193681000,1,2026,
2026-01-16,17,2.484,0,2193681000,1,2026,
2026-01-16,18,6.659,0,2193681000,1,2026,
2026-01-16,19,6.681,0,2193681000,1,2026,
2026-01-16,20,6.676,0,2193681000,1,2026,
2026-01-16,21,6.731,0,2193681000,1,2026,
2026-01-16,22,6.798,0,2193681000,1,2026,
2026-01-16,23,6.839,0,2193681000,1,2026,
2026-01-17,0,6.844,0,2193681000,1,2026,
2026-01-17,1,6.924,0,2193681000,1,2026,
2026-01-17,2,6.675,0,2193681000,1,2026,
2026-01-17,3,6.668,0,2193681000,1,2026,
2026-01-17,4,6.737,0,2193681000,1,2026,
2026-01-17,5,6.704,0,2193681000,1,2026,
2026-01-17,6,6.682,0,2193681000,1,2026,
2026-01-17,7,6.705,0,2193681000,1,2026,
2026-01-17,8,0.212,0,2193681000,1,2026,
2026-01-17,9,0.001,0,2193681000,1,2026,
2026-01-17,10,0.0,0,2193681000,1,2026,
2026-01-17,11,0.001,0,2193681000,1,2026,
2026-01-17,12,0.0,0,2193681000,1,2026,
2026-01-17,13,0.001,0,2193681000,1,2026,
2026-01-17,14,0.0,0,2193681000,1,2026,
2026-01-17,15,0.001,0,2193681000,1,2026,
2026-01-17,16,0.0,0,2193681000,1,2026,
2026-01-17,17,2.283,0,2193681000,1,2026,
2026-01-17,18,6.628,0,2193681000,1,2026,
2026-01-17,19,6.688,0,2193681000,1,2026,
2026-01-17,20,6.742,0,2193681000,1,2026,
2026-01-17,21,6.769,0,2193681000,1,2026,
2026-01-17,22,6.824,0,2193681000,1,2026,
2026-01-17,23,6.893,0,2193681000,1,2026,
2026-01-18,0,6.838,0,2193681000,1,2026,
2026-01-18,1,6.914,0,2193681000,1,2026,
2026-01-18,2,6.951,0,2193681000,1,2026,
2026-01-18,3,7.003,0,2193681000,1,2026,
2026-01-18,4,6.827,0,2193681000,1,2026,
2026-01-18,5,6.63,0,2193681000,1,2026,
2026-01-18,6,6.654,0,2193681000,1,2026,
2026-01-18,7,6.647,0,2193681000,1,2026,
2026-01-18,8,0.097,0,2193681000,1,2026,
2026-01-18,9,0.0,0,2193681000,1,2026,
2026-01-18,10,0.001,0,2193681000,1,2026,
2026-01-18,11,0.0,0,2193681000,1,2026,
2026-01-18,12,0.001,0,2193681000,1,2026,
2026-01-18,13,0.0,0,2193681000,1,2026,
2026-01-18,14,0.001,0,2193681000,1,2026,
2026-01-18,15,0.0,0,2193681000,1,2026,
2026-01-18,16,0.001,0,2193681000,1,2026,
2026-01-18,17,2.123,0,2193681000,1,2026,
2026-01-18,18,6.28,0,2193681000,1,2026,
2026-01-18,19,6.211,0,2193681000,1,2026,
2026-01-18,20,6.298,0,2193681000,1,2026,
2026-01-18,21,6.37,0,2193681000,1,2026,
2026-01-18,22,6.325,0,2193681000,1,2026,
2026-01-18,23,6.343,0,2193681000,1,2026,
2026-01-19,0,6.034,0,2193681000,1,2026,
2026-01-19,1,6.108,0,2193681000,1,2026,
2026-01-19,2,6.129,0,2193681000,1,2026,
2026-01-19,3,6.073,0,2193681000,1,2026,
2026-01-19,4,6.079,0,2193681000,1,2026,
2026-01-19,5,6.052,0,2193681000,1,2026,
2026-01-19,6,5.989,0,2193681000,1,2026,
2026-01-19,7,5.972,0,2193681000,1,2026,
2026-01-19,8,0.086,0,2193681000,1,2026,
2026-01-19,9,0.0,0,2193681000,1,2026,
2026-01-19,10,0.001,0,2193681000,1,2026,
2026-01-19,11,0.0,0,2193681000,1,2026,
2026-01-19,12,0.001,0,2193681000,1,2026,
2026-01-19,13,0.0,0,2193681000,1,2026,
2026-01-19,14,0.001,0,2193681000,1,2026,
2026-01-19,15,0.0,0,2193681000,1,2026,
2026-01-19,16,0.001,0,2193681000,1,2026,
2026-01-19,17,1.887,0,2193681000,1,2026,
2026-01-19,18,5.818,0,2193681000,1,2026,
2026-01-19,19,5.688,0,2193681000,1,2026,
2026-01-19,20,5.787,0,2193681000,1,2026,
2026-01-19,21,5.814,0,2193681000,1,2026,
2026-01-19,22,5.928,0,2193681000,1,2026,
2026-01-19,23,5.96,0,2193681000,1,2026,
2026-01-20,0,6.002,0,2193681000,1,2026,
2026-01-20,1,5.464,0,2193681000,1,2026,
2026-01-20,2,4.992,0,2193681000,1,2026,
2026-01-20,3,4.988,0,2193681000,1,2026,
2026-01-20,4,5.024,0,2193681000,1,2026,
2026-01-20,5,4.998,0,2193681000,1,2026,
2026-01-20,6,4.975,0,2193681000,1,2026,
2026-01-20,7,4.971,0,2193681000,1,2026,
2026-01-20,8,0.0,0,2193681000,1,2026,
2026-01-20,9,0.001,0,2193681000,1,2026,
2026-01-20,10,0.0,0,2193681000,1,2026,
2026-01-20,11,0.001,0,2193681000,1,2026,
2026-01-20,12,0.0,0,2193681000,1,2026,
2026-01-20,13,0.001,0,2193681000,1,2026,
2026-01-20,14,0.0,0,2193681000,1,2026,
2026-01-20,15,0.001,0,2193681000,1,2026,
2026-01-20,16,0.0,0,2193681000,1,2026,
2026-01-20,17,1.371,0,2193681000,1,2026,
2026-01-20,18,4.705,0,2193681000,1,2026,
2026-01-20,19,4.831,0,2193681000,1,2026,
2026-01-20,20,4.821,0,2193681000,1,2026,
2026-01-20,21,4.834,0,2193681000,1,2026,
2026-01-20,22,4.861,0,2193681000,1,2026,
2026-01-20,23,4.831,0,2193681000,1,2026,
2026-01-21,0,4.673,0,2193681000,1,2026,
2026-01-21,1,4.749,0,2193681000,1,2026,
2026-01-21,2,4.8,0,2193681000,1,2026,
2026-01-21,3,4.847,0,2193681000,1,2026,
2026-01-21,4,4.874,0,2193681000,1,2026,
2026-01-21,5,4.844,0,2193681000,1,2026,
2026-01-21,6,4.806,0,2193681000,1,2026,
2026-01-21,7,4.698,0,2193681000,1,2026,
2026-01-21,8,0.0,0,2193681000,1,2026,
2026-01-21,9,0.001,0,2193681000,1,2026,
2026-01-21,10,0.0,0,2193681000,1,2026,
2026-01-21,11,0.001,0,2193681000,1,2026,
2026-01-21,12,0.0,0,2193681000,1,2026,
2026-01-21,13,0.001,0,2193681000,1,2026,
2026-01-21,14,0.0,0,2193681000,1,2026,
2026-01-21,15,0.001,0,2193681000,1,2026,
2026-01-21,16,0.0,0,2193681000,1,2026,
2026-01-21,17,1.267,0,2193681000,1,2026,
2026-01-21,18,4.605,0,2193681000,1,2026,
2026-01-21,19,4.657,0,2193681000,1,2026,
2026-01-21,20,4.614,0,2193681000,1,2026,
2026-01-21,21,4.676,0,2193681000,1,2026,
2026-01-21,22,4.71,0,2193681000,1,2026,
2026-01-21,23,4.753,0,2193681000,1,2026,
2026-01-22,0,4.723,0,2193681000,1,2026,
2026-01-22,1,4.791,0,2193681000,1,2026,
2026-01-22,2,4.855,0,2193681000,1,2026,
2026-01-22,3,4.894,0,2193681000,1,2026,
2026-01-22,4,5.044,0,2193681000,1,2026,
2026-01-22,5,5.013,0,2193681000,1,2026,
2026-01-22,6,4.817,0,2193681000,1,2026,
2026-01-22,7,4.734,0,2193681000,1,2026,
2026-01-22,8,0.0,0,2193681000,1,2026,
2026-01-22,9,0.001,0,2193681000,1,2026,
2026-01-22,10,0.0,0,2193681000,1,2026,
2026-01-22,11,0.001,0,2193681000,1,2026,
2026-01-22,12,0.0,0,2193681000,1,2026,
2026-01-22,13,0.001,0,2193681000,1,2026,
2026-01-22,14,0.0,0,2193681000,1,2026,
2026-01-22,15,0.0,0,2193681000,1,2026,
2026-01-22,16,0.001,0,2193681000,1,2026,
2026-01-22,17,1.199,0,2193681000,1,2026,
2026-01-22,18,4.632,0,2193681000,1,2026,
2026-01-22,19,5.11,0,2193681000,1,2026,
2026-01-22,20,5.216,0,2193681000,1,2026,
2026-01-22,21,5.213,0,2193681000,1,2026,
2026-01-22,22,5.25,0,2193681000,1,2026,
2026-01-22,23,5.293,0,2193681000,1,2026,
2026-01-23,0,5.326,0,2193681000,1,2026,
2026-01-23,1,5.305,0,2193681000,1,2026,
2026-01-23,2,5.343,0,2193681000,1,2026,
2026-01-23,3,5.409,0,2193681000,1,2026,
2026-01-23,4,5.411,0,2193681000,1,2026,
2026-01-23,5,5.373,0,2193681000,1,2026,
2026-01-23,6,5.303,0,2193681000,1,2026,
2026-01-23,7,5.137,0,2193681000,1,2026,
2026-01-23,8,0.001,0,2193681000,1,2026,
2026-01-23,9,0.0,0,2193681000,1,2026,
2026-01-23,10,0.001,0,2193681000,1,2026,
2026-01-23,11,0.0,0,2193681000,1,2026,
2026-01-23,12,0.001,0,2193681000,1,2026,
2026-01-23,13,0.0,0,2193681000,1,2026,
2026-01-23,14,0.0,0,2193681000,1,2026,
2026-01-23,15,0.001,0,2193681000,1,2026,
2026-01-23,16,0.0,0,2193681000,1,2026,
2026-01-23,17,1.389,0,2193681000,1,2026,
2026-01-23,18,6.133,0,2193681000,1,2026,
2026-01-23,19,7.114,0,2193681000,1,2026,
2026-01-23,20,7.069,0,2193681000,1,2026,
2026-01-23,21,7.094,0,2193681000,1,2026,
2026-01-23,22,7.115,0,2193681000,1,2026,
2026-01-23,23,7.155,0,2193681000,1,2026,
2026-01-24,0,7.182,0,2193681000,1,2026,
2026-01-24,1,7.255,0,2193681000,1,2026,
2026-01-24,2,7.35,0,2193681000,1,2026,
2026-01-24,3,7.35,0,2193681000,1,2026,
2026-01-24,4,7.392,0,2193681000,1,2026,
2026-01-24,5,7.382,0,2193681000,1,2026,
2026-01-24,6,7.383,0,2193681000,1,2026,
2026-01-24,7,6.959,0,2193681000,1,2026,
2026-01-24,8,0.0,0,2193681000,1,2026,
2026-01-24,9,0.001,0,2193681000,1,2026,
2026-01-24,10,0.0,0,2193681000,1,2026,
2026-01-24,11,0.001,0,2193681000,1,2026,
2026-01-24,12,0.0,0,2193681000,1,2026,
2026-01-24,13,0.001,0,2193681000,1,2026,
2026-01-24,14,0.0,0,2193681000,1,2026,
2026-01-24,15,0.0,0,2193681000,1,2026,
2026-01-24,16,0.001,0,2193681000,1,2026,
2026-01-24,17,1.475,0,2193681000,1,2026,
2026-01-24,18,6.994,0,2193681000,1,2026,
2026-01-24,19,7.074,0,2193681000,1,2026,
2026-01-24,20,7.142,0,2193681000,1,2026,
2026-01-24,21,7.169,0,2193681000,1,2026,
2026-01-24,22,7.256,0,2193681000,1,2026,
2026-01-24,23,7.315,0,2193681000,1,2026,
2026-01-25,0,7.27,0,2193681000,1,2026,
2026-01-25,1,7.378,0,2193681000,1,2026,
2026-01-25,2,7.385,0,2193681000,1,2026,
2026-01-25,3,7.419,0,2193681000,1,2026,
2026-01-25,4,7.459,0,2193681000,1,2026,
2026-01-25,5,7.45,0,2193681000,1,2026,
2026-01-25,6,7.501,0,2193681000,1,2026,
2026-01-25,7,7.153,0,2193681000,1,2026,
2026-01-25,8,0.001,0,2193681000,1,2026,
2026-01-25,9,0.0,0,2193681000,1,2026,
2026-01-25,10,0.001,0,2193681000,1,2026,
2026-01-25,11,0.0,0,2193681000,1,2026,
2026-01-25,12,0.001,0,2193681000,1,2026,
2026-01-25,13,0.0,0,2193681000,1,2026,
2026-01-25,14,0.0,0,2193681000,1,2026,
2026-01-25,15,0.001,0,2193681000,1,2026,
2026-01-25,16,0.0,0,2193681000,1,2026,
2026-01-25,17,1.368,0,2193681000,1,2026,
2026-01-25,18,6.936,0,2193681000,1,2026,
2026-01-25,19,6.96,0,2193681000,1,2026,
2026-01-25,20,7.043,0,2193681000,1,2026,
2026-01-25,21,7.149,0,2193681000,1,2026,
2026-01-25,22,7.219,0,2193681000,1,2026,
2026-01-25,23,7.246,0,2193681000,1,2026,
2026-01-26,0,7.219,0,2193681000,1,2026,
2026-01-26,1,7.26,0,2193681000,1,2026,
2026-01-26,2,7.323,0,2193681000,1,2026,
2026-01-26,3,7.401,0,2193681000,1,2026,
2026-01-26,4,7.409,0,2193681000,1,2026,
2026-01-26,5,7.36,0,2193681000,1,2026,
2026-01-26,6,7.289,0,2193681000,1,2026,
2026-01-26,7,6.769,0,2193681000,1,2026,
2026-01-26,8,0.001,0,2193681000,1,2026,
2026-01-26,9,0.0,0,2193681000,1,2026,
2026-01-26,10,0.001,0,2193681000,1,2026,
2026-01-26,11,0.0,0,2193681000,1,2026,
2026-01-26,12,0.001,0,2193681000,1,2026,
2026-01-26,13,0.0,0,2193681000,1,2026,
2026-01-26,14,0.001,0,2193681000,1,2026,
2026-01-26,15,0.0,0,2193681000,1,2026,
2026-01-26,16,0.001,0,2193681000,1,2026,
2026-01-26,17,1.276,0,2193681000,1,2026,
2026-01-26,18,6.768,0,2193681000,1,2026,
2026-01-26,19,6.673,0,2193681000,1,2026,
2026-01-26,20,6.754,0,2193681000,1,2026,
2026-01-26,21,6.734,0,2193681000,1,2026,
2026-01-26,22,6.697,0,2193681000,1,2026,
2026-01-26,23,6.762,0,2193681000,1,2026,
2026-01-27,0,6.787,0,2193681000,1,2026,
2026-01-27,1,6.838,0,2193681000,1,2026,
2026-01-27,2,6.882,0,2193681000,1,2026,
2026-01-27,3,6.906,0,2193681000,1,2026,
2026-01-27,4,6.975,0,2193681000,1,2026,
2026-01-27,5,6.926,0,2193681000,1,2026,
2026-01-27,6,6.873,0,2193681000,1,2026,
2026-01-27,7,6.256,0,2193681000,1,2026,
2026-01-27,8,0.001,0,2193681000,1,2026,
2026-01-27,9,0.0,0,2193681000,1,2026,
2026-01-27,10,0.001,0,2193681000,1,2026,
2026-01-27,11,0.0,0,2193681000,1,2026,
2026-01-27,12,0.001,0,2193681000,1,2026,
2026-01-27,13,0.0,0,2193681000,1,2026,
2026-01-27,14,0.001,0,2193681000,1,2026,
2026-01-27,15,0.0,0,2193681000,1,2026,
2026-01-27,16,0.001,0,2193681000,1,2026,
2026-01-27,17,1.057,0,2193681000,1,2026,
2026-01-27,18,7.154,0,2193681000,1,2026,
2026-01-27,19,7.244,0,2193681000,1,2026,
2026-01-27,20,7.242,0,2193681000,1,2026,
2026-01-27,21,7.255,0,2193681000,1,2026,
2026-01-27,22,7.301,0,2193681000,1,2026,
2026-01-27,23,7.343,0,2193681000,1,2026,
2026-01-28,0,7.189,0,2193681000,1,2026,
2026-01-28,1,7.265,0,2193681000,1,2026,
2026-01-28,2,7.414,0,2193681000,1,2026,
2026-01-28,3,7.449,0,2193681000,1,2026,
2026-01-28,4,7.459,0,2193681000,1,2026,
2026-01-28,5,7.427,0,2193681000,1,2026,
2026-01-28,6,7.396,0,2193681000,1,2026,
2026-01-28,7,6.58,0,2193681000,1,2026,
2026-01-28,8,0.001,0,2193681000,1,2026,
2026-01-28,9,0.0,0,2193681000,1,2026,
2026-01-28,10,0.001,0,2193681000,1,2026,
2026-01-28,11,0.0,0,2193681000,1,2026,
2026-01-28,12,0.0,0,2193681000,1,2026,
2026-01-28,13,0.001,0,2193681000,1,2026,
2026-01-28,14,0.0,0,2193681000,1,2026,
2026-01-28,15,0.001,0,2193681000,1,2026,
2026-01-28,16,0.0,0,2193681000,1,2026,
2026-01-28,17,0.927,0,2193681000,1,2026,
2026-01-28,18,7.121,0,2193681000,1,2026,
2026-01-28,19,7.155,0,2193681000,1,2026,
2026-01-28,20,7.124,0,2193681000,1,2026,
2026-01-28,21,7.141,0,2193681000,1,2026,
2026-01-28,22,7.157,0,2193681000,1,2026,
2026-01-28,23,7.246,0,2193681000,1,2026,
2026-01-29,0,7.321,0,2193681000,1,2026,
2026-01-29,1,7.397,0,2193681000,1,2026,
2026-01-29,2,7.431,0,2193681000,1,2026,
2026-01-29,3,7.413,0,2193681000,1,2026,
2026-01-29,4,7.411,0,2193681000,1,2026,
2026-01-29,5,7.389,0,2193681000,1,2026,
2026-01-29,6,7.323,0,2193681000,1,2026,
2026-01-29,7,6.376,0,2193681000,1,2026,
2026-01-29,8,0.0,0,2193681000,1,2026,
2026-01-29,9,0.001,0,2193681000,1,2026,
2026-01-29,10,0.0,0,2193681000,1,2026,
2026-01-29,11,0.001,0,2193681000,1,2026,
2026-01-29,12,0.0,0,2193681000,1,2026,
2026-01-29,13,0.001,0,2193681000,1,2026,
2026-01-29,14,0.0,0,2193681000,1,2026,
2026-01-29,15,0.001,0,2193681000,1,2026,
2026-01-29,16,0.0,0,2193681000,1,2026,
2026-01-29,17,0.808,0,2193681000,1,2026,
2026-01-29,18,7.16,0,2193681000,1,2026,
2026-01-29,19,7.18,0,2193681000,1,2026,
2026-01-29,20,7.091,0,2193681000,1,2026,
2026-01-29,21,7.144,0,2193681000,1,2026,
2026-01-29,22,7.095,0,2193681000,1,2026,
2026-01-29,23,7.166,0,2193681000,1,2026,
2026-01-30,0,7.261,0,2193681000,1,2026,
2026-01-30,1,7.197,0,2193681000,1,2026,
2026-01-30,2,7.169,0,2193681000,1,2026,
2026-01-30,3,7.242,0,2193681000,1,2026,
2026-01-30,4,7.26,0,2193681000,1,2026,
2026-01-30,5,7.223,0,2193681000,1,2026,
2026-01-30,6,7.139,0,2193681000,1,2026,
2026-01-30,7,6.207,0,2193681000,1,2026,
2026-01-30,8,0.0,0,2193681000,1,2026,
2026-01-30,9,0.001,0,2193681000,1,2026,
2026-01-30,10,0.0,0,2193681000,1,2026,
2026-01-30,11,0.001,0,2193681000,1,2026,
2026-01-30,12,0.0,0,2193681000,1,2026,
2026-01-30,13,0.001,0,2193681000,1,2026,
2026-01-30,14,0.0,0,2193681000,1,2026,
2026-01-30,15,0.001,0,2193681000,1,2026,
2026-01-30,16,0.0,0,2193681000,1,2026,
2026-01-30,17,0.686,0,2193681000,1,2026,
2026-01-30,18,7.041,0,2193681000,1,2026,
2026-01-30,19,7.083,0,2193681000,1,2026,
2026-01-30,20,7.075,0,2193681000,1,2026,
2026-01-30,21,7.124,0,2193681000,1,2026,
2026-01-30,22,7.229,0,2193681000,1,2026,
2026-01-30,23,7.307,0,2193681000,1,2026,
2026-01-31,0,7.194,0,2193681000,1,2026,
2026-01-31,1,7.335,0,2193681000,1,2026,
2026-01-31,2,7.424,0,2193681000,1,2026,
2026-01-31,3,7.442,0,2193681000,1,2026,
2026-01-31,4,7.477,0,2193681000,1,2026,
2026-01-31,5,7.469,0,2193681000,1,2026,
2026-01-31,6,7.46,0,2193681000,1,2026,
2026-01-31,7,6.346,0,2193681000,1,2026,
2026-01-31,8,0.0,0,2193681000,1,2026,
2026-01-31,9,0.001,0,2193681000,1,2026,
2026-01-31,10,0.0,0,2193681000,1,2026,
2026-01-31,11,0.001,0,2193681000,1,2026,
2026-01-31,12,0.0,0,2193681000,1,2026,
2026-01-31,13,0.001,0,2193681000,1,2026,
2026-01-31,14,0.0,0,2193681000,1,2026,
2026-01-31,15,0.001,0,2193681000,1,2026,
2026-01-31,16,0.0,0,2193681000,1,2026,
2026-01-31,17,0.449,0,2193681000,1,2026,
2026-01-31,18,6.868,0,2193681000,1,2026,
2026-01-31,19,6.977,0,2193681000,1,2026,
2026-01-31,20,7.065,0,2193681000,1,2026,
2026-01-31,21,7.113,0,2193681000,1,2026,
2026-01-31,22,7.197,0,2193681000,1,2026,
2026-01-31,23,7.303,0,2193681000,1,2026,
2026-02-01,0,7.236,0,2193681000,2,2026,
2026-02-01,1,7.406,0,2193681000,2,2026,
2026-02-01,2,7.393,0,2193681000,2,2026,
2026-02-01,3,7.456,0,2193681000,2,2026,
2026-02-01,4,7.481,0,2193681000,2,2026,
2026-02-01,5,7.242,0,2193681000,2,2026,
2026-02-01,6,7.15,0,2193681000,2,2026,
2026-02-01,7,6.016,0,2193681000,2,2026,
2026-02-01,8,0.001,0,2193681000,2,2026,
2026-02-01,9,0.0,0,2193681000,2,2026,
2026-02-01,10,0.001,0,2193681000,2,2026,
2026-02-01,11,0.0,0,2193681000,2,2026,
2026-02-01,12,0.001,0,2193681000,2,2026,
2026-02-01,13,0.0,0,2193681000,2,2026,
2026-02-01,14,0.001,0,2193681000,2,2026,
2026-02-01,15,0.0,0,2193681000,2,2026,
2026-02-01,16,0.001,0,2193681000,2,2026,
2026-02-01,17,0.343,0,2193681000,2,2026,
2026-02-01,18,6.929,0,2193681000,2,2026,
2026-02-01,19,7.023,0,2193681000,2,2026,
2026-02-01,20,6.91,0,2193681000,2,2026,
2026-02-01,21,6.786,0,2193681000,2,2026,
2026-02-01,22,6.852,0,2193681000,2,2026,
2026-02-01,23,6.995,0,2193681000,2,2026,
2026-02-02,0,6.98,0,2193681000,2,2026,
2026-02-02,1,7.06,0,2193681000,2,2026,
2026-02-02,2,7.06,0,2193681000,2,2026,
2026-02-02,3,7.119,0,2193681000,2,2026,
2026-02-02,4,7.135,0,2193681000,2,2026,
2026-02-02,5,7.062,0,2193681000,2,2026,
2026-02-02,6,7.016,0,2193681000,2,2026,
2026-02-02,7,5.761,0,2193681000,2,2026,
2026-02-02,8,0.0,0,2193681000,2,2026,
2026-02-02,9,0.001,0,2193681000,2,2026,
2026-02-02,10,0.0,0,2193681000,2,2026,
2026-02-02,11,0.0,0,2193681000,2,2026,
2026-02-02,12,0.001,0,2193681000,2,2026,
2026-02-02,13,0.0,0,2193681000,2,2026,
2026-02-02,14,0.001,0,2193681000,2,2026,
2026-02-02,15,0.0,0,2193681000,2,2026,
2026-02-02,16,0.001,0,2193681000,2,2026,
2026-02-02,17,0.235,0,2193681000,2,2026,
2026-02-02,18,6.973,0,2193681000,2,2026,
2026-02-02,19,7.07,0,2193681000,2,2026,
2026-02-02,20,7.038,0,2193681000,2,2026,
2026-02-02,21,7.067,0,2193681000,2,2026,
2026-02-02,22,7.126,0,2193681000,2,2026,
2026-02-02,23,7.233,0,2193681000,2,2026,
2026-02-03,0,7.268,0,2193681000,2,2026,
2026-02-03,1,7.316,0,2193681000,2,2026,
2026-02-03,2,7.338,0,2193681000,2,2026,
2026-02-03,3,7.345,0,2193681000,2,2026,
2026-02-03,4,7.373,0,2193681000,2,2026,
2026-02-03,5,7.334,0,2193681000,2,2026,
2026-02-03,6,7.275,0,2193681000,2,2026,
2026-02-03,7,5.813,0,2193681000,2,2026,
2026-02-03,8,0.001,0,2193681000,2,2026,
2026-02-03,9,0.0,0,2193681000,2,2026,
2026-02-03,10,0.001,0,2193681000,2,2026,
2026-02-03,11,0.0,0,2193681000,2,2026,
2026-02-03,12,0.001,0,2193681000,2,2026,
2026-02-03,13,0.0,0,2193681000,2,2026,
2026-02-03,14,0.001,0,2193681000,2,2026,
2026-02-03,15,0.0,0,2193681000,2,2026,
2026-02-03,16,0.001,0,2193681000,2,2026,
2026-02-03,17,0.135,0,2193681000,2,2026,
2026-02-03,18,6.942,0,2193681000,2,2026,
2026-02-03,19,6.983,0,2193681000,2,2026,
2026-02-03,20,7.065,0,2193681000,2,2026,
2026-02-03,21,7.082,0,2193681000,2,2026,
2026-02-03,22,7.156,0,2193681000,2,2026,
2026-02-03,23,7.255,0,2193681000,2,2026,
2026-02-04,0,7.233,0,2193681000,2,2026,
2026-02-04,1,7.29,0,2193681000,2,2026,
2026-02-04,2,7.33,0,2193681000,2,2026,
2026-02-04,3,7.387,0,2193681000,2,2026,
2026-02-04,4,7.411,0,2193681000,2,2026,
2026-02-04,5,7.367,0,2193681000,2,2026,
2026-02-04,6,7.297,0,2193681000,2,2026,
2026-02-04,7,5.731,0,2193681000,2,2026,
2026-02-04,8,0.0,0,2193681000,2,2026,
2026-02-04,9,0.001,0,2193681000,2,2026,
2026-02-04,10,0.0,0,2193681000,2,2026,
2026-02-04,11,0.001,0,2193681000,2,2026,
2026-02-04,12,0.0,0,2193681000,2,2026,
2026-02-04,13,0.001,0,2193681000,2,2026,
2026-02-04,14,0.0,0,2193681000,2,2026,
2026-02-04,15,0.001,0,2193681000,2,2026,
2026-02-04,16,0.0,0,2193681000,2,2026,
2026-02-04,17,0.05,0,2193681000,2,2026,
2026-02-04,18,6.883,0,2193681000,2,2026,
2026-02-04,19,6.978,0,2193681000,2,2026,
2026-02-04,20,7.002,0,2193681000,2,2026,
2026-02-04,21,7.027,0,2193681000,2,2026,
2026-02-04,22,7.067,0,2193681000,2,2026,
2026-02-04,23,7.159,0,2193681000,2,2026,
2026-02-05,0,7.214,0,2193681000,2,2026,
2026-02-05,1,7.266,0,2193681000,2,2026,
2026-02-05,2,7.304,0,2193681000,2,2026,
2026-02-05,3,7.351,0,2193681000,2,2026,
2026-02-05,4,7.355,0,2193681000,2,2026,
2026-02-05,5,7.327,0,2193681000,2,2026,
2026-02-05,6,7.284,0,2193681000,2,2026,
2026-02-05,7,5.542,0,2193681000,2,2026,
2026-02-05,8,0.0,0,2193681000,2,2026,
2026-02-05,9,0.001,0,2193681000,2,2026,
2026-02-05,10,0.0,0,2193681000,2,2026,
2026-02-05,11,0.001,0,2193681000,2,2026,
2026-02-05,12,0.0,0,2193681000,2,2026,
2026-02-05,13,0.001,0,2193681000,2,2026,
2026-02-05,14,0.0,0,2193681000,2,2026,
2026-02-05,15,0.001,0,2193681000,2,2026,
2026-02-05,16,0.0,0,2193681000,2,2026,
2026-02-05,17,0.001,0,2193681000,2,2026,
2026-02-05,18,6.673,0,2193681000,2,2026,
2026-02-05,19,7.011,0,2193681000,2,2026,
2026-02-05,20,7.067,0,2193681000,2,2026,
2026-02-05,21,7.143,0,2193681000,2,2026,
2026-02-05,22,7.157,0,2193681000,2,2026,
2026-02-05,23,7.211,0,2193681000,2,2026,
2026-02-06,0,7.282,0,2193681000,2,2026,
2026-02-06,1,7.325,0,2193681000,2,2026,
2026-02-06,2,7.297,0,2193681000,2,2026,
2026-02-06,3,7.339,0,2193681000,2,2026,
2026-02-06,4,7.376,0,2193681000,2,2026,
2026-02-06,5,7.345,0,2193681000,2,2026,
2026-02-06,6,7.315,0,2193681000,2,2026,
2026-02-06,7,5.452,0,2193681000,2,2026,
2026-02-06,8,0.0,0,2193681000,2,2026,
2026-02-06,9,0.001,0,2193681000,2,2026,
2026-02-06,10,0.0,0,2193681000,2,2026,
2026-02-06,11,0.001,0,2193681000,2,2026,
2026-02-06,12,0.0,0,2193681000,2,2026,
2026-02-06,13,0.001,0,2193681000,2,2026,
2026-02-06,14,0.0,0,2193681000,2,2026,
2026-02-06,15,0.001,0,2193681000,2,2026,
2026-02-06,16,0.0,0,2193681000,2,2026,
2026-02-06,17,0.0,0,2193681000,2,2026,
2026-02-06,18,6.788,0,2193681000,2,2026,
2026-02-06,19,7.199,0,2193681000,2,2026,
2026-02-06,20,7.219,0,2193681000,2,2026,
2026-02-06,21,7.241,0,2193681000,2,2026,
2026-02-06,22,7.251,0,2193681000,2,2026,
2026-02-06,23,7.273,0,2193681000,2,2026,
2026-02-07,0,7.268,0,2193681000,2,2026,
2026-02-07,1,7.429,0,2193681000,2,2026,
2026-02-07,2,7.439,0,2193681000,2,2026,
2026-02-07,3,7.395,0,2193681000,2,2026,
2026-02-07,4,7.437,0,2193681000,2,2026,
2026-02-07,5,7.399,0,2193681000,2,2026,
2026-02-07,6,7.404,0,2193681000,2,2026,
2026-02-07,7,5.29,0,2193681000,2,2026,
2026-02-07,8,0.001,0,2193681000,2,2026,
2026-02-07,9,0.0,0,2193681000,2,2026,
2026-02-07,10,0.001,0,2193681000,2,2026,
2026-02-07,11,0.0,0,2193681000,2,2026,
2026-02-07,12,0.001,0,2193681000,2,2026,
2026-02-07,13,0.0,0,2193681000,2,2026,
2026-02-07,14,0.001,0,2193681000,2,2026,
2026-02-07,15,0.0,0,2193681000,2,2026,
2026-02-07,16,0.001,0,2193681000,2,2026,
2026-02-07,17,0.0,0,2193681000,2,2026,
2026-02-07,18,6.666,0,2193681000,2,2026,
2026-02-07,19,7.217,0,2193681000,2,2026,
2026-02-07,20,7.264,0,2193681000,2,2026,
2026-02-07,21,7.278,0,2193681000,2,2026,
2026-02-07,22,7.306,0,2193681000,2,2026,
2026-02-07,23,7.328,0,2193681000,2,2026,
2026-02-08,0,7.391,0,2193681000,2,2026,
2026-02-08,1,7.434,0,2193681000,2,2026,
2026-02-08,2,7.509,0,2193681000,2,2026,
2026-02-08,3,7.518,0,2193681000,2,2026,
2026-02-08,4,7.575,0,2193681000,2,2026,
2026-02-08,5,7.564,0,2193681000,2,2026,
2026-02-08,6,7.577,0,2193681000,2,2026,
2026-02-08,7,5.319,0,2193681000,2,2026,
2026-02-08,8,0.0,0,2193681000,2,2026,
2026-02-08,9,0.001,0,2193681000,2,2026,
2026-02-08,10,0.0,0,2193681000,2,2026,
2026-02-08,11,0.001,0,2193681000,2,2026,
2026-02-08,12,0.0,0,2193681000,2,2026,
2026-02-08,13,0.001,0,2193681000,2,2026,
2026-02-08,14,0.0,0,2193681000,2,2026,
2026-02-08,15,0.001,0,2193681000,2,2026,
2026-02-08,16,0.0,0,2193681000,2,2026,
2026-02-08,17,0.001,0,2193681000,2,2026,
2026-02-08,18,6.434,0,2193681000,2,2026,
2026-02-08,19,7.095,0,2193681000,2,2026,
2026-02-08,20,7.21,0,2193681000,2,2026,
2026-02-08,21,7.234,0,2193681000,2,2026,
2026-02-08,22,7.32,0,2193681000,2,2026,
2026-02-08,23,7.322,0,2193681000,2,2026,
2026-02-09,0,7.398,0,2193681000,2,2026,
2026-02-09,1,7.393,0,2193681000,2,2026,
2026-02-09,2,7.463,0,2193681000,2,2026,
2026-02-09,3,7.459,0,2193681000,2,2026,
2026-02-09,4,7.473,0,2193681000,2,2026,
2026-02-09,5,7.438,0,2193681000,2,2026,
2026-02-09,6,7.363,0,2193681000,2,2026,
2026-02-09,7,5.047,0,2193681000,2,2026,
2026-02-09,8,0.0,0,2193681000,2,2026,
2026-02-09,9,0.001,0,2193681000,2,2026,
2026-02-09,10,0.0,0,2193681000,2,2026,
2026-02-09,11,0.001,0,2193681000,2,2026,
2026-02-09,12,0.0,0,2193681000,2,2026,
2026-02-09,13,0.001,0,2193681000,2,2026,
2026-02-09,14,0.0,0,2193681000,2,2026,
2026-02-09,15,0.001,0,2193681000,2,2026,
2026-02-09,16,0.0,0,2193681000,2,2026,
2026-02-09,17,0.001,0,2193681000,2,2026,
2026-02-09,18,6.152,0,2193681000,2,2026,
2026-02-09,19,7.081,0,2193681000,2,2026,
2026-02-09,20,7.193,0,2193681000,2,2026,
2026-02-09,21,7.238,0,2193681000,2,2026,
2026-02-09,22,7.189,0,2193681000,2,2026,
2026-02-09,23,7.264,0,2193681000,2,2026,
2026-02-10,0,7.302,0,2193681000,2,2026,
2026-02-10,1,7.352,0,2193681000,2,2026,
2026-02-10,2,7.413,0,2193681000,2,2026,
2026-02-10,3,7.437,0,2193681000,2,2026,
2026-02-10,4,7.447,0,2193681000,2,2026,
2026-02-10,5,7.411,0,2193681000,2,2026,
2026-02-10,6,7.363,0,2193681000,2,2026,
2026-02-10,7,4.861,0,2193681000,2,2026,
2026-02-10,8,0.001,0,2193681000,2,2026,
2026-02-10,9,0.0,0,2193681000,2,2026,
2026-02-10,10,0.001,0,2193681000,2,2026,
2026-02-10,11,0.0,0,2193681000,2,2026,
2026-02-10,12,0.0,0,2193681000,2,2026,
2026-02-10,13,0.001,0,2193681000,2,2026,
2026-02-10,14,0.0,0,2193681000,2,2026,
2026-02-10,15,0.001,0,2193681000,2,2026,
2026-02-10,16,0.0,0,2193681000,2,2026,
2026-02-10,17,0.001,0,2193681000,2,2026,
2026-02-10,18,6.116,0,2193681000,2,2026,
2026-02-10,19,7.067,0,2193681000,2,2026,
2026-02-10,20,7.174,0,2193681000,2,2026,
2026-02-10,21,7.21,0,2193681000,2,2026,
2026-02-10,22,7.281,0,2193681000,2,2026,
2026-02-10,23,7.278,0,2193681000,2,2026,
2026-02-11,0,7.326,0,2193681000,2,2026,
2026-02-11,1,7.387,0,2193681000,2,2026,
2026-02-11,2,7.453,0,2193681000,2,2026,
2026-02-11,3,7.496,0,2193681000,2,2026,
2026-02-11,4,7.53,0,2193681000,2,2026,
2026-02-11,5,7.499,0,2193681000,2,2026,
2026-02-11,6,7.434,0,2193681000,2,2026,
2026-02-11,7,4.814,0,2193681000,2,2026,
2026-02-11,8,0.0,0,2193681000,2,2026,
2026-02-11,9,0.001,0,2193681000,2,2026,
2026-02-11,10,0.0,0,2193681000,2,2026,
2026-02-11,11,0.001,0,2193681000,2,2026,
2026-02-11,12,0.0,0,2193681000,2,2026,
2026-02-11,13,0.0,0,2193681000,2,2026,
2026-02-11,14,0.001,0,2193681000,2,2026,
2026-02-11,15,0.0,0,2193681000,2,2026,
2026-02-11,16,0.001,0,2193681000,2,2026,
2026-02-11,17,0.0,0,2193681000,2,2026,
2026-02-11,18,6.038,0,2193681000,2,2026,
2026-02-11,19,7.06,0,2193681000,2,2026,
2026-02-11,20,7.083,0,2193681000,2,2026,
2026-02-11,21,7.146,0,2193681000,2,2026,
2026-02-11,22,7.208,0,2193681000,2,2026,
2026-02-11,23,7.3,0,2193681000,2,2026,
2026-02-12,0,7.287,0,2193681000,2,2026,
2026-02-12,1,7.376,0,2193681000,2,2026,
2026-02-12,2,7.46,0,2193681000,2,2026,
2026-02-12,3,7.466,0,2193681000,2,2026,
2026-02-12,4,7.47,0,2193681000,2,2026,
2026-02-12,5,7.431,0,2193681000,2,2026,
2026-02-12,6,7.394,0,2193681000,2,2026,
2026-02-12,7,4.605,0,2193681000,2,2026,
2026-02-12,8,0.001,0,2193681000,2,2026,
2026-02-12,9,0.0,0,2193681000,2,2026,
2026-02-12,10,0.001,0,2193681000,2,2026,
2026-02-12,11,0.0,0,2193681000,2,2026,
2026-02-12,12,0.0,1,2193681000,2,2026,unknown_missingness
2026-02-12,13,0.001,1,2193681000,2,2026,unknown_missingness
2026-02-12,14,0.0,1,2193681000,2,2026,unknown_missingness
2026-02-12,15,0.001,1,2193681000,2,2026,unknown_missingness
2026-02-12,16,0.0,1,2193681000,2,2026,unknown_missingness
2026-02-12,17,0.001,1,2193681000,2,2026,unknown_missingness
2026-02-12,18,6.673,1,2193681000,2,2026,unknown_missingness
2026-02-12,19,7.067,1,2193681000,2,2026,unknown_missingness
2026-02-12,20,7.083,1,2193681000,2,2026,unknown_missingness
2026-02-12,21,5.413,0,2193681000,2,2026,
2026-02-12,22,7.33,0,2193681000,2,2026,
2026-02-12,23,7.337,0,2193681000,2,2026,
2026-02-13,0,7.339,0,2193681000,2,2026,
2026-02-13,1,7.31,0,2193681000,2,2026,
2026-02-13,2,7.386,0,2193681000,2,2026,
2026-02-13,3,7.465,0,2193681000,2,2026,
2026-02-13,4,7.503,0,2193681000,2,2026,
2026-02-13,5,7.446,0,2193681000,2,2026,
2026-02-13,6,7.358,0,2193681000,2,2026,
2026-02-13,7,4.434,0,2193681000,2,2026,
2026-02-13,8,0.001,0,2193681000,2,2026,
2026-02-13,9,0.0,0,2193681000,2,2026,
2026-02-13,10,0.0,1,2193681000,2,2026,unknown_missingness
2026-02-13,11,0.001,1,2193681000,2,2026,unknown_missingness
2026-02-13,12,0.0,1,2193681000,2,2026,unknown_missingness
2026-02-13,13,0.001,1,2193681000,2,2026,unknown_missingness
2026-02-13,14,0.0,1,2193681000,2,2026,unknown_missingness
2026-02-13,15,0.001,1,2193681000,2,2026,unknown_missingness
2026-02-13,16,0.0,1,2193681000,2,2026,unknown_missingness
2026-02-13,17,0.001,1,2193681000,2,2026,unknown_missingness
2026-02-13,18,6.673,1,2193681000,2,2026,unknown_missingness
2026-02-13,19,7.067,1,2193681000,2,2026,unknown_missingness
2026-02-13,20,7.083,1,2193681000,2,2026,unknown_missingness
2026-02-13,21,7.146,1,2193681000,2,2026,unknown_missingness
2026-02-13,22,7.189,1,2193681000,2,2026,unknown_missingness
2026-02-13,23,7.264,1,2193681000,2,2026,unknown_missingness
